pseudocode,state,district,block,school loc,lgd_urban_local_body_name,lgd_ward_name,lgd_vill_name,lgd_vill_panchayat_name,lgd_block_name,school_category,school_type,lowclass,highclass,managment,pincode,special_school_for_cwsn,shift_school,resi_school,resi_type,minority_school,medium_instr1,medium_of_instr2,medium_of_instr3,medium_of_instr4,aff_board_sec,aff_board_hsec,approachable_road,pre_primary,anganwadi_yn,avg_instr_days,cce_yn,same_sch_b,same_sch_g,other_sch_b,other_sch_g,anganwadi_ecce_b,anganwadi_ecce_g
4839496,TAMIL NADU,KRISHNAGIRI,KELAMANGALAM,1,,,Erudukotta,Irudhukottai,KELAMANGALAM,2,3,1,8,1,635107,2,2,3,0,2,19,0,0,0,2,2,1,2,2,206,1,0,0,0,0,1,7
3176704,TAMIL NADU,KRISHNAGIRI,KRISHNAGIRI,1,,,Kattiganapalli (Ct),Kattigaanapalli,KRISHNAGIRI,7,3,6,10,1,635001,2,2,3,0,2,16,19,0,0,2,0,1,9,0,210,1,0,0,0,0,0,0
6024236,TAMIL NADU,KRISHNAGIRI,KELAMANGALAM,1,,,Nagamangalam,Nagamangalam,KELAMANGALAM,2,3,1,8,1,635113,2,2,3,0,2,16,0,0,0,2,2,1,1,2,206,1,8,7,0,0,1,0
4778251,TAMIL NADU,KRISHNAGIRI,KAVERIPATINAM,1,,,Mottur,Nedungal,KAVERIPATTINAM,5,3,6,12,1,635112,2,2,3,0,2,19,16,0,0,2,2,1,9,0,210,1,0,0,0,0,0,0
3736181,TAMIL NADU,KRISHNAGIRI,BARGUR,1,,,Mahadevagollahalli,Mahadevagollahalli,BARGUR,2,3,1,8,1,635206,2,2,3,0,2,16,0,0,0,2,2,1,2,2,210,1,0,1,0,0,0,0
9550540,TAMIL NADU,KRISHNAGIRI,VEPPANAPALLI,1,,,Kodipalli,Kodipalli,VEPPANAPALLI,2,3,1,8,1,635115,2,2,3,0,2,19,16,0,0,2,2,1,1,1,210,1,2,2,0,0,0,0
4540866,TAMIL NADU,KRISHNAGIRI,THALLY,1,,,Manchukondapalli,Manjugondapalli,THALLY,2,3,1,8,1,635102,2,2,3,0,2,16,0,0,0,2,2,2,2,2,210,1,0,0,0,0,3,5
6033035,TAMIL NADU,KRISHNAGIRI,THALLY,1,,,Arasakuppam,Arasakuppam,THALLY,2,3,1,8,1,635107,2,2,3,0,2,19,0,0,0,2,2,1,2,1,206,1,0,0,0,0,2,4
6889095,TAMIL NADU,KRISHNAGIRI,THALLY,1,,,Noganoor,Noganur,THALLY,2,3,1,8,1,635107,2,2,3,0,2,16,0,0,0,2,2,1,2,1,210,1,0,0,0,0,4,1
8478256,TAMIL NADU,KRISHNAGIRI,HOSUR,2,Hosur,Hosur (M) - Ward No.25,,,,7,2,6,10,1,635109,2,2,3,0,2,16,19,0,0,2,0,1,9,0,210,1,0,0,0,0,0,0
4670216,TAMIL NADU,KRISHNAGIRI,VEPPANAPALLI,1,,,Bathimadugu,Bathimadugu,VEPPANAPALLI,2,3,1,8,1,635121,2,2,3,0,2,16,0,0,0,2,2,1,2,2,206,1,0,0,0,0,1,2
3550543,TAMIL NADU,KRISHNAGIRI,KAVERIPATINAM,1,,,Bannihalli,Bannihalli,KAVERIPATTINAM,7,3,6,10,1,635106,2,2,3,0,2,16,0,0,0,2,0,1,9,0,200,1,0,0,0,0,0,0
9478378,TAMIL NADU,KRISHNAGIRI,KRISHNAGIRI,1,,,Kothigutalapalli,Mekalachinnampalli,KRISHNAGIRI,5,3,6,12,1,635120,2,2,3,0,2,16,0,0,0,2,2,1,9,0,203,1,0,0,0,0,0,0
4849288,TAMIL NADU,KRISHNAGIRI,SHOOLAGIRI,1,,,Kumbalam,Kumbalam,SHOOLAGIRI,2,3,1,8,1,635117,2,2,3,0,2,16,0,0,0,2,2,1,2,2,210,1,0,0,0,0,0,0
9213950,TAMIL NADU,KRISHNAGIRI,BARGUR,1,,,Kondappanayakempalli,Kondappanayanapalli,BARGUR,2,3,1,8,1,635108,2,2,3,0,2,16,19,0,0,2,2,1,1,1,206,1,1,1,0,0,0,0
2666911,TAMIL NADU,KRISHNAGIRI,HOSUR,1,,,Belathur,Belathur,HOSUR,7,3,6,10,1,635124,2,2,3,0,2,19,16,0,0,2,0,1,9,0,197,1,0,0,0,0,0,0
7111627,TAMIL NADU,KRISHNAGIRI,SHOOLAGIRI,1,,,Chennapalli,Chennapalli,SHOOLAGIRI,2,3,1,8,1,635117,2,2,3,0,2,19,0,0,0,2,2,1,2,2,220,1,0,0,2,0,0,0
8097963,TAMIL NADU,KRISHNAGIRI,VEPPANAPALLI,1,,,Marachandiram,Marasandiram,VEPPANAPALLI,5,3,6,12,1,635115,2,2,3,0,2,16,19,0,0,2,2,1,9,0,210,1,0,0,0,0,0,0
8251801,TAMIL NADU,KRISHNAGIRI,THALLY,1,,,Anchetty,Anchetti,THALLY,1,3,1,5,5,635102,2,2,3,0,2,19,0,0,0,2,2,1,1,2,210,1,21,14,1,0,0,0
9616656,TAMIL NADU,KRISHNAGIRI,KELAMANGALAM,1,,,Pachapanatti,Bommathathanur,KELAMANGALAM,2,3,1,8,1,635113,2,2,3,0,2,19,0,0,0,2,2,1,2,2,210,1,0,0,0,0,5,2
6216646,TAMIL NADU,KRISHNAGIRI,BARGUR,1,,,Varatanapalli,Varattanapalli,BARGUR,1,3,1,5,5,635120,2,2,3,0,2,19,0,0,0,2,2,1,1,2,210,1,4,6,0,0,0,0
1374901,TAMIL NADU,KRISHNAGIRI,SHOOLAGIRI,1,,,Uddanapalli,Uddanapalli,SHOOLAGIRI,1,3,1,5,1,635119,2,2,3,0,2,19,16,0,0,2,2,1,2,2,210,1,0,0,0,0,9,8
4487156,TAMIL NADU,KRISHNAGIRI,SHOOLAGIRI,1,,,Shoolagiri,Shoolagiri,SHOOLAGIRI,6,3,1,10,5,635117,2,2,3,0,1,19,0,0,0,3,0,1,1,2,197,1,34,26,1,0,0,0
8658127,TAMIL NADU,KRISHNAGIRI,KAVERIPATINAM,1,,,Errahalli,Errahalli,KAVERIPATTINAM,1,3,1,5,5,635112,2,2,3,0,2,19,0,0,0,2,2,1,1,2,199,1,11,5,3,0,0,0
8776676,TAMIL NADU,KRISHNAGIRI,BARGUR,1,,,Palepalle,Palepalli,BARGUR,1,3,1,5,1,635120,2,2,3,0,2,16,0,0,0,2,2,1,2,1,194,1,1,0,0,0,0,0
9059451,TAMIL NADU,KRISHNAGIRI,BARGUR,2,Bargur,Bargur (TP) - Ward No.9,,,,2,3,1,8,5,635104,2,2,3,0,2,16,0,0,0,2,2,1,2,2,200,1,0,0,0,0,0,0
1300073,TAMIL NADU,KRISHNAGIRI,BARGUR,1,,,Mallapadi,Mallapadi,BARGUR,5,3,6,12,4,635104,2,2,3,0,1,16,19,0,0,2,2,1,9,0,210,1,0,0,0,0,0,0
9982711,TAMIL NADU,KRISHNAGIRI,UTHANGARAI,1,,,Pavakkal,Pavakkal,UTHANGARAI,5,3,6,12,1,635307,2,2,3,0,2,16,0,0,0,2,2,1,9,0,210,1,0,0,0,0,0,0
6617309,TAMIL NADU,KRISHNAGIRI,HOSUR,2,Hosur,Hosur (M) - Ward No.43,,,,5,3,6,12,1,635110,2,2,3,0,2,19,16,0,0,2,2,1,9,0,210,1,0,0,0,0,0,0
6911283,TAMIL NADU,KRISHNAGIRI,THALLY,1,,,Urigam,Urigam,THALLY,5,3,6,12,1,635102,2,2,3,0,2,16,0,0,0,2,2,1,9,0,220,1,0,0,0,0,0,0
7600157,TAMIL NADU,KRISHNAGIRI,BARGUR,1,,,Kadappasandampatti,Kullampatti,BARGUR,7,3,6,10,1,635203,2,2,3,0,2,16,0,0,0,2,0,1,9,0,198,1,0,0,0,0,0,0
7069824,TAMIL NADU,KRISHNAGIRI,BARGUR,1,,,Kattagaram,Kattagaram,BARGUR,5,1,6,12,1,635206,2,2,3,0,2,16,0,0,0,2,2,1,9,0,220,1,0,0,0,0,0,0
8742397,TAMIL NADU,KRISHNAGIRI,THALLY,1,,,Madagondapalli,Madhagondapalli,THALLY,1,3,1,5,5,635114,2,2,3,0,2,19,0,0,0,2,2,1,1,2,220,1,9,11,1,0,0,0
5305364,TAMIL NADU,KRISHNAGIRI,KRISHNAGIRI,2,Krishnagiri,Krishnagiri (M) - Ward No.12,,,,5,1,6,12,1,635001,2,2,3,0,2,19,16,18,0,2,2,1,9,0,204,1,0,0,0,0,0,0
5978702,TAMIL NADU,KRISHNAGIRI,VEPPANAPALLI,1,,,Kundarapalli,Samanthamalai,VEPPANAPALLI,5,3,6,12,1,635115,2,2,3,0,2,16,19,0,0,2,2,1,9,0,207,1,0,0,0,0,0,0
8024821,TAMIL NADU,KRISHNAGIRI,HOSUR,2,Hosur,Hosur (M) - Ward No.8,,,,3,3,1,12,5,635109,2,2,3,0,2,19,0,0,0,2,2,1,1,2,0,1,84,97,15,14,0,0
5340357,TAMIL NADU,KRISHNAGIRI,KRISHNAGIRI,1,,,Boganapalli,Peththanapalli,KRISHNAGIRI,1,3,1,5,5,635001,2,2,3,0,2,19,0,0,0,2,2,1,1,2,210,1,12,13,29,27,0,0
5606417,TAMIL NADU,KRISHNAGIRI,HOSUR,2,Hosur,Hosur (M) - Ward No.34,,,,3,3,1,12,5,635109,2,2,3,0,2,19,0,0,0,2,2,1,1,2,0,1,32,25,9,14,0,0
5068483,TAMIL NADU,KRISHNAGIRI,HOSUR,2,Hosur,Hosur (M) - Ward No.15,,,,3,3,1,12,5,635126,2,2,3,0,1,19,0,0,0,2,2,1,1,2,206,1,159,132,15,21,0,0
7555208,TAMIL NADU,KRISHNAGIRI,KAVERIPATINAM,2,Kaveripattinam,Kaveripattinam (TP) - Ward No.4,,,,1,3,1,5,5,635112,2,2,3,0,2,19,0,0,0,2,2,1,1,2,185,1,7,3,0,0,0,0
8243728,TAMIL NADU,KRISHNAGIRI,HOSUR,2,Hosur,Hosur (M) - Ward No.6,,,,3,3,1,12,5,635109,2,2,3,0,2,19,0,0,0,2,2,1,1,2,226,1,1,2,0,0,0,1
8507593,TAMIL NADU,KRISHNAGIRI,MATHUR,1,,,Oddapatti,Naralapalli,MATHUR,3,3,1,12,5,635203,2,2,3,0,2,19,0,0,0,2,2,1,1,2,250,1,113,85,9,7,0,0
9544172,TAMIL NADU,KRISHNAGIRI,HOSUR,1,,,Bagalur,Bagaloor,HOSUR,3,3,1,12,5,635105,2,2,3,0,1,19,0,0,0,1,1,1,1,2,214,1,69,67,3,2,0,0
9294852,TAMIL NADU,KRISHNAGIRI,KELAMANGALAM,1,,,Rayakotta,Rayakottai,KELAMANGALAM,5,2,6,12,1,635116,2,2,3,0,2,19,16,0,0,2,2,1,9,0,10,1,0,0,0,0,0,0
8185659,TAMIL NADU,KRISHNAGIRI,SHOOLAGIRI,1,,,Berigai,B.S.Thimmasandiram,SHOOLAGIRI,5,3,6,12,1,635105,2,2,3,0,2,19,16,0,0,2,2,1,9,0,179,1,0,0,0,0,0,0
3254180,TAMIL NADU,KRISHNAGIRI,THALLY,1,,,Noganoor,Noganur,THALLY,1,3,1,5,1,635107,2,2,3,0,2,19,0,0,0,2,2,1,2,1,220,1,0,0,0,0,5,3
3549117,TAMIL NADU,KRISHNAGIRI,THALLY,1,,,Natrapalayam,Natrampalayam,THALLY,1,3,1,5,4,635102,2,2,3,0,1,16,0,0,0,2,2,1,2,2,204,1,0,0,0,0,0,0
6288736,TAMIL NADU,KRISHNAGIRI,SHOOLAGIRI,1,,,Moranapalli,Perandapalli,SHOOLAGIRI,6,3,1,10,5,635109,2,2,3,0,2,19,0,0,0,2,2,1,1,2,210,1,72,66,13,12,0,0
4813080,TAMIL NADU,KRISHNAGIRI,KAVERIPATINAM,1,,,Thatrahalli,Thatrahalli,KAVERIPATTINAM,1,3,1,5,1,635123,2,2,3,0,2,19,0,0,0,2,2,1,2,2,203,1,0,0,1,0,1,1
7625466,TAMIL NADU,KRISHNAGIRI,SHOOLAGIRI,1,,,Ayaranapalli,Ayaranapalli,SHOOLAGIRI,1,3,1,5,1,635119,2,2,3,0,2,19,0,0,0,2,2,1,2,2,194,1,0,0,0,1,1,0
9138856,TAMIL NADU,KRISHNAGIRI,VEPPANAPALLI,1,,,Marachandiram,Marasandiram,VEPPANAPALLI,1,3,1,5,1,635115,2,2,3,0,2,19,0,0,0,2,2,1,2,2,204,1,0,0,0,0,2,3
3083903,TAMIL NADU,KRISHNAGIRI,KAVERIPATINAM,1,,,Bannihalli,Bannihalli,KAVERIPATTINAM,1,3,1,5,1,635106,2,2,3,0,2,19,0,0,0,2,2,1,2,1,200,1,0,0,2,2,5,5
2442433,TAMIL NADU,KRISHNAGIRI,HOSUR,1,,,Nallur,Nallur,HOSUR,3,3,1,12,5,635103,2,2,3,0,2,19,0,0,0,1,1,1,1,2,212,1,18,20,7,1,0,0
1781933,TAMIL NADU,KRISHNAGIRI,UTHANGARAI,1,,,Upparapatti,Upparapatti,Uthangarai,1,3,1,5,5,635207,2,2,3,0,2,19,0,0,0,0,0,1,1,2,230,1,3,7,0,1,0,0
5177104,TAMIL NADU,KRISHNAGIRI,KAVERIPATINAM,1,,,Errahalli,Errahalli,KAVERIPATTINAM,1,3,1,5,5,635112,2,2,3,0,2,19,0,0,0,2,2,1,1,2,210,1,11,5,0,1,0,0
7471605,TAMIL NADU,KRISHNAGIRI,KRISHNAGIRI,1,,,Agasipalli,Agasipalli,KRISHNAGIRI,3,3,1,12,5,635001,2,2,3,0,1,19,0,0,0,2,2,1,1,2,220,1,17,10,3,11,0,0
6466963,TAMIL NADU,KRISHNAGIRI,SHOOLAGIRI,1,,,Shoolagiri,Shoolagiri,SHOOLAGIRI,6,3,1,10,5,635117,2,2,3,0,2,19,0,0,0,2,2,1,1,2,214,1,33,21,7,5,0,0
9753234,TAMIL NADU,KRISHNAGIRI,SHOOLAGIRI,1,,,Berigai,B.S.Thimmasandiram,SHOOLAGIRI,3,3,1,12,5,635105,2,2,3,0,2,19,0,0,0,2,2,1,1,2,215,1,28,28,5,2,0,0
5269196,TAMIL NADU,KRISHNAGIRI,KRISHNAGIRI,1,,,Agasipalli,Agasipalli,KRISHNAGIRI,3,3,1,12,5,635001,2,2,2,3,2,19,0,0,0,1,1,1,1,2,210,1,24,25,8,8,0,0
7485498,TAMIL NADU,KRISHNAGIRI,KELAMANGALAM,2,Denkanikottai,Denkanikottai (TP) - Ward No.6,,,,1,3,1,5,5,635107,2,2,3,0,2,19,0,0,0,2,2,1,1,2,210,1,5,5,2,0,0,0
2855043,TAMIL NADU,KRISHNAGIRI,THALLY,1,,,Binnamangalam,Binnamangalam,THALLY,1,3,1,5,5,635118,2,2,3,0,2,19,0,0,0,2,2,1,1,2,210,1,8,5,3,1,0,0
5450232,TAMIL NADU,KRISHNAGIRI,KAVERIPATINAM,2,Nagojanahalli,Nagojanahalli (TP) - Ward No.11,,,,1,3,1,5,5,635204,2,2,3,0,2,19,0,0,0,2,2,1,1,2,210,1,20,11,0,0,0,0
2083912,TAMIL NADU,KRISHNAGIRI,KAVERIPATINAM,2,Kaveripattinam,Kaveripattinam (TP) - Ward No.6,,,,1,3,1,5,5,635112,2,2,3,0,2,19,0,0,0,2,2,1,1,2,210,1,2,3,0,1,0,0
1484270,TAMIL NADU,KRISHNAGIRI,HOSUR,1,,,Kothagondapalli,Kothagondapalli,HOSUR,1,3,1,5,5,635109,2,2,3,0,2,19,0,0,0,2,2,1,1,2,210,1,8,6,4,1,2,1
8915244,TAMIL NADU,KRISHNAGIRI,UTHANGARAI,1,,,Appinaickenpatti,Gengapirampatti,UTHANGARAI,1,3,1,5,5,635207,2,2,3,0,2,19,0,0,0,2,2,1,1,2,210,1,2,5,0,0,0,0
6748404,TAMIL NADU,KRISHNAGIRI,THALLY,1,,,Arasakuppam,Arasakuppam,THALLY,7,3,6,10,5,635107,2,2,3,0,1,16,0,0,0,2,0,1,9,2,210,1,0,0,0,0,0,0
4005230,TAMIL NADU,KRISHNAGIRI,SHOOLAGIRI,1,,,Doripalli,Doripalli,SHOOLAGIRI,7,3,6,10,1,635130,2,2,3,0,2,16,19,0,0,2,2,1,9,0,197,1,0,0,0,0,0,0
8326816,TAMIL NADU,KRISHNAGIRI,KRISHNAGIRI,2,Krishnagiri,Krishnagiri (M) - Ward No.31,,,,1,3,1,5,5,635001,2,2,3,0,1,19,0,0,0,2,2,1,1,2,210,1,43,30,12,5,0,0
2549767,TAMIL NADU,KRISHNAGIRI,KAVERIPATINAM,1,,,Errahalli,Errahalli,KAVERIPATTINAM,1,3,1,5,5,635112,2,2,3,0,2,19,0,0,0,2,2,1,1,2,0,1,13,18,1,3,0,0
4989971,TAMIL NADU,KRISHNAGIRI,HOSUR,1,,,Nallur,Nallur,HOSUR,6,3,1,10,5,635109,2,2,3,0,2,19,0,0,0,2,0,1,1,2,220,1,11,9,2,4,3,0
6067518,TAMIL NADU,KRISHNAGIRI,BARGUR,1,,,Kadappasandampatti,Kullampatti,BARGUR,1,3,1,5,1,635203,2,2,3,0,2,19,0,0,0,2,2,1,2,2,194,1,0,0,1,0,4,6
6415789,TAMIL NADU,KRISHNAGIRI,SHOOLAGIRI,1,,,Ullatti,Ullatti,SHOOLAGIRI,1,3,1,5,1,635117,2,2,3,0,2,16,0,0,0,2,2,1,2,2,206,1,1,1,0,0,0,0
8057464,TAMIL NADU,KRISHNAGIRI,SHOOLAGIRI,1,,,Basthalapalli,Pasthalapalli,SHOOLAGIRI,1,3,1,5,1,635117,2,2,3,0,2,16,0,0,0,2,2,1,2,2,200,1,0,0,0,0,0,0
3917338,TAMIL NADU,KRISHNAGIRI,BARGUR,1,,,Vadamalampatti,Puliyampatti,BARGUR,1,3,1,5,1,635206,2,2,3,0,2,16,0,0,0,2,2,1,2,1,206,1,0,0,0,2,1,4
4823005,TAMIL NADU,KRISHNAGIRI,THALLY,1,,,Kottaiyur,Kottaiyur,THALLY,1,3,1,5,1,635102,2,2,3,0,2,16,0,0,0,2,2,1,2,1,194,1,0,0,1,0,2,2
4633293,TAMIL NADU,KRISHNAGIRI,KAVERIPATINAM,1,,,Karadihalli,Karadihalli,KAVERIPATTINAM,1,3,1,5,1,635111,2,2,3,0,2,16,0,0,0,2,2,1,2,2,194,1,0,0,0,0,0,0
2355141,TAMIL NADU,KRISHNAGIRI,VEPPANAPALLI,1,,,Gollapalli,Beemandapalli,VEPPANAPALLI,1,3,1,5,1,635115,2,2,3,0,2,16,0,0,0,2,2,1,2,1,204,1,0,0,0,1,0,0
9369329,TAMIL NADU,KRISHNAGIRI,HOSUR,1,,,Achettipalli,Achettipalli,HOSUR,1,3,1,5,1,635110,2,2,3,0,2,19,0,0,0,2,2,1,2,2,204,1,0,0,0,0,0,1
3469754,TAMIL NADU,KRISHNAGIRI,UTHANGARAI,1,,,Moondrampatti,Moondrampatti,UTHANGARAI,1,3,1,5,1,635307,2,2,3,0,2,16,0,0,0,2,2,1,2,2,210,1,0,0,1,0,4,7
1376776,TAMIL NADU,KRISHNAGIRI,VEPPANAPALLI,1,,,Nachikuppam,Nachikuppam,VEPPANAPALLI,1,3,1,5,5,635121,2,2,3,0,2,19,0,0,0,2,2,1,1,2,210,1,8,11,0,0,0,0
2638502,TAMIL NADU,KRISHNAGIRI,UTHANGARAI,1,,,Vellalapatti,Mettuthangal,Uthangarai,1,3,1,5,1,635304,2,2,3,0,2,16,0,0,0,2,2,1,2,1,210,1,0,0,1,0,0,0
8185410,TAMIL NADU,KRISHNAGIRI,MATHUR,1,,,Padadasampatti,Veerachikuppam,MATHUR,1,3,1,5,1,635306,2,2,3,0,2,16,0,0,0,2,2,1,2,2,210,1,0,0,0,1,0,0
9083060,TAMIL NADU,KRISHNAGIRI,KELAMANGALAM,1,,,Udedurgam,Udedurgam,KELAMANGALAM,1,3,1,5,1,635113,2,2,3,0,2,19,0,0,0,2,2,1,1,1,204,1,5,2,0,0,0,0
9262842,TAMIL NADU,KRISHNAGIRI,KRISHNAGIRI,1,,,Agaram,Ittikal Agaram,KRISHNAGIRI,1,3,1,5,1,635122,2,2,3,0,2,16,0,0,0,2,2,1,2,2,200,1,0,0,1,0,0,0
4514047,TAMIL NADU,KRISHNAGIRI,VEPPANAPALLI,1,,,Appinayakkankottai,Chennasandiram,Veppanapalli,1,3,1,5,1,635121,2,2,3,0,2,16,0,0,0,2,2,1,2,2,210,1,0,0,1,0,2,4
9247258,TAMIL NADU,KRISHNAGIRI,KRISHNAGIRI,1,,,Venkatapuram (Ct),Venkatapuram,Krishnagiri,1,3,1,5,1,635002,2,2,3,0,2,16,0,0,0,2,2,1,2,2,210,1,0,0,0,1,2,2
7840056,TAMIL NADU,KRISHNAGIRI,KELAMANGALAM,1,,,Thimijapalli,Thimjepalli,KELAMANGALAM,1,3,1,5,1,635113,2,2,3,0,2,16,0,0,0,2,2,1,2,2,194,1,0,0,0,0,1,4
6493828,TAMIL NADU,KRISHNAGIRI,KRISHNAGIRI,1,,,Kammaampalli,Mallinaayanapalli,KRISHNAGIRI,1,3,1,5,1,635120,2,2,3,0,2,19,0,0,0,2,2,1,2,2,205,1,0,0,0,0,0,0
6905745,TAMIL NADU,KRISHNAGIRI,KRISHNAGIRI,1,,,Peddathanapalli,Periyakottapalli,KRISHNAGIRI,1,3,1,5,1,635002,2,2,3,0,2,19,0,0,0,2,2,1,2,1,210,1,0,2,1,0,12,4
8165569,TAMIL NADU,KRISHNAGIRI,KELAMANGALAM,1,,,Rathnagiri,Rathinagiri,KELAMANGALAM,1,3,1,5,1,635107,2,2,3,0,2,16,0,0,0,2,2,1,2,2,194,1,0,0,0,0,1,2
4320874,TAMIL NADU,KRISHNAGIRI,KAVERIPATINAM,1,,,Balekuli,Erumampatti,KAVERIPATTINAM,1,3,1,5,1,635206,2,2,3,0,2,16,0,0,0,2,2,1,2,2,194,1,0,0,1,0,0,1
4022033,TAMIL NADU,KRISHNAGIRI,KRISHNAGIRI,1,,,Naralapalli,Naaralapalli,Krishnagiri,1,3,1,5,1,635120,2,2,3,0,2,16,0,0,0,2,2,1,2,2,210,1,3,3,0,0,0,0
2717079,TAMIL NADU,KRISHNAGIRI,UTHANGARAI,1,,,Panamarathupatti,Kallavi,UTHANGARAI,1,3,1,5,1,636902,2,2,3,0,2,16,0,0,0,2,2,1,2,2,204,1,0,0,0,0,0,0
4122698,TAMIL NADU,KRISHNAGIRI,KAVERIPATINAM,1,,,Barur,Barur,KAVERIPATTINAM,1,3,1,5,5,635201,2,2,3,0,2,19,0,0,0,2,2,1,1,2,192,1,11,9,1,0,0,0
5881505,TAMIL NADU,KRISHNAGIRI,KAVERIPATINAM,1,,,Paiyur,Paiyur,KAVERIPATTINAM,2,3,1,8,5,635112,2,2,3,0,2,19,0,0,0,2,2,1,1,2,200,1,18,10,2,5,0,0
4037220,TAMIL NADU,KRISHNAGIRI,MATHUR,1,,,Sonarahalli,Goundanur,MATHUR,7,3,6,10,1,635203,2,2,3,0,2,16,0,0,0,2,0,1,9,0,210,1,0,0,0,0,0,0
9243252,TAMIL NADU,KRISHNAGIRI,KRISHNAGIRI,1,,,Bellarapalli,Pachiganapalli,KRISHNAGIRI,1,3,1,5,1,635122,2,2,3,0,2,16,0,0,0,2,2,1,2,2,194,1,0,0,1,0,0,0
5500422,TAMIL NADU,KRISHNAGIRI,THALLY,1,,,Madakkal,Madakkal,THALLY,1,3,1,5,1,635118,2,2,3,0,2,16,0,0,0,2,2,1,2,2,194,1,0,0,0,0,5,3
6041001,TAMIL NADU,KRISHNAGIRI,BARGUR,1,,,Puligunta,Thogarapalli,BARGUR,1,3,1,5,1,635203,2,2,3,0,2,16,0,0,0,2,2,1,2,2,210,1,0,0,0,0,0,0
1678634,TAMIL NADU,KRISHNAGIRI,UTHANGARAI,1,,,Vengadathanpatti,Vengadathampatti,UTHANGARAI,3,3,1,12,5,635207,2,2,2,3,2,19,0,0,0,1,1,1,1,2,210,1,54,32,10,6,0,0
2543877,TAMIL NADU,KRISHNAGIRI,HOSUR,2,Hosur,Hosur (M) - Ward No.1,,,,6,3,1,10,5,635126,2,2,3,0,2,19,0,0,0,2,0,1,1,2,206,1,24,27,7,9,0,0
2243733,TAMIL NADU,KRISHNAGIRI,SHOOLAGIRI,1,,,Venkatesapuram,Venkatesapuram,SHOOLAGIRI,1,3,1,5,1,635105,2,2,3,0,2,19,0,0,0,2,2,1,2,2,204,1,0,0,0,1,0,0
6384567,TAMIL NADU,KRISHNAGIRI,SHOOLAGIRI,1,,,Thiyagarsanapalli,Thiyagarasanapalli,SHOOLAGIRI,1,3,1,5,1,635117,2,2,3,0,2,19,16,0,0,2,2,1,2,2,204,1,0,0,0,0,0,0
6062664,TAMIL NADU,KRISHNAGIRI,VEPPANAPALLI,1,,,Ettipallitalav,Neralagiri,VEPPANAPALLI,1,3,1,5,1,635121,2,2,3,0,2,16,0,0,0,2,2,1,2,2,204,1,0,0,0,0,0,2
6490154,TAMIL NADU,KRISHNAGIRI,BARGUR,1,,,Madepalli,Madepalli,BARGUR,2,3,1,8,4,635108,2,2,3,0,1,16,0,0,0,2,2,1,2,2,210,1,0,0,0,0,0,0
9827906,TAMIL NADU,KRISHNAGIRI,KRISHNAGIRI,1,,,Thandagoundarahalli,Chikkapoovathi,KRISHNAGIRI,1,3,1,5,1,635122,2,2,3,0,2,16,0,0,0,2,2,1,2,1,210,1,0,0,1,4,3,5
4792348,TAMIL NADU,KRISHNAGIRI,HOSUR,2,Hosur,Hosur (M) - Ward No.39,,,,3,3,1,12,5,635110,2,2,3,0,2,19,0,0,0,2,2,1,1,2,210,1,6,12,1,4,0,0
6452308,TAMIL NADU,KRISHNAGIRI,HOSUR,2,Hosur,Hosur (M) - Ward No.16,,,,2,3,1,8,1,635126,2,2,3,0,2,19,16,0,0,2,2,1,1,1,200,1,0,1,0,1,4,6
5816790,TAMIL NADU,KRISHNAGIRI,KELAMANGALAM,1,,,Battamugulalam,Bettamugalalam,KELAMANGALAM,1,3,1,5,1,635107,2,2,3,0,2,16,0,0,0,2,2,1,2,2,206,1,0,0,0,0,2,2
7616025,TAMIL NADU,KRISHNAGIRI,KELAMANGALAM,1,,,Kundumaranapalli,Kundhumaranapalli,KELAMANGALAM,1,3,1,5,1,635113,2,2,3,0,2,19,0,0,0,2,2,1,2,2,194,1,0,0,0,0,0,0
8212075,TAMIL NADU,KRISHNAGIRI,HOSUR,1,,,Muthuganapalli,Muduganapalli,HOSUR,1,3,1,5,1,635110,2,2,3,0,2,19,0,0,0,2,2,1,2,2,204,1,0,0,0,0,0,0
4973178,TAMIL NADU,KRISHNAGIRI,THALLY,1,,,Natrapalayam,Natrampalayam,THALLY,1,3,1,5,1,635102,2,2,3,0,2,16,0,0,0,2,2,1,2,2,194,1,0,0,0,0,4,6
8122207,TAMIL NADU,KRISHNAGIRI,UTHANGARAI,1,,,Karumandapathi,Karumandapathi,Uthangarai,1,3,1,5,1,635207,2,2,3,0,2,16,0,0,0,2,2,1,2,2,210,1,0,0,1,1,2,0
6278323,TAMIL NADU,KRISHNAGIRI,BARGUR,1,,,Madepalli,Madepalli,BARGUR,1,3,1,5,1,635108,2,2,3,0,2,16,0,0,0,2,2,1,2,2,194,1,0,0,0,0,1,1
3514103,TAMIL NADU,KRISHNAGIRI,THALLY,1,,,Serandapalli,Sarandapalli,THALLY,1,3,1,5,1,635107,2,2,3,0,2,19,0,0,0,2,2,1,2,2,196,1,0,0,0,0,0,0
2000121,TAMIL NADU,KRISHNAGIRI,KRISHNAGIRI,1,,,Periamuthu,Periyamuthur,KRISHNAGIRI,3,3,1,12,5,635101,2,2,3,0,2,19,0,0,0,2,2,1,1,2,210,1,33,24,5,5,0,0
1686012,TAMIL NADU,KRISHNAGIRI,THALLY,1,,,Achubalu,Achubalu,THALLY,1,3,1,5,1,635118,2,2,3,0,2,19,0,0,0,2,2,1,2,2,194,1,0,0,2,1,10,0
2640172,TAMIL NADU,KRISHNAGIRI,BARGUR,1,,,Madepalli,Madepalli,BARGUR,3,3,1,12,5,635104,2,2,3,0,2,19,0,0,0,1,1,1,1,2,210,1,22,12,1,5,0,0
8645261,TAMIL NADU,KRISHNAGIRI,BARGUR,1,,,Salinayanapalli,Karakuppam,BARGUR,1,3,1,5,1,635104,2,2,3,0,2,19,0,0,0,2,2,1,2,2,206,1,0,0,0,0,0,0
4297905,TAMIL NADU,KRISHNAGIRI,KAVERIPATINAM,1,,,Sundekuppam,Sundekuppam,Kaveripattinam,1,3,1,5,1,635101,2,2,3,0,2,19,0,0,0,2,2,1,2,1,194,1,0,0,5,3,3,7
6157668,TAMIL NADU,KRISHNAGIRI,BARGUR,1,,,Salinayanapalli,Karakuppam,BARGUR,1,3,1,5,1,635104,2,2,3,0,2,16,0,0,0,2,2,1,2,2,189,1,1,0,0,0,3,1
8403584,TAMIL NADU,KRISHNAGIRI,KAVERIPATINAM,1,,,Sundekuppam,Sundekuppam,KAVERIPATTINAM,1,3,1,5,1,635112,2,2,3,0,2,16,0,0,0,2,2,1,2,1,194,1,0,0,0,2,1,0
1855483,TAMIL NADU,KRISHNAGIRI,KELAMANGALAM,1,,,Anekollu,Anekollu,KELAMANGALAM,1,3,1,5,1,635113,2,2,3,0,2,19,0,0,0,2,2,1,2,2,204,1,0,0,0,0,11,7
5980821,TAMIL NADU,KRISHNAGIRI,KAVERIPATINAM,1,,,Chellakuttapatti,Sellagudapatti,KAVERIPATTINAM,1,3,1,5,1,635201,2,2,3,0,2,16,0,0,0,2,2,1,2,2,210,1,0,0,0,0,2,1
2893463,TAMIL NADU,KRISHNAGIRI,KELAMANGALAM,1,,,Pillari Agraharam,Pillariagraharam,KELAMANGALAM,1,3,1,5,1,635116,2,2,3,0,2,16,0,0,0,2,2,1,2,1,204,1,0,0,0,1,5,3
9225488,TAMIL NADU,KRISHNAGIRI,VEPPANAPALLI,1,,,Gunthapalli,Kuppachiparai,VEPPANAPALLI,1,3,1,5,1,635121,2,2,3,0,2,19,0,0,0,2,2,1,2,2,194,1,0,0,0,2,0,1
8288229,TAMIL NADU,KRISHNAGIRI,UTHANGARAI,1,,,Singarapettai,Singerapatti,UTHANGARAI,1,3,1,5,1,635307,2,2,3,0,2,16,0,0,0,2,2,1,2,2,210,1,0,0,0,1,0,0
1141738,TAMIL NADU,KRISHNAGIRI,BARGUR,1,,,Parandapalli,Parandapalli,BARGUR,1,3,1,5,1,635206,2,2,3,0,2,16,0,0,0,2,2,1,2,2,194,1,0,0,0,0,1,4
1839984,TAMIL NADU,KRISHNAGIRI,UTHANGARAI,1,,,Kondampatti,Kondampatty,UTHANGARAI,1,3,1,5,1,635207,2,2,3,0,2,16,0,0,0,2,2,1,2,2,210,1,0,0,2,0,2,1
3120597,TAMIL NADU,KRISHNAGIRI,HOSUR,1,,,Gopanapalli,Gopanapalli,HOSUR,2,3,1,8,1,635110,2,2,3,0,2,19,0,0,0,2,2,1,2,2,206,1,0,0,0,0,2,1
7934552,TAMIL NADU,KRISHNAGIRI,MATHUR,1,,,Podar,Salamarathupattii,MATHUR,1,3,1,5,1,635304,2,2,3,0,2,19,0,0,0,2,2,1,2,2,210,1,0,0,0,0,0,0
2421492,TAMIL NADU,KRISHNAGIRI,SHOOLAGIRI,1,,,Chennapalli,Chennapalli,SHOOLAGIRI,1,3,1,5,1,635117,2,2,3,0,2,16,0,0,0,2,2,1,2,2,204,1,0,0,4,1,0,0
4371589,TAMIL NADU,KRISHNAGIRI,KELAMANGALAM,2,Kelamangalam,Kelamangalam (TP) - Ward No.15,,,,1,3,1,5,1,635113,2,2,3,0,2,19,0,0,0,2,2,1,2,2,204,1,0,0,0,0,16,12
8131616,TAMIL NADU,KRISHNAGIRI,BARGUR,1,,,Kadappasandampatti,Kullampatti,BARGUR,1,3,1,5,1,635203,2,2,3,0,2,16,0,0,0,2,2,1,2,1,204,1,0,0,0,0,2,2
7446147,TAMIL NADU,KRISHNAGIRI,HOSUR,1,,,Panchakshipuram,Masinayakanapalli,HOSUR,1,3,1,5,1,635110,2,2,3,0,2,19,0,0,0,2,2,1,2,1,204,1,0,0,0,0,0,0
3502346,TAMIL NADU,KRISHNAGIRI,VEPPANAPALLI,1,,,Pandikurikki,V.Madepalli,VEPPANAPALLI,1,3,1,5,1,635121,2,2,3,0,2,16,0,0,0,2,2,1,2,2,208,1,0,0,0,0,3,5
9363046,TAMIL NADU,KRISHNAGIRI,BARGUR,1,,,Parandapalli,Parandapalli,BARGUR,1,3,1,5,1,635206,2,2,3,0,2,16,0,0,0,2,2,1,2,2,194,1,0,0,1,0,0,0
9638249,TAMIL NADU,KRISHNAGIRI,BARGUR,1,,,Orappam,Orappam,BARGUR,1,3,1,5,1,635108,2,2,3,0,2,16,0,0,0,2,2,1,2,2,189,1,0,0,0,0,4,1
9762549,TAMIL NADU,KRISHNAGIRI,BARGUR,1,,,Mallapadi,Mallapadi,BARGUR,1,3,1,5,1,635104,2,1,3,0,2,16,0,0,0,2,2,1,2,1,210,1,0,0,0,1,0,0
4332591,TAMIL NADU,KRISHNAGIRI,SHOOLAGIRI,1,,,Ayaranapalli,Ayaranapalli,SHOOLAGIRI,2,3,1,8,1,635119,2,2,3,0,2,16,0,0,0,2,2,1,2,2,206,1,0,0,0,0,6,2
6451531,TAMIL NADU,KRISHNAGIRI,HOSUR,2,Hosur,Hosur (M) - Ward No.38,,,,1,3,1,5,1,635109,2,2,3,0,2,19,0,0,0,2,2,1,2,2,203,1,0,0,2,3,6,6
1395244,TAMIL NADU,KRISHNAGIRI,HOSUR,1,,,Muthuganapalli,Muduganapalli,HOSUR,3,3,1,12,5,635110,2,2,3,0,2,19,0,0,0,2,2,1,1,2,210,1,10,8,0,3,0,0
2545695,TAMIL NADU,KRISHNAGIRI,THALLY,1,,,Anchetty,Anchetti,THALLY,1,3,1,5,1,635102,2,2,3,0,2,16,0,0,0,2,2,1,2,2,210,1,0,0,0,0,0,0
4875654,TAMIL NADU,KRISHNAGIRI,MATHUR,1,,,Bommepalli,Bommepalli,MATHUR,1,3,1,5,1,635203,2,2,3,0,2,16,0,0,0,2,2,1,2,2,200,1,0,0,0,0,2,0
2486679,TAMIL NADU,KRISHNAGIRI,BARGUR,1,,,Palepalle,Palepalli,BARGUR,1,3,1,5,1,635108,2,2,3,0,2,16,0,0,0,2,2,1,2,2,194,1,0,0,0,0,0,0
6747824,TAMIL NADU,KRISHNAGIRI,UTHANGARAI,1,,,Singarapettai,Singerapatti,UTHANGARAI,1,3,1,5,5,635307,2,2,3,0,2,19,0,0,0,2,2,1,1,2,235,1,26,20,9,5,0,0
5766663,TAMIL NADU,KRISHNAGIRI,THALLY,1,,,Sathanur,Sathanur,THALLY,1,3,1,5,1,635114,2,2,3,0,2,19,0,0,0,2,2,1,2,2,207,1,0,0,0,0,0,1
8905944,TAMIL NADU,KRISHNAGIRI,THALLY,1,,,Natrapalayam,Natrampalayam,THALLY,1,3,1,5,1,635102,2,2,3,0,2,16,0,0,0,2,2,1,2,2,210,1,0,0,1,0,0,0
4340921,TAMIL NADU,KRISHNAGIRI,THALLY,1,,,Kottaiyur,Kottaiyur,THALLY,1,3,1,5,1,635102,2,2,3,0,2,16,0,0,0,2,2,1,2,2,204,1,0,0,1,0,1,2
1338791,TAMIL NADU,KRISHNAGIRI,KRISHNAGIRI,1,,,Peddatalapalli,Peththathaalapalli,Krishnagiri,6,3,1,10,5,635001,2,2,3,0,2,19,0,0,0,2,0,1,1,2,210,1,11,5,1,0,0,0
4159544,TAMIL NADU,KRISHNAGIRI,SHOOLAGIRI,1,,,Chennapalli,Chennapalli,SHOOLAGIRI,2,3,1,8,1,635117,2,2,3,0,2,19,0,0,0,2,2,1,2,2,206,1,0,0,0,1,0,0
3089822,TAMIL NADU,KRISHNAGIRI,KRISHNAGIRI,1,,,Agaram,Ittikal Agaram,KRISHNAGIRI,1,3,1,5,1,635122,2,2,3,0,2,16,0,0,0,2,2,1,2,2,204,1,0,0,0,1,3,4
1515022,TAMIL NADU,KRISHNAGIRI,KRISHNAGIRI,1,,,Naralapalli,Naaralapalli,KRISHNAGIRI,1,3,1,5,1,635120,2,2,3,0,2,16,0,0,0,2,2,1,2,2,194,1,3,2,0,0,1,0
6585440,TAMIL NADU,KRISHNAGIRI,HOSUR,1,,,Eluvapalli,Eachangur,HOSUR,1,3,1,5,1,635103,2,2,3,0,2,19,0,0,0,2,2,1,2,2,204,1,0,0,0,0,0,0
5498884,TAMIL NADU,KRISHNAGIRI,MATHUR,1,,,Samalpatti,Samalpatti,MATHUR,1,3,1,5,1,635306,2,2,3,0,2,16,0,0,0,2,2,1,2,1,210,1,0,0,1,0,0,0
5084389,TAMIL NADU,KRISHNAGIRI,BARGUR,2,Bargur,Bargur (TP) - Ward No.6,,,,1,3,1,5,1,635104,2,2,3,0,2,16,0,0,0,2,2,1,2,2,207,1,0,0,1,0,6,2
5708669,TAMIL NADU,KRISHNAGIRI,THALLY,1,,,Jowlagiri,Jawalagiri,THALLY,1,3,1,5,1,635118,2,2,3,0,2,19,0,0,0,2,2,1,2,2,206,1,0,0,0,0,2,0
4457210,TAMIL NADU,KRISHNAGIRI,VEPPANAPALLI,1,,,Bathimadugu,Bathimadugu,VEPPANAPALLI,1,3,1,5,1,635121,2,2,3,0,2,16,0,0,0,2,2,1,2,2,206,1,0,0,0,0,0,0
7865025,TAMIL NADU,KRISHNAGIRI,BARGUR,1,,,Guruvinayanapalli,Guruvinayanapalli,BARGUR,1,3,1,5,1,635120,2,2,3,0,2,16,0,0,0,2,2,1,2,2,206,1,0,0,0,0,4,4
7017714,TAMIL NADU,KRISHNAGIRI,MATHUR,1,,,Papparapatti,K. Papparapatti,MATHUR,1,3,1,5,1,635207,2,2,3,0,2,16,0,0,0,2,2,1,2,1,200,1,0,0,0,0,1,2
3241806,TAMIL NADU,KRISHNAGIRI,KELAMANGALAM,1,,,Bairamangalam,Bairamangalam,Kelamangalam,1,3,1,5,1,635113,2,2,3,0,2,19,0,0,0,2,2,1,2,2,204,1,0,0,0,0,0,0
4793364,TAMIL NADU,KRISHNAGIRI,KELAMANGALAM,1,,,Hanumanthapuram,Hanumanthapuram,KELAMANGALAM,1,3,1,5,1,635107,2,2,3,0,2,16,0,0,0,2,2,1,2,2,194,1,0,0,0,0,2,3
2058491,TAMIL NADU,KRISHNAGIRI,THALLY,1,,,Natrapalayam,Natrampalayam,THALLY,1,3,1,5,5,635102,2,2,3,0,1,19,0,0,0,2,2,1,1,2,0,1,11,11,1,0,0,0
3933082,TAMIL NADU,KRISHNAGIRI,HOSUR,2,Hosur,Hosur (M) - Ward No.5,,,,1,3,1,5,1,635126,2,2,3,0,2,19,0,0,0,2,2,1,2,2,210,1,0,0,0,1,0,2
5851302,TAMIL NADU,KRISHNAGIRI,MATHUR,1,,,Kannandahalli,Kannandahalli,MATHUR,1,3,1,5,1,635203,2,2,3,0,2,19,0,0,0,2,2,1,2,2,204,1,0,0,1,1,4,3
9558902,TAMIL NADU,KRISHNAGIRI,KELAMANGALAM,1,,,Erudukotta,Irudhukottai,KELAMANGALAM,1,3,1,5,1,635107,2,2,3,0,2,16,0,0,0,2,2,1,2,2,206,1,0,0,0,0,0,0
7443417,TAMIL NADU,KRISHNAGIRI,BARGUR,1,,,Majethgollahalli,Majeethgollahalli,BARGUR,1,3,1,5,1,635203,2,2,3,0,2,16,0,0,0,2,2,1,2,2,194,1,0,0,4,3,0,0
7973523,TAMIL NADU,KRISHNAGIRI,BARGUR,1,,,Vadamalampatti,Puliyampatti,BARGUR,1,3,1,5,1,635206,2,2,3,0,2,16,0,0,0,2,2,1,2,2,210,1,0,0,0,0,0,0
7903514,TAMIL NADU,KRISHNAGIRI,KAVERIPATINAM,1,,,Maruderi,Maruderi,KAVERIPATTINAM,1,3,1,5,1,635204,2,2,3,0,2,19,0,0,0,2,2,1,2,2,194,1,0,0,1,0,3,3
2779628,TAMIL NADU,KRISHNAGIRI,THALLY,1,,,Kempatti,Kempatti,THALLY,1,3,1,5,1,635117,2,2,3,0,2,5,0,0,0,2,2,1,2,2,204,1,0,0,0,0,2,2
3791935,TAMIL NADU,KRISHNAGIRI,KELAMANGALAM,1,,,Echanahalli,Rayakottai,KELAMANGALAM,1,3,1,5,1,635116,2,2,3,0,2,16,0,0,0,2,2,1,2,2,210,1,0,0,2,0,0,0
4186444,TAMIL NADU,KRISHNAGIRI,THALLY,1,,,Sathanur,Sathanur,THALLY,1,3,1,5,1,635114,2,2,3,0,2,5,0,0,0,2,2,1,2,2,204,1,1,0,0,0,0,0
9103498,TAMIL NADU,KRISHNAGIRI,UTHANGARAI,1,,,Pavakkal,Pavakkal,UTHANGARAI,1,3,1,5,1,635307,2,2,3,0,2,16,0,0,0,2,2,1,2,2,210,1,0,0,1,2,5,8
8490325,TAMIL NADU,KRISHNAGIRI,KRISHNAGIRI,2,Krishnagiri,Krishnagiri (M) - Ward No.29,,,,1,3,1,5,5,635001,2,2,3,0,1,19,0,0,0,2,2,1,1,2,200,1,29,18,3,2,0,0
9347028,TAMIL NADU,KRISHNAGIRI,THALLY,1,,,Mallasandram,Mallasandiram,THALLY,1,3,1,5,1,635107,2,2,3,0,2,19,0,0,0,2,2,1,2,1,196,1,0,0,0,0,3,4
4686978,TAMIL NADU,KRISHNAGIRI,HOSUR,2,Hosur,Hosur (M) - Ward No.43,,,,2,3,1,8,5,635110,2,2,3,0,1,19,0,0,0,0,0,1,1,2,199,1,9,14,4,4,0,0
1643342,TAMIL NADU,KRISHNAGIRI,MATHUR,1,,,Anandur,Anandur,MATHUR,1,3,1,5,1,635304,2,2,3,0,2,16,0,0,0,2,2,1,2,2,210,1,0,0,1,0,3,2
9988955,TAMIL NADU,KRISHNAGIRI,KRISHNAGIRI,1,,,Kattiganapalli (Ct),Kattigaanapalli,KRISHNAGIRI,6,3,1,10,5,635002,2,2,3,0,2,19,0,0,0,1,0,1,1,2,220,1,10,4,8,9,0,0
9136749,TAMIL NADU,KRISHNAGIRI,BARGUR,1,,,Salinayanapalli,Karakuppam,BARGUR,3,3,1,12,5,635104,2,2,3,0,2,19,0,0,0,2,2,1,1,2,226,1,55,44,10,6,0,0
6056593,TAMIL NADU,KRISHNAGIRI,KAVERIPATINAM,1,,,Balekuli,Baleguli,Kaveripattinam,1,3,1,5,1,635112,2,2,3,0,2,16,0,0,0,2,2,1,2,2,194,1,0,0,2,2,0,1
3310329,TAMIL NADU,KRISHNAGIRI,KELAMANGALAM,1,,,Kundumaranapalli,Kundhumaranapalli,KELAMANGALAM,1,3,1,5,1,635113,2,2,3,0,2,19,0,0,0,2,2,1,2,2,204,1,0,0,0,0,0,0
1018069,TAMIL NADU,KRISHNAGIRI,THALLY,1,,,Kolatti,Kolatti,THALLY,1,3,1,5,1,635107,2,2,3,0,2,19,0,0,0,2,2,1,2,1,208,1,0,0,0,0,3,4
1737959,TAMIL NADU,KRISHNAGIRI,HOSUR,1,,,Thattiganapalli,Muthali,HOSUR,1,3,1,5,1,635109,2,2,3,0,2,19,0,0,0,2,2,1,2,2,210,1,0,0,0,0,5,2
7487302,TAMIL NADU,KRISHNAGIRI,HOSUR,1,,,Muthuganapalli,Muduganapalli,HOSUR,1,3,1,5,1,635110,2,2,3,0,2,19,0,0,0,2,2,1,2,2,204,1,0,0,0,0,0,0
2511859,TAMIL NADU,KRISHNAGIRI,SHOOLAGIRI,1,,,Chennapalli,Chennapalli,SHOOLAGIRI,1,3,1,5,1,635117,2,1,3,0,2,16,0,0,0,2,2,1,2,2,204,1,0,0,0,0,0,0
6996830,TAMIL NADU,KRISHNAGIRI,THALLY,1,,,Andevanapalli,Andevanapalli,THALLY,1,3,1,5,1,635107,2,2,3,0,2,19,0,0,0,2,2,1,2,1,204,1,0,0,0,0,2,5
3029750,TAMIL NADU,KRISHNAGIRI,KELAMANGALAM,1,,,Kundumaranapalli,Kundhumaranapalli,KELAMANGALAM,6,3,1,10,5,635113,2,2,3,0,2,19,0,0,0,2,2,1,1,2,187,1,18,12,6,8,0,0
2444103,TAMIL NADU,KRISHNAGIRI,UTHANGARAI,1,,,Egoor,Eggoor,UTHANGARAI,1,3,1,5,1,635307,2,2,3,0,2,16,0,0,0,2,2,1,2,1,210,1,0,0,1,0,1,3
1780330,TAMIL NADU,KRISHNAGIRI,KAVERIPATINAM,1,,,Barur,Barur,KAVERIPATTINAM,1,3,1,5,1,635201,2,2,3,0,2,16,0,0,0,2,2,1,2,1,189,1,0,0,0,1,3,0
4655239,TAMIL NADU,KRISHNAGIRI,SHOOLAGIRI,1,,,Thuppuganapalli,Thuppuganapalli,Shoolagiri,1,3,1,5,1,635119,2,2,3,0,2,19,0,0,0,2,2,1,2,2,189,1,0,0,0,0,2,4
7570109,TAMIL NADU,KRISHNAGIRI,KRISHNAGIRI,1,,,Agasipalli,Agasipalli,KRISHNAGIRI,1,3,1,5,1,635002,2,2,3,0,2,16,19,0,0,2,2,1,2,2,210,1,0,0,0,1,10,6
6746079,TAMIL NADU,KRISHNAGIRI,KRISHNAGIRI,1,,,Kallukurikki,Kallukurukki,KRISHNAGIRI,1,3,1,5,1,635002,2,2,3,0,2,16,0,0,0,2,2,1,2,2,206,1,0,1,0,0,1,0
5891181,TAMIL NADU,KRISHNAGIRI,SHOOLAGIRI,1,,,Moranapalli,Perandapalli,SHOOLAGIRI,1,3,1,5,1,635109,2,2,3,0,2,18,0,0,0,2,2,1,2,2,204,1,0,0,0,0,5,9
7577217,TAMIL NADU,KRISHNAGIRI,VEPPANAPALLI,1,,,Kondappanayanapalli,Chennasandiram,VEPPANAPALLI,1,3,1,5,1,635121,2,2,3,0,2,16,0,0,0,2,2,1,2,2,194,1,0,0,2,0,0,0
7888518,TAMIL NADU,KRISHNAGIRI,HOSUR,2,Hosur,Hosur (M) - Ward No.42,,,,1,3,1,5,1,635110,2,2,3,0,2,19,0,0,0,2,2,1,2,2,210,1,0,0,0,0,0,0
7377253,TAMIL NADU,KRISHNAGIRI,HOSUR,2,Hosur,Hosur (M) - Ward No.45,,,,3,3,1,12,5,635110,2,2,3,0,2,19,0,0,0,1,1,1,1,2,220,1,22,29,2,7,0,0
8167553,TAMIL NADU,KRISHNAGIRI,BARGUR,1,,,Varatanapalli,Varattanapalli,BARGUR,1,3,1,5,1,635120,2,2,3,0,2,16,0,0,0,2,2,1,2,2,210,1,0,0,0,0,4,11
3318845,TAMIL NADU,KRISHNAGIRI,UTHANGARAI,1,,,Singarapettai,Singerapatti,UTHANGARAI,6,3,1,10,5,635307,2,2,3,0,2,19,0,0,0,2,0,1,1,2,210,1,24,17,1,0,2,1
9928084,TAMIL NADU,KRISHNAGIRI,HOSUR,2,Hosur,Hosur (M) - Ward No.5,,,,6,3,1,10,5,635126,2,2,3,0,2,19,0,0,0,2,0,1,1,2,215,1,28,25,3,6,0,0
6537248,TAMIL NADU,KRISHNAGIRI,BARGUR,1,,,Kondappanayakempalli,Kondappanayanapalli,BARGUR,1,3,1,5,1,635203,2,2,3,0,2,16,0,0,0,2,2,1,2,2,193,1,0,0,2,2,0,1
4200087,TAMIL NADU,KRISHNAGIRI,BARGUR,1,,,Parandapalli,Parandapalli,BARGUR,1,3,1,5,1,635206,2,2,3,0,2,16,0,0,0,2,2,1,2,2,204,1,0,0,0,0,0,4
1801518,TAMIL NADU,KRISHNAGIRI,SHOOLAGIRI,1,,,Immidinayaganapalli,Immidinayakanapalli,SHOOLAGIRI,1,3,1,5,1,635115,2,2,3,0,2,16,0,0,0,2,2,1,2,2,204,1,0,0,0,0,0,0
9878641,TAMIL NADU,KRISHNAGIRI,SHOOLAGIRI,1,,,Toddur,Kalingavaram,SHOOLAGIRI,1,3,1,5,1,635117,2,2,3,0,2,19,0,0,0,2,2,1,2,2,204,1,0,0,0,0,0,0
5358712,TAMIL NADU,KRISHNAGIRI,SHOOLAGIRI,1,,,Thiyagarsanapalli,Thiyagarasanapalli,SHOOLAGIRI,1,3,1,5,1,635117,2,2,3,0,2,16,0,0,0,2,2,1,2,2,206,1,0,0,0,1,6,6
5174123,TAMIL NADU,KRISHNAGIRI,KRISHNAGIRI,1,,,Kallukurikki,Kallukurukki,KRISHNAGIRI,2,3,1,8,1,635002,2,2,3,0,2,16,19,0,0,2,2,1,1,1,206,1,2,2,0,0,0,0
8825719,TAMIL NADU,KRISHNAGIRI,BARGUR,1,,,Kadappasandampatti,Kullampatti,BARGUR,1,3,1,5,1,635203,2,2,3,0,2,16,0,0,0,2,2,1,2,2,210,1,0,0,0,1,0,0
3092332,TAMIL NADU,KRISHNAGIRI,BARGUR,1,,,Vadamalampatti,Puliyampatti,BARGUR,1,3,1,5,1,635206,2,2,3,0,2,19,0,0,0,2,2,1,2,2,204,1,0,0,2,0,0,0
2683106,TAMIL NADU,KRISHNAGIRI,THALLY,1,,,Thalikothanur,Thally Kothanur,THALLY,1,3,1,5,1,635118,2,2,3,0,2,19,0,0,0,2,2,1,2,2,194,1,0,0,0,0,2,1
1518665,TAMIL NADU,KRISHNAGIRI,KRISHNAGIRI,1,,,Sokkadi,Sokkaadi,KRISHNAGIRI,1,3,1,5,1,635115,2,2,3,0,2,16,0,0,0,2,2,1,2,2,200,1,0,0,0,0,0,0
5420804,TAMIL NADU,KRISHNAGIRI,VEPPANAPALLI,1,,,Ariyanapalli,Veppanapalli,VEPPANAPALLI,1,3,1,5,1,635121,2,2,3,0,2,16,19,0,0,2,2,1,2,2,194,1,0,0,0,0,0,0
1279271,TAMIL NADU,KRISHNAGIRI,KAVERIPATINAM,1,,,Pannandur,Pannandhur,KAVERIPATTINAM,1,3,1,5,1,635123,2,2,3,0,2,16,0,0,0,2,2,1,2,1,204,1,0,0,1,0,3,4
9185121,TAMIL NADU,KRISHNAGIRI,KAVERIPATINAM,1,,,Chowttahalli,Malaiyandahalli,KAVERIPATTINAM,1,3,1,5,1,635112,2,2,3,0,2,16,0,0,0,2,2,1,2,1,194,1,0,0,1,0,0,0
9045791,TAMIL NADU,KRISHNAGIRI,HOSUR,1,,,Kothapalli,Sevaganapalli,HOSUR,1,3,1,5,1,635103,2,2,3,0,2,19,0,0,0,2,2,1,2,2,204,1,0,0,0,0,0,0
1569666,TAMIL NADU,KRISHNAGIRI,KAVERIPATINAM,1,,,Chowttahalli,Sowtahalli,Kaveripattinam,1,3,1,5,1,635112,2,2,3,0,2,16,0,0,0,2,2,1,2,2,204,1,0,0,1,0,4,6
8467646,TAMIL NADU,KRISHNAGIRI,SHOOLAGIRI,1,,,Bukkasagaram,Bukkasagaram,SHOOLAGIRI,3,3,1,12,5,635109,2,2,3,0,2,19,0,0,0,1,1,1,1,2,225,1,16,22,3,3,0,0
6432620,TAMIL NADU,KRISHNAGIRI,HOSUR,2,Hosur,Hosur (M) - Ward No.10,,,,6,3,1,10,5,635109,2,2,3,0,2,19,0,0,0,2,0,1,1,2,210,1,7,8,5,0,0,0
8614839,TAMIL NADU,KRISHNAGIRI,BARGUR,1,,,Guttur,Guttur,BARGUR,1,3,1,5,1,635104,2,2,3,0,2,16,0,0,0,2,2,1,2,2,189,1,0,0,0,0,0,1
3808224,TAMIL NADU,KRISHNAGIRI,BARGUR,1,,,Pasinayanapalli,Bandaseemanoor,Bargur,1,3,1,5,1,635104,2,2,3,0,2,16,0,0,0,2,2,1,2,2,200,1,0,0,0,0,0,1
7562032,TAMIL NADU,KRISHNAGIRI,THALLY,1,,,Anchetty,Anchetti,THALLY,1,3,1,5,1,635102,2,2,3,0,2,16,0,0,0,2,2,1,2,1,204,1,2,2,0,0,0,0
1587516,TAMIL NADU,KRISHNAGIRI,KELAMANGALAM,1,,,Erudukotta,Irudhukottai,KELAMANGALAM,1,3,1,5,1,635107,2,2,3,0,2,19,0,0,0,2,2,1,2,2,206,1,0,0,0,0,1,2
6161429,TAMIL NADU,KRISHNAGIRI,MATHUR,1,,,Sulakarai,Soolagarai,MATHUR,1,3,1,5,1,635304,2,2,3,0,2,16,0,0,0,2,2,1,2,2,203,1,0,0,0,1,0,0
5460872,TAMIL NADU,KRISHNAGIRI,THALLY,1,,,Thaggatti,Thaggatti,THALLY,1,3,1,5,1,635102,2,2,3,0,2,16,0,0,0,2,2,1,2,1,0,1,0,0,0,0,1,0
4569046,TAMIL NADU,KRISHNAGIRI,THALLY,1,,,Urigam,Urigam,THALLY,1,3,1,5,1,635102,2,2,3,0,2,16,0,0,0,2,2,1,2,2,208,1,0,0,0,0,1,1
3183356,TAMIL NADU,KRISHNAGIRI,KRISHNAGIRI,2,Krishnagiri,Krishnagiri (M) - Ward No.31,,,,5,2,6,12,4,635001,2,2,3,0,1,16,19,0,0,2,2,1,9,0,205,1,0,0,0,0,0,0
2625046,TAMIL NADU,KRISHNAGIRI,BARGUR,1,,,Oppathavadi,Oppathavadi,BARGUR,7,3,6,10,1,635104,2,2,3,0,2,19,16,0,0,2,0,1,9,0,203,1,0,0,0,0,0,0
5558266,TAMIL NADU,KRISHNAGIRI,THALLY,1,,,Belagundapalli,Belagondapalli,THALLY,1,3,1,5,1,635114,2,2,3,0,2,19,0,0,0,2,2,1,2,2,194,1,0,0,3,1,13,22
3653564,TAMIL NADU,KRISHNAGIRI,KELAMANGALAM,1,,,Erudukotta,Irudhukottai,KELAMANGALAM,1,3,1,5,1,635107,2,2,3,0,2,19,0,0,0,2,2,1,2,2,206,1,0,0,0,0,5,3
9698554,TAMIL NADU,KRISHNAGIRI,BARGUR,1,,,Puligunta,Thogarapalli,BARGUR,1,3,1,5,1,635203,2,2,3,0,2,16,0,0,0,2,2,1,2,1,204,1,0,0,0,1,2,1
2245908,TAMIL NADU,KRISHNAGIRI,KRISHNAGIRI,1,,,Agaram,Ittikal Agaram,Krishnagiri,1,3,1,5,1,635122,2,2,3,0,2,16,0,0,0,2,2,1,2,2,210,1,0,0,0,0,1,1
4258298,TAMIL NADU,KRISHNAGIRI,KELAMANGALAM,2,Denkanikottai,Denkanikottai (TP) -Ward No.16,,,,2,3,1,8,1,635107,2,2,3,0,2,19,16,0,0,2,2,1,2,2,206,1,0,1,3,0,0,0
5922696,TAMIL NADU,KRISHNAGIRI,KELAMANGALAM,1,,,Hanumanthapuram,Hanumanthapuram,KELAMANGALAM,5,3,6,12,1,635107,2,2,3,0,2,16,0,0,0,2,2,1,9,0,210,1,0,0,0,0,0,0
3172432,TAMIL NADU,KRISHNAGIRI,UTHANGARAI,1,,,Katteri,Katteri,UTHANGARAI,2,3,1,8,1,636902,2,2,3,0,2,16,0,0,0,2,2,1,1,1,210,1,4,2,1,1,0,0
4029335,TAMIL NADU,KRISHNAGIRI,KELAMANGALAM,1,,,Nellur,Doddathimmanahalli,KELAMANGALAM,2,3,1,8,1,635116,2,2,3,0,2,19,16,0,0,2,2,1,2,2,200,1,0,0,0,3,0,0
2453583,TAMIL NADU,KRISHNAGIRI,KELAMANGALAM,1,,,Battamugulalam,Bettamugalalam,KELAMANGALAM,2,3,1,8,1,636806,2,2,3,0,2,16,0,0,0,2,2,1,2,2,206,1,0,0,0,0,10,10
1974064,TAMIL NADU,KRISHNAGIRI,HOSUR,1,,,Onalvadi,Onnalvadi,HOSUR,7,3,6,10,1,635109,2,2,3,0,2,19,0,0,0,2,0,1,9,0,203,1,0,0,0,0,0,0
7191894,TAMIL NADU,KRISHNAGIRI,THALLY,1,,,Gumlapuram,Gumlapuram,THALLY,7,3,6,10,1,635118,2,2,3,0,2,5,0,0,0,2,0,1,9,0,204,1,0,0,0,0,0,0
5665560,TAMIL NADU,KRISHNAGIRI,HOSUR,1,,,Kelavarapalli,Kelavarapalli,HOSUR,2,3,1,8,1,635109,2,2,3,0,2,19,0,0,0,2,2,1,2,2,210,1,0,0,0,0,1,1
7962044,TAMIL NADU,KRISHNAGIRI,KRISHNAGIRI,1,,,Naralapalli,Naaralapalli,Krishnagiri,2,3,1,8,1,635120,2,2,3,0,2,16,0,0,0,2,2,1,2,2,210,1,5,6,0,0,1,0
9457115,TAMIL NADU,KRISHNAGIRI,UTHANGARAI,1,,,Kethunaickampatti,Moondrampatti,UTHANGARAI,2,3,1,8,1,635307,2,2,3,0,2,16,0,0,0,2,2,1,2,2,210,1,0,0,1,0,0,0
8161144,TAMIL NADU,KRISHNAGIRI,BARGUR,1,,,Oppathavadi,Oppathavadi,BARGUR,2,3,1,8,1,635104,2,2,3,0,2,16,0,0,0,2,2,1,2,2,206,1,0,0,0,0,8,8
7521177,TAMIL NADU,KRISHNAGIRI,MATHUR,1,,,Veerachikupam,Veerachikuppam,MATHUR,2,3,1,8,1,635304,2,2,3,0,2,16,0,0,0,2,2,1,2,1,206,1,0,0,0,0,0,0
4933122,TAMIL NADU,KRISHNAGIRI,VEPPANAPALLI,1,,,Sigaramaganapalli,Sigaramaganapalli,VEPPANAPALLI,2,3,1,8,1,635121,2,2,3,0,2,19,0,0,0,2,2,1,2,2,206,1,0,0,2,0,4,3
3393004,TAMIL NADU,KRISHNAGIRI,MATHUR,1,,,Gerigepally,Gerigepalli,MATHUR,5,3,6,12,1,635304,2,2,3,0,2,16,0,0,0,2,2,1,9,0,210,1,0,0,0,0,0,0
1624201,TAMIL NADU,KRISHNAGIRI,KAVERIPATINAM,1,,,Timmapuram,Thimmapuram,KAVERIPATTINAM,2,3,1,8,1,635112,2,2,3,0,2,19,0,0,0,2,2,1,1,2,200,1,8,9,2,0,1,0
7926533,TAMIL NADU,KRISHNAGIRI,BARGUR,1,,,Palepalle,Palepalli,BARGUR,7,3,6,10,1,635102,2,2,3,0,2,16,0,0,0,2,0,1,9,0,204,1,0,0,0,0,0,0
9561459,TAMIL NADU,KRISHNAGIRI,VEPPANAPALLI,1,,,Bommarasanapalli,Veppanapalli,VEPPANAPALLI,2,3,1,8,1,635121,2,2,3,0,2,19,0,0,0,2,2,1,2,2,206,1,0,0,0,0,0,0
1167460,TAMIL NADU,KRISHNAGIRI,UTHANGARAI,1,,,Marampatti,Marampatty,UTHANGARAI,2,3,1,8,1,635207,2,2,3,0,2,16,0,0,0,2,2,1,2,2,210,1,0,0,0,0,5,1
7688821,TAMIL NADU,KRISHNAGIRI,KAVERIPATINAM,1,,,Kottapatti,Kottapatti,KAVERIPATTINAM,7,3,6,10,1,635201,2,2,3,0,2,19,16,0,0,2,2,1,9,0,210,1,0,0,0,0,0,0
6816560,TAMIL NADU,KRISHNAGIRI,KRISHNAGIRI,1,,,Devasamudiram,Devasamuthiram,KRISHNAGIRI,2,3,1,8,1,635002,2,2,3,0,2,19,16,0,0,2,2,1,2,2,210,1,0,0,0,0,1,6
1590579,TAMIL NADU,KRISHNAGIRI,SHOOLAGIRI,1,,,Shoolagiri,Shoolagiri,SHOOLAGIRI,5,2,6,12,1,635117,2,2,3,0,2,16,19,0,0,2,2,1,9,0,200,1,0,0,0,0,0,0
7513830,TAMIL NADU,KRISHNAGIRI,MATHUR,1,,,Ettipatti,K. Ettipatti,MATHUR,2,3,1,8,1,635306,2,2,3,0,2,16,19,0,0,2,2,1,1,1,210,1,3,3,1,0,0,0
9614787,TAMIL NADU,KRISHNAGIRI,THALLY,1,,,Belagundapalli,Belagondapalli,THALLY,7,2,6,10,1,635114,2,2,3,0,2,17,19,0,0,2,0,1,9,0,210,1,0,0,0,0,0,0
9294105,TAMIL NADU,KRISHNAGIRI,SHOOLAGIRI,1,,,Chinnarendoddi,Chinnarandoddi,SHOOLAGIRI,2,3,1,8,1,635105,2,2,3,0,2,19,0,0,0,2,2,1,2,2,210,1,0,0,0,0,0,0
2484547,TAMIL NADU,KRISHNAGIRI,THALLY,1,,,Agalakotta,Padiganalam,THALLY,2,3,1,8,1,635118,2,2,3,0,2,16,0,0,0,2,2,1,2,2,206,1,0,0,0,0,0,0
5823422,TAMIL NADU,KRISHNAGIRI,THALLY,1,,,Manchukondapalli,Manjugondapalli,THALLY,2,3,1,8,1,635102,2,2,3,0,2,16,0,0,0,2,2,1,2,2,206,1,0,0,0,0,1,2
3673926,TAMIL NADU,KRISHNAGIRI,KRISHNAGIRI,1,,,Venkatapuram (Ct),Venkatapuram,KRISHNAGIRI,2,3,1,8,1,635001,2,2,3,0,2,16,0,0,0,2,2,1,2,2,210,1,0,0,0,1,5,1
4187084,TAMIL NADU,KRISHNAGIRI,SHOOLAGIRI,1,,,Melumalai,Melumalai,SHOOLAGIRI,1,3,1,5,1,635115,2,2,3,0,2,16,0,0,0,2,2,1,2,2,200,1,0,0,0,0,12,10
6012329,TAMIL NADU,KRISHNAGIRI,MATHUR,1,,,Gendigampatti,Kalarpathi,MATHUR,2,3,1,8,1,635206,2,2,3,0,2,16,0,0,0,2,2,1,2,2,210,1,0,0,1,2,2,6
5478354,TAMIL NADU,KRISHNAGIRI,VEPPANAPALLI,1,,,Nachikuppam,Nachikuppam,VEPPANAPALLI,2,3,1,8,1,635121,2,2,3,0,2,19,16,0,0,2,2,1,2,2,206,1,0,0,0,0,5,3
9961147,TAMIL NADU,KRISHNAGIRI,SHOOLAGIRI,1,,,Shoolagiri,Shoolagiri,SHOOLAGIRI,2,3,1,8,1,635117,2,2,3,0,2,19,18,0,0,2,2,1,1,1,206,1,5,3,0,0,0,0
9919085,TAMIL NADU,KRISHNAGIRI,KELAMANGALAM,1,,,Bodichipalli,Bodichipalli,KELAMANGALAM,5,3,6,12,1,635113,2,2,3,0,2,16,19,0,0,2,2,1,9,0,210,1,0,0,0,0,0,0
5113283,TAMIL NADU,KRISHNAGIRI,HOSUR,1,,,Kothagondapalli,Kothagondapalli,HOSUR,2,3,1,8,1,635109,2,2,3,0,2,19,0,0,0,2,2,1,1,1,206,1,3,7,0,3,4,4
3068402,TAMIL NADU,KRISHNAGIRI,SHOOLAGIRI,1,,,Ulagam,Banganahalli,SHOOLAGIRI,7,3,6,10,1,635117,2,2,3,0,2,19,16,0,0,2,0,1,9,0,210,1,0,0,0,0,0,0
7196741,TAMIL NADU,KRISHNAGIRI,KRISHNAGIRI,2,Krishnagiri,Krishnagiri (M) - Ward No.1,,,,2,2,1,8,3,635001,2,2,3,0,2,18,0,0,0,2,2,1,2,1,210,1,0,0,0,0,0,2
8735684,TAMIL NADU,KRISHNAGIRI,KAVERIPATINAM,2,Nagojanahalli,Nagojanahalli (TP) - Ward No.7,,,,2,3,1,8,1,635204,2,2,3,0,2,16,0,0,0,2,2,1,2,2,194,1,0,0,2,1,3,2
7823312,TAMIL NADU,KRISHNAGIRI,MATHUR,1,,,Mukkampatti,Oddapatti,MATHUR,7,3,6,10,1,635306,2,2,3,0,2,16,19,0,0,2,0,1,9,0,202,1,0,0,0,0,0,0
2216108,TAMIL NADU,KRISHNAGIRI,THALLY,1,,,Thalli,Thally,THALLY,2,3,1,8,1,635118,2,2,3,0,2,19,0,0,0,2,2,1,2,1,206,1,0,0,0,0,7,4
1092499,TAMIL NADU,KRISHNAGIRI,KRISHNAGIRI,1,,,Bellampalli,Bellampalli,Krishnagiri,2,3,1,8,1,635116,2,2,3,0,2,16,0,0,0,2,2,1,2,2,212,1,1,0,2,1,0,0
3591677,TAMIL NADU,KRISHNAGIRI,BARGUR,1,,,Oppathavadi,Oppathavadi,BARGUR,7,3,6,10,1,635104,2,2,3,0,2,16,0,0,0,2,0,1,9,0,203,1,0,0,0,0,0,0
6413264,TAMIL NADU,KRISHNAGIRI,BARGUR,1,,,Puligunta,Thogarapalli,BARGUR,5,3,6,12,1,635203,2,2,3,0,2,16,19,0,0,2,2,1,9,0,210,1,0,0,0,0,0,0
1743821,TAMIL NADU,KRISHNAGIRI,UTHANGARAI,1,,,Chennappanaickanur,Reddipatty,UTHANGARAI,7,3,6,10,1,635207,2,2,3,0,2,16,0,0,0,2,0,1,9,0,210,1,0,0,0,0,0,0
2587914,TAMIL NADU,KRISHNAGIRI,BARGUR,1,,,Varatanapalli,Varattanapalli,BARGUR,2,3,1,8,1,635120,2,2,3,0,2,16,0,0,0,2,2,1,2,2,206,1,0,0,1,1,5,3
4195723,TAMIL NADU,KRISHNAGIRI,HOSUR,1,,,Devaripalli,Baliganapalli,HOSUR,7,3,6,10,1,635103,2,2,3,0,2,19,0,0,0,2,0,1,9,0,210,1,0,0,0,0,0,0
3373632,TAMIL NADU,KRISHNAGIRI,SHOOLAGIRI,1,,,Uddanapalli,Uddanapalli,SHOOLAGIRI,2,3,1,8,5,635109,2,2,3,0,2,19,0,0,0,2,2,1,1,2,210,1,1,0,0,0,0,0
4906711,TAMIL NADU,KRISHNAGIRI,UTHANGARAI,1,,,Kommampattu,Govindapuram,UTHANGARAI,2,3,1,8,1,635307,2,2,3,0,2,16,0,0,0,2,2,1,2,1,210,1,0,0,1,1,0,0
4218520,TAMIL NADU,KRISHNAGIRI,KAVERIPATINAM,2,Nagojanahalli,Nagojanahalli (TP) - Ward No.1,,,,5,1,6,12,1,635204,2,2,3,0,2,16,19,0,0,2,2,1,9,0,207,1,0,0,0,0,0,0
4495041,TAMIL NADU,KRISHNAGIRI,KAVERIPATINAM,1,,,Karadihalli,Karadihalli,KAVERIPATTINAM,2,3,1,8,1,635111,2,2,3,0,2,16,0,0,0,2,2,1,2,2,220,1,0,0,3,3,2,0
2880816,TAMIL NADU,KRISHNAGIRI,VEPPANAPALLI,1,,,Kurubarapalli,Kurubarapalli,VEPPANAPALLI,7,3,6,10,1,635122,2,2,3,0,2,16,0,0,0,2,0,1,9,0,210,1,0,0,0,0,0,0
4620515,TAMIL NADU,KRISHNAGIRI,UTHANGARAI,1,,,Kallavi R.F.,Kallavi,UTHANGARAI,5,3,6,12,1,635304,2,2,3,0,2,16,0,0,0,2,2,1,9,0,200,1,0,0,0,0,0,0
9069569,TAMIL NADU,KRISHNAGIRI,BARGUR,1,,,Kadappasandampatti,Kullampatti,BARGUR,2,3,1,8,1,635203,2,2,3,0,2,16,0,0,0,2,2,1,2,2,206,1,0,0,0,0,0,0
7210326,TAMIL NADU,KRISHNAGIRI,HOSUR,1,,,Kothagondapalli,Kothagondapalli,HOSUR,2,3,1,8,1,635109,2,2,3,0,2,19,0,0,0,2,2,1,2,2,206,1,1,1,0,0,0,0
8011657,TAMIL NADU,KRISHNAGIRI,THALLY,1,,,Palayamkotta,Palayamkottai,THALLY,2,3,1,8,1,635107,2,2,3,0,2,18,0,0,0,2,2,1,2,2,202,1,0,0,0,0,0,0
7528180,TAMIL NADU,KRISHNAGIRI,THALLY,1,,,Anchetty,Anchetti,Thally,5,3,6,12,1,635102,2,2,3,0,2,16,19,0,0,2,2,1,9,0,210,1,0,0,0,0,0,0
4929283,TAMIL NADU,KRISHNAGIRI,HOSUR,1,,,Muthalli,Muthali,HOSUR,7,3,6,10,1,635109,2,2,3,0,2,19,0,0,0,2,2,1,9,0,197,1,0,0,0,0,0,0
8190014,TAMIL NADU,KRISHNAGIRI,UTHANGARAI,1,,,Puliyanur,Singerapatti,UTHANGARAI,2,3,1,8,1,635307,2,2,3,0,2,16,0,0,0,2,2,1,2,2,210,1,0,0,2,1,0,0
8036084,TAMIL NADU,KRISHNAGIRI,MATHUR,1,,,Kanjanur,Gerigepalli,MATHUR,2,3,1,8,1,635304,2,2,3,0,2,16,0,0,0,2,2,1,1,1,210,1,0,0,1,0,0,0
9761144,TAMIL NADU,KRISHNAGIRI,VEPPANAPALLI,1,,,Polupalli,P.K. Peddanapalli,VEPPANAPALLI,2,2,1,8,6,635115,2,2,1,6,2,16,0,0,0,2,2,1,2,2,210,1,0,0,0,0,0,0
9646649,TAMIL NADU,KRISHNAGIRI,SHOOLAGIRI,1,,,Marandapalli,Marandapalli,SHOOLAGIRI,2,3,1,8,1,635117,2,2,3,0,2,16,0,0,0,2,2,1,2,2,206,1,0,0,0,1,10,6
1167158,TAMIL NADU,KRISHNAGIRI,SHOOLAGIRI,1,,,Ayaranapalli,Ayaranapalli,SHOOLAGIRI,2,3,1,8,1,635117,2,2,3,0,2,19,16,0,0,2,2,1,2,2,206,1,0,0,2,0,6,4
8684730,TAMIL NADU,KRISHNAGIRI,BARGUR,1,,,Varatanapalli,Varattanapalli,BARGUR,2,3,1,8,1,635120,2,2,3,0,2,16,0,0,0,2,2,1,2,2,200,1,0,0,2,1,8,4
7426023,TAMIL NADU,KRISHNAGIRI,KAVERIPATINAM,1,,,Sundekuppam,Sundekuppam,KAVERIPATTINAM,2,3,1,8,1,635101,2,2,3,0,2,19,0,0,0,2,2,1,1,1,210,1,9,7,1,1,1,0
8466388,TAMIL NADU,KRISHNAGIRI,SHOOLAGIRI,1,,,Chennapalli,Chennapalli,SHOOLAGIRI,2,2,1,8,6,635117,2,2,1,6,2,16,0,0,0,2,2,1,2,2,206,1,0,0,0,0,0,0
2333892,TAMIL NADU,KRISHNAGIRI,SHOOLAGIRI,1,,,Athimugam,Athimugam,SHOOLAGIRI,2,3,1,8,1,635105,2,2,3,0,2,18,0,0,0,2,2,1,2,2,206,1,0,0,0,0,0,0
8444047,TAMIL NADU,KRISHNAGIRI,SHOOLAGIRI,1,,,Kattinaickenghoddi,Kattinayakandoddi,SHOOLAGIRI,7,3,6,10,1,635115,2,2,3,0,2,16,0,0,0,2,2,1,9,0,210,1,0,0,0,0,0,0
3435303,TAMIL NADU,KRISHNAGIRI,BARGUR,1,,,Chinnathimminayanapalli,Belavarthy,BARGUR,2,3,1,8,1,635120,2,1,3,0,2,16,0,0,0,2,2,1,1,1,206,1,5,1,1,1,1,0
2387135,TAMIL NADU,KRISHNAGIRI,THALLY,1,,,Anchetty,Anchetti,THALLY,2,3,1,8,1,635102,2,2,3,0,2,16,0,0,0,2,2,1,2,2,206,1,0,0,0,0,1,5
5380162,TAMIL NADU,KRISHNAGIRI,KAVERIPATINAM,1,,,Balekuli,Baleguli,Kaveripattinam,7,3,6,10,1,635204,2,2,3,0,2,19,16,0,0,2,2,1,9,0,210,1,0,0,0,0,0,0
9278260,TAMIL NADU,KRISHNAGIRI,THALLY,1,,,Mallasandram,Mallasandiram,THALLY,2,3,1,8,1,635107,2,2,3,0,2,18,0,0,0,2,2,1,2,1,206,1,0,0,0,0,0,0
9191948,TAMIL NADU,KRISHNAGIRI,BARGUR,1,,,Mahadevagollahalli,Mahadevagollahalli,BARGUR,2,3,1,8,1,635206,2,2,3,0,2,16,0,0,0,2,2,1,2,2,206,1,0,0,1,0,0,0
5775968,TAMIL NADU,KRISHNAGIRI,BARGUR,1,,,Jagadevipalayam,Jagadevi,BARGUR,2,3,1,8,1,635206,2,2,3,0,2,16,19,0,0,2,2,1,1,1,210,1,1,4,0,0,0,0
1363097,TAMIL NADU,KRISHNAGIRI,KRISHNAGIRI,1,,,Agaram,Ittikal Agaram,KRISHNAGIRI,2,3,1,8,1,635122,2,2,3,0,2,19,16,0,0,2,2,1,1,1,210,1,3,5,1,0,0,0
4884081,TAMIL NADU,KRISHNAGIRI,SHOOLAGIRI,1,,,A.Settipalli,A.Settipalli,SHOOLAGIRI,2,3,1,8,1,635117,2,2,3,0,2,19,0,0,0,2,2,1,2,2,210,1,0,0,1,0,0,0
6882168,TAMIL NADU,KRISHNAGIRI,THALLY,1,,,Komaranapalli,Komaranapalli,THALLY,7,3,6,10,1,635107,2,2,3,0,2,16,19,0,0,2,2,1,9,0,210,1,0,0,0,0,0,0
1552695,TAMIL NADU,KRISHNAGIRI,VEPPANAPALLI,1,,,Helekundani,Halekundani,VEPPANAPALLI,2,3,1,8,1,635121,2,2,3,0,2,16,0,0,0,2,2,1,2,2,206,1,0,0,0,0,1,1
3359707,TAMIL NADU,KRISHNAGIRI,HOSUR,1,,,Baliganapalli,Baliganapalli,HOSUR,2,3,1,8,5,635109,1,2,3,0,2,16,19,0,0,2,2,1,1,2,218,1,1,3,0,0,0,0
2584221,TAMIL NADU,KRISHNAGIRI,KELAMANGALAM,1,,,Udedurgam,Udedurgam,KELAMANGALAM,2,3,1,8,1,635113,2,2,3,0,2,16,0,0,0,2,2,1,2,2,206,1,0,0,0,0,0,0
4141194,TAMIL NADU,KRISHNAGIRI,THALLY,1,,,Salivaram,Salivaram,THALLY,2,3,1,8,1,635107,2,2,3,0,2,16,19,0,0,2,2,1,2,2,208,1,0,0,0,0,4,6
9336572,TAMIL NADU,KRISHNAGIRI,SHOOLAGIRI,1,,,Melumalai,Melumalai,SHOOLAGIRI,5,3,6,12,1,635105,2,2,3,0,2,16,19,0,0,2,2,1,9,0,203,1,0,0,0,0,0,0
9308654,TAMIL NADU,KRISHNAGIRI,THALLY,1,,,Marupalli,Marupalli,THALLY,2,3,1,8,1,635118,2,2,3,0,2,18,0,0,0,2,2,1,2,2,213,1,0,0,0,0,4,5
7498632,TAMIL NADU,KRISHNAGIRI,KRISHNAGIRI,2,Krishnagiri,Krishnagiri (M) - Ward No.32,,,,5,2,6,12,1,635001,2,2,3,0,2,19,16,0,0,2,2,1,9,0,208,1,0,0,0,0,0,0
3292105,TAMIL NADU,KRISHNAGIRI,MATHUR,1,,,Anandur,Anandur,MATHUR,2,3,1,8,1,635304,2,2,3,0,2,16,19,0,0,2,2,1,1,1,203,1,4,4,2,0,0,0
2770426,TAMIL NADU,KRISHNAGIRI,HOSUR,1,,,Nandimangalam,Nandhimangalam,HOSUR,7,3,6,10,1,635105,2,2,3,0,2,19,0,0,0,2,2,1,9,0,210,1,0,0,0,0,0,0
5354439,TAMIL NADU,KRISHNAGIRI,KRISHNAGIRI,1,,,Periamuthu,Periyamuthur,KRISHNAGIRI,7,3,6,10,1,635002,2,2,3,0,2,16,19,0,0,2,2,1,9,0,210,1,0,0,0,0,0,0
3805976,TAMIL NADU,KRISHNAGIRI,UTHANGARAI,1,,,Singarapettai,Singerapatti,UTHANGARAI,5,2,6,12,1,635307,2,2,3,0,2,19,16,0,0,2,2,1,9,0,210,1,0,0,0,0,0,0
2815994,TAMIL NADU,KRISHNAGIRI,SHOOLAGIRI,1,,,Nallaganakothapalli,Koneripalli,SHOOLAGIRI,2,3,1,8,1,635117,2,2,3,0,2,19,0,0,0,2,2,1,2,2,206,1,0,0,0,0,8,1
6194699,TAMIL NADU,KRISHNAGIRI,SHOOLAGIRI,1,,,Athimugam,Athimugam,SHOOLAGIRI,2,3,1,8,6,635105,2,2,1,11,2,16,0,0,0,2,2,1,2,2,206,1,0,0,0,0,0,0
6150200,TAMIL NADU,KRISHNAGIRI,VEPPANAPALLI,1,,,Marachandiram,Marasandiram,VEPPANAPALLI,2,3,1,8,1,635121,2,2,3,0,2,16,19,0,0,2,2,1,2,2,194,1,0,0,1,1,4,9
1408721,TAMIL NADU,KRISHNAGIRI,HOSUR,1,,,Chennasandiram,Chennasandiram,HOSUR,6,3,1,10,5,635109,2,2,3,0,2,19,0,0,0,1,1,1,1,2,221,1,11,6,3,6,0,0
8391243,TAMIL NADU,KRISHNAGIRI,KAVERIPATINAM,1,,,Paiyur,Paiyur,KAVERIPATTINAM,7,3,6,10,1,635111,2,2,3,0,2,16,19,0,0,2,0,1,9,0,210,1,0,0,0,0,0,0
3627687,TAMIL NADU,KRISHNAGIRI,UTHANGARAI,1,,,Kadavani,Kadavani,UTHANGARAI,2,3,1,8,1,635207,2,2,3,0,2,16,0,0,0,2,2,1,1,1,210,1,1,5,0,0,0,0
5426411,TAMIL NADU,KRISHNAGIRI,SHOOLAGIRI,1,,,Marandapalli,Marandapalli,SHOOLAGIRI,2,3,1,8,1,635117,2,2,3,0,2,16,0,0,0,2,2,1,1,1,206,1,3,2,0,0,0,0
7425964,TAMIL NADU,KRISHNAGIRI,THALLY,1,,,Thalli,Thally,THALLY,7,2,6,10,1,635118,2,2,3,0,2,16,19,0,0,2,0,1,9,0,210,1,0,0,0,0,0,0
9755792,TAMIL NADU,KRISHNAGIRI,SHOOLAGIRI,1,,,Nallaganakothapalli,Koneripalli,SHOOLAGIRI,6,3,1,10,5,635117,2,2,3,0,2,19,0,0,0,2,2,1,1,2,210,1,29,27,8,7,0,0
2251153,TAMIL NADU,KRISHNAGIRI,BARGUR,1,,,Chendrapalli,Anchoor,BARGUR,6,3,1,10,5,635203,2,1,3,0,2,19,0,0,0,1,0,1,1,2,207,1,18,11,5,5,0,0
1099390,TAMIL NADU,KRISHNAGIRI,KELAMANGALAM,1,,,Rayakotta,Rayakottai,KELAMANGALAM,5,1,6,12,1,635116,2,2,3,0,2,19,16,0,0,2,2,1,9,0,210,1,0,0,0,0,0,0
6147115,TAMIL NADU,KRISHNAGIRI,KELAMANGALAM,2,Kelamangalam,Kelamangalam (TP) - Ward No.7,,,,6,3,1,10,5,635113,2,2,3,0,2,19,0,0,0,2,0,1,1,2,210,1,16,10,0,0,0,0
6348891,TAMIL NADU,KRISHNAGIRI,BARGUR,1,,,Soolamalai,Shoolamalai,BARGUR,7,3,6,10,1,635108,2,2,3,0,2,16,19,0,0,2,0,1,9,0,203,1,0,0,0,0,0,0
7129594,TAMIL NADU,KRISHNAGIRI,HOSUR,1,,,Thorapalli Agraharam,Thorapalliagraharam,HOSUR,2,3,1,8,1,635109,2,2,3,0,2,19,0,0,0,2,2,1,1,2,200,1,0,0,4,0,0,0
8337857,TAMIL NADU,KRISHNAGIRI,BARGUR,1,,,Modikuppam,Anchoor,BARGUR,7,3,6,10,1,635203,2,2,3,0,2,16,0,0,0,2,0,1,9,0,210,1,0,0,0,0,0,0
3808860,TAMIL NADU,KRISHNAGIRI,KRISHNAGIRI,1,,,Kammaampalli,Mallinaayanapalli,KRISHNAGIRI,7,3,6,10,1,635120,2,2,3,0,2,19,16,0,0,2,0,1,9,0,203,1,0,0,0,0,0,0
1775688,TAMIL NADU,KRISHNAGIRI,KRISHNAGIRI,1,,,Peddathanapalli,Periyakottapalli,KRISHNAGIRI,7,3,6,10,1,635001,2,2,3,0,2,16,19,0,0,2,0,1,9,0,210,1,0,0,0,0,0,0
9693836,TAMIL NADU,KRISHNAGIRI,THALLY,1,,,Doddamanchi,Doddamanchi,THALLY,7,3,6,10,1,635102,2,2,3,0,2,16,0,0,0,2,0,1,9,0,200,1,0,0,0,0,0,0
3723849,TAMIL NADU,KRISHNAGIRI,VEPPANAPALLI,1,,,Madepalli,V.Madepalli,VEPPANAPALLI,7,3,6,10,1,635121,2,2,3,0,2,19,16,0,0,2,0,1,9,0,203,1,0,0,0,0,0,0
6144005,TAMIL NADU,KRISHNAGIRI,KAVERIPATINAM,1,,,Balekuli,Baleguli,Kaveripattinam,7,3,6,10,1,635112,2,2,3,0,2,16,0,0,0,2,2,1,9,0,210,1,0,0,0,0,0,0
6885873,TAMIL NADU,KRISHNAGIRI,MATHUR,1,,,Pasandi,Samalpatti,MATHUR,7,3,6,10,1,635306,2,2,3,0,2,16,0,0,0,2,0,1,9,0,200,1,0,0,0,0,0,0
8742432,TAMIL NADU,KRISHNAGIRI,SHOOLAGIRI,1,,,Kamandoddi,Kamandoddi,SHOOLAGIRI,2,3,1,8,1,635117,2,2,3,0,2,19,0,0,0,2,2,1,2,2,206,1,0,0,0,1,10,11
1386478,TAMIL NADU,KRISHNAGIRI,THALLY,1,,,Palayamkotta,Palayamkottai,THALLY,2,3,1,8,1,635107,2,2,3,0,2,16,0,0,0,2,2,1,2,1,204,1,5,5,0,0,0,0
9731155,TAMIL NADU,KRISHNAGIRI,KRISHNAGIRI,1,,,Junjupalli,Thippanapalli,KRISHNAGIRI,7,3,6,10,1,635122,2,2,3,0,2,16,19,0,0,2,0,1,9,0,210,1,0,0,0,0,0,0
7629315,TAMIL NADU,KRISHNAGIRI,MATHUR,1,,,Bommepalli,Bommepalli,MATHUR,7,3,6,10,1,635203,2,2,3,0,2,16,0,0,0,2,0,1,9,0,220,1,0,0,0,0,0,0
8263053,TAMIL NADU,KRISHNAGIRI,KELAMANGALAM,1,,,Thimijapalli,Thimjepalli,KELAMANGALAM,2,3,1,8,1,635113,2,2,3,0,2,18,0,0,0,2,2,1,2,2,210,1,0,0,0,0,6,3
6426830,TAMIL NADU,KRISHNAGIRI,HOSUR,1,,,Nallur,Nallur,HOSUR,7,3,6,10,1,635103,2,2,3,0,2,16,19,0,0,2,0,1,9,0,210,1,0,0,0,0,0,0
3876317,TAMIL NADU,KRISHNAGIRI,UTHANGARAI,1,,,Kallavi R.F.,Kallavi,UTHANGARAI,7,2,6,10,1,635304,2,2,3,0,2,16,0,0,0,2,0,1,9,0,200,1,0,0,0,0,0,0
1673345,TAMIL NADU,KRISHNAGIRI,KRISHNAGIRI,1,,,Kattiganapalli (Ct),Kattigaanapalli,KRISHNAGIRI,6,3,1,10,5,635002,2,2,3,0,2,19,0,0,0,2,2,1,1,2,210,1,7,6,2,2,0,0
9481347,TAMIL NADU,KRISHNAGIRI,HOSUR,2,Hosur,Hosur (M) - Ward No.7,,,,6,3,1,10,5,635109,2,2,3,0,2,19,0,0,0,2,2,1,1,2,0,1,6,10,2,0,0,0
2568650,TAMIL NADU,KRISHNAGIRI,THALLY,1,,,Kottaiyur,Kottaiyur,THALLY,2,3,1,8,1,635102,2,2,3,0,2,16,0,0,0,2,2,1,2,1,205,1,0,0,0,0,0,5
4812501,TAMIL NADU,KRISHNAGIRI,HOSUR,2,Hosur,Hosur (M) - Ward No.29,,,,3,2,1,12,1,635109,2,2,3,0,2,17,16,19,0,2,2,1,1,2,0,1,0,0,0,0,0,0
6380140,TAMIL NADU,KRISHNAGIRI,MATHUR,1,,,Sulakarai,Soolagarai,MATHUR,6,3,1,10,5,635304,2,2,3,0,2,19,0,0,0,2,2,1,1,2,232,1,26,25,8,5,0,0
8863732,TAMIL NADU,KRISHNAGIRI,KELAMANGALAM,1,,,Kundumaranapalli,Kundhumaranapalli,KELAMANGALAM,3,3,1,12,5,635113,2,2,3,0,2,19,0,0,0,2,2,1,1,2,220,1,12,13,3,1,0,0
6648539,TAMIL NADU,KRISHNAGIRI,BARGUR,1,,,Kattagaram,Kattagaram,BARGUR,5,2,6,12,1,635206,2,2,3,0,2,16,0,0,0,2,2,1,9,0,220,1,0,0,0,0,0,0
7404318,TAMIL NADU,KRISHNAGIRI,SHOOLAGIRI,1,,,Moranapalli,Perandapalli,SHOOLAGIRI,3,3,1,12,5,635130,2,2,3,0,2,19,0,0,0,1,1,1,2,2,220,1,18,20,1,0,0,0
5629570,TAMIL NADU,KRISHNAGIRI,UTHANGARAI,1,,,Appinaickenpatti,Gengapirampatti,UTHANGARAI,3,3,1,12,5,635207,2,2,3,0,2,19,0,0,0,2,2,1,1,2,224,1,104,96,10,8,0,0
7289472,TAMIL NADU,KRISHNAGIRI,UTHANGARAI,1,,,Kallavi R.F.,Kallavi,UTHANGARAI,3,3,1,12,5,635304,2,2,3,0,2,19,0,0,0,2,2,1,1,2,210,1,84,71,6,3,0,0
1406222,TAMIL NADU,KRISHNAGIRI,THALLY,1,,,Kakkadasam,Kakkadasam,THALLY,2,3,1,8,6,635117,2,2,1,11,2,16,0,0,0,2,2,1,2,2,206,1,0,0,0,0,0,0
4531702,TAMIL NADU,KRISHNAGIRI,THALLY,1,,,Salivaram,Salivaram,THALLY,7,3,6,10,1,635107,2,2,3,0,2,16,0,0,0,2,0,1,9,0,200,1,0,0,0,0,0,0
5267485,TAMIL NADU,KRISHNAGIRI,HOSUR,1,,,Chennasandiram,Chennasandiram,HOSUR,3,3,1,12,5,635109,2,2,3,0,2,19,0,0,0,2,2,1,1,2,220,1,14,15,1,0,0,0
7250936,TAMIL NADU,KRISHNAGIRI,KRISHNAGIRI,1,,,Velakalahalli,Velagalahalli,KRISHNAGIRI,2,3,1,8,1,635122,2,2,3,0,2,16,0,0,0,2,2,1,2,2,210,1,0,0,1,1,3,3
9678769,TAMIL NADU,KRISHNAGIRI,VEPPANAPALLI,1,,,Kundarapalli,Samanthamalai,VEPPANAPALLI,3,3,1,12,5,635115,2,2,3,0,2,19,0,0,0,2,2,1,1,2,0,1,69,41,5,3,0,0
9757156,TAMIL NADU,KRISHNAGIRI,KRISHNAGIRI,2,Krishnagiri,Krishnagiri (M) - Ward No.19,,,,2,3,1,8,3,635001,2,2,3,0,2,16,19,0,0,2,2,1,1,1,210,1,12,5,3,1,5,2
9078365,TAMIL NADU,KRISHNAGIRI,BARGUR,1,,,Parandapalli,Parandapalli,BARGUR,3,3,1,12,5,635206,2,2,3,0,2,19,0,0,0,2,2,1,1,2,200,1,80,67,8,11,0,0
2774803,TAMIL NADU,KRISHNAGIRI,KAVERIPATINAM,1,,,Chowttahalli,Malaiyandahalli,KAVERIPATTINAM,5,3,6,12,1,635112,2,2,3,0,2,16,19,0,0,2,2,1,9,0,197,1,0,0,0,0,0,0
8148833,TAMIL NADU,KRISHNAGIRI,THALLY,1,,,Kakkadasam,Kakkadasam,THALLY,1,3,1,5,1,635107,2,2,3,0,2,19,0,0,0,2,2,1,2,2,196,1,0,0,0,0,2,2
5929304,TAMIL NADU,KRISHNAGIRI,UTHANGARAI,1,,,Kallavi R.F.,Kallavi,UTHANGARAI,3,3,1,12,5,635304,2,2,3,0,2,19,0,0,0,2,2,1,1,2,212,1,27,30,2,3,0,0
1364377,TAMIL NADU,KRISHNAGIRI,KAVERIPATINAM,1,,,Keelkuppam,Keelkuppam,KAVERIPATTINAM,2,3,1,8,1,635201,2,2,3,0,2,16,0,0,0,2,2,1,2,2,206,1,0,0,4,1,1,0
5142678,TAMIL NADU,KRISHNAGIRI,KELAMANGALAM,1,,,Thimijapalli,Thimjepalli,KELAMANGALAM,5,3,6,12,1,635113,2,2,3,0,2,16,19,0,0,2,2,1,9,0,210,1,0,0,0,0,0,0
8887585,TAMIL NADU,KRISHNAGIRI,KELAMANGALAM,1,,,Rathnagiri,Rathinagiri,KELAMANGALAM,1,3,1,5,1,635107,2,2,3,0,2,16,0,0,0,2,2,1,2,2,210,1,0,0,0,0,0,0
2082044,TAMIL NADU,KRISHNAGIRI,SHOOLAGIRI,1,,,Sanamavu,Sanamavoo,SHOOLAGIRI,1,3,1,5,1,635113,2,2,3,0,2,16,0,0,0,2,2,1,2,2,204,1,0,0,0,0,1,2
8095212,TAMIL NADU,KRISHNAGIRI,UTHANGARAI,1,,,Periathallapadi,Periyathallapadi,UTHANGARAI,5,3,6,12,1,635307,2,2,3,0,2,16,0,0,0,2,2,1,9,0,210,1,0,0,0,0,0,0
3599505,TAMIL NADU,KRISHNAGIRI,MATHUR,1,,,Mukkarampalli,K. Ettipatti,MATHUR,2,3,1,8,1,635306,2,2,3,0,2,16,0,0,0,2,2,1,2,1,200,1,0,0,0,0,0,1
5664291,TAMIL NADU,KRISHNAGIRI,BARGUR,1,,,Majethgollahalli,Majeethgollahalli,BARGUR,5,3,6,12,1,635203,2,2,3,0,2,16,0,0,0,2,2,1,9,0,220,1,0,0,0,0,0,0
9530578,TAMIL NADU,KRISHNAGIRI,KELAMANGALAM,1,,,Rathnagiri,Rathinagiri,KELAMANGALAM,7,3,6,10,1,635107,2,2,2,2,2,16,0,0,0,2,0,1,9,0,200,1,0,0,0,0,0,0
1279649,TAMIL NADU,KRISHNAGIRI,KELAMANGALAM,2,Kelamangalam,Kelamangalam (TP) - Ward No.4,,,,2,3,1,8,1,635113,2,2,3,0,2,16,19,0,0,2,2,1,2,2,206,1,0,0,1,0,0,0
9850160,TAMIL NADU,KRISHNAGIRI,KELAMANGALAM,1,,,Suligunta,Koppakarai,KELAMANGALAM,2,3,1,8,1,635116,2,2,3,0,2,16,0,0,0,2,2,1,2,2,210,1,0,0,1,2,7,9
7576582,TAMIL NADU,KRISHNAGIRI,KELAMANGALAM,1,,,Bodichipalli,Bodichipalli,KELAMANGALAM,2,3,1,8,1,635113,2,2,3,0,2,19,0,0,0,2,2,1,1,1,200,1,5,4,0,0,0,1
4704671,TAMIL NADU,KRISHNAGIRI,KELAMANGALAM,1,,,Erudukotta,Irudhukottai,KELAMANGALAM,2,3,1,8,1,635107,2,2,3,0,2,16,0,0,0,2,2,1,2,2,206,1,0,0,0,0,7,8
5851689,TAMIL NADU,KRISHNAGIRI,MATHUR,1,,,Batrahalli,Mathur,MATHUR,5,2,6,12,1,635203,2,2,3,0,2,19,16,0,0,2,2,1,9,0,210,1,0,0,0,0,0,0
4846924,TAMIL NADU,KRISHNAGIRI,KRISHNAGIRI,1,,,Boganapalli,Peththanapalli,Krishnagiri,2,3,1,8,1,635002,2,2,3,0,2,19,16,0,0,2,2,1,2,2,210,1,0,0,3,0,0,0
2448191,TAMIL NADU,KRISHNAGIRI,SHOOLAGIRI,1,,,Immidinayaganapalli,Immidinayakanapalli,SHOOLAGIRI,5,3,6,12,1,635117,2,2,3,0,2,19,0,0,0,2,2,1,9,0,213,1,0,0,0,0,0,0
7600415,TAMIL NADU,KRISHNAGIRI,SHOOLAGIRI,1,,,Samanapalli,Samanapalli,SHOOLAGIRI,2,3,1,8,1,635117,2,2,3,0,2,16,0,0,0,2,2,1,2,2,203,1,0,0,1,0,3,2
1297501,TAMIL NADU,KRISHNAGIRI,THALLY,1,,,Natrapalayam,Natrampalayam,THALLY,7,3,6,10,1,635102,2,2,3,0,2,16,0,0,0,2,0,1,9,0,210,1,0,0,0,0,0,0
1434003,TAMIL NADU,KRISHNAGIRI,MATHUR,1,,,Oddapatti,Naralapalli,MATHUR,7,3,6,10,1,635203,2,2,3,0,2,16,0,0,0,2,0,1,9,0,0,1,0,0,0,0,0,0
8270904,TAMIL NADU,KRISHNAGIRI,KRISHNAGIRI,1,,,Agasipalli,Agasipalli,KRISHNAGIRI,7,3,6,10,1,635002,2,2,3,0,2,16,19,0,0,2,0,1,9,0,210,1,0,0,0,0,0,0
1045346,TAMIL NADU,KRISHNAGIRI,UTHANGARAI,1,,,Karapattu,Karapattu,UTHANGARAI,3,3,1,12,1,635207,2,2,3,0,2,16,19,0,0,2,2,1,1,2,210,1,0,0,0,0,0,0
4377086,TAMIL NADU,KRISHNAGIRI,MATHUR,1,,,Kannandahalli,Kannandahalli,MATHUR,5,3,6,12,1,635203,2,2,3,0,2,16,19,0,0,2,2,1,9,0,210,1,0,0,0,0,0,0
6481875,TAMIL NADU,KRISHNAGIRI,THALLY,1,,,Anchetty,Anchetti,THALLY,2,3,1,8,1,635102,2,2,3,0,2,16,0,0,0,2,2,1,1,1,208,1,6,12,0,0,0,0
7653462,TAMIL NADU,KRISHNAGIRI,SHOOLAGIRI,1,,,Addakurukki,Kanalatti,SHOOLAGIRI,7,3,6,10,1,635130,2,2,3,0,2,19,16,0,0,2,2,1,9,0,200,1,0,0,0,0,0,0
7165476,TAMIL NADU,KRISHNAGIRI,SHOOLAGIRI,1,,,Athimugam,Athimugam,SHOOLAGIRI,7,3,6,10,1,635105,2,2,3,0,2,17,19,0,0,2,2,1,9,0,210,1,0,0,0,0,0,0
8816652,TAMIL NADU,KRISHNAGIRI,HOSUR,1,,,Muthuganapalli,Muduganapalli,HOSUR,5,3,6,12,1,635001,2,2,3,0,2,19,16,0,0,2,2,1,9,0,197,1,0,0,0,0,0,0
9769810,TAMIL NADU,KRISHNAGIRI,BARGUR,1,,,Mahadevagollahalli,Mahadevagollahalli,BARGUR,2,3,1,8,1,635206,2,2,3,0,2,16,0,0,0,2,2,1,2,2,210,1,0,0,0,0,0,0
1876780,TAMIL NADU,KRISHNAGIRI,BARGUR,1,,,Mallapadi,Mallapadi,BARGUR,2,3,1,8,90,635104,1,2,1,2,1,16,0,0,0,2,2,1,2,2,207,1,0,0,0,0,0,0
2709794,TAMIL NADU,KRISHNAGIRI,KELAMANGALAM,2,Denkanikottai,Denkanikottai (TP) - Ward No.1,,,,5,1,6,12,1,635107,2,2,3,0,2,17,18,19,16,2,2,1,9,0,220,1,0,0,0,0,0,0
4067771,TAMIL NADU,KRISHNAGIRI,BARGUR,1,,,Jinkalkadirampatti,Jingalkathirampatti,BARGUR,2,3,1,8,1,635201,2,2,3,0,2,16,0,0,0,2,2,1,2,2,206,1,0,0,0,1,0,0
4333684,TAMIL NADU,KRISHNAGIRI,HOSUR,1,,,Thorapalli Agraharam,Thorapalliagraharam,HOSUR,7,3,6,10,1,635109,2,2,3,0,2,16,19,0,0,2,2,1,9,0,203,1,0,0,0,0,0,0
5555828,TAMIL NADU,KRISHNAGIRI,KAVERIPATINAM,1,,,Katteri,Kalvehalli,KAVERIPATTINAM,7,3,6,10,1,635102,2,2,3,0,2,16,0,0,0,2,2,1,9,0,210,1,0,0,0,0,0,0
7028745,TAMIL NADU,KRISHNAGIRI,MATHUR,1,,,Olaipatti,Salamarathupattii,MATHUR,2,3,1,8,1,635304,2,2,3,0,2,16,19,0,0,2,2,1,1,1,210,1,0,2,1,0,0,0
3479034,TAMIL NADU,KRISHNAGIRI,THALLY,1,,,Arasakuppam,Arasakuppam,THALLY,7,3,6,10,1,635107,2,2,3,0,2,19,0,0,0,2,0,1,9,0,207,1,0,0,0,0,0,0
6780893,TAMIL NADU,KRISHNAGIRI,KAVERIPATINAM,1,,,Maruderi,Maruderi,KAVERIPATTINAM,2,3,1,8,1,635204,2,2,3,0,2,19,0,0,0,2,2,1,2,2,206,1,0,0,1,2,0,0
6372092,TAMIL NADU,KRISHNAGIRI,KAVERIPATINAM,1,,,Damodarhalli,Dhamodarahalli,KAVERIPATTINAM,2,3,1,8,1,635123,2,2,3,0,2,16,0,0,0,2,2,1,2,2,200,1,0,0,0,0,3,5
9988185,TAMIL NADU,KRISHNAGIRI,HOSUR,2,Hosur,Hosur (M) - Ward No.29,,,,2,3,1,8,1,635109,2,2,3,0,2,19,0,0,0,0,0,1,1,2,207,1,0,0,0,0,4,10
3267553,TAMIL NADU,KRISHNAGIRI,SHOOLAGIRI,1,,,Shoolagiri,Shoolagiri,SHOOLAGIRI,2,3,1,8,1,635117,2,2,3,0,2,16,0,0,0,2,2,1,2,2,206,1,0,0,0,0,0,0
4045533,TAMIL NADU,KRISHNAGIRI,KAVERIPATINAM,1,,,Kaveripattinam,Santhapuram,KAVERIPATTINAM,2,3,1,8,1,635112,2,2,3,0,2,19,16,0,0,2,2,1,2,2,200,1,0,0,2,0,0,0
6895640,TAMIL NADU,KRISHNAGIRI,KAVERIPATINAM,1,,,Bendarahalli,Arasampatti,KAVERIPATTINAM,7,2,6,10,1,635201,2,2,3,0,2,16,19,0,0,2,2,1,9,0,199,1,0,0,0,0,0,0
1411998,TAMIL NADU,KRISHNAGIRI,SHOOLAGIRI,1,,,Sanamavu,Sanamavoo,SHOOLAGIRI,7,3,6,10,1,635119,2,2,3,0,2,19,0,0,0,2,2,1,9,0,213,1,0,0,0,0,0,0
5383544,TAMIL NADU,KRISHNAGIRI,KAVERIPATINAM,1,,,Marichettihalli,Marichettihalli,KAVERIPATTINAM,2,3,1,8,1,635204,2,2,3,0,2,16,0,0,0,2,2,1,1,1,200,1,14,12,2,1,2,0
4493053,TAMIL NADU,KRISHNAGIRI,SHOOLAGIRI,1,,,Maruthanapalli,Maruthandapalli,SHOOLAGIRI,2,3,1,8,1,635117,2,2,3,0,2,16,0,0,0,2,2,1,2,2,206,1,0,0,0,0,6,4
3692816,TAMIL NADU,KRISHNAGIRI,KRISHNAGIRI,1,,,Agaram,Ittikal Agaram,KRISHNAGIRI,7,3,6,10,1,635122,2,2,3,0,2,19,16,0,0,2,2,1,9,0,210,1,0,0,0,0,0,0
6668494,TAMIL NADU,KRISHNAGIRI,KAVERIPATINAM,1,,,Sundekuppam,Sundekuppam,KAVERIPATTINAM,7,3,6,10,1,635112,2,2,3,0,2,16,0,0,0,2,0,1,9,0,210,1,0,0,0,0,0,0
4580223,TAMIL NADU,KRISHNAGIRI,KELAMANGALAM,1,,,Bairamangalam,Bairamangalam,KELAMANGALAM,7,3,6,10,1,635113,2,2,3,0,2,19,0,0,0,2,0,1,9,0,210,1,0,0,0,0,0,0
4756572,TAMIL NADU,KRISHNAGIRI,KRISHNAGIRI,1,,,Peddathanapalli,Periyakottapalli,KRISHNAGIRI,2,3,1,8,1,635001,2,2,3,0,2,19,16,0,0,2,2,1,1,1,206,1,11,8,0,2,0,0
4910145,TAMIL NADU,KRISHNAGIRI,KAVERIPATINAM,1,,,Sundekuppam,Sundekuppam,KAVERIPATTINAM,7,3,6,10,1,635101,2,2,3,0,2,19,16,0,0,2,2,1,9,0,203,1,0,0,0,0,0,0
7819273,TAMIL NADU,KRISHNAGIRI,UTHANGARAI,1,,,Meyyandapatti,Katteri,UTHANGARAI,7,3,6,10,1,636902,2,2,3,0,2,16,0,0,0,2,0,1,9,0,210,1,0,0,0,0,0,0
5516459,TAMIL NADU,KRISHNAGIRI,KELAMANGALAM,2,Kelamangalam,Kelamangalam (TP) - Ward No.7,,,,5,3,6,12,1,635113,2,2,3,0,2,19,16,0,0,2,2,1,9,0,205,1,0,0,0,0,0,0
3010782,TAMIL NADU,KRISHNAGIRI,KAVERIPATINAM,2,Nagojanahalli,Nagojanahalli (TP) - Ward No.11,,,,5,3,6,12,1,635204,2,2,3,0,2,16,19,0,0,2,2,1,9,0,210,1,0,0,0,0,0,0
2444992,TAMIL NADU,KRISHNAGIRI,KRISHNAGIRI,1,,,Kallukurikki,Kallukurukki,KRISHNAGIRI,5,3,6,12,1,635120,2,2,3,0,2,19,16,0,0,2,2,1,9,0,203,1,0,0,0,0,0,0
7752450,TAMIL NADU,KRISHNAGIRI,BARGUR,1,,,Guruvinayanapalli,Guruvinayanapalli,BARGUR,5,3,6,12,1,635120,2,2,3,0,2,16,0,0,0,2,2,1,9,0,204,1,0,0,0,0,0,0
9260712,TAMIL NADU,KRISHNAGIRI,UTHANGARAI,1,,,Singarapettai,Singerapatti,UTHANGARAI,2,3,1,8,1,635307,2,2,3,0,2,18,0,0,0,2,2,1,2,2,210,1,0,0,0,0,0,0
6679822,TAMIL NADU,KRISHNAGIRI,UTHANGARAI,1,,,Oddapatti,Pudur Pungani,UTHANGARAI,2,3,1,8,1,636902,2,2,3,0,2,16,0,0,0,2,2,1,2,2,210,1,0,0,1,2,0,3
1892389,TAMIL NADU,KRISHNAGIRI,KRISHNAGIRI,1,,,Peddatalapalli,Peththathaalapalli,KRISHNAGIRI,2,3,1,8,1,635002,2,2,3,0,2,19,0,0,0,2,2,1,1,1,210,1,3,8,1,0,0,0
5126990,TAMIL NADU,KRISHNAGIRI,SHOOLAGIRI,1,,,Peddasigarlapalli,Peddasigaralapalli,SHOOLAGIRI,2,3,1,8,1,635117,2,2,3,0,2,18,0,0,0,2,2,1,1,2,205,1,1,0,0,0,0,0
4675618,TAMIL NADU,KRISHNAGIRI,THALLY,1,,,Doddamanchi,Doddamanchi,THALLY,7,3,6,10,1,635102,2,2,3,0,2,16,0,0,0,2,2,1,9,0,210,1,0,0,0,0,0,0
8371676,TAMIL NADU,KRISHNAGIRI,KELAMANGALAM,1,,,Suligunta,Koppakarai,KELAMANGALAM,2,3,1,8,1,635116,2,2,3,0,2,16,0,0,0,2,2,1,1,1,206,1,7,6,2,1,0,0
3981072,TAMIL NADU,KRISHNAGIRI,BARGUR,2,Bargur,Bargur (TP) - Ward No.7,,,,5,2,6,12,1,635104,2,2,3,0,2,19,16,0,0,2,2,1,9,0,200,1,0,0,0,0,0,0
9267087,TAMIL NADU,KRISHNAGIRI,KRISHNAGIRI,1,,,Kammaampalli,Kammampalli,Krishnagiri,2,3,1,8,1,635120,2,2,3,0,2,19,0,0,0,2,2,1,2,1,210,1,0,0,1,0,0,0
9048180,TAMIL NADU,KRISHNAGIRI,UTHANGARAI,1,,,Kottarapatti,Moongileri,UTHANGARAI,2,3,1,8,1,636902,2,2,3,0,2,16,0,0,0,2,2,1,1,2,210,1,2,3,0,1,0,0
1081925,TAMIL NADU,KRISHNAGIRI,KAVERIPATINAM,1,,,Damodarhalli,Dhamodarahalli,KAVERIPATTINAM,7,3,6,10,1,635123,2,2,3,0,2,16,0,0,0,2,2,1,9,0,200,1,0,0,0,0,0,0
2921634,TAMIL NADU,KRISHNAGIRI,HOSUR,2,Hosur,Hosur (M) - Ward No.29,,,,2,3,1,8,1,635109,2,2,3,0,2,16,19,0,0,2,2,1,1,1,206,1,32,29,9,10,0,0
2782833,TAMIL NADU,KRISHNAGIRI,BARGUR,1,,,Oppathavadi,Oppathavadi,BARGUR,2,3,1,8,1,635104,2,2,3,0,2,16,0,0,0,2,2,1,1,1,207,1,1,4,1,1,0,0
7577986,TAMIL NADU,KRISHNAGIRI,THALLY,1,,,Palayamkotta,Palayamkottai,THALLY,5,3,6,12,1,635107,2,2,3,0,2,19,17,0,0,2,2,1,9,0,206,1,0,0,0,0,0,0
2104729,TAMIL NADU,KRISHNAGIRI,THALLY,1,,,Thalli,Thally,THALLY,5,3,6,12,1,635118,2,2,3,0,2,19,16,0,0,2,2,1,9,0,208,1,0,0,0,0,0,0
2818029,TAMIL NADU,KRISHNAGIRI,BARGUR,1,,,Chinnathimminayanapalli,Belavarthy,BARGUR,2,3,1,8,1,635120,2,2,3,0,2,16,0,0,0,2,2,1,1,1,210,1,8,4,0,0,0,0
9372053,TAMIL NADU,KRISHNAGIRI,THALLY,1,,,Palayamkotta,Palayamkottai,THALLY,7,3,6,10,1,635107,2,2,3,0,2,16,0,0,0,2,2,1,9,0,206,1,0,0,0,0,0,0
6373843,TAMIL NADU,KRISHNAGIRI,MATHUR,1,,,Sulakarai,Soolagarai,MATHUR,7,3,6,10,1,635304,2,2,3,0,2,16,0,0,0,2,2,1,9,0,0,1,0,0,0,0,0,0
3823955,TAMIL NADU,KRISHNAGIRI,KRISHNAGIRI,1,,,Kallukurikki,Kallukurukki,KRISHNAGIRI,2,3,1,8,1,635001,2,2,3,0,2,18,0,0,0,2,2,1,2,2,202,1,0,0,0,0,0,1
6194000,TAMIL NADU,KRISHNAGIRI,THALLY,1,,,Thalli,Thally,THALLY,7,3,6,10,1,635118,2,2,3,0,2,18,0,0,0,2,0,1,9,0,210,1,0,0,0,0,0,0
6793199,TAMIL NADU,KRISHNAGIRI,THALLY,1,,,Thaggatti,Thaggatti,THALLY,7,3,6,10,1,635102,2,2,3,0,2,16,0,0,0,2,2,1,9,0,210,1,0,0,0,0,0,0
4926261,TAMIL NADU,KRISHNAGIRI,UTHANGARAI,1,,,Singarapettai,Singerapatti,UTHANGARAI,2,3,1,8,1,635307,2,2,3,0,2,16,0,0,0,0,0,1,2,2,210,1,0,0,0,0,0,0
6624149,TAMIL NADU,KRISHNAGIRI,KRISHNAGIRI,1,,,Gangaleri,Gangaleri,KRISHNAGIRI,7,3,6,10,1,635122,2,2,3,0,2,16,19,0,0,2,0,1,9,0,203,1,0,0,0,0,0,0
4729136,TAMIL NADU,KRISHNAGIRI,THALLY,1,,,Doddamanchi,Doddamanchi,THALLY,2,3,1,8,1,635102,2,2,3,0,2,16,0,0,0,2,2,1,1,2,206,1,0,5,1,0,0,0
1144150,TAMIL NADU,KRISHNAGIRI,HOSUR,2,Hosur,Hosur (M) - Ward No.43,,,,2,3,1,8,1,635110,2,2,3,0,2,19,18,0,0,2,2,1,2,2,210,1,0,0,0,0,0,0
4032635,TAMIL NADU,KRISHNAGIRI,BARGUR,1,,,Sigaralapalli,Sigaralapalli,BARGUR,5,3,6,12,1,635104,2,2,3,0,2,16,0,0,0,2,2,1,9,0,203,1,0,0,0,0,0,0
7757205,TAMIL NADU,KRISHNAGIRI,KAVERIPATINAM,2,Nagojanahalli,Nagojanahalli (TP) - Ward No.1,,,,5,2,6,12,1,635204,2,2,3,0,2,19,16,0,0,2,2,1,9,0,207,1,0,0,0,0,0,0
7049281,TAMIL NADU,KRISHNAGIRI,SHOOLAGIRI,1,,,Alur,Alur,SHOOLAGIRI,2,3,1,8,1,635109,2,2,3,0,2,16,0,0,0,2,2,1,2,2,206,1,0,0,0,0,6,2
4342203,TAMIL NADU,KRISHNAGIRI,KELAMANGALAM,1,,,Hosappuram,Hosapuram Settipalli,KELAMANGALAM,2,3,1,8,1,635113,2,2,3,0,2,19,0,0,0,2,2,1,2,2,206,1,0,0,1,0,4,3
9739797,TAMIL NADU,KRISHNAGIRI,THALLY,1,,,Agalakotta,Padiganalam,THALLY,2,3,1,8,1,635118,2,2,3,0,2,19,17,0,0,2,2,1,2,2,200,1,0,0,0,0,5,9
3419723,TAMIL NADU,KRISHNAGIRI,MATHUR,1,,,Rengampatti,Valipatti,MATHUR,7,3,6,10,1,635306,2,2,3,0,2,16,0,0,0,2,0,1,9,0,210,1,0,0,0,0,0,0
5011805,TAMIL NADU,KRISHNAGIRI,KELAMANGALAM,1,,,Jakkeri,Jekkeri,KELAMANGALAM,2,3,1,8,1,635113,2,2,3,0,2,19,0,0,0,2,2,1,2,2,208,1,0,0,0,0,0,0
9922230,TAMIL NADU,KRISHNAGIRI,SHOOLAGIRI,1,,,Pannapalli,Pannapalli,SHOOLAGIRI,7,3,6,10,1,635105,2,2,3,0,2,19,17,0,0,2,2,1,9,0,201,1,0,0,0,0,0,0
7817676,TAMIL NADU,KRISHNAGIRI,KRISHNAGIRI,1,,,Peddathanapalli,Periyakottapalli,KRISHNAGIRI,7,3,6,10,1,635002,2,2,3,0,2,16,0,0,0,2,0,1,9,0,210,1,0,0,0,0,0,0
7577271,TAMIL NADU,KRISHNAGIRI,KELAMANGALAM,1,,,Hanumanthapuram,Hanumanthapuram,KELAMANGALAM,2,3,1,8,1,635113,2,2,3,0,2,19,0,0,0,2,2,1,2,2,206,1,3,1,0,1,0,0
9218684,TAMIL NADU,KRISHNAGIRI,UTHANGARAI,1,,,Lakkampatti,Katteri,UTHANGARAI,2,3,1,8,1,636902,2,2,3,0,2,16,0,0,0,2,2,1,2,2,210,1,0,0,1,0,3,1
6409837,TAMIL NADU,KRISHNAGIRI,KELAMANGALAM,1,,,Bevunutham,Bevanatham,KELAMANGALAM,7,3,6,10,1,635107,2,2,3,0,2,19,0,0,0,2,0,1,9,0,210,1,0,0,0,0,0,0
7040642,TAMIL NADU,KRISHNAGIRI,UTHANGARAI,1,,,Nadupatti,Nadupatti,Uthangarai,2,3,1,8,1,635307,2,2,3,0,2,16,0,0,0,2,2,1,2,2,210,1,0,0,1,0,0,1
5127621,TAMIL NADU,KRISHNAGIRI,UTHANGARAI,1,,,Maganurpatti,Maganoorpatti,UTHANGARAI,5,3,6,12,1,635307,2,2,3,0,2,16,0,0,0,2,2,1,9,0,210,1,0,0,0,0,0,0
6251542,TAMIL NADU,KRISHNAGIRI,KAVERIPATINAM,1,,,Errahalli,Errahalli,KAVERIPATTINAM,5,2,6,12,1,635112,2,2,3,0,2,16,19,0,0,2,2,1,9,0,190,1,0,0,0,0,0,0
6359065,TAMIL NADU,KRISHNAGIRI,BARGUR,1,,,Kadappasandampatti,Kullampatti,BARGUR,7,3,6,10,1,635203,2,2,3,0,2,16,0,0,0,2,0,1,9,0,208,1,0,0,0,0,0,0
4506452,TAMIL NADU,KRISHNAGIRI,KRISHNAGIRI,1,,,Peddathanapalli,Periyakottapalli,KRISHNAGIRI,7,3,6,10,1,635002,2,2,3,0,2,16,0,0,0,2,0,1,9,0,210,1,0,0,0,0,0,0
3784092,TAMIL NADU,KRISHNAGIRI,KELAMANGALAM,1,,,Bithireddi,Bithireddy,KELAMANGALAM,2,3,1,8,1,635113,2,2,3,0,2,16,0,0,0,2,2,1,2,2,200,1,0,0,0,0,3,5
3807524,TAMIL NADU,KRISHNAGIRI,HOSUR,2,Hosur,Hosur (M) - Ward No.16,,,,7,3,6,10,1,635109,2,2,3,0,2,16,19,0,0,2,0,1,9,0,210,1,0,0,0,0,0,0
9695577,TAMIL NADU,KRISHNAGIRI,SHOOLAGIRI,1,,,Basthalapalli,Pasthalapalli,SHOOLAGIRI,2,3,1,8,1,635117,2,2,3,0,2,16,0,0,0,2,2,1,2,2,200,1,0,0,1,0,5,10
9283918,TAMIL NADU,KRISHNAGIRI,SHOOLAGIRI,1,,,Bukkasagaram,Bukkasagaram,SHOOLAGIRI,5,3,6,12,1,635130,2,2,3,0,2,17,19,0,0,2,2,1,9,0,210,1,0,0,0,0,0,0
6365778,TAMIL NADU,KRISHNAGIRI,VEPPANAPALLI,1,,,Neralagiri,Neralagiri,VEPPANAPALLI,7,3,6,10,1,635121,2,2,3,0,2,16,0,0,0,2,0,1,9,0,210,1,0,0,0,0,0,0
4246238,TAMIL NADU,KRISHNAGIRI,KELAMANGALAM,1,,,Sengodachinnahalli,Medaagaraharam,KELAMANGALAM,1,3,1,5,1,635116,2,2,3,0,2,16,0,0,0,2,2,1,2,2,210,1,0,1,0,0,0,0
9347810,TAMIL NADU,KRISHNAGIRI,HOSUR,2,Hosur,Hosur (M) - Ward No.19,,,,2,3,1,8,1,635109,2,2,3,0,2,18,0,0,0,2,2,1,2,2,205,1,1,1,0,0,0,0
2329434,TAMIL NADU,KRISHNAGIRI,MATHUR,1,,,Anandur,Anandur,MATHUR,5,3,6,12,1,635304,2,2,3,0,2,16,0,0,0,2,2,1,9,0,207,1,0,0,0,0,0,0
3970863,TAMIL NADU,KRISHNAGIRI,KAVERIPATINAM,2,Kaveripattinam,Kaveripattinam (TP) - Ward No.14,,,,5,1,6,12,1,635112,2,2,3,0,2,16,19,0,0,2,2,1,9,0,210,1,0,0,0,0,0,0
7717356,TAMIL NADU,KRISHNAGIRI,KAVERIPATINAM,1,,,Kaveripattinam,Santhapuram,KAVERIPATTINAM,2,3,1,8,1,635112,2,2,3,0,2,16,0,0,0,2,2,1,2,2,206,1,0,0,0,1,1,5
1645218,TAMIL NADU,KRISHNAGIRI,THALLY,1,,,Ulimaranapalli,Gumlapuram,THALLY,1,3,1,5,1,635114,2,2,3,0,2,19,0,0,0,2,2,1,2,2,207,1,0,0,0,0,0,0
9128095,TAMIL NADU,KRISHNAGIRI,UTHANGARAI,1,,,Nallavampatti,Pavakkal,UTHANGARAI,1,3,1,5,1,635307,2,2,3,0,2,16,0,0,0,2,2,1,2,1,210,1,0,0,1,0,0,0
6678348,TAMIL NADU,KRISHNAGIRI,KELAMANGALAM,1,,,Kottur,Kandaganapalli,KELAMANGALAM,2,3,1,8,1,635107,2,2,3,0,2,19,0,0,0,2,2,1,1,2,206,1,7,5,0,0,0,0
3360644,TAMIL NADU,KRISHNAGIRI,BARGUR,1,,,Guttur,Guttur,BARGUR,7,3,6,10,1,635104,2,2,3,0,2,16,0,0,0,2,0,1,9,0,183,1,0,0,0,0,0,0
5607829,TAMIL NADU,KRISHNAGIRI,UTHANGARAI,1,,,Elavambadi,Athipadi,UTHANGARAI,2,3,1,8,1,635307,2,2,3,0,2,16,0,0,0,2,2,1,2,2,210,1,0,0,0,0,2,5
8857173,TAMIL NADU,KRISHNAGIRI,UTHANGARAI,1,,,Naickanur,Vella Kuttai,UTHANGARAI,7,3,6,10,1,635307,2,2,3,0,2,16,0,0,0,2,0,1,9,0,210,1,0,0,0,0,0,0
5787238,TAMIL NADU,KRISHNAGIRI,KELAMANGALAM,1,,,Odayandahalli,Rayakottai,KELAMANGALAM,2,3,1,8,1,635116,2,2,3,0,2,16,0,0,0,2,2,1,2,2,206,1,0,0,1,0,5,6
5075595,TAMIL NADU,KRISHNAGIRI,THALLY,1,,,Kakkadasam,Kakkadasam,THALLY,7,3,6,10,1,635107,2,2,3,0,2,19,0,0,0,2,2,1,9,0,218,1,0,0,0,0,0,0
2809002,TAMIL NADU,KRISHNAGIRI,VEPPANAPALLI,1,,,Veppanapalli,Veppanapalli,VEPPANAPALLI,5,2,6,12,1,635121,2,2,3,0,2,16,19,0,0,2,2,1,9,0,210,1,0,0,0,0,0,0
1024982,TAMIL NADU,KRISHNAGIRI,BARGUR,1,,,Thogarapalli R.F.,Thogarapalli,BARGUR,5,2,6,12,1,635203,2,2,3,0,2,16,0,0,0,2,2,1,9,0,210,1,0,0,0,0,0,0
3578039,TAMIL NADU,KRISHNAGIRI,BARGUR,1,,,Puligunta,Perugopanapalli,Bargur,2,3,1,8,1,635203,2,2,3,0,2,16,0,0,0,2,2,1,2,2,200,1,0,0,0,0,1,5
8255750,TAMIL NADU,KRISHNAGIRI,UTHANGARAI,1,,,Nallavampatti,Pavakkal,UTHANGARAI,2,3,1,8,1,635307,2,2,3,0,2,16,0,0,0,2,2,1,2,2,210,1,0,0,0,0,0,0
8933598,TAMIL NADU,KRISHNAGIRI,MATHUR,1,,,Sonarahalli,Goundanur,MATHUR,5,3,6,12,2,635203,2,2,3,0,2,16,0,0,0,2,2,1,9,0,210,1,0,0,0,0,0,0
6528458,TAMIL NADU,KRISHNAGIRI,HOSUR,1,,,Nallur,Nallur,HOSUR,5,3,6,12,1,635103,2,2,3,0,2,17,19,0,0,2,2,1,9,0,197,1,0,0,0,0,0,0
8725776,TAMIL NADU,KRISHNAGIRI,KELAMANGALAM,1,,,Karukkanahalli,Karukkanahalli,KELAMANGALAM,7,3,6,10,1,635116,2,2,3,0,2,16,19,0,0,2,2,1,9,0,210,1,0,0,0,0,0,0
4879348,TAMIL NADU,KRISHNAGIRI,KRISHNAGIRI,1,,,Bellampalli,Bellampalli,KRISHNAGIRI,2,3,1,8,1,635116,2,2,3,0,2,16,0,0,0,2,2,1,2,2,204,1,0,0,0,0,0,0
5693756,TAMIL NADU,KRISHNAGIRI,UTHANGARAI,1,,,Moondrampatti,Moondrampatti,UTHANGARAI,7,3,6,10,1,635307,2,2,3,0,2,16,0,0,0,2,0,1,9,0,210,1,0,0,0,0,0,0
3892529,TAMIL NADU,KRISHNAGIRI,HOSUR,1,,,Mugalur,Mugalur,HOSUR,2,3,1,8,1,635110,2,2,3,0,2,19,0,0,0,2,2,1,2,1,210,1,0,0,0,0,0,0
6127371,TAMIL NADU,KRISHNAGIRI,SHOOLAGIRI,1,,,Thiyarandurgam,Kommepalli,SHOOLAGIRI,2,3,1,8,1,635119,2,2,3,0,2,19,0,0,0,2,2,1,2,2,206,1,0,0,3,0,7,9
9823539,TAMIL NADU,KRISHNAGIRI,SHOOLAGIRI,1,,,Kamandoddi,Kamandoddi,SHOOLAGIRI,7,3,6,10,1,635130,2,2,3,0,2,19,0,0,0,2,2,1,9,0,210,1,0,0,0,0,0,0
3693413,TAMIL NADU,KRISHNAGIRI,KRISHNAGIRI,1,,,Kothigutalapalli,Mekalachinnampalli,KRISHNAGIRI,7,2,6,10,1,635120,2,2,3,0,2,16,0,0,0,2,0,1,9,0,210,1,0,0,0,0,0,0
6203852,TAMIL NADU,KRISHNAGIRI,UTHANGARAI,1,,,Govindapuram,Govindapuram,UTHANGARAI,7,3,6,10,1,635207,2,2,3,0,2,16,0,0,0,2,0,1,9,0,200,1,0,0,0,0,0,0
9328696,TAMIL NADU,KRISHNAGIRI,HOSUR,1,,,Bagalur,Bagaloor,HOSUR,5,1,6,12,1,635124,2,2,3,0,2,16,19,0,0,2,2,1,9,0,203,1,0,0,0,0,0,0
7951009,TAMIL NADU,KRISHNAGIRI,KRISHNAGIRI,2,Krishnagiri,Krishnagiri (M) - Ward No.12,,,,2,3,1,8,3,635001,2,2,3,0,2,16,19,0,0,2,2,1,2,1,210,1,0,0,2,6,1,4
3833665,TAMIL NADU,KRISHNAGIRI,SHOOLAGIRI,1,,,Chembarasanapalli,Simplethiradi,SHOOLAGIRI,2,3,1,8,1,635117,2,2,3,0,2,19,0,0,0,2,2,1,2,2,206,1,0,0,0,1,12,8
4975681,TAMIL NADU,KRISHNAGIRI,KRISHNAGIRI,1,,,Periamuthu,Periyamuthur,KRISHNAGIRI,5,3,6,12,1,635101,2,2,3,0,2,19,16,0,0,2,2,1,9,0,217,1,0,0,0,0,0,0
2605911,TAMIL NADU,KRISHNAGIRI,BARGUR,1,,,Jambukuttapatti,Pochampalli,BARGUR,5,1,6,12,1,635206,2,2,3,0,2,16,19,0,0,2,2,1,9,0,203,1,0,0,0,0,0,0
4033967,TAMIL NADU,KRISHNAGIRI,THALLY,1,,,Doddamanchi,Doddamanchi,THALLY,2,3,1,8,1,635102,2,2,3,0,2,16,0,0,0,2,2,1,2,2,200,1,0,0,0,0,4,3
8333302,TAMIL NADU,KRISHNAGIRI,VEPPANAPALLI,1,,,Veppanapalli,Veppanapalli,VEPPANAPALLI,5,1,6,12,1,635121,2,2,3,0,2,16,19,0,0,2,2,1,9,0,207,1,0,0,0,0,0,0
5673038,TAMIL NADU,KRISHNAGIRI,KRISHNAGIRI,1,,,Bellarapalli,Pachiganapalli,KRISHNAGIRI,7,3,6,10,1,635122,2,2,3,0,2,16,19,0,0,2,0,1,9,0,203,1,0,0,0,0,0,0
6955667,TAMIL NADU,KRISHNAGIRI,UTHANGARAI,1,,,Muchilikuttai,Maganoorpatti,UTHANGARAI,2,3,1,8,1,635307,2,2,3,0,2,16,0,0,0,2,2,1,1,1,210,1,3,9,1,0,0,0
9226538,TAMIL NADU,KRISHNAGIRI,MATHUR,1,,,Rengampatti,Valipatti,MATHUR,7,3,6,10,1,635306,2,2,3,0,2,16,0,0,0,2,2,1,9,0,210,1,0,0,0,0,0,0
3140846,TAMIL NADU,KRISHNAGIRI,SHOOLAGIRI,1,,,Enusonai,Thiyagarasanapalli,SHOOLAGIRI,5,3,6,12,1,635117,2,2,3,0,2,16,19,0,0,2,2,1,9,0,210,1,0,0,0,0,0,0
4749514,TAMIL NADU,KRISHNAGIRI,THALLY,1,,,Doddamanchi,Doddamanchi,THALLY,2,3,1,8,1,635102,2,2,3,0,2,16,0,0,0,2,2,1,2,2,210,1,0,0,0,0,15,6
9605743,TAMIL NADU,KRISHNAGIRI,KRISHNAGIRI,2,Krishnagiri,Krishnagiri (M) - Ward No.12,,,,2,1,1,8,3,635001,2,2,3,0,2,18,0,0,0,2,2,1,2,2,204,1,0,0,1,0,0,0
6832318,TAMIL NADU,KRISHNAGIRI,BARGUR,1,,,Balinayanapalli,Balinayanapalli,BARGUR,2,3,1,8,1,635108,2,2,3,0,2,16,0,0,0,2,2,1,2,2,200,1,0,0,2,1,4,2
6615547,TAMIL NADU,KRISHNAGIRI,SHOOLAGIRI,1,,,Chembarasanapalli,Simplethiradi,SHOOLAGIRI,2,3,1,8,1,635117,2,2,3,0,2,16,0,0,0,2,2,1,2,2,206,1,1,0,0,0,4,4
3414499,TAMIL NADU,KRISHNAGIRI,HOSUR,2,Hosur,Hosur (M) - Ward No.9,,,,7,3,6,10,1,635109,2,2,3,0,2,19,16,0,0,2,0,1,9,0,200,1,0,0,0,0,0,0
5668443,TAMIL NADU,KRISHNAGIRI,SHOOLAGIRI,1,,,Melumalai,Melumalai,SHOOLAGIRI,2,3,1,8,1,635115,2,2,3,0,2,16,0,0,0,2,2,1,1,2,210,1,1,1,0,0,0,1
4776944,TAMIL NADU,KRISHNAGIRI,THALLY,1,,,Binnamangalam,Binnamangalam,THALLY,2,3,1,8,1,635118,2,2,3,0,2,19,0,0,0,2,2,1,1,2,206,1,15,9,0,0,0,0
2228897,TAMIL NADU,KRISHNAGIRI,BARGUR,2,Bargur,Bargur (TP) - Ward No.13,,,,2,3,1,8,1,635104,2,2,3,0,2,19,0,0,0,2,2,1,2,2,210,1,0,0,1,0,0,0
8407029,TAMIL NADU,KRISHNAGIRI,KELAMANGALAM,1,,,Nagamangalam,Nagamangalam,KELAMANGALAM,7,3,6,10,1,635113,2,2,3,0,2,16,19,0,0,2,2,1,9,0,210,1,0,0,0,0,0,0
9163972,TAMIL NADU,KRISHNAGIRI,UTHANGARAI,1,,,Pudur,Pudur Pungani,Uthangarai,7,3,6,10,1,635207,2,2,3,0,2,16,0,0,0,2,0,1,9,0,210,1,0,0,0,0,0,0
2228971,TAMIL NADU,KRISHNAGIRI,SHOOLAGIRI,1,,,Ramandoddi,Kumbalam,SHOOLAGIRI,7,3,6,10,1,635105,2,2,3,0,2,16,0,0,0,2,2,1,9,0,210,1,0,0,0,0,0,0
3145548,TAMIL NADU,KRISHNAGIRI,HOSUR,2,Hosur,Hosur (M) - Ward No.3,,,,2,3,1,8,1,635126,2,2,3,0,2,19,16,0,0,2,2,1,1,2,206,1,0,0,3,6,0,0
9963406,TAMIL NADU,KRISHNAGIRI,UTHANGARAI,1,,,Nadupatti,Nadupatti,Uthangarai,2,3,1,8,1,635307,2,2,3,0,2,16,0,0,0,2,2,1,2,2,210,1,0,0,0,1,0,0
3331254,TAMIL NADU,KRISHNAGIRI,KELAMANGALAM,1,,,Rayakotta,Rayakottai,KELAMANGALAM,2,3,1,8,1,635109,2,2,3,0,2,19,0,0,0,2,2,1,2,2,210,1,0,0,1,0,4,11
8942500,TAMIL NADU,KRISHNAGIRI,VEPPANAPALLI,1,,,Theertham,Theertham,VEPPANAPALLI,2,3,1,8,1,635121,2,2,3,0,2,16,0,0,0,2,2,1,2,1,203,1,0,0,0,0,4,4
8838406,TAMIL NADU,KRISHNAGIRI,BARGUR,1,,,Balinayanapalli,Balinayanapalli,BARGUR,2,3,1,8,1,635108,2,2,3,0,2,16,0,0,0,2,2,1,1,1,206,1,2,1,0,0,0,0
1085196,TAMIL NADU,KRISHNAGIRI,THALLY,1,,,Kottaiyur,Kottaiyur,THALLY,2,3,1,8,1,635102,2,2,3,0,2,16,0,0,0,2,2,1,1,2,208,1,6,0,0,0,0,0
9613325,TAMIL NADU,KRISHNAGIRI,MATHUR,1,,,Kunnathur,Kunnathur,MATHUR,5,3,6,12,1,635306,2,2,3,0,2,19,16,0,0,2,2,1,9,0,199,1,0,0,0,0,0,0
2320426,TAMIL NADU,KRISHNAGIRI,SHOOLAGIRI,1,,,Maruthanapalli,Maruthandapalli,SHOOLAGIRI,2,3,1,8,1,635117,2,2,3,0,2,16,0,0,0,2,2,1,2,2,206,1,0,0,0,2,5,1
9657992,TAMIL NADU,KRISHNAGIRI,BARGUR,1,,,Thadampatti,Thathampatti,BARGUR,2,3,1,8,1,635201,2,2,3,0,2,16,0,0,0,2,2,1,2,2,194,1,0,0,1,0,0,1
7025795,TAMIL NADU,KRISHNAGIRI,KRISHNAGIRI,1,,,Junjupalli,Thippanapalli,KRISHNAGIRI,2,3,1,8,1,635115,2,2,3,0,2,16,19,0,0,2,2,1,2,2,210,1,0,0,0,0,2,5
1899621,TAMIL NADU,KRISHNAGIRI,UTHANGARAI,1,,,Thiruvanapatti,Thiruvanapatti,UTHANGARAI,7,3,6,10,1,635304,2,2,3,0,2,16,0,0,0,2,0,1,9,0,200,1,0,0,0,0,0,0
1655615,TAMIL NADU,KRISHNAGIRI,KELAMANGALAM,1,,,Battamugulalam,Bettamugalalam,KELAMANGALAM,2,3,1,8,1,635107,2,2,3,0,2,17,0,0,0,2,2,2,2,1,206,1,0,0,0,0,2,0
8899851,TAMIL NADU,KRISHNAGIRI,UTHANGARAI,2,Uthangarai,Uthangarai (TP) - Ward No.6,,,,5,2,6,12,1,635207,2,2,3,0,2,16,19,0,0,2,2,1,9,0,210,1,0,0,0,0,0,0
1406557,TAMIL NADU,KRISHNAGIRI,BARGUR,1,,,Vadamalampatti,Puliyampatti,BARGUR,5,3,6,12,1,635206,2,2,3,0,2,19,16,0,0,2,2,1,9,0,207,1,0,0,0,0,0,0
1132306,TAMIL NADU,KRISHNAGIRI,UTHANGARAI,1,,,Perumalnaickempatti,Kallavi,UTHANGARAI,2,3,1,8,1,635304,2,2,3,0,2,16,0,0,0,2,2,1,2,2,210,1,0,0,2,1,0,3
9651807,TAMIL NADU,KRISHNAGIRI,KAVERIPATINAM,1,,,Jagadab,Jagadab,KAVERIPATTINAM,7,3,6,10,1,635112,2,2,3,0,2,16,19,0,0,2,2,1,9,0,203,1,0,0,0,0,0,0
3049338,TAMIL NADU,KRISHNAGIRI,VEPPANAPALLI,1,,,Marachandiram,Marasandiram,VEPPANAPALLI,7,3,6,10,1,635121,2,2,3,0,2,16,0,0,0,2,0,1,9,0,210,1,0,0,0,0,0,0
1345918,TAMIL NADU,KRISHNAGIRI,SHOOLAGIRI,1,,,Berigai,B.S.Thimmasandiram,SHOOLAGIRI,7,3,6,10,1,635105,2,2,3,0,2,18,19,0,0,2,2,1,9,0,0,1,0,0,0,0,0,0
9101369,TAMIL NADU,KRISHNAGIRI,SHOOLAGIRI,1,,,Athimugam,Athimugam,SHOOLAGIRI,2,3,1,8,1,635105,2,2,3,0,2,19,0,0,0,2,2,1,2,2,206,1,0,0,0,0,0,1
1212570,TAMIL NADU,KRISHNAGIRI,HOSUR,1,,,Chennasandiram,Chennasandiram,HOSUR,2,3,1,8,1,635109,2,2,3,0,2,19,0,0,0,2,2,1,1,1,210,1,1,1,1,0,0,0
5740248,TAMIL NADU,KRISHNAGIRI,BARGUR,1,,,Chinnathimminayanapalli,Belavarthy,BARGUR,7,3,6,10,1,635120,2,2,3,0,2,16,0,0,0,2,0,1,9,0,203,1,0,0,0,0,0,0
5772967,TAMIL NADU,KRISHNAGIRI,MATHUR,1,,,Batrahalli,Mathur,MATHUR,5,1,6,12,1,635203,2,2,3,0,2,19,16,0,0,2,2,1,9,0,0,1,0,0,0,0,0,0
8391281,TAMIL NADU,KRISHNAGIRI,UTHANGARAI,1,,,Umaiyanur,Upparapatti,UTHANGARAI,2,3,1,8,1,635207,2,2,3,0,2,16,19,0,0,2,2,1,1,1,210,1,2,2,1,0,0,0
9868427,TAMIL NADU,KRISHNAGIRI,BARGUR,1,,,Jagadevipalayam,Jagadevi,BARGUR,2,3,1,8,1,635203,2,2,3,0,2,16,0,0,0,2,2,1,2,2,189,1,0,0,0,0,3,2
4206721,TAMIL NADU,KRISHNAGIRI,MATHUR,1,,,Kunnathur,Kunnathur,MATHUR,7,2,6,10,1,635306,2,2,3,0,2,19,16,0,0,2,0,1,9,0,200,1,0,0,0,0,0,0
2402838,TAMIL NADU,KRISHNAGIRI,SHOOLAGIRI,1,,,Athimugam,Athimugam,SHOOLAGIRI,2,3,1,8,1,635130,2,2,3,0,2,19,0,0,0,2,2,1,2,2,206,1,0,0,0,1,9,6
5093881,TAMIL NADU,KRISHNAGIRI,HOSUR,2,Hosur,Hosur (M) - Ward No.36,,,,7,3,6,10,1,635110,2,2,3,0,2,19,16,0,0,2,2,1,9,0,0,1,0,0,0,0,0,0
4243101,TAMIL NADU,KRISHNAGIRI,VEPPANAPALLI,1,,,Avalnatham,Chennasandiram,VEPPANAPALLI,2,3,1,8,1,635121,2,2,3,0,2,16,19,0,0,2,2,1,2,2,200,1,0,0,0,0,2,1
2697425,TAMIL NADU,KRISHNAGIRI,KELAMANGALAM,1,,,Battamugulalam,Bettamugalalam,KELAMANGALAM,7,3,6,10,1,636806,2,2,3,0,2,16,0,0,0,2,2,1,9,0,210,1,0,0,0,0,0,0
3492387,TAMIL NADU,KRISHNAGIRI,SHOOLAGIRI,1,,,Thuppuganapalli,Thuppuganapalli,SHOOLAGIRI,5,3,6,12,1,635119,2,2,3,0,2,16,19,0,0,2,2,1,9,0,210,1,0,0,0,0,0,0
2058169,TAMIL NADU,KRISHNAGIRI,HOSUR,1,,,Nagondapalli,Nagondapalli,HOSUR,2,3,1,8,1,635110,2,2,3,0,2,19,0,0,0,2,2,1,2,2,206,1,0,0,0,0,1,3
6873337,TAMIL NADU,KRISHNAGIRI,VEPPANAPALLI,1,,,Chinnakothur,V.Madepalli,VEPPANAPALLI,7,3,6,10,1,635121,2,2,3,0,2,16,0,0,0,2,0,1,9,0,207,1,0,0,0,0,0,0
4213397,TAMIL NADU,KRISHNAGIRI,BARGUR,1,,,Mallapadi,Mallapadi,BARGUR,5,3,6,12,1,635104,2,2,3,0,2,16,19,0,0,2,2,1,9,0,204,1,0,0,0,0,0,0
4468393,TAMIL NADU,KRISHNAGIRI,KAVERIPATINAM,1,,,Kudimenahalli,Agaram,Kaveripattinam,5,3,6,12,1,635204,2,2,3,0,2,19,16,0,0,2,2,1,9,0,210,1,0,0,0,0,0,0
9301819,TAMIL NADU,KRISHNAGIRI,UTHANGARAI,1,,,Singarapettai,Singerapatti,UTHANGARAI,5,1,6,12,1,635307,2,2,3,0,2,19,16,0,0,2,2,1,9,0,210,1,0,0,0,0,0,0
1507354,TAMIL NADU,KRISHNAGIRI,VEPPANAPALLI,1,,,Marachandiram,Marasandiram,VEPPANAPALLI,7,3,6,10,1,635115,2,2,3,0,2,16,19,0,0,2,0,1,9,0,210,1,0,0,0,0,0,0
6516162,TAMIL NADU,KRISHNAGIRI,KAVERIPATINAM,1,,,Chellakuttapatti,Sellagudapatti,KAVERIPATTINAM,1,3,1,5,1,635201,2,2,3,0,2,16,0,0,0,2,2,1,2,2,189,1,0,0,0,0,2,3
5607925,TAMIL NADU,KRISHNAGIRI,KAVERIPATINAM,1,,,Damodarhalli,Dhamodarahalli,KAVERIPATTINAM,1,3,1,5,1,635123,2,2,3,0,2,16,0,0,0,2,2,1,2,2,210,1,0,0,0,2,1,0
2693700,TAMIL NADU,KRISHNAGIRI,KELAMANGALAM,1,,,Erudukotta,Irudhukottai,KELAMANGALAM,2,3,1,8,1,635107,2,2,3,0,2,19,0,0,0,2,2,1,2,2,206,1,0,0,0,0,3,8
7176721,TAMIL NADU,KRISHNAGIRI,MATHUR,1,,,Samalpatti,Samalpatti,MATHUR,5,3,6,12,1,635306,2,2,3,0,2,16,0,0,0,2,2,1,9,0,208,1,0,0,0,0,0,0
6525852,TAMIL NADU,KRISHNAGIRI,MATHUR,1,,,Nagampatti,Nagampatti,MATHUR,5,3,6,12,1,635203,2,2,3,0,2,16,19,0,0,2,2,1,9,0,206,1,0,0,0,0,0,0
6109104,TAMIL NADU,KRISHNAGIRI,BARGUR,1,,,Veppalampatti,Veppalampatti,BARGUR,2,3,1,8,1,635206,2,2,3,0,2,16,0,0,0,2,2,1,2,2,210,1,0,0,0,2,0,2
9591780,TAMIL NADU,KRISHNAGIRI,UTHANGARAI,1,,,Thurinjipatti,Vengadathampatti,UTHANGARAI,2,3,1,8,1,635207,2,2,3,0,2,16,0,0,0,2,2,1,2,2,206,1,0,0,2,0,0,0
9674279,TAMIL NADU,KRISHNAGIRI,MATHUR,1,,,Sevvampatti,Sivampatti,MATHUR,5,3,6,12,1,635203,2,2,3,0,2,16,0,0,0,2,2,1,9,0,210,1,0,0,0,0,0,0
1593807,TAMIL NADU,KRISHNAGIRI,KELAMANGALAM,1,,,Battamugulalam,Bettamugalalam,KELAMANGALAM,2,3,1,8,1,636806,2,2,3,0,2,16,0,0,0,2,2,1,2,2,206,1,0,0,0,0,16,10
1202264,TAMIL NADU,KRISHNAGIRI,KELAMANGALAM,1,,,Bithireddi,Bithireddy,KELAMANGALAM,2,3,1,8,1,635113,2,2,3,0,2,19,0,0,0,2,2,1,1,1,200,1,3,6,0,0,0,0
5890567,TAMIL NADU,KRISHNAGIRI,BARGUR,1,,,Sigaralapalli,Sigaralapalli,BARGUR,2,3,1,8,1,635104,2,2,3,0,2,16,0,0,0,2,2,1,2,2,207,1,0,0,2,3,0,0
5771753,TAMIL NADU,KRISHNAGIRI,BARGUR,1,,,Madepalli,Madepalli,BARGUR,5,1,6,12,1,635104,2,2,3,0,2,19,16,0,0,2,2,1,9,0,200,1,0,0,0,0,0,0
9453941,TAMIL NADU,KRISHNAGIRI,KRISHNAGIRI,1,,,Kompalli,Thippanapalli,KRISHNAGIRI,2,3,1,8,1,635122,2,2,3,0,2,16,19,0,0,2,2,1,2,2,200,1,0,0,1,0,0,0
3137428,TAMIL NADU,KRISHNAGIRI,HOSUR,1,,,Poonapalli,Poonapalli,HOSUR,2,3,1,8,1,635114,2,2,3,0,2,19,0,0,0,2,2,1,1,1,210,1,4,6,0,0,0,0
4705552,TAMIL NADU,KRISHNAGIRI,KELAMANGALAM,1,,,Hanumanthapuram,Hanumanthapuram,KELAMANGALAM,2,3,1,8,1,635107,2,2,3,0,2,16,0,0,0,2,2,1,2,2,206,1,0,0,0,0,0,2
7734990,TAMIL NADU,KRISHNAGIRI,HOSUR,1,,,Jeemangalam,Bagaloor,HOSUR,2,3,1,8,1,635103,2,2,3,0,2,17,19,0,0,2,2,1,1,1,206,1,1,2,0,0,0,0
5432067,TAMIL NADU,KRISHNAGIRI,HOSUR,1,,,Bagalur,Bagaloor,HOSUR,2,3,1,8,1,635103,2,2,3,0,2,18,0,0,0,2,2,1,2,2,204,1,0,0,0,1,0,0
8128109,TAMIL NADU,KRISHNAGIRI,THALLY,1,,,Karandapalli,Karandapalli,THALLY,2,3,1,8,1,635107,2,2,3,0,2,19,0,0,0,2,2,1,2,2,201,1,0,0,0,1,4,4
2215236,TAMIL NADU,KRISHNAGIRI,MATHUR,1,,,Ettipatti,K. Ettipatti,MATHUR,7,3,6,10,1,635306,2,2,3,0,2,16,0,0,0,2,2,1,9,0,200,1,0,0,0,0,0,0
8069127,TAMIL NADU,KRISHNAGIRI,BARGUR,1,,,Varatanapalli,Varattanapalli,BARGUR,5,3,6,12,1,635120,2,2,3,0,2,16,19,0,0,2,2,1,9,0,201,1,0,0,0,0,0,0
5494348,TAMIL NADU,KRISHNAGIRI,KELAMANGALAM,1,,,Sengodachinnahalli,Medaagaraharam,KELAMANGALAM,2,3,1,8,1,635116,2,2,3,0,2,16,0,0,0,2,2,1,2,2,206,1,0,0,0,0,10,16
1739518,TAMIL NADU,KRISHNAGIRI,KELAMANGALAM,2,Denkanikottai,Denkanikottai (TP) - Ward No.1,,,,4,2,6,8,6,635107,2,2,1,6,2,16,0,0,0,2,2,1,9,0,210,1,0,0,0,0,0,0
7773730,TAMIL NADU,KRISHNAGIRI,HOSUR,1,,,Mugalpalli,Thummanapalli,HOSUR,2,3,1,8,1,635105,2,2,3,0,2,19,0,0,0,2,2,1,1,2,206,1,0,0,0,0,0,3
4049942,TAMIL NADU,KRISHNAGIRI,KRISHNAGIRI,1,,,Peddatalapalli,Peththathaalapalli,KRISHNAGIRI,2,3,1,8,1,635002,2,2,3,0,2,19,16,0,0,2,2,1,1,1,200,1,6,12,1,0,0,0
5770579,TAMIL NADU,KRISHNAGIRI,THALLY,1,,,Anniyalam,Anniyalam,THALLY,2,3,1,8,1,635107,2,2,3,0,2,19,0,0,0,2,2,1,1,1,207,1,3,2,0,0,0,0
9935391,TAMIL NADU,KRISHNAGIRI,KELAMANGALAM,1,,,Erudukotta,Irudhukottai,KELAMANGALAM,7,3,6,10,1,635107,2,2,3,0,2,16,19,0,0,2,2,1,9,0,210,1,0,0,0,0,0,0
9763106,TAMIL NADU,KRISHNAGIRI,HOSUR,1,,,Dhasapalli,Muthali,HOSUR,7,3,6,10,1,635109,2,2,3,0,2,17,19,0,0,2,0,1,9,0,210,1,0,0,0,0,0,0
1488493,TAMIL NADU,KRISHNAGIRI,KRISHNAGIRI,2,Krishnagiri,Krishnagiri (M) - Ward No.24,,,,2,3,1,8,3,635001,2,2,3,0,2,18,0,0,0,2,2,1,2,2,204,1,0,0,2,1,0,0
9329766,TAMIL NADU,KRISHNAGIRI,SHOOLAGIRI,1,,,Melumalai,Melumalai,SHOOLAGIRI,7,3,6,10,1,635115,2,2,3,0,2,16,0,0,0,2,2,1,9,0,220,1,0,0,0,0,0,0
4900847,TAMIL NADU,KRISHNAGIRI,KAVERIPATINAM,1,,,Vadamangalam,Vadamangalam,KAVERIPATTINAM,7,3,6,10,1,635123,2,2,3,0,2,16,0,0,0,2,0,1,9,0,220,1,0,0,0,0,0,0
5933830,TAMIL NADU,KRISHNAGIRI,UTHANGARAI,1,,,Badapalli,Badapalli,UTHANGARAI,2,3,1,8,1,635207,2,2,3,0,2,16,0,0,0,2,2,1,2,2,210,1,0,0,0,1,1,1
2472551,TAMIL NADU,KRISHNAGIRI,KRISHNAGIRI,1,,,Kondepalli,Kondepalli,KRISHNAGIRI,2,3,1,8,1,635115,2,2,3,0,2,19,16,0,0,2,2,1,2,1,208,1,0,0,0,0,2,1
9658878,TAMIL NADU,KRISHNAGIRI,UTHANGARAI,1,,,Upparapatti,Upparapatti,UTHANGARAI,7,3,6,10,1,635207,2,2,3,0,2,16,19,0,0,2,0,1,9,0,210,1,0,0,0,0,0,0
4410432,TAMIL NADU,KRISHNAGIRI,THALLY,1,,,Unisenatham,Unisenatham,THALLY,2,3,1,8,1,635118,2,2,3,0,2,19,0,0,0,0,0,1,1,2,206,1,4,4,0,0,2,3
6283954,TAMIL NADU,KRISHNAGIRI,UTHANGARAI,1,,,Keeimathur,Keelmathur,UTHANGARAI,7,3,6,10,1,635307,2,2,3,0,2,16,0,0,0,2,0,1,9,0,208,1,0,0,0,0,0,0
7397753,TAMIL NADU,KRISHNAGIRI,HOSUR,1,,,Thorapalli Agraharam,Thorapalliagraharam,HOSUR,2,3,1,8,1,635109,2,2,3,0,2,18,0,0,0,2,2,1,2,2,210,1,0,0,0,0,0,0
4026896,TAMIL NADU,KRISHNAGIRI,SHOOLAGIRI,1,,,Venkatesapuram,Venkatesapuram,SHOOLAGIRI,7,3,6,10,1,635109,2,2,3,0,2,19,0,0,0,2,2,1,9,0,210,1,0,0,0,0,0,0
6528176,TAMIL NADU,KRISHNAGIRI,UTHANGARAI,1,,,Egoor,Eggoor,UTHANGARAI,2,3,1,8,1,635307,2,2,3,0,2,16,19,0,0,2,2,1,1,1,210,1,5,3,2,0,0,0
6886506,TAMIL NADU,KRISHNAGIRI,BARGUR,1,,,Mallapadi,Mallapadi,BARGUR,2,3,1,8,1,635104,2,2,3,0,2,16,0,0,0,2,2,1,2,2,210,1,0,0,0,2,0,0
8374438,TAMIL NADU,KRISHNAGIRI,KELAMANGALAM,1,,,Pillari Agraharam,Pillariagraharam,KELAMANGALAM,7,3,6,10,1,635116,2,2,3,0,2,16,0,0,0,2,2,1,9,0,210,1,0,0,0,0,0,0
2990737,TAMIL NADU,KRISHNAGIRI,BARGUR,1,,,Chendrapalli,Anchoor,BARGUR,7,3,6,10,1,635203,2,2,3,0,2,16,19,0,0,2,0,1,9,0,206,1,0,0,0,0,0,0
2221071,TAMIL NADU,KRISHNAGIRI,KAVERIPATINAM,1,,,Errahalli,Errahalli,KAVERIPATTINAM,2,3,1,8,1,635112,2,2,3,0,2,19,0,0,0,2,2,1,1,2,207,1,0,1,0,0,2,0
3793309,TAMIL NADU,KRISHNAGIRI,KRISHNAGIRI,1,,,Kathinayanapalli,Kaattinaayanapalli,Krishnagiri,10,3,9,12,1,635001,2,2,1,7,2,16,19,0,0,2,2,1,9,0,210,1,0,0,0,0,0,0
6864715,TAMIL NADU,KRISHNAGIRI,THALLY,1,,,Marupalli,Marupalli,THALLY,2,3,1,8,1,635118,2,2,3,0,2,19,0,0,0,2,2,1,1,2,206,1,4,8,0,1,3,3
4731985,TAMIL NADU,KRISHNAGIRI,UTHANGARAI,1,,,Nochipatti,Nochipatty,UTHANGARAI,7,3,6,10,1,635207,2,2,3,0,2,16,0,0,0,2,0,1,9,0,210,1,0,0,0,0,0,0
7641626,TAMIL NADU,KRISHNAGIRI,THALLY,1,,,Thalikothanur,Thally Kothanur,THALLY,2,3,1,8,1,635118,2,2,3,0,2,16,19,0,0,2,2,1,2,1,206,1,0,0,0,1,5,3
7941077,TAMIL NADU,KRISHNAGIRI,KELAMANGALAM,1,,,Bevunutham,Bevanatham,KELAMANGALAM,7,3,6,10,1,635113,2,2,3,0,2,16,0,0,0,2,2,1,9,0,210,1,0,0,0,0,0,0
7341735,TAMIL NADU,KRISHNAGIRI,BARGUR,1,,,Majethgollahalli,Majeethgollahalli,BARGUR,2,3,1,8,1,635203,2,2,3,0,2,16,0,0,0,2,2,1,2,2,210,1,0,0,1,1,0,0
2901078,TAMIL NADU,KRISHNAGIRI,SHOOLAGIRI,1,,,Halekotta,Beerjepalli,SHOOLAGIRI,7,3,6,10,1,635119,2,2,3,0,2,16,19,0,0,2,2,1,9,0,210,1,0,0,0,0,0,0
5843259,TAMIL NADU,KRISHNAGIRI,THALLY,1,,,Saragapalli,Saragapalli,THALLY,2,3,1,8,1,635114,2,2,3,0,2,19,0,0,0,2,2,1,2,2,207,1,0,0,0,0,2,2
6661334,TAMIL NADU,KRISHNAGIRI,THALLY,1,,,Mallasandram,Mallasandiram,THALLY,7,3,6,10,1,635107,2,2,3,0,2,16,0,0,0,2,2,1,9,0,207,1,0,0,0,0,0,0
5589558,TAMIL NADU,KRISHNAGIRI,SHOOLAGIRI,1,,,Peddasigarlapalli,Peddasigaralapalli,SHOOLAGIRI,7,3,6,10,1,635117,2,2,3,0,2,16,0,0,0,2,2,1,9,0,210,1,0,0,0,0,0,0
6959992,TAMIL NADU,KRISHNAGIRI,BARGUR,1,,,Kondappanayakempalli,Kondappanayanapalli,BARGUR,7,3,6,10,1,635104,2,2,3,0,2,16,0,0,0,2,0,1,9,0,205,1,0,0,0,0,0,0
3687177,TAMIL NADU,KRISHNAGIRI,BARGUR,1,,,Pasinayanapalli,Bandaseemanoor,BARGUR,2,3,1,8,1,635104,2,2,3,0,2,16,0,0,0,2,2,1,2,1,207,1,0,0,0,0,0,0
4526447,TAMIL NADU,KRISHNAGIRI,KRISHNAGIRI,1,,,Gangaleri,Gangaleri,KRISHNAGIRI,7,3,6,10,1,635122,2,2,3,0,2,19,16,0,0,2,2,1,9,0,204,1,0,0,0,0,0,0
1436979,TAMIL NADU,KRISHNAGIRI,HOSUR,2,Hosur,Hosur (M) - Ward No.25,,,,2,3,1,8,1,635109,2,2,3,0,2,19,0,0,0,2,2,1,1,2,207,1,4,13,2,0,0,0
2330852,TAMIL NADU,KRISHNAGIRI,UTHANGARAI,1,,,Gangapirampatti,Gengapirampatti,UTHANGARAI,2,3,1,8,1,635207,2,2,3,0,2,16,0,0,0,2,2,1,2,2,210,1,0,0,0,0,0,0
1810946,TAMIL NADU,KRISHNAGIRI,HOSUR,1,,,Begepalli,Begapalli,HOSUR,2,3,1,8,1,635126,2,2,3,0,2,19,0,0,0,2,2,1,2,2,206,1,0,0,1,0,0,0
8530895,TAMIL NADU,KRISHNAGIRI,VEPPANAPALLI,1,,,Thattatharai,Naduvanapalli,VEPPANAPALLI,2,3,1,8,1,635121,2,2,3,0,2,19,16,0,0,2,2,1,2,2,206,1,0,0,0,3,9,7
2466377,TAMIL NADU,KRISHNAGIRI,MATHUR,1,,,Gendigampatti,Kalarpathi,MATHUR,7,3,6,10,1,635203,2,2,3,0,2,16,0,0,0,2,0,1,9,0,210,1,0,0,0,0,0,0
8565081,TAMIL NADU,KRISHNAGIRI,SHOOLAGIRI,1,,,Kalingavaram,Kalingavaram,SHOOLAGIRI,5,3,6,12,1,635117,2,2,3,0,2,16,19,0,0,2,2,1,9,0,213,1,0,0,0,0,0,0
3039109,TAMIL NADU,KRISHNAGIRI,BARGUR,1,,,Orappam,Orappam,BARGUR,2,3,1,8,1,635108,2,2,3,0,2,16,0,0,0,2,2,1,1,1,210,1,4,6,0,0,0,0
8544896,TAMIL NADU,KRISHNAGIRI,SHOOLAGIRI,1,,,Doripalli,Doripalli,SHOOLAGIRI,2,3,1,8,1,635130,2,2,3,0,2,19,0,0,0,2,2,1,2,2,210,1,0,0,0,0,0,0
6757005,TAMIL NADU,KRISHNAGIRI,UTHANGARAI,1,,,Pallathur,Athipadi,UTHANGARAI,7,3,6,10,1,635307,2,2,3,0,2,16,0,0,0,2,0,1,9,0,210,1,0,0,0,0,0,0
9562866,TAMIL NADU,KRISHNAGIRI,BARGUR,1,,,Chinmnamttarapalli.,Chinnamattarapalli,BARGUR,5,3,6,12,1,635104,2,2,3,0,2,16,19,0,0,2,2,1,9,0,208,1,0,0,0,0,0,0
4356386,TAMIL NADU,KRISHNAGIRI,THALLY,1,,,Achubalu,Achubalu,THALLY,7,3,6,10,1,635118,2,2,3,0,2,19,0,0,0,2,2,1,9,0,220,1,0,0,0,0,0,0
5025347,TAMIL NADU,KRISHNAGIRI,THALLY,1,,,Andevanapalli,Andevanapalli,THALLY,7,3,6,10,1,635107,2,2,3,0,2,19,16,0,0,2,0,1,9,0,210,1,0,0,0,0,0,0
8726453,TAMIL NADU,KRISHNAGIRI,THALLY,1,,,Mallasandram,Mallasandiram,THALLY,2,3,1,8,1,635107,2,2,3,0,2,19,0,0,0,2,2,1,2,2,206,1,0,0,0,0,0,0
8615783,TAMIL NADU,KRISHNAGIRI,MATHUR,1,,,Kannandahalli,Kannandahalli,MATHUR,5,3,6,12,1,635203,2,2,3,0,2,16,19,0,0,2,2,1,9,0,222,1,0,0,0,0,0,0
1294584,TAMIL NADU,KRISHNAGIRI,KRISHNAGIRI,1,,,Sokkadi,Sokkaadi,KRISHNAGIRI,7,3,6,10,1,635122,2,2,3,0,2,16,19,0,0,2,0,1,9,0,203,1,0,0,0,0,0,0
4180694,TAMIL NADU,KRISHNAGIRI,SHOOLAGIRI,1,,,Nerigam,Nerigam,SHOOLAGIRI,7,3,6,10,1,635105,2,2,3,0,2,17,19,0,0,2,2,1,9,0,202,1,0,0,0,0,0,0
4441232,TAMIL NADU,KRISHNAGIRI,KAVERIPATINAM,1,,,Chaparthi,Chaparthi,KAVERIPATTINAM,5,3,6,12,1,635106,2,2,3,0,2,19,16,0,0,2,2,1,9,0,210,1,0,0,0,0,0,0
3644551,TAMIL NADU,KRISHNAGIRI,KELAMANGALAM,2,Kelamangalam,Kelamangalam (TP) - Ward No.8,,,,7,2,6,10,1,635113,2,2,3,0,2,19,16,0,0,2,0,1,9,0,210,1,0,0,0,0,0,0
8886963,TAMIL NADU,KRISHNAGIRI,THALLY,1,,,Belagundapalli,Belagondapalli,THALLY,5,3,6,12,1,635114,2,2,3,0,2,17,19,0,0,2,2,1,9,0,210,1,0,0,0,0,0,0
8102573,TAMIL NADU,KRISHNAGIRI,BARGUR,1,,,Kattagaram,Kattagaram,BARGUR,2,3,1,8,1,635206,2,2,3,0,2,16,0,0,0,2,2,1,1,1,206,1,5,3,1,0,0,1
1858191,TAMIL NADU,KRISHNAGIRI,THALLY,1,,,Madakkal,Madakkal,THALLY,2,3,1,8,1,635118,2,2,3,0,2,16,0,0,0,2,2,1,2,2,208,1,0,0,0,0,0,3
1609974,TAMIL NADU,KRISHNAGIRI,BARGUR,1,,,Madepalli,Madepalli,BARGUR,2,3,1,8,1,635104,2,2,3,0,2,16,0,0,0,2,2,1,2,2,200,1,0,0,0,0,1,2
7123383,TAMIL NADU,KRISHNAGIRI,HOSUR,2,Hosur,Hosur (M) - Ward No.17,,,,6,3,1,10,5,635109,2,2,3,0,2,19,0,0,0,2,2,1,1,2,220,1,39,40,8,11,0,0
4741260,TAMIL NADU,KRISHNAGIRI,KELAMANGALAM,1,,,Muthanhalli,Doddathimmanahalli,KELAMANGALAM,7,3,6,10,1,635116,2,2,3,0,2,16,0,0,0,2,0,1,9,0,210,1,0,0,0,0,0,0
2352282,TAMIL NADU,KRISHNAGIRI,BARGUR,1,,,Guruvinayanapalli,Guruvinayanapalli,BARGUR,7,3,6,10,1,635120,2,2,3,0,2,16,0,0,0,2,0,1,9,0,207,1,0,0,0,0,0,0
7890560,TAMIL NADU,KRISHNAGIRI,UTHANGARAI,1,,,Reddipatti,Reddipatty,UTHANGARAI,2,3,1,8,1,635207,2,2,3,0,2,16,0,0,0,2,2,1,2,2,210,1,2,2,1,1,0,0
7415818,TAMIL NADU,KRISHNAGIRI,THALLY,1,,,Anchetty,Anchetti,THALLY,2,3,1,8,1,635102,2,2,3,0,2,16,0,0,0,2,2,1,2,1,208,1,0,0,1,0,5,2
5164069,TAMIL NADU,KRISHNAGIRI,BARGUR,1,,,Belethottam,Balethottam,BARGUR,7,3,6,10,1,635206,2,2,3,0,2,16,0,0,0,2,2,1,9,0,200,1,0,0,0,0,0,0
9739463,TAMIL NADU,KRISHNAGIRI,SHOOLAGIRI,1,,,Pannapalli,Pannapalli,SHOOLAGIRI,2,3,1,8,1,635105,2,2,3,0,2,19,0,0,0,2,2,1,2,2,206,1,0,0,0,0,12,3
8023893,TAMIL NADU,KRISHNAGIRI,KAVERIPATINAM,1,,,Paiyur,Paiyur,KAVERIPATTINAM,5,3,6,12,1,635112,2,2,3,0,2,19,16,0,0,2,2,1,9,0,210,1,0,0,0,0,0,0
4990797,TAMIL NADU,KRISHNAGIRI,KELAMANGALAM,1,,,Erudukotta,Irudhukottai,KELAMANGALAM,2,3,1,8,1,635107,2,2,3,0,2,16,0,0,0,2,2,2,2,2,206,1,0,0,0,0,4,2
3134825,TAMIL NADU,KRISHNAGIRI,UTHANGARAI,1,,,Keelkuppam,Keelkuppam,UTHANGARAI,5,3,6,12,1,636902,2,2,3,0,2,16,0,0,0,2,2,1,9,0,210,1,0,0,0,0,0,0
9504712,TAMIL NADU,KRISHNAGIRI,KRISHNAGIRI,1,,,Agasipalli,Agasipalli,KRISHNAGIRI,5,3,6,12,1,635002,2,2,3,0,2,19,16,0,0,2,2,1,9,0,210,1,0,0,0,0,0,0
8634958,TAMIL NADU,KRISHNAGIRI,SHOOLAGIRI,1,,,Chinnarendoddi,Chinnarandoddi,SHOOLAGIRI,2,3,1,8,1,635105,2,2,3,0,2,19,0,0,0,2,2,1,2,2,206,1,0,0,0,0,0,0
6719425,TAMIL NADU,KRISHNAGIRI,SHOOLAGIRI,1,,,Peddasigarlapalli,Peddasigaralapalli,SHOOLAGIRI,2,3,1,8,1,635117,2,2,3,0,2,16,0,0,0,2,2,1,2,2,206,1,0,0,0,0,7,3
4339167,TAMIL NADU,KRISHNAGIRI,KELAMANGALAM,1,,,Hanumanthapuram,Hanumanthapuram,KELAMANGALAM,2,3,1,8,1,635107,2,2,3,0,2,16,0,0,0,2,2,1,1,1,206,1,4,3,0,0,0,0
6834042,TAMIL NADU,KRISHNAGIRI,SHOOLAGIRI,1,,,Thuppuganapalli,Thuppuganapalli,SHOOLAGIRI,7,3,6,10,1,635119,2,2,3,0,2,16,19,0,0,2,2,1,9,0,210,1,0,0,0,0,0,0
6321699,TAMIL NADU,KRISHNAGIRI,THALLY,1,,,Andevanapalli,Andevanapalli,THALLY,5,3,6,12,1,635107,2,2,3,0,2,16,19,0,0,2,2,1,9,0,210,1,0,0,0,0,0,0
2950738,TAMIL NADU,KRISHNAGIRI,HOSUR,2,Hosur,Hosur (M) - Ward No.26,,,,5,3,6,12,1,635109,2,2,3,0,2,19,16,0,0,2,2,1,9,0,208,1,0,0,0,0,0,0
4673813,TAMIL NADU,KRISHNAGIRI,KRISHNAGIRI,2,Krishnagiri,Krishnagiri (M) - Ward No.14,,,,2,3,1,8,3,635001,2,2,3,0,2,19,16,0,0,2,2,1,1,1,210,1,5,8,0,0,0,0
3229743,TAMIL NADU,KRISHNAGIRI,UTHANGARAI,1,,,Mittapalli,Mittapalli,UTHANGARAI,5,3,6,12,1,635307,2,2,3,0,2,16,19,0,0,2,2,1,9,0,210,1,0,0,0,0,0,0
5706576,TAMIL NADU,KRISHNAGIRI,SHOOLAGIRI,1,,,Hosapalli,Hosahalli,SHOOLAGIRI,7,3,6,10,1,635117,2,2,3,0,2,16,0,0,0,2,2,1,9,0,210,1,0,0,0,0,0,0
9463693,TAMIL NADU,KRISHNAGIRI,HOSUR,2,Hosur,Hosur (M) - Ward No.10,,,,2,3,1,8,1,635109,2,2,3,0,2,19,0,0,0,2,2,1,2,2,206,1,0,0,8,10,0,0
2994464,TAMIL NADU,KRISHNAGIRI,THALLY,1,,,Anniyalam,Anniyalam,THALLY,2,3,1,8,1,635107,2,2,3,0,2,19,0,0,0,2,2,1,2,2,208,1,0,0,0,0,0,0
6592321,TAMIL NADU,KRISHNAGIRI,KRISHNAGIRI,1,,,Agasipalli,Agasipalli,KRISHNAGIRI,7,3,6,10,1,635001,2,2,3,0,2,16,19,0,0,2,2,1,9,0,210,1,0,0,0,0,0,0
9972310,TAMIL NADU,KRISHNAGIRI,SHOOLAGIRI,1,,,Ayaranapalli,Ayaranapalli,SHOOLAGIRI,5,3,6,12,1,635119,2,2,3,0,2,19,16,0,0,2,2,1,9,0,200,1,0,0,0,0,0,0
7644750,TAMIL NADU,KRISHNAGIRI,KELAMANGALAM,1,,,Jagirkarupalli,Jagirkarupalli,KELAMANGALAM,2,3,1,8,1,635113,2,2,3,0,2,19,0,0,0,2,2,1,1,1,200,1,4,2,0,0,0,0
7319298,TAMIL NADU,KRISHNAGIRI,THALLY,1,,,Natrapalayam,Natrampalayam,THALLY,5,3,6,12,1,635102,2,2,3,0,2,16,0,0,0,2,2,1,9,0,210,1,0,0,0,0,0,0
9311640,TAMIL NADU,KRISHNAGIRI,KELAMANGALAM,2,Denkanikottai,Denkanikottai (TP) - Ward No.4,,,,5,2,6,12,1,635107,2,2,3,0,2,18,19,16,0,2,2,1,9,0,210,1,0,0,0,0,0,0
7478071,TAMIL NADU,KRISHNAGIRI,KELAMANGALAM,1,,,Kundumaranapalli,Kundhumaranapalli,KELAMANGALAM,7,3,6,10,1,635113,2,2,3,0,2,19,0,0,0,2,0,1,9,0,197,1,0,0,0,0,0,0
4354241,TAMIL NADU,KRISHNAGIRI,THALLY,1,,,Thaggatti,Thaggatti,THALLY,7,3,6,10,1,635102,2,2,3,0,2,16,0,0,0,2,2,1,9,0,197,1,0,0,0,0,0,0
2064243,TAMIL NADU,KRISHNAGIRI,KAVERIPATINAM,1,,,Gundalapatti,Gundalapatti,KAVERIPATTINAM,2,3,1,8,1,635112,2,2,3,0,2,19,16,0,0,2,2,1,2,1,204,1,0,0,1,4,3,2
2487917,TAMIL NADU,KRISHNAGIRI,UTHANGARAI,2,Uthangarai,Uthangarai (TP) - Ward No.6,,,,5,1,6,12,1,635207,2,2,3,0,2,19,16,0,0,2,2,1,9,0,210,1,0,0,0,0,0,0
8453962,TAMIL NADU,KRISHNAGIRI,SHOOLAGIRI,1,,,Thiyagarsanapalli,Thiyagarasanapalli,SHOOLAGIRI,2,3,1,8,1,635117,2,2,3,0,2,16,0,0,0,2,2,1,2,2,206,1,0,0,0,0,18,15
9725639,TAMIL NADU,KRISHNAGIRI,HOSUR,1,,,Punugandoddi,Kelavarapalli,HOSUR,2,3,1,8,1,635109,2,2,3,0,2,19,0,0,0,2,2,1,1,1,206,1,4,6,1,0,0,4
3672667,TAMIL NADU,KRISHNAGIRI,KAVERIPATINAM,1,,,Vilangamudi,Vilangamudi,KAVERIPATTINAM,7,3,6,10,1,635204,2,2,3,0,2,16,0,0,0,2,0,1,9,0,220,1,0,0,0,0,0,0
3512964,TAMIL NADU,KRISHNAGIRI,KELAMANGALAM,1,,,Bairamangalam,Bairamangalam,KELAMANGALAM,2,3,1,8,1,635110,2,2,3,0,2,19,0,0,0,2,2,1,2,2,206,1,0,0,0,0,0,0
6002295,TAMIL NADU,KRISHNAGIRI,KAVERIPATINAM,1,,,Barur,Barur,KAVERIPATTINAM,5,3,6,12,1,635201,2,2,3,0,2,16,19,0,0,2,2,1,9,0,210,1,0,0,0,0,0,0
9534958,TAMIL NADU,KRISHNAGIRI,KELAMANGALAM,1,,,Anekollu,Anekollu,KELAMANGALAM,7,3,6,10,1,635113,2,2,3,0,2,19,0,0,0,2,2,1,9,0,10,1,0,0,0,0,0,0
1245995,TAMIL NADU,KRISHNAGIRI,KELAMANGALAM,2,Denkanikottai,Denkanikottai (TP) - Ward No.2,,,,2,3,1,8,1,635107,2,2,3,0,2,19,18,0,0,2,2,1,2,2,210,1,0,0,2,0,0,0
8343411,TAMIL NADU,KRISHNAGIRI,SHOOLAGIRI,1,,,Moranapalli,Perandapalli,SHOOLAGIRI,2,3,1,8,1,635109,2,2,3,0,2,19,0,0,0,2,2,1,2,2,206,1,0,0,0,0,8,16
8864545,TAMIL NADU,KRISHNAGIRI,UTHANGARAI,1,,,Periyakottakulam,Periya Kotta Kulam,UTHANGARAI,2,3,1,8,1,635304,2,2,3,0,2,16,0,0,0,2,2,1,1,1,210,1,2,2,1,0,0,0
6564562,TAMIL NADU,KRISHNAGIRI,SHOOLAGIRI,1,,,Moranapalli,Perandapalli,SHOOLAGIRI,7,3,6,10,1,635130,2,2,3,0,2,19,0,0,0,2,2,1,9,0,220,1,0,0,0,0,0,0
3399180,TAMIL NADU,KRISHNAGIRI,KELAMANGALAM,1,,,Rayakotta,Rayakottai,KELAMANGALAM,2,3,1,8,1,635116,2,2,3,0,2,18,0,0,0,2,2,1,2,2,209,1,0,0,0,1,0,0
3523164,TAMIL NADU,KRISHNAGIRI,BARGUR,1,,,Sigaralapalli,Sigaralapalli,BARGUR,5,3,6,12,1,635104,2,2,3,0,2,19,16,0,0,2,2,1,9,0,207,1,0,0,0,0,0,0
8556432,TAMIL NADU,KRISHNAGIRI,THALLY,1,,,Madagondapalli,Madhagondapalli,THALLY,5,3,6,12,1,635114,2,2,3,0,2,5,19,17,0,2,2,1,9,0,210,1,0,0,0,0,0,0
5378948,TAMIL NADU,KRISHNAGIRI,KRISHNAGIRI,1,,,Sokkadi,Sokkaadi,KRISHNAGIRI,1,3,1,5,1,635122,2,2,3,0,2,16,0,0,0,2,2,1,2,2,194,1,0,0,0,0,0,0
8197313,TAMIL NADU,KRISHNAGIRI,HOSUR,1,,,Kothapalli,Sevaganapalli,HOSUR,7,3,6,10,1,635103,2,2,3,0,2,19,0,0,0,2,0,1,9,0,206,1,0,0,0,0,0,0
3668877,TAMIL NADU,KRISHNAGIRI,UTHANGARAI,1,,,Konapatti,Pudur Pungani,UTHANGARAI,7,3,6,10,1,635207,2,2,3,0,2,16,0,0,0,2,0,1,9,0,210,1,0,0,0,0,0,0
4792882,TAMIL NADU,KRISHNAGIRI,HOSUR,2,Hosur,Hosur (M) - Ward No.25,,,,5,3,6,12,1,635109,2,2,3,0,2,19,18,0,0,2,2,1,9,0,208,1,0,0,0,0,0,0
9113535,TAMIL NADU,KRISHNAGIRI,THALLY,1,,,Marudanapalli,Marudhanapalli,THALLY,2,3,1,8,1,635107,2,2,3,0,2,19,0,0,0,2,2,1,2,2,210,1,1,0,0,0,3,2
4430228,TAMIL NADU,KRISHNAGIRI,HOSUR,2,Hosur,Hosur (M) - Ward No.23,,,,5,3,6,12,1,635109,2,2,3,0,2,19,5,17,16,2,2,1,9,0,210,1,0,0,0,0,0,0
3988938,TAMIL NADU,KRISHNAGIRI,HOSUR,1,,,Mugalur,Mugalur,HOSUR,2,3,1,8,1,635110,2,2,3,0,2,19,0,0,0,2,2,1,2,2,204,1,0,0,0,0,0,0
8992805,TAMIL NADU,KRISHNAGIRI,VEPPANAPALLI,1,,,Madepalli,V.Madepalli,VEPPANAPALLI,2,3,1,8,1,635121,2,2,3,0,2,18,0,0,0,2,2,2,2,2,203,1,0,0,1,0,10,6
5330750,TAMIL NADU,KRISHNAGIRI,BARGUR,1,,,Jambukuttapatti,Pochampalli,BARGUR,5,2,6,12,1,635206,2,2,3,0,2,19,16,0,0,2,2,1,9,0,196,1,0,0,0,0,0,0
5161665,TAMIL NADU,KRISHNAGIRI,BARGUR,1,,,Orappam,Orappam,BARGUR,5,3,6,12,1,635108,2,2,3,0,2,19,16,0,0,2,2,1,9,0,203,1,0,0,0,0,0,0
7696125,TAMIL NADU,KRISHNAGIRI,KAVERIPATINAM,1,,,Puliyampatti,Papparappatti,KAVERIPATTINAM,2,3,1,8,1,635123,2,2,3,0,2,16,0,0,0,2,2,1,2,1,206,1,0,0,0,2,3,2
4435209,TAMIL NADU,KRISHNAGIRI,THALLY,1,,,Andevanapalli,Andevanapalli,THALLY,2,3,1,8,1,635107,2,2,3,0,2,16,0,0,0,2,2,1,2,2,200,1,0,0,0,0,8,5
3844139,TAMIL NADU,KRISHNAGIRI,SHOOLAGIRI,1,,,Marandapalli,Marandapalli,SHOOLAGIRI,2,3,1,8,1,635117,2,2,3,0,2,16,0,0,0,2,2,1,2,2,200,1,0,0,0,1,5,4
9886115,TAMIL NADU,KRISHNAGIRI,SHOOLAGIRI,1,,,Nerigam,Nerigam,SHOOLAGIRI,2,3,1,8,1,635105,2,2,3,0,2,19,0,0,0,2,2,1,2,2,210,1,0,0,0,0,3,0
7982744,TAMIL NADU,KRISHNAGIRI,KAVERIPATINAM,1,,,Talihalli,Thalihalli,KAVERIPATTINAM,2,3,1,8,1,635112,2,2,3,0,2,16,0,0,0,2,2,1,2,2,206,1,0,0,3,2,0,0
7941503,TAMIL NADU,KRISHNAGIRI,BARGUR,1,,,Jagadevipalayam,Jagadevi,BARGUR,5,3,6,12,1,635203,2,2,3,0,2,16,19,0,0,2,2,1,9,0,206,1,0,0,0,0,0,0
4550822,TAMIL NADU,KRISHNAGIRI,BARGUR,1,,,Guttur,Guttur,BARGUR,2,3,1,8,1,635104,2,2,3,0,2,16,0,0,0,2,2,1,2,2,210,1,0,0,0,0,2,1
1378581,TAMIL NADU,KRISHNAGIRI,MATHUR,1,,,Mukkampatti,Oddapatti,MATHUR,2,3,1,8,1,635306,2,2,3,0,2,19,0,0,0,2,2,1,1,2,200,1,8,6,0,2,0,0
3386974,TAMIL NADU,KRISHNAGIRI,KRISHNAGIRI,1,,,Sokkadi,Sokkaadi,KRISHNAGIRI,2,3,1,8,1,635122,2,2,3,0,2,16,19,0,0,2,2,1,2,2,200,1,0,0,1,1,0,0
4279968,TAMIL NADU,KRISHNAGIRI,SHOOLAGIRI,1,,,A.Settipalli,A.Settipalli,SHOOLAGIRI,7,3,6,10,1,635105,2,2,3,0,2,19,0,0,0,2,0,1,9,0,210,1,0,0,0,0,0,0
5497126,TAMIL NADU,KRISHNAGIRI,MATHUR,1,,,Rengampatti,Valipatti,MATHUR,7,3,6,10,1,635306,2,2,3,0,2,16,0,0,0,2,0,1,9,0,202,1,0,0,0,0,0,0
8902857,TAMIL NADU,KRISHNAGIRI,KRISHNAGIRI,1,,,Venkatapuram (Ct),Venkatapuram,KRISHNAGIRI,7,3,6,10,1,635002,2,2,3,0,2,16,19,0,0,2,0,1,9,0,207,1,0,0,0,0,0,0
1945395,TAMIL NADU,KRISHNAGIRI,THALLY,1,,,Doddaubbanur,Doddaubbanur,THALLY,2,3,1,8,1,635118,2,2,3,0,2,19,0,0,0,2,2,1,2,2,206,1,0,1,0,0,0,0
1834284,TAMIL NADU,KRISHNAGIRI,KELAMANGALAM,1,,,Battamugulalam,Bettamugalalam,KELAMANGALAM,2,3,1,8,1,635107,2,2,3,0,2,16,19,0,0,2,2,1,2,2,207,1,0,0,0,0,4,8
8928083,TAMIL NADU,KRISHNAGIRI,HOSUR,1,,,Achettipalli,Achettipalli,HOSUR,2,3,1,8,1,635110,2,2,3,0,2,19,18,0,0,2,2,1,1,1,206,1,3,5,0,0,0,0
2390889,TAMIL NADU,KRISHNAGIRI,MATHUR,1,,,Veerachikupam,Veerachikuppam,MATHUR,2,3,1,8,1,635304,2,2,3,0,2,16,0,0,0,2,2,1,2,2,210,1,0,0,2,1,0,0
3332939,TAMIL NADU,KRISHNAGIRI,VEPPANAPALLI,1,,,Balanapalli,Balanapalli,VEPPANAPALLI,2,3,1,8,1,635121,2,2,3,0,2,16,19,0,0,2,2,1,2,2,206,1,0,0,2,0,2,4
8905502,TAMIL NADU,KRISHNAGIRI,KELAMANGALAM,1,,,Santhanapalli,Sandhanapalli,KELAMANGALAM,7,3,6,10,1,635107,2,2,3,0,2,16,0,0,0,2,0,1,9,0,210,1,0,0,0,0,0,0
9905275,TAMIL NADU,KRISHNAGIRI,KAVERIPATINAM,1,,,Bendarahalli,Arasampatti,KAVERIPATTINAM,5,3,6,12,1,635201,2,2,3,0,2,16,19,0,0,2,2,1,9,0,210,1,0,0,0,0,0,0
5065014,TAMIL NADU,KRISHNAGIRI,VEPPANAPALLI,1,,,Chennasandiram,Marasandiram,VEPPANAPALLI,5,3,6,12,1,635121,2,2,3,0,2,16,0,0,0,2,2,1,9,0,220,1,0,0,0,0,0,0
4546150,TAMIL NADU,KRISHNAGIRI,THALLY,1,,,Anchetty,Anchetti,THALLY,2,3,1,8,1,635102,2,2,3,0,2,16,0,0,0,2,2,1,2,2,206,1,0,1,0,0,7,2
5711222,TAMIL NADU,KRISHNAGIRI,KELAMANGALAM,1,,,Battamugulalam,Bettamugalalam,KELAMANGALAM,2,3,1,8,1,636806,2,2,3,0,2,16,0,0,0,2,2,1,2,1,206,1,0,0,0,0,17,7
2053210,TAMIL NADU,KRISHNAGIRI,KRISHNAGIRI,1,,,Maharajakadai R.F.,Naaralapalli,KRISHNAGIRI,7,3,6,10,1,635120,2,2,3,0,2,19,16,0,0,2,0,1,9,0,210,1,0,0,0,0,0,0
5336754,TAMIL NADU,KRISHNAGIRI,THALLY,1,,,Jowlagiri,Jawalagiri,THALLY,7,3,6,10,1,635118,2,2,3,0,2,19,17,0,0,2,2,1,9,0,210,1,0,0,0,0,0,0
5256197,TAMIL NADU,KRISHNAGIRI,KRISHNAGIRI,2,Krishnagiri,Krishnagiri (M) - Ward No.4,,,,5,3,6,12,3,635002,2,2,3,0,2,19,16,0,0,2,2,1,9,0,203,1,0,0,0,0,0,0
9791582,TAMIL NADU,KRISHNAGIRI,HOSUR,1,,,Bagalur,Bagaloor,HOSUR,5,2,6,12,1,635103,2,2,3,0,2,19,16,0,0,2,2,1,9,0,210,1,0,0,0,0,0,0
8711221,TAMIL NADU,KRISHNAGIRI,HOSUR,2,Hosur,Hosur (M) - Ward No.1,,,,5,3,6,12,1,635126,2,2,3,0,2,19,16,17,0,2,2,1,9,0,225,1,0,0,0,0,0,0
5032429,TAMIL NADU,KRISHNAGIRI,BARGUR,1,,,Achamangalam,Achamangalam,BARGUR,2,3,1,8,1,635108,2,2,3,0,2,16,0,0,0,2,2,1,2,2,204,1,0,0,0,2,0,1
8696125,TAMIL NADU,KRISHNAGIRI,KRISHNAGIRI,1,,,Naralapalli R.F.,Periyakottapalli,KRISHNAGIRI,2,3,1,8,1,635120,2,2,3,0,2,16,0,0,0,2,2,1,2,2,210,1,0,0,0,0,3,5
5946154,TAMIL NADU,KRISHNAGIRI,BARGUR,1,,,Salinayanapalli,Karakuppam,BARGUR,7,3,6,10,1,635104,2,2,3,0,2,16,0,0,0,2,0,1,9,0,203,1,0,0,0,0,0,0
5403719,TAMIL NADU,KRISHNAGIRI,THALLY,1,,,Kottaiyur,Kottaiyur,THALLY,2,3,1,8,1,635102,2,2,3,0,2,16,0,0,0,2,2,2,2,2,194,1,0,0,0,0,0,1
9481300,TAMIL NADU,KRISHNAGIRI,KAVERIPATINAM,1,,,Bannihalli,Bannihalli,KAVERIPATTINAM,7,3,6,10,1,635106,2,2,3,0,2,16,19,0,0,2,0,1,9,0,200,1,0,0,0,0,0,0
2551645,TAMIL NADU,KRISHNAGIRI,KRISHNAGIRI,1,,,Sokkadi,Sokkaadi,KRISHNAGIRI,7,3,6,10,1,635122,2,2,3,0,2,16,0,0,0,2,0,1,9,0,210,1,0,0,0,0,0,0
5295053,TAMIL NADU,KRISHNAGIRI,SHOOLAGIRI,1,,,Peddasigarlapalli,Peddasigaralapalli,SHOOLAGIRI,2,3,1,8,1,635117,2,2,3,0,2,16,0,0,0,2,2,1,2,2,206,1,0,0,1,1,0,1
3573073,TAMIL NADU,KRISHNAGIRI,KAVERIPATINAM,2,Kaveripattinam,Kaveripattinam (TP) - Ward No.15,,,,2,3,1,8,1,635112,2,2,3,0,2,18,0,0,0,2,2,1,2,2,210,1,0,0,0,0,0,0
3175139,TAMIL NADU,KRISHNAGIRI,VEPPANAPALLI,1,,,Nachikuppam,Nachikuppam,VEPPANAPALLI,2,3,1,8,1,635121,2,2,3,0,2,19,16,0,0,2,2,1,2,2,210,1,0,0,2,1,3,2
5261656,TAMIL NADU,KRISHNAGIRI,KRISHNAGIRI,1,,,Sembadamuthur,Sembadamuthur,KRISHNAGIRI,2,3,1,8,1,635122,2,2,3,0,2,16,0,0,0,2,2,1,2,1,220,1,0,0,0,2,6,3
5575784,TAMIL NADU,KRISHNAGIRI,THALLY,1,,,Madakkal,Madakkal,THALLY,2,3,1,8,1,635118,2,2,3,0,2,16,0,0,0,2,2,1,2,2,206,1,0,0,0,0,4,4
7232927,TAMIL NADU,KRISHNAGIRI,KAVERIPATINAM,1,,,Panneswaramadam,Penneswaramadam,KAVERIPATTINAM,2,3,1,8,1,635112,2,2,3,0,2,16,0,0,0,2,2,1,2,2,206,1,0,0,0,1,5,1
9423700,TAMIL NADU,KRISHNAGIRI,KELAMANGALAM,2,Denkanikottai,Denkanikottai (TP) - Ward No.6,,,,2,3,2,8,6,635107,2,2,1,11,2,16,0,0,0,2,2,1,9,1,206,1,0,0,0,0,0,0
2061659,TAMIL NADU,KRISHNAGIRI,MATHUR,1,,,Ramakrishnampathy,Ramakrishnampathi,MATHUR,7,3,6,10,1,635207,2,2,3,0,2,16,0,0,0,2,0,1,9,0,210,1,0,0,0,0,0,0
5386630,TAMIL NADU,KRISHNAGIRI,BARGUR,1,,,Batlapalli,Batlapalli,BARGUR,2,3,1,8,1,635104,2,2,3,0,2,16,0,0,0,2,2,1,2,2,210,1,0,0,0,0,5,4
8559108,TAMIL NADU,KRISHNAGIRI,HOSUR,1,,,Thorapalli Agraharam,Thorapalliagraharam,HOSUR,2,3,1,8,1,635109,2,2,3,0,2,19,0,0,0,2,2,1,1,2,204,1,0,0,0,0,7,13
7341654,TAMIL NADU,KRISHNAGIRI,BARGUR,1,,,Veppalampatti,Veppalampatti,BARGUR,7,3,6,10,1,635206,2,2,3,0,2,16,0,0,0,2,0,1,9,0,220,1,0,0,0,0,0,0
6384807,TAMIL NADU,KRISHNAGIRI,KAVERIPATINAM,1,,,Gundalapatti,Gundalapatti,KAVERIPATTINAM,7,3,6,10,1,635101,2,2,3,0,2,16,0,0,0,2,2,1,9,0,203,1,0,0,0,0,0,0
4074984,TAMIL NADU,KRISHNAGIRI,VEPPANAPALLI,1,,,Nachikuppam,Nachikuppam,Veppanapalli,2,3,1,8,1,635121,2,2,3,0,2,16,19,0,0,2,2,1,2,2,203,1,0,0,0,0,0,0
9891263,TAMIL NADU,KRISHNAGIRI,KAVERIPATINAM,1,,,Bendarahalli,Arasampatti,KAVERIPATTINAM,2,3,1,8,1,635201,2,2,3,0,2,16,0,0,0,2,2,1,1,1,194,1,1,5,0,0,0,0
2000982,TAMIL NADU,KRISHNAGIRI,KAVERIPATINAM,1,,,Mittahalli,Mittahalli,KAVERIPATTINAM,2,3,1,8,1,635112,2,2,3,0,2,16,0,0,0,2,2,1,2,2,194,1,0,0,0,0,2,4
8823052,TAMIL NADU,KRISHNAGIRI,THALLY,1,,,Thalikothanur,Thally Kothanur,THALLY,2,2,1,8,6,635118,2,2,1,6,2,16,0,0,0,2,2,1,2,2,250,1,0,0,0,0,0,0
9798180,TAMIL NADU,KRISHNAGIRI,KAVERIPATINAM,1,,,Veeramalai,Veeramalai,KAVERIPATTINAM,2,3,1,8,1,635204,2,2,3,0,2,16,0,0,0,2,2,1,2,2,189,1,0,0,0,1,2,4
3444756,TAMIL NADU,KRISHNAGIRI,UTHANGARAI,1,,,Ettipatti,Nadupatti,UTHANGARAI,7,3,6,10,1,635307,2,2,3,0,2,16,0,0,0,2,0,1,9,0,210,1,0,0,0,0,0,0
2086837,TAMIL NADU,KRISHNAGIRI,BARGUR,1,,,Guttur,Guttur,BARGUR,7,3,6,10,1,635104,2,2,3,0,2,16,0,0,0,2,0,1,9,0,207,1,0,0,0,0,0,0
5947360,TAMIL NADU,KRISHNAGIRI,SHOOLAGIRI,1,,,Sanamavu,Sanamavoo,SHOOLAGIRI,2,3,1,8,1,635113,2,2,3,0,2,16,19,0,0,2,2,1,1,1,206,1,6,4,3,1,0,0
7755372,TAMIL NADU,KRISHNAGIRI,THALLY,1,,,Daravendram,Dharavendiram,THALLY,1,3,1,5,1,635118,2,2,3,0,2,19,0,0,0,2,2,1,2,2,207,1,0,1,0,0,0,4
2348330,TAMIL NADU,KRISHNAGIRI,SHOOLAGIRI,1,,,Chembarasanapalli,Simplethiradi,SHOOLAGIRI,2,3,1,8,1,635117,2,2,3,0,2,16,0,0,0,2,2,1,1,1,206,1,6,8,1,0,3,2
1298940,TAMIL NADU,KRISHNAGIRI,VEPPANAPALLI,1,,,Verupasandiram,Chennasandiram,VEPPANAPALLI,2,3,1,8,1,635121,2,2,3,0,2,16,0,0,0,2,2,1,1,1,200,1,4,4,0,0,0,0
6452310,TAMIL NADU,KRISHNAGIRI,MATHUR,1,,,Nagampatti,Nagampatti,MATHUR,2,3,1,8,1,635203,2,2,3,0,2,16,0,0,0,2,2,1,2,2,200,1,0,0,1,0,0,1
7076071,TAMIL NADU,KRISHNAGIRI,KRISHNAGIRI,2,Krishnagiri,Krishnagiri (M) - Ward No.26,,,,2,3,1,8,3,635001,2,2,3,0,2,16,19,0,0,2,2,1,1,1,210,1,1,3,0,3,2,0
9551648,TAMIL NADU,KRISHNAGIRI,MATHUR,1,,,Kumarampatty,K. Ettipatti,MATHUR,2,3,1,8,1,635306,2,2,3,0,2,16,0,0,0,2,2,1,1,1,206,1,1,2,0,0,0,0
6141631,TAMIL NADU,KRISHNAGIRI,VEPPANAPALLI,1,,,Nallur,Halekundani,VEPPANAPALLI,2,3,1,8,1,635121,2,2,3,0,2,19,16,0,0,2,2,1,1,1,206,1,3,11,0,1,0,0
5987292,TAMIL NADU,KRISHNAGIRI,THALLY,1,,,Chudasandiram,Choodasandiram,THALLY,2,3,1,8,1,635118,2,2,3,0,2,19,0,0,0,2,2,1,2,2,206,1,0,0,0,0,0,1
7228769,TAMIL NADU,KRISHNAGIRI,MATHUR,1,,,Anandur,Anandur,MATHUR,2,3,1,8,1,635304,2,2,3,0,2,16,0,0,0,2,2,1,1,1,206,1,1,2,0,1,0,0
8559117,TAMIL NADU,KRISHNAGIRI,KELAMANGALAM,1,,,Ulimangalam,Kottaiulimangalam,KELAMANGALAM,2,3,1,8,1,635107,2,2,3,0,2,19,0,0,0,2,2,1,1,2,206,1,0,4,0,0,0,0
6461022,TAMIL NADU,KRISHNAGIRI,UTHANGARAI,1,,,Gangapirampatti,Gengapirampatti,UTHANGARAI,2,3,1,8,1,635207,2,2,3,0,2,16,0,0,0,2,2,1,1,2,210,1,4,1,1,0,0,0
1767960,TAMIL NADU,KRISHNAGIRI,HOSUR,2,Hosur,Hosur (M) - Ward No.27,,,,2,3,1,8,1,635109,2,2,3,0,2,19,0,0,0,2,2,1,1,1,210,1,5,4,1,0,0,0
8058313,TAMIL NADU,KRISHNAGIRI,BARGUR,1,,,Salinayanapalli,Karakuppam,BARGUR,7,3,6,10,1,635104,2,2,3,0,2,19,16,0,0,2,0,1,9,0,203,1,0,0,0,0,0,0
6231522,TAMIL NADU,KRISHNAGIRI,KRISHNAGIRI,1,,,Peddatalapalli,Peththathaalapalli,KRISHNAGIRI,2,3,1,8,1,635002,2,2,3,0,2,16,0,0,0,2,2,1,2,2,206,1,0,0,1,0,0,0
5147142,TAMIL NADU,KRISHNAGIRI,VEPPANAPALLI,1,,,Kuppachiparai,Kuppachiparai,VEPPANAPALLI,2,3,1,8,1,635121,2,2,3,0,2,19,16,0,0,2,2,1,2,2,206,1,0,0,0,3,4,8
1953160,TAMIL NADU,KRISHNAGIRI,BARGUR,1,,,Chinmnamttarapalli.,Chinnamattarapalli,BARGUR,2,3,1,8,1,635120,2,2,3,0,2,16,0,0,0,2,2,1,2,2,206,1,0,0,0,1,0,0
7737443,TAMIL NADU,KRISHNAGIRI,VEPPANAPALLI,1,,,Veppanapalli,Veppanapalli,VEPPANAPALLI,2,3,1,8,1,635121,2,2,3,0,2,18,0,0,0,2,2,1,2,2,203,1,0,0,0,0,3,2
8210130,TAMIL NADU,KRISHNAGIRI,THALLY,1,,,Madakkal,Madakkal,THALLY,7,3,6,10,1,635118,2,2,3,0,2,19,17,0,0,2,0,1,9,0,0,1,0,0,0,0,0,0
2013199,TAMIL NADU,KRISHNAGIRI,THALLY,1,,,Madakkal,Madakkal,THALLY,7,3,6,10,1,635112,2,2,3,0,2,16,0,0,0,2,0,1,9,0,208,1,0,0,0,0,0,0
7262050,TAMIL NADU,KRISHNAGIRI,UTHANGARAI,1,,,Egoor,Eggoor,UTHANGARAI,7,3,6,10,1,635307,2,2,3,0,2,16,0,0,0,2,0,1,9,0,210,1,0,0,0,0,0,0
4523821,TAMIL NADU,KRISHNAGIRI,UTHANGARAI,1,,,Chandrapatti,Chandarapatti,UTHANGARAI,7,3,6,10,1,635304,2,2,3,0,2,16,0,0,0,2,0,1,9,0,220,1,0,0,0,0,0,0
8361233,TAMIL NADU,KRISHNAGIRI,KAVERIPATINAM,1,,,Pannandur,Pannandhur,KAVERIPATTINAM,7,2,6,10,1,635123,2,2,3,0,2,16,19,0,0,2,2,1,9,0,210,1,0,0,0,0,0,0
3887549,TAMIL NADU,KRISHNAGIRI,UTHANGARAI,1,,,Athipadi,Athipadi,UTHANGARAI,5,3,6,12,1,635307,2,2,3,0,2,16,0,0,0,2,2,1,9,0,210,1,0,0,0,0,0,0
2746332,TAMIL NADU,KRISHNAGIRI,SHOOLAGIRI,1,,,Addakurukki,Kanalatti,SHOOLAGIRI,2,3,1,8,1,635130,2,2,3,0,2,19,0,0,0,2,2,1,2,2,206,1,0,0,0,0,2,1
2991921,TAMIL NADU,KRISHNAGIRI,KAVERIPATINAM,1,,,Thatrahalli,Thatrahalli,KAVERIPATTINAM,7,3,6,10,1,635123,2,2,3,0,2,16,0,0,0,2,0,1,9,0,210,1,0,0,0,0,0,0
8359493,TAMIL NADU,KRISHNAGIRI,VEPPANAPALLI,1,,,Kurubarapalli,Kurubarapalli,VEPPANAPALLI,5,3,6,12,1,635001,2,2,3,0,2,16,19,0,0,2,2,1,9,0,210,1,0,0,0,0,0,0
6756475,TAMIL NADU,KRISHNAGIRI,BARGUR,1,,,Oppathavadi,Oppathavadi,BARGUR,2,3,1,8,1,635104,2,2,3,0,2,16,0,0,0,2,2,1,2,2,210,1,0,0,0,0,0,0
2063306,TAMIL NADU,KRISHNAGIRI,BARGUR,1,,,Chendrapalli,Anchoor,BARGUR,5,3,6,12,5,635203,2,2,3,0,2,16,19,0,0,2,2,1,9,2,230,1,0,0,0,0,0,0
3935166,TAMIL NADU,KRISHNAGIRI,MATHUR,1,,,Sonarahalli,Goundanur,MATHUR,2,3,1,8,1,635306,2,2,3,0,2,16,0,0,0,2,2,1,2,2,210,1,0,0,1,0,3,1
3837433,TAMIL NADU,KRISHNAGIRI,THALLY,1,,,Thalli,Thally,THALLY,5,3,6,12,1,635118,2,2,3,0,2,16,19,0,0,2,2,1,9,0,210,1,0,0,0,0,0,0
1729768,TAMIL NADU,KRISHNAGIRI,VEPPANAPALLI,1,,,Kurubarapalli,Kurubarapalli,VEPPANAPALLI,2,3,1,8,1,635115,2,2,3,0,2,18,0,0,0,2,2,1,2,2,202,1,0,0,0,0,0,0
9218032,TAMIL NADU,KRISHNAGIRI,UTHANGARAI,1,,,Thurinjipatti,Vengadathampatti,UTHANGARAI,3,3,1,12,5,635207,2,2,3,0,2,19,16,0,0,2,2,1,1,2,210,1,97,89,17,18,0,0
6101393,TAMIL NADU,KRISHNAGIRI,BARGUR,1,,,Madepalli,Madepalli,BARGUR,3,3,1,12,5,635104,2,2,3,0,2,19,0,0,0,2,2,1,1,2,210,1,57,37,5,3,0,0
4601620,TAMIL NADU,KRISHNAGIRI,HOSUR,2,Hosur,Hosur (M) - Ward No.7,,,,3,3,1,12,5,635109,2,2,3,0,2,19,0,0,0,2,2,1,1,2,224,1,26,25,5,6,0,0
7020982,TAMIL NADU,KRISHNAGIRI,HOSUR,2,Hosur,Hosur (M) - Ward No.36,,,,3,3,1,12,5,635109,2,2,3,0,2,19,0,0,0,2,2,1,1,2,221,1,62,57,8,7,0,0
7149271,TAMIL NADU,KRISHNAGIRI,BARGUR,1,,,Jambukuttapatti,Pochampalli,BARGUR,5,3,6,12,5,635206,2,2,3,0,2,19,0,0,0,2,2,1,9,2,205,1,0,0,0,0,0,0
2487503,TAMIL NADU,KRISHNAGIRI,KRISHNAGIRI,1,,,Marigampalli,Gangaleri,KRISHNAGIRI,3,3,1,12,5,635122,2,2,3,0,2,19,0,0,0,2,2,1,1,2,210,1,41,32,2,1,0,0
8675397,TAMIL NADU,KRISHNAGIRI,KELAMANGALAM,1,,,Rayakotta,Rayakottai,KELAMANGALAM,3,3,1,12,5,635116,2,2,3,0,2,19,0,0,0,1,1,1,1,2,217,1,23,14,1,1,0,0
2306581,TAMIL NADU,KRISHNAGIRI,HOSUR,1,,,Bagalur,Bagaloor,HOSUR,6,3,1,10,5,635124,2,2,3,0,1,19,0,0,0,2,2,1,1,2,210,1,21,16,6,4,0,0
1839701,TAMIL NADU,KRISHNAGIRI,MATHUR,1,,,Anandur,Anandur,MATHUR,6,3,1,10,5,635304,2,2,3,0,2,19,0,0,0,2,2,1,1,2,210,1,12,11,2,0,0,0
2606910,TAMIL NADU,KRISHNAGIRI,KRISHNAGIRI,1,,,Kathinayanapalli,Kaattinaayanapalli,Krishnagiri,6,3,1,10,5,635001,2,2,3,0,2,19,0,0,0,2,0,1,1,2,208,1,12,9,11,11,0,0
6412650,TAMIL NADU,KRISHNAGIRI,THALLY,1,,,Thalli,Thally,THALLY,6,3,1,10,5,635118,2,2,3,0,1,19,0,0,0,2,2,1,1,2,215,1,31,16,2,2,0,0
1096718,TAMIL NADU,KRISHNAGIRI,KELAMANGALAM,2,Denkanikottai,Denkanikottai (TP) - Ward No.15,,,,3,3,1,12,5,635107,2,2,3,0,2,19,0,0,0,2,2,1,1,2,0,1,57,70,2,8,0,0
1281135,TAMIL NADU,KRISHNAGIRI,KELAMANGALAM,1,,,Muthanhalli,Doddathimmanahalli,KELAMANGALAM,6,3,1,10,5,635116,2,2,3,0,2,19,0,0,0,1,1,1,1,2,224,1,31,16,10,2,0,0
8477144,TAMIL NADU,KRISHNAGIRI,KAVERIPATINAM,1,,,Timmapuram,Thimmapuram,KAVERIPATTINAM,6,3,1,10,5,635112,2,2,3,0,2,19,0,0,0,2,2,1,1,2,217,1,14,15,0,1,0,0
5295772,TAMIL NADU,KRISHNAGIRI,KAVERIPATINAM,1,,,Bannihalli,Bannihalli,KAVERIPATTINAM,6,3,1,10,5,635106,2,2,3,0,2,19,0,0,0,2,0,1,1,2,212,1,30,19,3,3,0,0
3666067,TAMIL NADU,KRISHNAGIRI,HOSUR,1,,,Onalvadi,Onnalvadi,Hosur,2,3,1,8,5,635110,2,2,3,0,2,19,0,0,0,0,0,1,1,2,0,1,11,7,7,11,0,0
1301759,TAMIL NADU,KRISHNAGIRI,HOSUR,2,Hosur,Hosur (M) - Ward No.32,,,,3,3,1,12,5,635110,2,2,3,0,2,19,0,0,0,1,1,1,1,2,230,1,40,46,12,12,0,0
1319740,TAMIL NADU,KRISHNAGIRI,SHOOLAGIRI,1,,,Kumbalam,Kumbalam,SHOOLAGIRI,1,3,1,5,1,635117,2,2,3,0,2,16,0,0,0,2,2,1,2,2,210,1,0,0,0,0,0,0
9932993,TAMIL NADU,KRISHNAGIRI,KRISHNAGIRI,1,,,Junjupalli,Jinjupalli,Krishnagiri,2,3,1,8,5,635115,2,2,3,0,1,19,0,0,0,0,0,1,1,2,212,1,15,4,4,4,0,0
6994409,TAMIL NADU,KRISHNAGIRI,KELAMANGALAM,1,,,Pillari Agraharam,Pillariagraharam,KELAMANGALAM,1,3,1,5,1,635116,2,2,3,0,2,16,0,0,0,2,2,1,2,2,210,1,0,0,2,1,0,0
6051199,TAMIL NADU,KRISHNAGIRI,THALLY,1,,,Madagondapalli,Madhagondapalli,THALLY,6,3,1,10,5,635114,2,2,3,0,2,19,0,0,0,2,2,1,1,2,207,1,8,8,0,0,0,0
5998796,TAMIL NADU,KRISHNAGIRI,VEPPANAPALLI,1,,,Marachandiram,Marasandiram,VEPPANAPALLI,1,3,1,5,1,635121,2,2,3,0,2,19,0,0,0,2,2,1,2,2,204,1,0,0,0,0,0,0
2976796,TAMIL NADU,KRISHNAGIRI,HOSUR,1,,,Achettipalli,Achettipalli,HOSUR,3,3,1,12,5,635110,2,2,3,0,2,19,0,0,0,1,1,1,1,2,228,1,34,22,10,17,0,0
8544414,TAMIL NADU,KRISHNAGIRI,BARGUR,1,,,Achamangalam,Achamangalam,BARGUR,1,3,1,5,1,635108,2,2,3,0,2,16,0,0,0,2,2,1,2,2,194,1,0,0,0,0,0,1
9721840,TAMIL NADU,KRISHNAGIRI,KRISHNAGIRI,1,,,Agasipalli,Agasipalli,,2,3,1,8,5,635001,2,2,3,0,2,19,0,0,0,0,0,1,1,2,206,1,2,6,59,49,0,0
7915987,TAMIL NADU,KRISHNAGIRI,KAVERIPATINAM,1,,,Chaparthi,Chaparthi,KAVERIPATTINAM,1,3,1,5,1,635106,2,2,3,0,2,16,0,0,0,2,2,1,2,2,194,1,0,0,0,0,0,0
1787487,TAMIL NADU,KRISHNAGIRI,KAVERIPATINAM,2,Kaveripattinam,Kaveripattinam (TP) - Ward No.9,,,,1,3,1,5,5,635112,2,2,3,0,2,19,0,0,0,2,2,1,1,2,210,1,5,2,1,0,0,0
6040281,TAMIL NADU,KRISHNAGIRI,THALLY,1,,,Urigam,Urigam,THALLY,1,3,1,5,1,635102,2,2,3,0,2,16,0,0,0,2,2,1,2,2,208,1,0,0,3,1,2,2
4780081,TAMIL NADU,KRISHNAGIRI,KAVERIPATINAM,1,,,Bendarahalli,Arasampatti,KAVERIPATTINAM,1,3,1,5,1,635201,2,2,3,0,2,16,0,0,0,2,2,1,2,1,194,1,0,0,0,0,2,2
2007314,TAMIL NADU,KRISHNAGIRI,SHOOLAGIRI,1,,,Pannapalli,Pannapalli,SHOOLAGIRI,1,3,1,5,1,635105,2,2,3,0,2,19,0,0,0,2,2,1,2,2,202,1,0,0,0,0,1,2
5866426,TAMIL NADU,KRISHNAGIRI,KAVERIPATINAM,1,,,Gundalapatti,Gundalapatti,KAVERIPATTINAM,1,3,1,5,1,635101,2,2,3,0,2,16,0,0,0,2,2,1,2,1,194,1,0,0,1,0,1,3
4914456,TAMIL NADU,KRISHNAGIRI,BARGUR,1,,,Jambukuttapatti,Pochampalli,BARGUR,1,3,1,5,1,635206,2,2,3,0,2,16,0,0,0,2,2,1,2,1,194,1,0,0,1,0,0,0
1704339,TAMIL NADU,KRISHNAGIRI,MATHUR,1,,,Gerigepally,Gerigepalli,MATHUR,1,3,1,5,1,635306,2,2,3,0,2,16,0,0,0,2,2,1,2,2,210,1,0,0,0,0,0,0
7889933,TAMIL NADU,KRISHNAGIRI,THALLY,1,,,Marudanapalli,Marudhanapalli,THALLY,1,3,1,5,1,635107,2,2,3,0,2,16,0,0,0,2,2,1,2,2,207,1,0,0,0,0,0,2
9044495,TAMIL NADU,KRISHNAGIRI,THALLY,1,,,Karandapalli,Karandapalli,THALLY,1,3,1,5,1,635107,2,2,3,0,2,16,0,0,0,2,2,1,2,2,200,1,0,1,0,1,1,1
6054453,TAMIL NADU,KRISHNAGIRI,HOSUR,1,,,Thorapalli Agraharam,Thorapalliagraharam,HOSUR,1,3,1,5,1,635109,2,2,3,0,2,19,16,0,0,2,2,1,2,2,204,1,0,0,0,0,0,0
8639394,TAMIL NADU,KRISHNAGIRI,HOSUR,1,,,Sevaganapalli,Sevaganapalli,HOSUR,1,3,1,5,1,635103,2,2,3,0,2,19,0,0,0,2,2,1,2,2,204,1,0,0,0,0,0,0
8304450,TAMIL NADU,KRISHNAGIRI,KELAMANGALAM,1,,,Kundumaranapalli,Kundhumaranapalli,KELAMANGALAM,1,3,1,5,1,635113,2,2,3,0,2,19,0,0,0,2,2,1,2,2,194,1,0,0,0,0,0,0
2696681,TAMIL NADU,KRISHNAGIRI,THALLY,1,,,Binnamangalam,Binnamangalam,THALLY,1,3,1,5,1,635118,2,2,3,0,2,19,0,0,0,2,2,1,2,2,208,1,0,0,0,0,2,3
3138199,TAMIL NADU,KRISHNAGIRI,HOSUR,1,,,Vathiripalli,Alasapalli Batvarapalli,HOSUR,1,3,1,5,1,635103,2,2,3,0,2,19,0,0,0,2,2,1,2,2,204,1,0,0,0,0,0,0
6966161,TAMIL NADU,KRISHNAGIRI,KELAMANGALAM,1,,,Suligunta,Koppakarai,KELAMANGALAM,1,3,1,5,1,635116,2,2,3,0,2,16,0,0,0,2,2,1,2,2,210,1,0,0,0,0,0,0
3536217,TAMIL NADU,KRISHNAGIRI,KELAMANGALAM,1,,,Nagamangalam,Nagamangalam,KELAMANGALAM,1,3,1,5,1,635113,2,2,3,0,2,16,0,0,0,2,2,1,2,2,207,1,0,0,0,0,7,10
7648291,TAMIL NADU,KRISHNAGIRI,KELAMANGALAM,1,,,Rayakotta,Rayakottai,KELAMANGALAM,1,3,1,5,1,635116,2,2,3,0,2,16,0,0,0,2,2,1,2,2,203,1,0,0,1,0,3,2
1195504,TAMIL NADU,KRISHNAGIRI,HOSUR,1,,,Begepalli,Begapalli,HOSUR,1,3,1,5,1,635126,2,2,3,0,2,19,0,0,0,2,2,1,2,2,204,1,0,0,1,1,0,0
4903727,TAMIL NADU,KRISHNAGIRI,KAVERIPATINAM,1,,,Paiyur,Paiyur,KAVERIPATTINAM,1,3,1,5,1,635112,2,2,3,0,2,16,0,0,0,2,2,1,2,2,194,1,0,0,1,0,2,3
4592200,TAMIL NADU,KRISHNAGIRI,BARGUR,1,,,Kadappasandampatti,Kullampatti,BARGUR,1,3,1,5,1,635203,2,2,3,0,2,16,0,0,0,2,2,1,2,2,204,1,0,0,1,2,0,0
4676385,TAMIL NADU,KRISHNAGIRI,BARGUR,1,,,Achamangalam,Achamangalam,BARGUR,1,3,1,5,1,635104,2,2,3,0,2,16,0,0,0,2,2,1,2,2,193,1,0,0,2,3,0,1
5625303,TAMIL NADU,KRISHNAGIRI,KELAMANGALAM,1,,,Anekollu,Anekollu,KELAMANGALAM,1,3,1,5,1,635113,2,2,3,0,2,16,0,0,0,2,2,1,2,2,194,1,0,0,0,0,3,2
5342087,TAMIL NADU,KRISHNAGIRI,KRISHNAGIRI,1,,,Kammaampalli,Mallinaayanapalli,KRISHNAGIRI,1,3,1,5,1,635120,2,2,3,0,2,19,0,0,0,2,2,1,2,2,210,1,0,0,1,0,0,0
8087314,TAMIL NADU,KRISHNAGIRI,MATHUR,1,,,Rengampatti,Valipatti,MATHUR,1,3,1,5,1,635203,2,2,3,0,2,16,0,0,0,2,2,1,2,1,210,1,0,0,2,1,0,0
8116324,TAMIL NADU,KRISHNAGIRI,MATHUR,1,,,Oddapatti,Naralapalli,MATHUR,1,3,1,5,1,635203,2,2,3,0,2,16,0,0,0,2,2,1,2,2,210,1,0,0,0,0,0,0
7605588,TAMIL NADU,KRISHNAGIRI,MATHUR,1,,,Nagalpatti,Samalpatti,MATHUR,1,3,1,5,1,635306,2,2,3,0,2,16,0,0,0,2,2,1,2,2,210,1,0,0,0,0,0,1
4110406,TAMIL NADU,KRISHNAGIRI,KAVERIPATINAM,1,,,Balekuli,Baleguli,Kaveripattinam,1,3,1,5,1,635204,2,2,3,0,2,19,16,0,0,2,2,1,2,2,189,1,0,0,0,2,0,0
4503481,TAMIL NADU,KRISHNAGIRI,BARGUR,1,,,Sigaralapalli,Sigaralapalli,BARGUR,6,3,1,10,5,635104,2,2,3,0,2,19,0,0,0,2,0,1,1,2,200,1,6,11,7,3,0,0
4419835,TAMIL NADU,KRISHNAGIRI,KELAMANGALAM,1,,,Rayakotta,Rayakottai,KELAMANGALAM,6,3,1,10,5,635116,2,2,3,0,2,19,0,0,0,2,2,1,1,2,217,1,18,16,3,3,3,3
6316676,TAMIL NADU,KRISHNAGIRI,KRISHNAGIRI,2,Krishnagiri,Krishnagiri (M) - Ward No.4,,,,1,3,1,5,5,635001,2,2,3,0,2,19,0,0,0,2,2,1,1,2,210,1,3,5,1,0,0,0
5117802,TAMIL NADU,KRISHNAGIRI,KRISHNAGIRI,1,,,Gangaleri,Gangaleri,KRISHNAGIRI,1,3,1,5,1,635122,2,2,3,0,2,16,0,0,0,2,2,1,2,2,203,1,0,0,2,0,1,0
7221642,TAMIL NADU,KRISHNAGIRI,BARGUR,2,Bargur,Bargur (TP) - Ward No.7,,,,3,3,1,12,5,635104,2,2,3,0,2,16,0,0,0,2,2,1,1,2,207,1,0,0,0,0,0,0
8446865,TAMIL NADU,KRISHNAGIRI,HOSUR,2,Hosur,Hosur (M) - Ward No.31,,,,6,3,1,10,5,635109,2,2,3,0,2,19,0,0,0,2,0,1,1,2,222,1,35,30,2,8,5,3
5957687,TAMIL NADU,KRISHNAGIRI,BARGUR,1,,,Chendrapalli,Anchoor,BARGUR,3,3,1,12,5,635203,2,2,3,0,2,19,0,0,0,2,2,1,1,2,207,1,67,39,9,9,0,0
9872061,TAMIL NADU,KRISHNAGIRI,KRISHNAGIRI,1,,,Alapatti,Velagalahalli,KRISHNAGIRI,1,3,1,5,1,635122,2,2,3,0,2,16,19,0,0,2,2,1,2,2,210,1,0,0,1,0,1,1
9500126,TAMIL NADU,KRISHNAGIRI,UTHANGARAI,1,,,Chinnathallapadi,Mittapalli,UTHANGARAI,1,3,1,5,1,635307,2,2,3,0,2,16,0,0,0,2,2,1,2,2,210,1,0,0,0,0,1,1
4186298,TAMIL NADU,KRISHNAGIRI,KAVERIPATINAM,1,,,Damodarhalli,Dhamodarahalli,KAVERIPATTINAM,1,3,1,5,1,635123,2,2,3,0,2,16,0,0,0,2,2,1,2,1,204,1,0,0,1,0,2,2
9952162,TAMIL NADU,KRISHNAGIRI,KRISHNAGIRI,1,,,Chikkapoovathi,Chikkapoovathi,KRISHNAGIRI,1,3,1,5,1,635122,2,2,3,0,2,16,0,0,0,2,2,1,2,1,210,1,0,0,2,0,8,3
2017166,TAMIL NADU,KRISHNAGIRI,THALLY,1,,,Madagondapalli,Madhagondapalli,THALLY,3,3,1,12,5,635114,2,2,3,0,2,19,0,0,0,1,1,1,2,2,225,1,21,21,1,0,0,0
2009492,TAMIL NADU,KRISHNAGIRI,BARGUR,1,,,Chendrapalli,Anchoor,BARGUR,1,3,1,5,5,635203,2,2,3,0,2,19,0,0,0,2,2,1,1,2,209,1,23,19,2,2,0,0
1485306,TAMIL NADU,KRISHNAGIRI,KAVERIPATINAM,1,,,Kudimenahalli,Kudimenahalli,KAVERIPATTINAM,1,3,1,5,1,635123,2,2,3,0,2,19,0,0,0,2,2,1,2,2,204,1,0,0,1,3,3,5
1133984,TAMIL NADU,KRISHNAGIRI,MATHUR,1,,,Thathinayakkanpatti,Veerachikuppam,MATHUR,1,3,1,5,1,635207,2,2,3,0,2,16,0,0,0,2,2,1,2,1,200,1,0,0,0,0,0,0
1197912,TAMIL NADU,KRISHNAGIRI,VEPPANAPALLI,1,,,Marachandiram,Marasandiram,VEPPANAPALLI,1,3,1,5,1,635115,2,2,3,0,2,16,0,0,0,2,2,1,2,2,204,1,0,0,1,0,0,0
1240025,TAMIL NADU,KRISHNAGIRI,KRISHNAGIRI,1,,,Devasamudiram,Devasamuthiram,KRISHNAGIRI,6,3,1,10,5,635001,2,2,3,0,2,19,0,0,0,2,0,1,1,2,220,1,4,2,0,0,0,0
9084762,TAMIL NADU,KRISHNAGIRI,THALLY,1,,,Anchetty,Anchetti,THALLY,1,3,1,5,1,635102,2,2,3,0,2,16,0,0,0,2,2,1,2,2,208,1,0,0,0,0,1,1
1086210,TAMIL NADU,KRISHNAGIRI,BARGUR,1,,,Salinayanapalli,Karakuppam,BARGUR,1,3,1,5,1,635104,2,2,3,0,2,16,0,0,0,2,2,1,2,1,207,1,0,0,0,0,0,0
7454295,TAMIL NADU,KRISHNAGIRI,KAVERIPATINAM,2,Nagojanahalli,Nagojanahalli (TP) - Ward No.6,,,,1,3,1,5,1,635204,2,2,3,0,2,16,0,0,0,2,2,1,2,1,189,1,0,0,0,0,2,2
4058628,TAMIL NADU,KRISHNAGIRI,KAVERIPATINAM,1,,,Thatrahalli,Thatrahalli,KAVERIPATTINAM,1,3,1,5,1,635123,2,2,3,0,2,16,0,0,0,2,2,1,2,2,220,1,0,0,0,1,2,0
4082833,TAMIL NADU,KRISHNAGIRI,VEPPANAPALLI,1,,,Kurubarapalli,Kurubarapalli,VEPPANAPALLI,1,3,1,5,1,635115,2,2,3,0,2,16,0,0,0,2,2,1,2,2,204,1,0,0,2,1,0,0
8500579,TAMIL NADU,KRISHNAGIRI,VEPPANAPALLI,1,,,Kurubarapalli,Kurubarapalli,VEPPANAPALLI,1,3,1,5,1,635115,2,2,3,0,2,19,0,0,0,2,2,1,2,2,205,1,0,0,5,1,1,4
4068427,TAMIL NADU,KRISHNAGIRI,SHOOLAGIRI,1,,,Thiyarandurgam,Kommepalli,SHOOLAGIRI,1,3,1,5,1,635119,2,2,3,0,2,19,0,0,0,2,2,1,2,2,204,1,0,0,0,0,1,1
4213808,TAMIL NADU,KRISHNAGIRI,UTHANGARAI,1,,,Pallathur,Athipadi,UTHANGARAI,1,3,1,5,1,635307,2,2,3,0,2,16,0,0,0,2,2,1,2,1,210,1,0,0,0,1,0,0
4256201,TAMIL NADU,KRISHNAGIRI,MATHUR,1,,,Kannandahalli,Kannandahalli,MATHUR,1,3,1,5,1,635203,2,2,3,0,2,16,0,0,0,2,2,1,2,2,200,1,0,0,0,1,0,0
3588406,TAMIL NADU,KRISHNAGIRI,THALLY,1,,,Ballapalli,Ballapalli,THALLY,1,3,1,5,1,635107,2,2,3,0,2,19,0,0,0,2,2,1,2,2,208,1,0,0,0,1,1,1
3242703,TAMIL NADU,KRISHNAGIRI,HOSUR,1,,,Muthuganapalli,Muduganapalli,HOSUR,1,3,1,5,1,635110,2,2,3,0,2,19,0,0,0,2,2,1,2,2,204,1,0,0,0,0,0,0
9713415,TAMIL NADU,KRISHNAGIRI,VEPPANAPALLI,1,,,Chennasandiram,Marasandiram,VEPPANAPALLI,1,3,1,5,1,635121,2,2,3,0,2,16,0,0,0,2,2,1,2,1,194,1,0,0,1,0,0,5
4503688,TAMIL NADU,KRISHNAGIRI,UTHANGARAI,1,,,Marampatti,Marampatty,UTHANGARAI,1,3,1,5,1,635207,2,2,3,0,2,16,0,0,0,2,2,1,2,2,210,1,0,0,0,0,0,0
7210498,TAMIL NADU,KRISHNAGIRI,THALLY,1,,,Noganoor,Noganur,THALLY,1,3,1,5,1,635107,2,2,3,0,2,16,0,0,0,2,2,1,2,1,204,1,0,0,0,0,3,3
9774588,TAMIL NADU,KRISHNAGIRI,KRISHNAGIRI,1,,,Venkatapuram (Ct),Venkatapuram,KRISHNAGIRI,3,3,1,12,5,635001,2,2,3,0,2,19,0,0,0,1,1,1,2,2,236,1,1,1,40,28,1,1
9101266,TAMIL NADU,KRISHNAGIRI,KELAMANGALAM,1,,,Santhanapalli,Sandhanapalli,KELAMANGALAM,1,3,1,5,1,635107,2,2,3,0,2,16,0,0,0,2,2,1,2,2,210,1,0,0,0,0,0,0
4628421,TAMIL NADU,KRISHNAGIRI,SHOOLAGIRI,1,,,Shoolagiri,Shoolagiri,SHOOLAGIRI,3,3,1,12,5,635117,2,2,3,0,2,19,0,0,0,2,2,1,1,2,232,1,21,35,3,4,0,0
1328782,TAMIL NADU,KRISHNAGIRI,KELAMANGALAM,1,,,Jakkeri,Jekkeri,KELAMANGALAM,1,3,1,5,1,635113,2,2,3,0,2,19,0,0,0,2,2,1,2,2,204,1,0,0,0,0,3,9
8431387,TAMIL NADU,KRISHNAGIRI,SHOOLAGIRI,1,,,Maruthanapalli,Maruthandapalli,SHOOLAGIRI,1,3,1,5,1,635117,2,2,3,0,2,16,0,0,0,2,2,1,2,2,210,1,0,0,0,0,0,0
4382109,TAMIL NADU,KRISHNAGIRI,KELAMANGALAM,1,,,Pillari Agraharam,Pillariagraharam,KELAMANGALAM,1,3,1,5,1,635116,2,2,3,0,2,19,0,0,0,2,2,1,2,2,210,1,0,0,0,0,9,13
4584505,TAMIL NADU,KRISHNAGIRI,BARGUR,1,,,Kondappanayakempalli,Kondappanayanapalli,BARGUR,1,3,1,5,1,635104,2,2,3,0,2,16,0,0,0,2,2,1,2,2,210,1,0,0,1,0,0,0
5343967,TAMIL NADU,KRISHNAGIRI,HOSUR,2,Hosur,Hosur (M) - Ward No.34,,,,3,3,1,12,5,635109,2,2,3,0,2,19,0,0,0,2,2,1,1,2,223,1,31,16,4,8,0,0
5365169,TAMIL NADU,KRISHNAGIRI,MATHUR,1,,,Ettipatti,K. Ettipatti,MATHUR,1,3,1,5,1,635306,2,2,3,0,2,16,0,0,0,2,2,1,2,2,200,1,0,0,0,0,1,3
4900350,TAMIL NADU,KRISHNAGIRI,HOSUR,2,Hosur,Hosur (M) - Ward No.44,,,,6,3,1,10,5,635110,2,2,3,0,2,19,0,0,0,2,0,1,1,2,205,1,5,5,0,1,3,0
8677756,TAMIL NADU,KRISHNAGIRI,MATHUR,1,,,Gendigampatti,Kalarpathi,MATHUR,1,3,1,5,1,635206,2,2,3,0,2,16,0,0,0,2,2,1,2,2,204,1,0,0,0,2,1,3
9707450,TAMIL NADU,KRISHNAGIRI,BARGUR,1,,,Puligunta,Thogarapalli,BARGUR,1,3,1,5,1,635203,2,2,3,0,2,16,0,0,0,2,2,1,2,2,210,1,0,0,0,0,0,0
3927081,TAMIL NADU,KRISHNAGIRI,KRISHNAGIRI,1,,,Kattiganapalli (Ct),Kattigaanapalli,KRISHNAGIRI,6,3,1,10,5,635001,2,2,3,0,2,19,0,0,0,1,0,1,1,2,208,1,2,1,1,0,0,0
9397924,TAMIL NADU,KRISHNAGIRI,MATHUR,1,,,Sevvampatti,Sivampatti,MATHUR,1,3,1,5,1,635203,2,2,3,0,2,19,16,0,0,2,2,1,2,2,207,1,0,0,0,0,4,2
5843336,TAMIL NADU,KRISHNAGIRI,HOSUR,1,,,Nallur,Nallur,HOSUR,3,3,1,12,5,635109,2,2,3,0,2,19,0,0,0,1,1,1,1,2,225,1,81,67,30,22,0,0
1281958,TAMIL NADU,KRISHNAGIRI,THALLY,1,,,Thalli,Thally,THALLY,1,3,1,5,1,635118,2,2,3,0,2,19,0,0,0,2,2,1,2,2,208,1,0,0,1,0,4,10
6787738,TAMIL NADU,KRISHNAGIRI,KAVERIPATINAM,1,,,Paiyur,Paiyur,KAVERIPATTINAM,1,3,1,5,1,635111,2,2,3,0,2,16,0,0,0,2,2,1,2,2,194,1,0,0,2,0,0,0
8749140,TAMIL NADU,KRISHNAGIRI,UTHANGARAI,1,,,Vathiyanur,Nochipatty,UTHANGARAI,1,3,1,5,1,635207,2,2,3,0,2,16,0,0,0,2,2,1,2,1,210,1,0,0,0,0,0,0
6871035,TAMIL NADU,KRISHNAGIRI,KAVERIPATINAM,1,,,Mittahalli,Mittahalli,KAVERIPATTINAM,1,3,1,5,1,635112,2,2,3,0,2,16,0,0,0,2,2,1,2,2,197,1,0,0,0,0,0,0
3269327,TAMIL NADU,KRISHNAGIRI,THALLY,1,,,Komaranapalli,Komaranapalli,THALLY,1,3,1,5,1,635114,2,2,3,0,2,19,0,0,0,2,2,1,2,2,194,1,0,0,0,0,3,1
3801878,TAMIL NADU,KRISHNAGIRI,KAVERIPATINAM,1,,,Panneswaramadam,Penneswaramadam,KAVERIPATTINAM,3,3,1,12,5,635112,2,2,3,0,2,19,16,0,0,2,2,1,1,2,220,1,78,66,3,4,0,0
5946237,TAMIL NADU,KRISHNAGIRI,BARGUR,1,,,Ikondamkothapalli.,Ikondamkothapalli,BARGUR,1,3,1,5,1,635203,2,2,3,0,2,16,0,0,0,2,2,1,2,2,210,1,0,0,0,0,0,0
3442810,TAMIL NADU,KRISHNAGIRI,BARGUR,1,,,Puligunta,Thogarapalli,BARGUR,1,3,1,5,1,635203,2,2,3,0,2,16,0,0,0,2,2,1,2,2,210,1,0,0,2,0,0,0
9685419,TAMIL NADU,KRISHNAGIRI,THALLY,1,,,Karandapalli,Karandapalli,THALLY,1,3,1,5,1,635107,2,2,3,0,2,16,0,0,0,2,2,1,2,2,196,1,0,0,0,0,8,3
7857230,TAMIL NADU,KRISHNAGIRI,BARGUR,1,,,Guruvinayanapalli,Guruvinayanapalli,BARGUR,1,3,1,5,1,635120,2,2,3,0,2,16,0,0,0,2,2,1,2,2,210,1,0,0,1,1,4,9
9510661,TAMIL NADU,KRISHNAGIRI,HOSUR,1,,,Alur,Baliganapalli,HOSUR,1,3,1,5,1,635103,2,2,3,0,2,19,0,0,0,2,2,1,2,1,204,1,0,0,0,0,2,0
8783948,TAMIL NADU,KRISHNAGIRI,THALLY,1,,,Madakkal,Madakkal,THALLY,1,3,1,5,1,635118,2,2,3,0,2,16,0,0,0,2,2,1,2,2,12,1,0,0,0,0,3,1
1471204,TAMIL NADU,KRISHNAGIRI,UTHANGARAI,1,,,Vengadathanpatti,Vengadathampatti,UTHANGARAI,1,3,1,5,1,635207,2,2,3,0,2,16,0,0,0,2,2,1,2,2,210,1,0,0,0,0,0,0
1350457,TAMIL NADU,KRISHNAGIRI,HOSUR,1,,,Kelavarapalli,Kelavarapalli,HOSUR,1,3,1,5,1,635109,2,2,3,0,2,19,0,0,0,2,2,1,2,2,204,1,0,0,0,0,2,4
8976252,TAMIL NADU,KRISHNAGIRI,SHOOLAGIRI,1,,,Berigai,B.S.Thimmasandiram,SHOOLAGIRI,1,3,1,5,1,635105,2,2,3,0,2,19,0,0,0,2,2,1,2,2,204,1,0,0,0,0,0,0
3323113,TAMIL NADU,KRISHNAGIRI,SHOOLAGIRI,1,,,Kamandoddi,Kamandoddi,SHOOLAGIRI,1,3,1,5,1,635109,2,2,3,0,2,19,0,0,0,2,2,1,2,2,204,1,0,0,0,0,12,13
5343292,TAMIL NADU,KRISHNAGIRI,BARGUR,1,,,Jinkalkadirampatti,Jingalkathirampatti,BARGUR,1,3,1,5,1,635206,2,2,3,0,2,16,0,0,0,2,2,1,2,2,210,1,0,0,0,0,4,1
5703018,TAMIL NADU,KRISHNAGIRI,BARGUR,1,,,Guttur,Guttur,BARGUR,1,3,1,5,1,635104,2,2,3,0,2,16,0,0,0,2,2,1,2,2,210,1,0,0,1,1,0,0
6814719,TAMIL NADU,KRISHNAGIRI,BARGUR,1,,,Batlapalli,Batlapalli,BARGUR,1,3,1,5,1,635104,2,2,3,0,2,16,0,0,0,2,2,1,2,2,189,1,0,0,0,0,1,4
6893182,TAMIL NADU,KRISHNAGIRI,BARGUR,1,,,Jagadevipalayam,Jagadevi,BARGUR,1,3,1,5,1,635104,2,2,3,0,2,16,0,0,0,2,2,1,2,1,192,1,0,0,1,0,0,0
5517972,TAMIL NADU,KRISHNAGIRI,KRISHNAGIRI,1,,,Agasipalli,Agasipalli,KRISHNAGIRI,1,3,1,5,1,635002,2,2,3,0,2,16,0,0,0,2,2,1,2,2,204,1,0,0,4,1,0,0
4771374,TAMIL NADU,KRISHNAGIRI,UTHANGARAI,1,,,Periyakottakulam,Periya Kotta Kulam,UTHANGARAI,1,3,1,5,1,635304,2,2,3,0,2,16,0,0,0,2,2,1,2,2,210,1,0,0,0,0,0,0
4814261,TAMIL NADU,KRISHNAGIRI,THALLY,1,,,Natrapalayam,Natrampalayam,THALLY,1,3,1,5,1,635102,2,2,3,0,2,16,0,0,0,2,2,1,2,2,194,1,0,0,1,0,2,1
7115992,TAMIL NADU,KRISHNAGIRI,UTHANGARAI,1,,,Vengadathanpatti,Vengadathampatti,UTHANGARAI,1,3,1,5,1,635207,2,2,3,0,2,16,0,0,0,2,2,1,2,2,210,1,0,0,0,0,0,0
6946237,TAMIL NADU,KRISHNAGIRI,SHOOLAGIRI,1,,,Nerigam,Nerigam,SHOOLAGIRI,1,3,1,5,1,635105,2,2,3,0,2,19,0,0,0,2,2,1,2,2,204,1,0,0,0,0,0,2
6577033,TAMIL NADU,KRISHNAGIRI,KAVERIPATINAM,1,,,Jagadab,Jagadab,KAVERIPATTINAM,1,3,1,5,1,635112,2,2,3,0,2,19,0,0,0,2,2,1,2,1,204,1,0,0,6,1,0,1
1383808,TAMIL NADU,KRISHNAGIRI,KAVERIPATINAM,1,,,Kudimenahalli,Kudimenahalli,KAVERIPATTINAM,1,3,1,5,1,635204,2,2,3,0,2,16,0,0,0,2,2,1,2,2,204,1,0,0,0,2,0,0
7808361,TAMIL NADU,KRISHNAGIRI,HOSUR,1,,,Jeemangalam,Bagaloor,HOSUR,3,3,1,12,5,635109,2,2,3,0,2,19,0,0,0,1,1,1,1,2,220,2,146,115,6,6,0,0
7305312,TAMIL NADU,KRISHNAGIRI,KELAMANGALAM,1,,,Rayakotta,Rayakottai,KELAMANGALAM,1,3,1,5,5,635116,2,2,3,0,2,19,0,0,0,2,2,1,1,2,0,1,7,9,0,0,0,0
3251382,TAMIL NADU,KRISHNAGIRI,KRISHNAGIRI,2,Krishnagiri,Krishnagiri (M) - Ward No.31,,,,3,3,1,12,5,635001,2,2,3,0,2,19,0,0,0,2,2,1,1,2,210,1,28,30,22,14,0,0
9620682,TAMIL NADU,KRISHNAGIRI,HOSUR,1,,,Onalvadi,Onnalvadi,HOSUR,3,3,1,12,5,635109,2,2,3,0,2,19,0,0,0,2,2,1,1,2,0,1,19,12,1,0,0,0
9507829,TAMIL NADU,KRISHNAGIRI,SHOOLAGIRI,1,,,Uddanapalli,Uddanapalli,SHOOLAGIRI,1,3,1,5,1,635119,2,2,3,0,2,19,0,0,0,2,2,1,2,1,204,1,0,0,0,0,2,4
1256295,TAMIL NADU,KRISHNAGIRI,KRISHNAGIRI,1,,,Kathinayanapalli,Kaattinaayanapalli,KRISHNAGIRI,1,3,1,5,1,635002,2,2,3,0,2,19,0,0,0,2,2,1,2,1,210,1,0,0,0,0,3,5
7336514,TAMIL NADU,KRISHNAGIRI,SHOOLAGIRI,1,,,Thuppuganapalli,Thuppuganapalli,SHOOLAGIRI,1,3,1,5,1,635119,2,2,3,0,2,16,0,0,0,2,2,1,2,2,207,1,0,0,0,0,0,0
8584553,TAMIL NADU,KRISHNAGIRI,VEPPANAPALLI,1,,,Marachandiram,Marasandiram,VEPPANAPALLI,1,3,1,5,1,635115,2,2,3,0,2,19,0,0,0,2,2,1,2,1,210,1,0,0,1,0,1,2
9119662,TAMIL NADU,KRISHNAGIRI,KAVERIPATINAM,1,,,Chaparthi,Chaparthi,KAVERIPATTINAM,1,3,1,5,1,635106,2,2,3,0,2,16,0,0,0,2,2,1,2,2,210,1,0,0,0,0,2,3
7671386,TAMIL NADU,KRISHNAGIRI,THALLY,1,,,Ballapalli,Ballapalli,THALLY,1,3,1,5,1,635107,2,2,3,0,2,16,0,0,0,2,2,1,2,2,210,1,0,0,0,0,2,1
6088988,TAMIL NADU,KRISHNAGIRI,SHOOLAGIRI,1,,,Ayaranapalli,Ayaranapalli,SHOOLAGIRI,1,3,1,5,1,635119,2,2,3,0,2,16,0,0,0,2,2,1,2,2,204,1,0,1,0,0,0,3
9343390,TAMIL NADU,KRISHNAGIRI,UTHANGARAI,2,Uthangarai,Uthangarai (TP) - Ward No.3,,,,1,3,1,5,5,635207,2,2,3,0,2,16,0,0,0,2,2,1,1,2,225,1,6,8,1,0,0,0
2051356,TAMIL NADU,KRISHNAGIRI,THALLY,1,,,Kottaiyur,Kottaiyur,THALLY,1,3,1,5,1,635102,2,2,3,0,2,16,0,0,0,2,2,1,2,2,210,1,0,0,0,0,0,0
7871505,TAMIL NADU,KRISHNAGIRI,KAVERIPATINAM,2,Kaveripattinam,Kaveripattinam (TP) - Ward No.13,,,,1,3,1,5,5,635112,2,2,3,0,2,19,0,0,0,2,2,1,1,2,210,1,2,4,1,0,0,0
5392170,TAMIL NADU,KRISHNAGIRI,UTHANGARAI,1,,,Mittapalli,Mittapalli,UTHANGARAI,3,3,1,12,5,635307,2,2,3,0,1,19,0,0,0,2,2,1,1,2,220,1,7,9,7,2,0,0
3692303,TAMIL NADU,KRISHNAGIRI,MATHUR,1,,,Salamarathupatti,Salamarathupattii,MATHUR,1,3,1,5,1,635304,2,2,3,0,2,16,0,0,0,2,2,1,2,2,200,1,0,0,0,0,0,0
5324332,TAMIL NADU,KRISHNAGIRI,BARGUR,1,,,Jambukuttapatti,Pochampalli,BARGUR,6,3,1,10,5,635206,2,2,3,0,1,19,0,0,0,3,0,1,1,2,209,1,68,45,7,6,0,0
7765036,TAMIL NADU,KRISHNAGIRI,KELAMANGALAM,1,,,Nagamangalam,Nagamangalam,KELAMANGALAM,1,3,1,5,1,635113,2,2,3,0,2,19,0,0,0,2,2,1,2,2,204,1,0,0,3,0,9,11
7467705,TAMIL NADU,KRISHNAGIRI,UTHANGARAI,1,,,Chandrapatti,Chandarapatti,UTHANGARAI,1,3,1,5,1,635304,2,2,3,0,2,16,0,0,0,2,2,1,2,2,210,1,0,0,0,0,0,0
3225224,TAMIL NADU,KRISHNAGIRI,BARGUR,1,,,Jambukuttapatti,Pochampalli,BARGUR,1,3,1,5,1,635206,2,2,3,0,2,16,0,0,0,2,2,1,2,2,196,1,0,0,0,0,0,0
1744618,TAMIL NADU,KRISHNAGIRI,SHOOLAGIRI,1,,,Ulagam,Banganahalli,SHOOLAGIRI,1,3,1,5,1,635117,2,2,3,0,2,16,0,0,0,2,2,1,2,2,204,1,0,0,0,0,4,7
9074330,TAMIL NADU,KRISHNAGIRI,BARGUR,1,,,Balinayanapalli,Balinayanapalli,BARGUR,1,3,1,5,1,635108,2,2,3,0,2,16,0,0,0,2,2,1,2,1,204,1,0,0,1,1,2,1
5650009,TAMIL NADU,KRISHNAGIRI,UTHANGARAI,1,,,Vathiyanur,Nochipatty,UTHANGARAI,3,3,1,12,5,635207,2,2,3,0,2,19,16,0,0,2,2,1,1,2,220,1,17,17,0,2,0,0
2901366,TAMIL NADU,KRISHNAGIRI,KAVERIPATINAM,1,,,Puliyampatti,Papparappatti,KAVERIPATTINAM,1,3,1,5,1,635123,2,2,3,0,2,19,0,0,0,2,2,1,2,1,200,1,0,0,1,0,1,3
6261648,TAMIL NADU,KRISHNAGIRI,THALLY,1,,,Anchetty,Anchetti,THALLY,1,3,1,5,1,635118,2,2,3,0,2,16,0,0,0,2,2,1,2,1,200,1,0,0,1,0,0,0
5571360,TAMIL NADU,KRISHNAGIRI,MATHUR,1,,,Pasandi,Samalpatti,MATHUR,1,3,1,5,1,635306,2,2,3,0,2,16,0,0,0,2,2,1,2,2,189,1,0,0,1,0,0,0
3202322,TAMIL NADU,KRISHNAGIRI,VEPPANAPALLI,1,,,Thattatharai,Naduvanapalli,VEPPANAPALLI,1,3,1,5,1,635121,2,2,3,0,2,16,0,0,0,2,2,1,2,2,210,1,0,0,1,1,4,5
6483761,TAMIL NADU,KRISHNAGIRI,KRISHNAGIRI,1,,,Sembadamuthur,Sembadamuthur,KRISHNAGIRI,1,3,1,5,1,635122,2,2,3,0,2,16,0,0,0,2,2,1,2,2,189,1,0,0,0,1,0,4
3135112,TAMIL NADU,KRISHNAGIRI,THALLY,1,,,Natrapalayam,Natrampalayam,THALLY,1,3,1,5,5,635102,2,2,3,0,2,19,0,0,0,2,2,1,1,2,0,1,19,12,1,0,0,0
6310717,TAMIL NADU,KRISHNAGIRI,KRISHNAGIRI,1,,,Venkatapuram (Ct),Venkatapuram,KRISHNAGIRI,3,3,1,12,5,635002,2,2,3,0,2,19,16,0,0,2,2,1,1,2,220,1,21,11,4,6,0,0
4687164,TAMIL NADU,KRISHNAGIRI,HOSUR,1,,,Battavarapalli,Alasapalli Batvarapalli,HOSUR,3,3,1,12,5,635103,2,2,3,0,2,19,0,0,0,2,2,1,1,2,210,1,23,18,3,1,0,0
1623074,TAMIL NADU,KRISHNAGIRI,KAVERIPATINAM,2,Kaveripattinam,Kaveripattinam (TP) - Ward No.10,,,,1,3,1,5,4,635112,2,2,3,0,2,16,0,0,0,2,2,1,2,2,194,1,0,0,2,0,0,0
9215213,TAMIL NADU,KRISHNAGIRI,KRISHNAGIRI,1,,,Kattiganapalli (Ct),Kattigaanapalli,Krishnagiri,1,3,1,5,5,635001,2,2,3,0,2,19,0,0,0,0,0,1,1,9,204,1,13,9,1,0,0,0
4738034,TAMIL NADU,KRISHNAGIRI,HOSUR,2,Hosur,Hosur (M) - Ward No.9,,,,1,3,1,5,5,635109,2,2,3,0,2,19,0,0,0,0,0,1,1,2,220,1,6,5,1,0,0,0
4341353,TAMIL NADU,KRISHNAGIRI,UTHANGARAI,1,,,Vellalapatti,Mettuthangal,Uthangarai,7,3,6,10,1,635304,2,2,3,0,2,16,0,0,0,2,0,1,9,0,210,1,0,0,0,0,0,0
2038423,TAMIL NADU,KRISHNAGIRI,KRISHNAGIRI,2,Krishnagiri,Krishnagiri (M) - Ward No.27,,,,1,3,1,5,5,635001,2,2,3,0,2,19,0,0,0,2,2,1,1,2,210,1,9,4,0,0,0,0
6941508,TAMIL NADU,KRISHNAGIRI,SHOOLAGIRI,1,,,Kumbalam,Kumbalam,SHOOLAGIRI,2,3,1,8,1,635117,2,2,3,0,2,19,0,0,0,2,2,1,2,2,210,1,0,0,0,0,3,7
3942097,TAMIL NADU,KRISHNAGIRI,UTHANGARAI,1,,,Kattanur,Veerana Kuppam,UTHANGARAI,2,3,1,8,1,635304,2,2,3,0,2,16,0,0,0,2,2,1,2,2,210,1,0,0,0,0,3,2
9981678,TAMIL NADU,KRISHNAGIRI,KRISHNAGIRI,1,,,Agasipalli,Agasipalli,KRISHNAGIRI,2,3,1,8,1,635001,2,2,3,0,2,16,0,0,0,2,2,1,2,2,210,1,0,0,1,0,2,7
8101698,TAMIL NADU,KRISHNAGIRI,UTHANGARAI,1,,,Kadavani,Kadavani,Uthangarai,1,3,1,5,1,635207,2,2,3,0,2,16,0,0,0,2,2,1,2,2,210,1,0,0,0,0,1,1
2118647,TAMIL NADU,KRISHNAGIRI,HOSUR,1,,,Bagalur,Bagaloor,HOSUR,1,3,1,5,5,635103,2,2,3,0,2,19,0,0,0,2,2,1,1,2,150,1,7,7,0,0,0,0
8854846,TAMIL NADU,KRISHNAGIRI,KELAMANGALAM,1,,,Santhanapalli,Sandhanapalli,KELAMANGALAM,2,3,1,8,1,635107,2,2,3,0,2,16,0,0,0,2,2,1,1,2,206,1,5,3,0,0,0,0
6105840,TAMIL NADU,KRISHNAGIRI,KRISHNAGIRI,1,,,Kathinayanapalli,Kaattinaayanapalli,KRISHNAGIRI,7,3,6,10,1,635001,2,2,3,0,2,16,19,0,0,2,0,1,9,0,203,1,0,0,0,0,0,0
5872968,TAMIL NADU,KRISHNAGIRI,HOSUR,2,Hosur,Hosur (M) - Ward No.4,,,,1,3,1,5,5,635126,2,2,3,0,2,19,0,0,0,2,2,1,1,2,180,1,17,9,4,4,0,0
1155745,TAMIL NADU,KRISHNAGIRI,KAVERIPATINAM,1,,,Bannihalli,Bannihalli,KAVERIPATTINAM,1,3,1,5,1,635106,2,2,3,0,2,16,0,0,0,2,2,1,2,2,194,1,0,0,0,0,4,3
6407505,TAMIL NADU,KRISHNAGIRI,BARGUR,1,,,Thogarapalli R.F.,Thogarapalli,BARGUR,5,1,6,12,1,635203,2,2,3,0,2,16,0,0,0,2,2,1,9,0,204,1,0,0,0,0,0,0
5125152,TAMIL NADU,KRISHNAGIRI,BARGUR,1,,,Veppalampatti,Veppalampatti,BARGUR,1,3,1,5,5,635206,2,2,3,0,2,19,0,0,0,2,2,1,1,2,180,1,9,17,3,0,0,0
3567670,TAMIL NADU,KRISHNAGIRI,VEPPANAPALLI,1,,,Marachandiram,Marasandiram,VEPPANAPALLI,2,3,1,8,1,635121,2,2,3,0,2,18,0,0,0,2,2,1,2,2,210,1,0,0,0,0,9,8
6731225,TAMIL NADU,KRISHNAGIRI,THALLY,1,,,Anchetty,Anchetti,THALLY,2,3,1,8,1,635102,2,2,3,0,2,16,0,0,0,2,2,1,2,2,198,1,1,0,0,0,8,4
5554182,TAMIL NADU,KRISHNAGIRI,BARGUR,1,,,Belethottam,Balethottam,BARGUR,2,3,1,8,1,630206,2,2,3,0,2,16,0,0,0,2,2,1,2,2,206,1,0,1,2,3,0,0
6228490,TAMIL NADU,KRISHNAGIRI,BARGUR,1,,,Vadamalampatti,Puliyampatti,BARGUR,2,3,1,8,1,635206,2,2,3,0,2,16,0,0,0,2,2,1,2,2,210,1,0,0,0,0,0,0
7117849,TAMIL NADU,KRISHNAGIRI,KAVERIPATINAM,1,,,Talihalli,Thalihalli,KAVERIPATTINAM,1,3,1,5,5,635112,2,2,3,0,2,19,0,0,0,2,2,1,1,2,210,1,16,5,0,0,0,0
5066081,TAMIL NADU,KRISHNAGIRI,KAVERIPATINAM,1,,,Kudimenahalli,Kudimenahalli,KAVERIPATTINAM,7,3,6,10,1,635123,2,2,3,0,2,16,0,0,0,2,2,1,9,0,210,1,0,0,0,0,0,0
8173514,TAMIL NADU,KRISHNAGIRI,KAVERIPATINAM,1,,,Mittahalli,Mittahalli,KAVERIPATTINAM,7,3,6,10,1,635112,2,2,3,0,2,16,0,0,0,2,0,1,9,0,200,1,0,0,0,0,0,0
9321189,TAMIL NADU,KRISHNAGIRI,KELAMANGALAM,2,Kelamangalam,Kelamangalam (TP) - Ward No.1,,,,2,3,1,8,1,635113,2,2,3,0,2,18,0,0,0,2,2,1,2,2,206,1,0,0,1,0,0,0
7796170,TAMIL NADU,KRISHNAGIRI,VEPPANAPALLI,1,,,Theertham,Theertham,VEPPANAPALLI,7,3,6,10,1,635121,2,2,3,0,2,19,16,0,0,2,0,1,9,0,208,1,0,0,0,0,0,0
5202792,TAMIL NADU,KRISHNAGIRI,KELAMANGALAM,1,,,Pachapanatti,Bommathathanur,KELAMANGALAM,7,3,6,10,1,635113,2,2,3,0,2,19,0,0,0,2,0,1,9,0,208,1,0,0,0,0,0,0
1711664,TAMIL NADU,KRISHNAGIRI,SHOOLAGIRI,1,,,Moranapalli,Perandapalli,SHOOLAGIRI,7,3,6,10,1,635109,2,2,3,0,2,19,0,0,0,2,2,1,9,0,210,1,0,0,0,0,0,0
3229906,TAMIL NADU,KRISHNAGIRI,SHOOLAGIRI,1,,,Maruthanapalli,Maruthandapalli,SHOOLAGIRI,5,1,6,12,1,635117,2,2,3,0,2,17,16,19,0,2,2,1,9,0,210,1,0,0,0,0,0,0
5765830,TAMIL NADU,KRISHNAGIRI,VEPPANAPALLI,1,,,Manavarnapalli,Manavarnapalli,VEPPANAPALLI,5,3,6,12,1,635121,2,2,3,0,2,16,19,0,0,2,2,1,9,0,210,1,0,0,0,0,0,0
9583170,TAMIL NADU,KRISHNAGIRI,KRISHNAGIRI,1,,,Chikkapoovathi,Chikkapoovathi,KRISHNAGIRI,7,3,6,10,1,635122,2,2,3,0,2,19,16,0,0,2,2,1,9,0,210,1,0,0,0,0,0,0
7982824,TAMIL NADU,KRISHNAGIRI,HOSUR,2,Hosur,Hosur (M) - Ward No.8,,,,1,3,1,5,5,635109,2,2,3,0,2,19,0,0,0,2,2,1,1,2,0,1,14,16,1,1,0,0
8870228,TAMIL NADU,KRISHNAGIRI,KRISHNAGIRI,1,,,Alapatti,Velagalahalli,KRISHNAGIRI,5,3,6,12,1,635122,2,2,3,0,2,16,19,0,0,2,2,1,9,0,210,1,0,0,0,0,0,0
5245727,TAMIL NADU,KRISHNAGIRI,UTHANGARAI,1,,,Moongileri,Moongileri,UTHANGARAI,2,3,1,8,1,636902,2,2,3,0,2,16,0,0,0,2,2,1,2,2,210,1,0,0,1,0,0,0
9921306,TAMIL NADU,KRISHNAGIRI,UTHANGARAI,1,,,Kondampatti,Kondampatty,UTHANGARAI,2,3,1,8,1,635207,2,2,3,0,2,16,0,0,0,2,2,1,2,2,210,1,0,0,1,0,0,0
4828821,TAMIL NADU,KRISHNAGIRI,KRISHNAGIRI,1,,,Chikkapoovathi,Chikkapoovathi,KRISHNAGIRI,7,3,6,10,1,635122,2,2,3,0,2,19,16,0,0,2,0,1,9,0,203,1,0,0,0,0,0,0
7563991,TAMIL NADU,KRISHNAGIRI,KAVERIPATINAM,1,,,Errahalli,Errahalli,KAVERIPATTINAM,2,3,1,8,5,635112,2,2,3,0,2,19,0,0,0,2,2,1,1,2,210,1,16,18,6,0,0,0
1934540,TAMIL NADU,KRISHNAGIRI,THALLY,1,,,Madakkal,Madakkal,THALLY,1,3,1,5,1,635118,2,2,3,0,2,19,0,0,0,2,2,1,2,2,0,1,3,4,0,0,0,0
6982445,TAMIL NADU,KRISHNAGIRI,HOSUR,2,Hosur,Hosur (M) - Ward No.43,,,,1,3,1,5,5,635110,2,2,3,0,1,19,0,0,0,2,2,1,1,2,212,1,27,36,6,0,0,0
8622520,TAMIL NADU,KRISHNAGIRI,THALLY,1,,,Kuppatti,Kuppati,THALLY,1,3,1,5,1,635114,2,2,3,0,2,19,0,0,0,2,2,1,2,2,208,1,0,0,0,0,0,0
6332002,TAMIL NADU,KRISHNAGIRI,THALLY,1,,,Manchukondapalli,Manjugondapalli,THALLY,1,3,1,5,1,635102,2,2,3,0,2,16,0,0,0,2,2,1,2,2,204,1,0,0,0,0,0,0
6476087,TAMIL NADU,KRISHNAGIRI,HOSUR,1,,,Kagganur,Sevaganapalli,HOSUR,1,3,1,5,1,635103,2,2,3,0,2,19,0,0,0,2,2,1,2,2,204,1,0,0,0,0,0,0
3961710,TAMIL NADU,KRISHNAGIRI,HOSUR,1,,,Nandimangalam,Nandhimangalam,HOSUR,1,3,1,5,1,635105,2,2,3,0,2,19,0,0,0,2,2,1,2,2,204,1,0,0,0,0,3,5
8464243,TAMIL NADU,KRISHNAGIRI,VEPPANAPALLI,1,,,Dasiripalli,Naduvanapalli,VEPPANAPALLI,1,3,1,5,1,635121,2,2,3,0,2,16,0,0,0,2,2,1,2,2,201,1,0,0,2,4,0,0
6660417,TAMIL NADU,KRISHNAGIRI,VEPPANAPALLI,1,,,Billanakuppam,Billanakuppam,VEPPANAPALLI,1,3,1,5,1,636115,2,2,3,0,2,16,0,0,0,2,2,1,2,2,204,1,0,0,0,0,0,0
7428093,TAMIL NADU,KRISHNAGIRI,THALLY,1,,,Arasakuppam,Arasakuppam,THALLY,1,3,1,5,1,635107,2,2,3,0,2,16,0,0,0,2,2,1,2,2,204,1,0,0,0,0,0,0
8063589,TAMIL NADU,KRISHNAGIRI,HOSUR,1,,,Onalvadi,Onnalvadi,HOSUR,1,3,1,5,1,635109,2,2,3,0,2,19,0,0,0,2,2,1,2,1,204,1,0,0,0,0,0,1
4624129,TAMIL NADU,KRISHNAGIRI,SHOOLAGIRI,1,,,Addakurukki,Kanalatti,SHOOLAGIRI,1,3,1,5,1,635109,2,2,3,0,2,19,0,0,0,2,2,1,2,2,204,1,0,0,1,2,14,7
8180869,TAMIL NADU,KRISHNAGIRI,VEPPANAPALLI,1,,,Lakkabathalapalli,Kuppachiparai,VEPPANAPALLI,1,3,1,5,1,635121,2,2,3,0,2,16,0,0,0,2,2,1,2,2,200,1,0,0,1,0,0,0
3903551,TAMIL NADU,KRISHNAGIRI,HOSUR,2,Hosur,Hosur (M) - Ward No.34,,,,5,2,6,12,4,635109,2,2,3,0,1,19,16,0,0,2,2,1,9,0,200,1,0,0,0,0,0,0
6307345,TAMIL NADU,KRISHNAGIRI,BARGUR,1,,,Chendrapalli,Anchoor,BARGUR,6,3,1,10,5,635203,2,2,3,0,2,19,0,0,0,2,0,1,1,2,204,1,29,11,7,4,0,0
5356136,TAMIL NADU,KRISHNAGIRI,THALLY,1,,,Arasakuppam,Arasakuppam,THALLY,1,3,1,5,1,635107,2,2,3,0,2,16,0,0,0,2,2,1,2,2,208,1,0,0,0,0,0,2
6514462,TAMIL NADU,KRISHNAGIRI,KELAMANGALAM,2,Denkanikottai,Denkanikottai (TP) - Ward No.1,,,,3,3,1,12,5,635107,2,2,3,0,2,19,0,0,0,2,2,1,1,2,210,1,18,23,3,1,0,0
7164591,TAMIL NADU,KRISHNAGIRI,KRISHNAGIRI,2,Krishnagiri,Krishnagiri (M) - Ward No.1,,,,1,3,1,5,5,635001,2,2,3,0,2,19,0,0,0,2,2,1,1,2,210,1,10,29,0,3,0,0
4625493,TAMIL NADU,KRISHNAGIRI,BARGUR,1,,,Jambukuttapatti,Pochampalli,BARGUR,1,3,1,5,1,635206,2,2,3,0,2,19,0,0,0,2,2,1,2,2,194,1,0,0,0,0,3,3
9611973,TAMIL NADU,KRISHNAGIRI,BARGUR,1,,,Chinnathimminayanapalli,Belavarthy,BARGUR,1,3,1,5,1,635120,2,2,3,0,2,16,0,0,0,2,2,1,2,2,194,1,0,0,1,2,0,0
7902671,TAMIL NADU,KRISHNAGIRI,BARGUR,1,,,Salinayanapalli,Karakuppam,BARGUR,1,3,1,5,1,635104,2,2,3,0,2,16,0,0,0,2,2,1,2,1,204,1,0,0,0,0,0,0
3758239,TAMIL NADU,KRISHNAGIRI,KELAMANGALAM,1,,,Bodichipalli,Bodichipalli,KELAMANGALAM,1,3,1,5,1,635113,2,2,3,0,2,19,0,0,0,2,2,1,2,2,204,1,0,0,1,2,0,0
6007541,TAMIL NADU,KRISHNAGIRI,SHOOLAGIRI,1,,,Nerigam,Nerigam,SHOOLAGIRI,1,3,1,5,1,635105,2,2,3,0,2,19,0,0,0,2,2,1,2,2,207,1,0,0,0,0,7,7
4784078,TAMIL NADU,KRISHNAGIRI,BARGUR,1,,,Sigaralapalli,Sigaralapalli,BARGUR,1,3,1,5,4,635104,2,2,3,0,1,16,0,0,0,2,2,1,2,2,210,1,0,0,1,0,0,0
4493456,TAMIL NADU,KRISHNAGIRI,VEPPANAPALLI,1,,,Puliyancheri,Beemandapalli,VEPPANAPALLI,1,3,1,5,1,635115,2,2,3,0,2,16,0,0,0,2,2,1,2,1,194,1,0,0,0,1,1,0
1842981,TAMIL NADU,KRISHNAGIRI,KELAMANGALAM,1,,,Nagamangalam,Nagamangalam,KELAMANGALAM,1,3,1,5,1,635113,2,2,3,0,2,19,0,0,0,2,2,1,2,2,204,1,0,0,0,0,0,0
5076640,TAMIL NADU,KRISHNAGIRI,SHOOLAGIRI,1,,,Bs Thimmasandram,B.S.Thimmasandiram,SHOOLAGIRI,1,3,1,5,1,635105,2,2,3,0,2,19,0,0,0,2,2,1,2,2,193,1,0,0,0,0,1,2
2782905,TAMIL NADU,KRISHNAGIRI,BARGUR,1,,,Jagadevipalayam,Jagadevi,BARGUR,1,3,1,5,1,635203,2,2,3,0,2,19,0,0,0,2,2,1,2,2,189,1,0,0,0,2,1,5
5719706,TAMIL NADU,KRISHNAGIRI,HOSUR,1,,,Sevaganapalli,Sevaganapalli,HOSUR,1,3,1,5,5,635103,2,2,3,0,2,19,0,0,0,2,2,1,1,2,210,1,10,8,1,0,0,0
1212648,TAMIL NADU,KRISHNAGIRI,SHOOLAGIRI,1,,,Nallaganakothapalli,Koneripalli,SHOOLAGIRI,1,3,1,5,1,635117,2,2,3,0,2,19,0,0,0,2,2,1,2,2,194,1,5,4,0,0,1,0
8993327,TAMIL NADU,KRISHNAGIRI,KAVERIPATINAM,1,,,Chowttahalli,Sowtahalli,Kaveripattinam,1,3,1,5,1,635112,2,2,3,0,2,16,0,0,0,2,2,1,2,2,194,1,0,0,0,0,0,1
8388257,TAMIL NADU,KRISHNAGIRI,KAVERIPATINAM,1,,,Errahalli,Errahalli,KAVERIPATTINAM,1,3,1,5,5,635112,2,2,3,0,2,19,0,0,0,2,2,1,1,2,210,1,3,2,2,0,0,0
7059715,TAMIL NADU,KRISHNAGIRI,VEPPANAPALLI,1,,,Kurubarapalli,Kurubarapalli,VEPPANAPALLI,3,3,1,12,5,635115,2,2,3,0,1,19,0,0,0,2,2,1,1,2,0,1,91,56,12,6,0,0
3067709,TAMIL NADU,KRISHNAGIRI,THALLY,1,,,Thalli,Thally,THALLY,1,3,1,5,1,635118,2,2,3,0,2,18,0,0,0,2,2,1,2,1,206,1,0,0,0,0,0,0
2689761,TAMIL NADU,KRISHNAGIRI,SHOOLAGIRI,1,,,Marandapalli,Marandapalli,SHOOLAGIRI,1,3,1,5,1,635117,2,2,3,0,2,16,0,0,0,2,2,1,2,2,200,1,0,0,0,0,0,0
4718139,TAMIL NADU,KRISHNAGIRI,BARGUR,1,,,Kattagaram,Kattagaram,BARGUR,1,3,1,5,1,635206,2,2,3,0,2,16,0,0,0,2,2,1,2,2,210,1,0,0,1,0,0,0
8248876,TAMIL NADU,KRISHNAGIRI,THALLY,1,,,Anchetty,Anchetti,THALLY,1,3,1,5,1,635102,2,2,3,0,2,16,0,0,0,2,2,1,2,2,204,1,0,0,0,0,5,2
5290345,TAMIL NADU,KRISHNAGIRI,UTHANGARAI,1,,,Velampatti,Veerana Kuppam,UTHANGARAI,1,3,1,5,1,635304,2,2,3,0,2,16,0,0,0,2,2,1,2,2,210,1,0,0,4,0,0,3
8281379,TAMIL NADU,KRISHNAGIRI,MATHUR,1,,,Kannandahalli,Kannandahalli,MATHUR,3,3,1,12,5,635203,2,2,3,0,2,19,0,0,0,2,2,1,1,2,220,1,15,9,5,7,0,0
1822262,TAMIL NADU,KRISHNAGIRI,MATHUR,1,,,Anandur,Anandur,MATHUR,1,3,1,5,1,635304,2,2,3,0,2,19,0,0,0,2,2,1,2,2,211,1,0,0,1,2,6,4
6449855,TAMIL NADU,KRISHNAGIRI,THALLY,1,,,Kodiyalam,Kodiyalam,THALLY,1,3,1,5,1,635114,2,2,3,0,2,19,0,0,0,2,2,1,2,1,207,1,0,0,0,0,2,4
3612022,TAMIL NADU,KRISHNAGIRI,KAVERIPATINAM,1,,,Kudimenahalli,Agaram,Kaveripattinam,1,3,1,5,1,635204,2,2,3,0,2,16,0,0,0,2,2,1,2,1,207,1,0,0,0,1,2,4
7124805,TAMIL NADU,KRISHNAGIRI,KELAMANGALAM,1,,,Karukkanahalli,Karukkanahalli,KELAMANGALAM,1,3,1,5,1,635106,2,2,3,0,2,19,0,0,0,2,2,1,1,1,204,1,7,8,0,2,2,1
3448449,TAMIL NADU,KRISHNAGIRI,KELAMANGALAM,1,,,Denkanikotta R.F.,Sandhanapalli,KELAMANGALAM,1,3,1,5,1,635113,2,2,3,0,2,19,0,0,0,2,2,1,2,2,204,1,1,0,0,0,0,0
5880848,TAMIL NADU,KRISHNAGIRI,HOSUR,1,,,Kanimangalam,Baduthepalli,HOSUR,1,3,1,5,1,635103,2,2,3,0,2,19,0,0,0,2,2,1,2,2,204,1,0,0,0,0,3,2
6171266,TAMIL NADU,KRISHNAGIRI,HOSUR,2,Hosur,Hosur (M) - Ward No.1,,,,1,3,1,5,1,635126,2,2,3,0,2,16,19,0,0,2,2,1,2,2,204,1,0,0,0,1,0,0
4292118,TAMIL NADU,KRISHNAGIRI,MATHUR,1,,,Ramakrishnampathy,Ramakrishnampathi,MATHUR,1,3,1,5,1,635207,2,2,3,0,2,16,0,0,0,2,2,1,2,1,210,1,0,0,1,0,0,0
2172647,TAMIL NADU,KRISHNAGIRI,HOSUR,1,,,Onalvadi,Onnalvadi,HOSUR,1,3,1,5,1,635110,2,2,3,0,2,19,0,0,0,2,2,1,2,2,210,1,0,0,0,0,0,0
3271524,TAMIL NADU,KRISHNAGIRI,VEPPANAPALLI,1,,,Kodipalli,Kodipalli,VEPPANAPALLI,1,3,1,5,1,635115,2,2,3,0,2,16,0,0,0,2,2,1,2,2,204,1,0,0,1,0,2,2
7076836,TAMIL NADU,KRISHNAGIRI,BARGUR,1,,,Achamangalam,Achamangalam,BARGUR,1,3,1,5,1,635108,2,2,3,0,2,16,0,0,0,2,2,1,2,2,194,1,0,0,0,0,2,2
5004201,TAMIL NADU,KRISHNAGIRI,KAVERIPATINAM,1,,,Maruderi,Maruderi,KAVERIPATTINAM,1,3,1,5,1,635112,2,2,3,0,2,16,0,0,0,2,2,1,2,2,207,1,0,0,1,2,0,2
7942026,TAMIL NADU,KRISHNAGIRI,KAVERIPATINAM,2,Kaveripattinam,Kaveripattinam (TP) - Ward No.4,,,,1,3,1,5,1,635112,2,2,3,0,2,19,0,0,0,2,2,1,2,2,210,1,0,0,0,4,4,8
4153120,TAMIL NADU,KRISHNAGIRI,BARGUR,1,,,Chinmnamttarapalli.,Chinnamattarapalli,BARGUR,1,3,1,5,1,635120,2,2,3,0,2,16,0,0,0,2,2,1,2,2,194,1,0,0,0,1,4,5
4786009,TAMIL NADU,KRISHNAGIRI,KELAMANGALAM,1,,,Rathnagiri,Rathinagiri,KELAMANGALAM,1,3,1,5,1,635107,2,2,3,0,2,16,0,0,0,2,2,2,2,2,194,1,0,0,0,0,1,0
4705297,TAMIL NADU,KRISHNAGIRI,KELAMANGALAM,1,,,Pillari Agraharam,Pillariagraharam,KELAMANGALAM,1,3,1,5,1,635116,2,2,3,0,2,16,0,0,0,2,2,1,2,1,194,1,0,0,1,0,0,0
3056556,TAMIL NADU,KRISHNAGIRI,MATHUR,1,,,Mottur,Samalpatti,MATHUR,1,3,1,5,1,635306,2,2,3,0,2,16,0,0,0,2,2,1,2,1,210,1,0,0,1,0,0,0
7006358,TAMIL NADU,KRISHNAGIRI,BARGUR,1,,,Balinayanapalli,Balinayanapalli,BARGUR,1,3,1,5,1,635108,2,2,3,0,2,16,0,0,0,2,2,1,2,2,194,1,0,0,0,0,0,0
2862821,TAMIL NADU,KRISHNAGIRI,KRISHNAGIRI,1,,,Peddathanapalli,Periyakottapalli,KRISHNAGIRI,1,3,1,5,1,635001,2,2,3,0,2,19,16,0,0,2,2,1,2,1,197,1,0,0,1,1,0,0
6838932,TAMIL NADU,KRISHNAGIRI,UTHANGARAI,1,,,Nochipatti,Nochipatty,UTHANGARAI,1,3,1,5,1,635207,2,2,3,0,2,16,0,0,0,2,2,1,2,2,210,1,0,0,0,0,0,0
9955143,TAMIL NADU,KRISHNAGIRI,HOSUR,1,,,Bagalur,Bagaloor,HOSUR,3,3,1,12,5,635124,2,2,3,0,1,19,0,0,0,2,2,1,1,2,210,1,16,13,2,3,0,0
8941611,TAMIL NADU,KRISHNAGIRI,KELAMANGALAM,1,,,Rathnagiri,Rathinagiri,KELAMANGALAM,1,3,1,5,1,635116,2,2,3,0,2,16,0,0,0,2,2,1,2,2,200,1,0,0,0,0,2,1
2107542,TAMIL NADU,KRISHNAGIRI,VEPPANAPALLI,1,,,Ettipalli,Neralagiri,VEPPANAPALLI,1,3,1,5,1,635121,2,2,3,0,2,16,0,0,0,2,2,1,2,2,204,1,0,0,0,0,4,2
9731954,TAMIL NADU,KRISHNAGIRI,KRISHNAGIRI,1,,,Sokkadi,Sokkaadi,Krishnagiri,1,3,1,5,1,635122,2,2,3,0,2,16,0,0,0,2,2,1,2,2,194,1,0,0,1,0,0,0
2990273,TAMIL NADU,KRISHNAGIRI,HOSUR,1,,,Nallur,Nallur,HOSUR,1,3,1,5,1,635109,2,2,3,0,2,16,19,0,0,2,2,1,1,1,210,1,13,11,1,3,0,0
6976509,TAMIL NADU,KRISHNAGIRI,HOSUR,1,,,Nandimangalam,Nandhimangalam,HOSUR,1,3,1,5,1,635105,2,2,3,0,2,19,0,0,0,2,2,1,2,2,204,1,0,0,0,0,2,2
2914123,TAMIL NADU,KRISHNAGIRI,KRISHNAGIRI,1,,,Gooliam,Gooliam,KRISHNAGIRI,1,3,1,5,1,635001,2,2,3,0,2,16,0,0,0,2,2,1,2,2,204,1,0,0,0,1,0,0
7569619,TAMIL NADU,KRISHNAGIRI,KAVERIPATINAM,1,,,Mottur,Nedungal,KAVERIPATTINAM,1,3,1,5,1,635112,2,2,3,0,2,16,0,0,0,2,2,1,2,2,204,1,0,0,1,0,1,3
9547157,TAMIL NADU,KRISHNAGIRI,BARGUR,1,,,Orappam,Orappam,BARGUR,1,3,1,5,1,635108,2,2,3,0,2,16,0,0,0,2,2,1,2,2,189,1,0,0,1,0,2,3
2313446,TAMIL NADU,KRISHNAGIRI,MATHUR,1,,,Oddapatti,Naralapalli,MATHUR,1,3,1,5,1,635203,2,2,3,0,2,19,16,0,0,2,2,1,2,2,210,1,0,0,0,1,0,4
4366006,TAMIL NADU,KRISHNAGIRI,KELAMANGALAM,1,,,Pachapanatti,Bommathathanur,KELAMANGALAM,1,3,1,5,1,635113,2,2,3,0,2,19,0,0,0,2,2,1,2,2,204,1,0,0,0,2,6,7
8824502,TAMIL NADU,KRISHNAGIRI,KAVERIPATINAM,1,,,Jagadab,Jagadab,KAVERIPATTINAM,1,3,1,5,1,635112,2,2,3,0,2,16,0,0,0,2,2,1,2,1,194,1,0,0,0,0,2,3
6218550,TAMIL NADU,KRISHNAGIRI,UTHANGARAI,1,,,Kadavani,Kadavani,UTHANGARAI,1,3,1,5,1,635207,2,2,3,0,2,16,0,0,0,2,2,1,2,1,210,1,0,0,0,1,1,1
2018104,TAMIL NADU,KRISHNAGIRI,UTHANGARAI,1,,,Kolinaickanpatti,Mettuthangal,UTHANGARAI,1,3,1,5,1,635304,2,2,3,0,2,16,0,0,0,2,2,1,2,1,210,1,0,0,0,0,0,0
2880089,TAMIL NADU,KRISHNAGIRI,UTHANGARAI,1,,,Athipadi,Athipadi,UTHANGARAI,1,3,1,5,1,635307,2,2,3,0,2,16,0,0,0,2,2,1,2,2,210,1,0,0,0,2,0,0
3005756,TAMIL NADU,KRISHNAGIRI,THALLY,1,,,Anniyalam,Anniyalam,THALLY,1,3,1,5,4,635107,2,2,3,0,1,16,0,0,0,2,2,1,2,2,206,1,0,0,0,0,0,0
2033268,TAMIL NADU,KRISHNAGIRI,BARGUR,1,,,Jinkalkadirampatti,Jingalkathirampatti,BARGUR,1,3,1,5,1,635201,2,2,3,0,2,16,0,0,0,2,2,1,2,2,194,1,0,0,1,0,0,0
6314896,TAMIL NADU,KRISHNAGIRI,BARGUR,1,,,Jagadevipalayam,Jagadevi,BARGUR,1,3,1,5,1,635203,2,2,3,0,2,16,0,0,0,2,2,1,2,2,193,1,0,0,0,0,0,0
2635758,TAMIL NADU,KRISHNAGIRI,KELAMANGALAM,1,,,Muthanhalli,Doddathimmanahalli,KELAMANGALAM,1,3,1,5,1,635116,2,2,3,0,2,16,0,0,0,2,2,1,2,2,194,1,0,1,0,0,0,0
3587134,TAMIL NADU,KRISHNAGIRI,KRISHNAGIRI,1,,,Agasipalli,Agasipalli,KRISHNAGIRI,1,3,1,5,1,635002,2,2,3,0,2,19,0,0,0,2,2,1,2,2,210,1,0,0,2,0,0,0
7294101,TAMIL NADU,KRISHNAGIRI,KRISHNAGIRI,1,,,Kallukurikki,Kallukurukki,KRISHNAGIRI,1,1,1,5,1,635001,2,2,3,0,2,18,0,0,0,2,2,1,2,1,200,1,0,0,0,0,1,0
5658208,TAMIL NADU,KRISHNAGIRI,KELAMANGALAM,1,,,Bairamangalam,Bairamangalam,KELAMANGALAM,1,3,1,5,1,635109,2,2,3,0,2,19,0,0,0,2,2,1,2,2,204,1,0,0,0,0,0,0
3786923,TAMIL NADU,KRISHNAGIRI,KELAMANGALAM,1,,,Battamugulalam,Bettamugalalam,KELAMANGALAM,1,3,1,5,1,636806,2,2,3,0,2,16,0,0,0,2,2,1,2,2,204,1,0,0,0,0,0,0
5408223,TAMIL NADU,KRISHNAGIRI,SHOOLAGIRI,1,,,Nerigam,Nerigam,SHOOLAGIRI,1,3,1,5,1,635105,2,2,3,0,2,19,0,0,0,2,2,1,2,1,202,1,0,0,0,0,4,2
7820066,TAMIL NADU,KRISHNAGIRI,UTHANGARAI,1,,,Vengadathanpatti,Vengadathampatti,UTHANGARAI,1,3,1,5,1,635306,2,2,3,0,2,16,0,0,0,2,2,1,2,2,204,1,0,0,0,0,0,0
2177868,TAMIL NADU,KRISHNAGIRI,UTHANGARAI,1,,,Chandrapatti,Chandarapatti,UTHANGARAI,1,3,1,5,1,635304,2,2,3,0,2,16,0,0,0,2,2,1,2,2,210,1,0,0,1,0,1,0
6085775,TAMIL NADU,KRISHNAGIRI,UTHANGARAI,1,,,Singarapettai,Singerapatti,UTHANGARAI,1,3,1,5,1,635307,2,1,3,0,2,16,19,0,0,2,2,1,2,2,210,1,0,0,0,0,0,0
3601324,TAMIL NADU,KRISHNAGIRI,HOSUR,1,,,Sevaganapalli,Sevaganapalli,HOSUR,1,3,1,5,1,635103,2,2,3,0,2,19,0,0,0,2,2,1,2,2,204,1,0,0,0,1,0,0
4260214,TAMIL NADU,KRISHNAGIRI,BARGUR,1,,,Achamangalam,Achamangalam,BARGUR,1,3,1,5,1,635104,2,2,3,0,2,16,0,0,0,2,2,1,2,2,193,1,0,0,0,0,1,2
1949912,TAMIL NADU,KRISHNAGIRI,KRISHNAGIRI,1,,,Venkatapuram (Ct),Venkatapuram,KRISHNAGIRI,1,3,1,5,1,635001,2,2,3,0,2,19,0,0,0,2,2,1,2,2,194,1,0,0,1,1,7,6
3170050,TAMIL NADU,KRISHNAGIRI,HOSUR,1,,,Muthuganapalli,Muduganapalli,HOSUR,1,3,1,5,1,635110,2,2,3,0,2,19,0,0,0,2,2,1,2,2,204,1,0,0,0,0,1,0
7806644,TAMIL NADU,KRISHNAGIRI,VEPPANAPALLI,1,,,Kurubarapalli,Kurubarapalli,VEPPANAPALLI,1,3,1,5,1,635115,2,2,3,0,2,16,0,0,0,2,2,1,2,2,210,1,0,0,0,0,0,1
9048788,TAMIL NADU,KRISHNAGIRI,KAVERIPATINAM,1,,,Barur,Barur,KAVERIPATTINAM,1,3,1,5,1,635201,2,2,3,0,2,16,0,0,0,2,2,1,2,2,210,1,0,0,0,2,1,0
5573447,TAMIL NADU,KRISHNAGIRI,KAVERIPATINAM,2,Kaveripattinam,Kaveripattinam (TP) - Ward No.8,,,,1,3,1,5,5,635112,2,2,3,0,2,19,0,0,0,2,2,1,1,2,210,1,7,5,3,1,0,0
4419156,TAMIL NADU,KRISHNAGIRI,SHOOLAGIRI,1,,,Hosapalli,Hosahalli,SHOOLAGIRI,2,3,1,8,1,635117,2,2,3,0,2,16,0,0,0,2,2,1,2,2,206,1,0,0,0,0,0,0
3078906,TAMIL NADU,KRISHNAGIRI,UTHANGARAI,1,,,Mittapalli,Mittapalli,UTHANGARAI,1,3,1,5,1,635307,2,2,3,0,2,16,0,0,0,2,2,1,2,2,210,1,0,0,0,2,6,21
6388186,TAMIL NADU,KRISHNAGIRI,KAVERIPATINAM,1,,,Keelkuppam,Keelkuppam,KAVERIPATTINAM,1,3,1,5,1,635201,2,2,3,0,2,16,0,0,0,2,2,1,2,2,189,1,0,0,1,0,0,2
2866217,TAMIL NADU,KRISHNAGIRI,UTHANGARAI,1,,,Peyanur,Upparapatti,UTHANGARAI,1,3,1,5,1,635207,2,2,3,0,2,16,0,0,0,2,2,1,2,1,210,1,0,0,0,1,0,0
2311679,TAMIL NADU,KRISHNAGIRI,KELAMANGALAM,1,,,Erudukotta,Irudhukottai,KELAMANGALAM,1,3,1,5,1,635107,2,2,3,0,2,19,0,0,0,2,2,1,2,2,194,1,0,0,1,0,0,4
9778332,TAMIL NADU,KRISHNAGIRI,KELAMANGALAM,1,,,Bevunutham,Bevanatham,KELAMANGALAM,1,3,1,5,1,635107,2,2,3,0,2,19,0,0,0,2,2,1,2,2,207,1,0,0,0,0,0,0
3441967,TAMIL NADU,KRISHNAGIRI,HOSUR,1,,,Achettipalli,Achettipalli,HOSUR,1,3,1,5,1,635110,2,2,3,0,2,19,0,0,0,2,2,1,2,2,204,1,0,0,0,0,2,0
1508907,TAMIL NADU,KRISHNAGIRI,MATHUR,1,,,Sevvampatti,Sivampatti,MATHUR,3,3,1,12,5,635203,2,2,3,0,2,19,0,0,0,2,2,1,1,2,214,1,43,52,5,4,0,0
8862454,TAMIL NADU,KRISHNAGIRI,SHOOLAGIRI,1,,,Alur,Alur,SHOOLAGIRI,1,3,1,5,1,635109,2,2,3,0,2,19,0,0,0,2,2,1,2,1,204,1,0,0,0,0,2,2
7313823,TAMIL NADU,KRISHNAGIRI,SHOOLAGIRI,1,,,Melumalai,Melumalai,SHOOLAGIRI,1,3,1,5,1,635115,2,2,3,0,2,16,0,0,0,2,2,1,2,2,210,1,0,0,0,0,3,0
8801650,TAMIL NADU,KRISHNAGIRI,BARGUR,1,,,Orappam,Orappam,BARGUR,1,3,1,5,1,635108,2,2,3,0,2,16,19,0,0,2,2,1,2,2,194,1,0,0,0,0,0,1
8674787,TAMIL NADU,KRISHNAGIRI,BARGUR,1,,,Veppalampatti,Veppalampatti,BARGUR,1,3,1,5,1,635206,2,2,3,0,2,16,0,0,0,2,2,1,2,2,210,1,0,0,0,1,1,3
1738829,TAMIL NADU,KRISHNAGIRI,KAVERIPATINAM,1,,,Kaveripattinam,Santhapuram,KAVERIPATTINAM,1,3,1,5,1,635112,2,2,3,0,2,16,0,0,0,2,2,1,2,1,210,1,0,0,0,0,0,0
2945686,TAMIL NADU,KRISHNAGIRI,KAVERIPATINAM,1,,,Katteri,Kalvehalli,KAVERIPATTINAM,1,3,1,5,1,635101,2,2,3,0,2,16,0,0,0,2,2,1,2,1,204,1,0,0,0,0,1,0
5434173,TAMIL NADU,KRISHNAGIRI,BARGUR,1,,,Mallapadi,Mallapadi,BARGUR,6,3,1,10,5,635104,2,2,3,0,2,19,0,0,0,2,0,1,1,2,210,2,24,31,3,2,0,0
7263095,TAMIL NADU,KRISHNAGIRI,UTHANGARAI,2,Uthangarai,Uthangarai (TP) - Ward No.15,,,,1,3,1,5,1,635207,2,2,3,0,2,16,0,0,0,2,2,1,2,2,210,1,0,0,1,0,1,1
4623818,TAMIL NADU,KRISHNAGIRI,KELAMANGALAM,1,,,Santhanapalli,Sandhanapalli,KELAMANGALAM,1,3,1,5,1,635107,2,2,3,0,2,18,0,0,0,2,2,1,2,2,188,1,0,0,0,0,0,0
3806912,TAMIL NADU,KRISHNAGIRI,HOSUR,1,,,Kothapalli,Sevaganapalli,HOSUR,1,3,1,5,1,635103,2,2,3,0,2,19,0,0,0,2,2,1,2,2,204,1,0,0,0,0,0,0
2921314,TAMIL NADU,KRISHNAGIRI,BARGUR,2,Bargur,Bargur (TP) - Ward No.14,,,,1,3,1,5,1,635104,2,2,3,0,2,16,0,0,0,2,2,1,2,1,194,1,0,0,0,1,0,0
6489684,TAMIL NADU,KRISHNAGIRI,BARGUR,1,,,Kadappasandampatti,Kullampatti,BARGUR,1,3,1,5,1,635203,2,2,3,0,2,16,0,0,0,2,2,1,2,2,204,1,0,0,0,0,0,0
9051960,TAMIL NADU,KRISHNAGIRI,HOSUR,2,Hosur,Hosur (M) - Ward No.45,,,,1,3,1,5,1,635110,2,2,3,0,2,19,0,0,0,2,2,1,2,1,204,1,0,0,0,2,0,0
2468310,TAMIL NADU,KRISHNAGIRI,SHOOLAGIRI,1,,,Uddanapalli,Uddanapalli,SHOOLAGIRI,1,3,1,5,1,635119,2,2,3,0,2,19,0,0,0,2,2,1,2,2,194,1,0,0,0,0,14,14
7834410,TAMIL NADU,KRISHNAGIRI,VEPPANAPALLI,1,,,Gangamadugu,Manavarnapalli,VEPPANAPALLI,1,3,1,5,1,635121,2,2,3,0,2,19,0,0,0,2,2,1,2,2,210,1,0,0,1,0,0,9
5209417,TAMIL NADU,KRISHNAGIRI,KRISHNAGIRI,1,,,Kathinayanapalli,Kaattinaayanapalli,Krishnagiri,6,3,1,10,5,635001,2,2,3,0,2,19,0,0,0,1,0,1,1,2,208,1,33,31,58,46,0,0
6297347,TAMIL NADU,KRISHNAGIRI,BARGUR,1,,,Thadampatti,Thathampatti,BARGUR,1,3,1,5,1,635207,2,2,3,0,2,19,0,0,0,2,2,1,2,2,194,1,0,0,0,0,1,3
3856798,TAMIL NADU,KRISHNAGIRI,BARGUR,1,,,Kadappasandampatti,Kullampatti,BARGUR,1,3,1,5,1,635203,2,2,3,0,2,16,0,0,0,2,2,1,2,2,204,1,0,0,1,0,0,0
2328435,TAMIL NADU,KRISHNAGIRI,HOSUR,2,Hosur,Hosur (M) - Ward No.33,,,,1,3,1,5,5,635109,2,2,3,0,2,19,0,0,0,2,2,1,1,2,190,1,4,3,1,0,0,0
7382106,TAMIL NADU,KRISHNAGIRI,BARGUR,2,Bargur,Bargur (TP) - Ward No.10,,,,1,3,1,5,5,635104,2,2,3,0,2,19,0,0,0,2,2,1,1,2,197,1,15,22,4,1,0,0
6191926,TAMIL NADU,KRISHNAGIRI,KAVERIPATINAM,1,,,Vilangamudi,Vilangamudi,KAVERIPATTINAM,1,3,1,5,5,635204,2,2,3,0,2,19,0,0,0,2,2,1,1,2,189,1,15,10,2,1,0,0
8684542,TAMIL NADU,KRISHNAGIRI,MATHUR,1,,,Gendigampatti,Kalarpathi,MATHUR,3,3,1,12,5,635203,2,2,3,0,2,19,0,0,0,2,2,1,1,2,220,1,90,76,14,10,0,0
4339945,TAMIL NADU,KRISHNAGIRI,HOSUR,1,,,Alasapalli,Alasapalli Batvarapalli,HOSUR,1,3,1,5,1,635124,2,2,3,0,2,19,0,0,0,2,2,1,2,2,204,1,0,0,0,0,4,2
8007297,TAMIL NADU,KRISHNAGIRI,HOSUR,1,,,Muthuganapalli,Alasapalli Batvarapalli,HOSUR,1,3,1,5,1,635103,2,2,3,0,2,19,0,0,0,2,2,1,2,1,204,1,0,0,0,0,0,0
7726712,TAMIL NADU,KRISHNAGIRI,KRISHNAGIRI,1,,,Periamuthu,Periyamuthur,KRISHNAGIRI,1,3,1,5,1,635101,2,2,3,0,2,19,0,0,0,2,2,1,2,2,204,1,0,0,2,0,0,0
5506959,TAMIL NADU,KRISHNAGIRI,THALLY,1,,,Andevanapalli,Andevanapalli,THALLY,1,3,1,5,1,635107,2,2,3,0,2,16,0,0,0,2,2,1,2,2,204,1,0,0,0,0,1,3
3397857,TAMIL NADU,KRISHNAGIRI,KRISHNAGIRI,1,,,Kammaampalli,Mallinaayanapalli,KRISHNAGIRI,3,3,1,12,5,635120,2,2,3,0,2,19,16,0,0,2,2,1,1,2,210,1,34,38,3,1,0,0
1137417,TAMIL NADU,KRISHNAGIRI,UTHANGARAI,1,,,Singarapettai,Singerapatti,UTHANGARAI,1,3,1,5,1,635307,2,2,3,0,2,16,0,0,0,2,2,1,2,2,210,1,0,0,0,0,0,0
7953530,TAMIL NADU,KRISHNAGIRI,VEPPANAPALLI,1,,,Gollapalli,Manavarnapalli,VEPPANAPALLI,1,3,1,5,1,635121,2,2,3,0,2,16,0,0,0,2,2,1,2,2,194,1,0,0,0,1,0,1
1899967,TAMIL NADU,KRISHNAGIRI,KAVERIPATINAM,1,,,Balekuli,Baleguli,Kaveripattinam,1,3,1,5,1,635204,2,2,3,0,2,16,0,0,0,2,2,1,2,2,194,1,0,0,0,0,0,0
2756928,TAMIL NADU,KRISHNAGIRI,HOSUR,1,,,Onalvadi,Onnalvadi,HOSUR,1,3,1,5,1,635109,2,2,3,0,2,19,0,0,0,2,2,1,2,1,204,1,0,0,1,1,0,0
4138900,TAMIL NADU,KRISHNAGIRI,SHOOLAGIRI,1,,,Shoolagiri,Shoolagiri,SHOOLAGIRI,1,3,1,5,1,635117,2,2,3,0,2,19,0,0,0,2,2,1,2,2,204,1,0,0,8,8,3,2
4938763,TAMIL NADU,KRISHNAGIRI,SHOOLAGIRI,1,,,Kurubarapalli,B.Kurubarapalli,SHOOLAGIRI,1,3,1,5,1,635105,2,2,3,0,2,19,0,0,0,2,2,1,2,2,204,1,0,0,0,0,1,1
1411350,TAMIL NADU,KRISHNAGIRI,VEPPANAPALLI,1,,,Kadavarapalli,Thammandrapalli,VEPPANAPALLI,1,3,1,5,1,635121,2,2,3,0,2,16,0,0,0,2,2,1,2,2,194,1,0,0,1,0,5,0
8615535,TAMIL NADU,KRISHNAGIRI,THALLY,1,,,Madagondapalli,Madhagondapalli,THALLY,3,3,1,12,5,635114,2,2,2,3,2,19,0,0,0,1,1,1,1,2,220,1,8,6,6,3,0,0
9697141,TAMIL NADU,KRISHNAGIRI,THALLY,1,,,Anchetty,Anchetti,THALLY,1,3,1,5,1,635102,2,2,3,0,2,16,0,0,0,2,2,1,2,2,204,1,0,0,0,0,2,2
4158094,TAMIL NADU,KRISHNAGIRI,KELAMANGALAM,1,,,Bithireddi,Bithireddy,KELAMANGALAM,1,3,1,5,1,635113,2,2,3,0,2,19,0,0,0,2,2,1,2,1,200,1,0,0,0,0,6,0
2638114,TAMIL NADU,KRISHNAGIRI,KELAMANGALAM,2,Denkanikottai,Denkanikottai (TP) - Ward No.15,,,,1,3,1,5,1,635107,2,2,3,0,2,18,0,0,0,2,2,1,2,2,188,1,0,0,0,0,0,0
6469550,TAMIL NADU,KRISHNAGIRI,BARGUR,2,Bargur,Bargur (TP) - Ward No.3,,,,1,3,1,5,1,635104,2,2,3,0,2,16,0,0,0,2,2,1,2,2,206,1,0,0,1,1,0,0
3431525,TAMIL NADU,KRISHNAGIRI,KRISHNAGIRI,1,,,Chikkapoovathi,Chikkapoovathi,KRISHNAGIRI,1,3,1,5,1,635122,2,2,3,0,2,19,0,0,0,2,2,1,2,2,194,1,0,0,0,0,0,0
1161493,TAMIL NADU,KRISHNAGIRI,THALLY,1,,,Achubalu,Achubalu,THALLY,1,3,1,5,1,635118,2,2,3,0,2,19,0,0,0,2,2,1,2,2,207,1,0,0,0,0,0,0
5763398,TAMIL NADU,KRISHNAGIRI,THALLY,1,,,Anchetty,Anchetti,THALLY,1,3,1,5,1,635102,2,2,3,0,2,16,0,0,0,2,2,1,2,1,194,1,0,0,0,1,5,7
5877197,TAMIL NADU,KRISHNAGIRI,VEPPANAPALLI,1,,,Kurubarapalli,Kurubarapalli,VEPPANAPALLI,1,3,1,5,1,635115,2,2,3,0,2,19,0,0,0,2,2,1,2,2,210,1,0,0,0,0,6,8
1098281,TAMIL NADU,KRISHNAGIRI,KRISHNAGIRI,1,,,Kothigutalapalli,Mekalachinnampalli,KRISHNAGIRI,1,3,1,5,1,635120,2,2,3,0,2,16,0,0,0,2,2,1,2,2,197,1,0,0,0,0,0,0
8758559,TAMIL NADU,KRISHNAGIRI,THALLY,1,,,Palayamkotta,Palayamkottai,THALLY,1,3,1,5,1,635107,2,2,3,0,2,16,0,0,0,2,2,1,2,2,204,1,0,0,0,0,0,0
6004703,TAMIL NADU,KRISHNAGIRI,KRISHNAGIRI,2,Krishnagiri,Krishnagiri (M) - Ward No.32,,,,7,1,6,10,4,635001,2,2,3,0,1,19,16,0,0,2,0,1,9,0,210,1,0,0,0,0,0,0
2968146,TAMIL NADU,KRISHNAGIRI,SHOOLAGIRI,1,,,Hosapalli,Hosahalli,SHOOLAGIRI,1,3,1,5,1,635117,2,2,3,0,2,16,0,0,0,2,2,1,2,2,204,1,0,0,0,0,4,5
1180699,TAMIL NADU,KRISHNAGIRI,KELAMANGALAM,1,,,Nagamangalam,Nagamangalam,KELAMANGALAM,1,3,1,5,1,635113,2,2,3,0,2,19,0,0,0,2,2,1,2,2,204,1,0,0,0,0,0,0
9247870,TAMIL NADU,KRISHNAGIRI,THALLY,1,,,Natrapalayam,Natrampalayam,THALLY,1,3,1,5,1,635102,2,2,3,0,2,16,0,0,0,2,2,1,2,2,188,1,0,0,0,0,0,3
1762476,TAMIL NADU,KRISHNAGIRI,VEPPANAPALLI,1,,,Theertham,Theertham,VEPPANAPALLI,1,3,1,5,1,635121,2,2,3,0,2,16,0,0,0,2,2,1,2,1,210,1,0,0,0,1,1,1
2242344,TAMIL NADU,KRISHNAGIRI,SHOOLAGIRI,1,,,Berigai,B.S.Thimmasandiram,SHOOLAGIRI,1,3,1,5,1,635105,2,2,3,0,2,19,0,0,0,2,2,1,2,2,204,1,0,0,0,0,2,2
1548431,TAMIL NADU,KRISHNAGIRI,HOSUR,2,Hosur,Hosur (M) - Ward No.5,,,,1,3,1,5,1,635126,2,2,3,0,2,19,0,0,0,2,2,1,2,2,204,1,1,0,1,2,14,11
8128199,TAMIL NADU,KRISHNAGIRI,VEPPANAPALLI,1,,,Kundarapalli,Samanthamalai,VEPPANAPALLI,1,3,1,5,1,635115,2,2,3,0,2,16,0,0,0,2,2,1,2,1,210,1,0,0,2,2,3,7
9607846,TAMIL NADU,KRISHNAGIRI,BARGUR,1,,,Thogarapalli R.F.,Thogarapalli,BARGUR,1,3,1,5,1,635203,2,2,3,0,2,16,0,0,0,2,2,1,2,2,192,1,0,0,0,1,0,0
9689024,TAMIL NADU,KRISHNAGIRI,SHOOLAGIRI,1,,,Ullatti,Ullatti,SHOOLAGIRI,1,3,1,5,1,635117,2,2,3,0,2,16,0,0,0,2,2,1,2,2,194,1,0,0,1,0,2,5
8759307,TAMIL NADU,KRISHNAGIRI,BARGUR,1,,,Guttur,Guttur,BARGUR,1,3,1,5,1,635104,2,2,3,0,2,16,0,0,0,2,2,1,2,2,210,1,0,0,0,0,0,0
7645221,TAMIL NADU,KRISHNAGIRI,KELAMANGALAM,2,Denkanikottai,Denkanikottai (TP) - Ward No.10,,,,1,3,1,5,4,635107,2,2,3,0,1,16,0,0,0,2,2,1,2,2,205,1,0,0,3,1,23,32
9825338,TAMIL NADU,KRISHNAGIRI,THALLY,1,,,Kottaiyur,Kottaiyur,THALLY,1,3,1,5,1,635102,2,2,3,0,2,16,0,0,0,2,2,1,2,2,204,1,0,0,1,0,0,0
6991857,TAMIL NADU,KRISHNAGIRI,KAVERIPATINAM,1,,,Barur,Barur,KAVERIPATTINAM,1,3,1,5,1,635201,2,2,3,0,2,16,0,0,0,2,2,1,2,2,210,1,0,0,0,1,1,3
4519961,TAMIL NADU,KRISHNAGIRI,KAVERIPATINAM,1,,,Chaparthi,Chaparthi,KAVERIPATTINAM,1,3,1,5,1,635106,2,2,3,0,2,19,0,0,0,2,2,1,2,1,210,1,0,0,0,3,0,0
7010299,TAMIL NADU,KRISHNAGIRI,KELAMANGALAM,1,,,Pillari Agraharam,Pillariagraharam,KELAMANGALAM,1,3,1,5,1,635116,2,2,3,0,2,16,0,0,0,2,2,1,2,1,204,1,0,0,0,0,13,8
2678135,TAMIL NADU,KRISHNAGIRI,UTHANGARAI,1,,,Kuppanatham,Nadupatti,UTHANGARAI,1,3,1,5,1,635307,2,2,3,0,2,16,0,0,0,2,2,1,2,2,210,1,0,0,0,0,0,0
5817417,TAMIL NADU,KRISHNAGIRI,SHOOLAGIRI,1,,,Chennapalli,Chennapalli,SHOOLAGIRI,1,3,1,5,1,635117,2,2,3,0,2,16,0,0,0,2,2,1,2,2,204,1,0,0,0,0,2,3
1245303,TAMIL NADU,KRISHNAGIRI,KAVERIPATINAM,1,,,Kaveripattinam,Santhapuram,KAVERIPATTINAM,3,3,1,12,5,635112,2,2,3,0,2,19,0,0,0,1,1,1,1,2,236,1,16,15,6,8,0,0
5221476,TAMIL NADU,KRISHNAGIRI,KELAMANGALAM,1,,,Bithireddi,Bithireddy,KELAMANGALAM,1,3,1,5,5,635107,2,2,3,0,2,19,0,0,0,2,2,1,1,2,210,1,35,28,3,0,7,2
2366615,TAMIL NADU,KRISHNAGIRI,THALLY,1,,,Arasakuppam,Arasakuppam,THALLY,1,3,1,5,4,635107,2,2,3,0,1,16,0,0,0,2,2,1,2,2,210,1,6,9,0,1,0,0
3080682,TAMIL NADU,KRISHNAGIRI,KAVERIPATINAM,1,,,Kottapatti,Kottapatti,KAVERIPATTINAM,1,3,1,5,1,635201,2,2,3,0,2,16,0,0,0,2,2,1,2,1,204,1,0,0,2,2,0,0
3583322,TAMIL NADU,KRISHNAGIRI,HOSUR,1,,,Mallasandiram,Alasapalli Batvarapalli,HOSUR,3,3,1,12,5,635105,2,2,3,0,2,19,0,0,0,2,2,1,1,2,210,1,10,15,1,3,0,0
2656279,TAMIL NADU,KRISHNAGIRI,KAVERIPATINAM,1,,,Talihalli,Thalihalli,KAVERIPATTINAM,1,3,1,5,1,635112,2,2,3,0,2,16,0,0,0,2,2,1,2,2,194,1,0,0,2,0,0,0
5059710,TAMIL NADU,KRISHNAGIRI,KAVERIPATINAM,1,,,Panneswaramadam,Penneswaramadam,KAVERIPATTINAM,1,3,1,5,1,635112,2,2,3,0,2,19,0,0,0,2,2,1,2,2,207,1,0,0,1,0,0,1
6556102,TAMIL NADU,KRISHNAGIRI,KRISHNAGIRI,1,,,Bellarapalli,Pachiganapalli,KRISHNAGIRI,1,3,1,5,1,635122,2,2,3,0,2,16,0,0,0,2,2,1,2,1,210,1,0,0,0,0,6,4
9877004,TAMIL NADU,KRISHNAGIRI,KELAMANGALAM,1,,,Ulimangalam,Kottaiulimangalam,KELAMANGALAM,5,3,6,12,4,635107,2,2,3,0,1,16,19,0,0,2,2,1,9,0,210,1,0,0,0,0,0,0
5283969,TAMIL NADU,KRISHNAGIRI,HOSUR,1,,,Onalvadi,Onnalvadi,HOSUR,3,3,1,12,5,635109,2,2,3,0,2,19,0,0,0,1,1,1,1,2,190,1,47,35,11,16,0,0
8859992,TAMIL NADU,KRISHNAGIRI,KRISHNAGIRI,1,,,Gangaleri,Gangaleri,KRISHNAGIRI,1,3,1,5,1,635122,2,2,3,0,2,16,0,0,0,2,2,1,2,2,189,1,0,0,3,2,0,0
6617510,TAMIL NADU,KRISHNAGIRI,UTHANGARAI,1,,,Egoor,Eggoor,UTHANGARAI,1,3,1,5,1,635307,2,2,3,0,2,16,0,0,0,2,2,1,2,1,210,1,0,0,0,0,1,1
7213915,TAMIL NADU,KRISHNAGIRI,UTHANGARAI,1,,,Pudur,Pudur Pungani,Uthangarai,1,3,1,5,1,635207,2,2,3,0,2,16,0,0,0,2,2,1,2,2,210,1,0,0,0,1,0,0
2958858,TAMIL NADU,KRISHNAGIRI,MATHUR,1,,,Sulakarai,Soolagarai,MATHUR,1,3,1,5,1,635304,2,2,3,0,2,16,0,0,0,2,2,1,2,2,210,1,1,0,0,0,0,0
5812629,TAMIL NADU,KRISHNAGIRI,THALLY,1,,,Marudanapalli,Marudhanapalli,THALLY,1,3,1,5,1,635107,2,2,3,0,2,19,0,0,0,2,2,1,2,2,206,1,0,0,0,0,0,0
1845580,TAMIL NADU,KRISHNAGIRI,THALLY,1,,,Kuppatti,Kuppati,THALLY,1,3,1,5,1,635114,2,2,3,0,2,19,0,0,0,2,2,1,2,2,208,1,0,0,0,0,0,0
6015808,TAMIL NADU,KRISHNAGIRI,KRISHNAGIRI,1,,,Velakalahalli,Velagalahalli,KRISHNAGIRI,1,3,1,5,1,635122,2,2,3,0,2,16,0,0,0,2,2,1,2,2,210,1,0,0,3,0,0,0
5171509,TAMIL NADU,KRISHNAGIRI,UTHANGARAI,2,Uthangarai,Uthangarai (TP) - Ward No.13,,,,1,3,1,5,1,635207,2,2,3,0,2,16,0,0,0,2,2,1,2,2,210,1,0,0,0,0,0,0
9919565,TAMIL NADU,KRISHNAGIRI,SHOOLAGIRI,1,,,Sanamavu,Sanamavoo,SHOOLAGIRI,1,3,1,5,1,635119,2,2,3,0,2,19,0,0,0,2,2,1,2,2,204,1,0,0,0,1,1,3
4942931,TAMIL NADU,KRISHNAGIRI,KAVERIPATINAM,1,,,Bendarahalli,Arasampatti,KAVERIPATTINAM,3,3,1,12,5,635201,2,2,3,0,2,19,0,0,0,2,2,1,1,2,223,1,51,51,6,3,0,0
5833124,TAMIL NADU,KRISHNAGIRI,VEPPANAPALLI,1,,,Balanapalli,Balanapalli,VEPPANAPALLI,1,3,1,5,1,635121,2,2,3,0,2,16,0,0,0,2,2,1,2,2,204,1,0,0,0,0,3,1
5600055,TAMIL NADU,KRISHNAGIRI,SHOOLAGIRI,1,,,Chennapalli,Chennapalli,SHOOLAGIRI,1,3,1,5,1,635117,2,2,3,0,2,16,0,0,0,2,2,1,2,2,204,1,0,0,0,0,0,0
5369810,TAMIL NADU,KRISHNAGIRI,KRISHNAGIRI,1,,,Peddatalapalli,Peththathaalapalli,KRISHNAGIRI,1,3,1,5,1,635001,2,2,3,0,2,18,0,0,0,2,2,1,2,2,208,1,0,0,0,0,0,0
7118193,TAMIL NADU,KRISHNAGIRI,BARGUR,1,,,Majethgollahalli,Majeethgollahalli,BARGUR,1,3,1,5,1,635203,2,2,3,0,2,16,0,0,0,2,2,1,2,2,210,1,0,1,0,1,0,0
9363818,TAMIL NADU,KRISHNAGIRI,KELAMANGALAM,2,Denkanikottai,Denkanikottai (TP) - Ward No.3,,,,1,3,1,5,1,635107,2,2,3,0,2,19,0,0,0,2,2,1,2,1,206,1,0,0,0,1,0,1
2934483,TAMIL NADU,KRISHNAGIRI,KRISHNAGIRI,1,,,Kattiganapalli (Ct),Kattigaanapalli,KRISHNAGIRI,1,3,1,5,1,635001,2,2,3,0,2,16,19,0,0,2,2,1,2,2,210,1,0,0,6,1,9,16
2274311,TAMIL NADU,KRISHNAGIRI,THALLY,1,,,Karandapalli,Karandapalli,THALLY,1,3,1,5,1,635107,2,2,3,0,2,16,0,0,0,2,2,1,2,2,203,1,0,0,0,0,3,3
8195420,TAMIL NADU,KRISHNAGIRI,MATHUR,1,,,Papparapatti,Soolagarai,MATHUR,1,3,1,5,1,635207,2,2,3,0,2,16,0,0,0,2,2,1,2,1,200,1,0,0,0,0,3,5
7300834,TAMIL NADU,KRISHNAGIRI,UTHANGARAI,1,,,Nadupatti,Kadavani,UTHANGARAI,1,3,1,5,1,635307,2,2,3,0,2,16,0,0,0,2,2,1,2,2,210,1,0,0,0,0,1,0
4620615,TAMIL NADU,KRISHNAGIRI,THALLY,1,,,Madagondapalli,Madhagondapalli,THALLY,1,3,1,5,1,635114,2,2,3,0,2,19,0,0,0,2,2,1,2,2,207,1,0,0,0,0,2,1
5277676,TAMIL NADU,KRISHNAGIRI,BARGUR,1,,,Orappam,Orappam,BARGUR,6,3,1,10,5,635108,2,2,3,0,2,19,0,0,0,1,0,1,1,2,210,1,4,1,1,1,0,0
1531258,TAMIL NADU,KRISHNAGIRI,THALLY,1,,,Gumlapuram,Gumlapuram,THALLY,1,3,1,5,1,635118,2,2,3,0,2,5,0,0,0,2,2,2,2,2,204,1,0,0,0,0,0,0
7266639,TAMIL NADU,KRISHNAGIRI,HOSUR,1,,,Nandimangalam,Nandhimangalam,HOSUR,1,3,1,5,1,635105,2,2,3,0,2,19,0,0,0,2,2,1,2,2,204,1,0,0,0,0,0,4
3451277,TAMIL NADU,KRISHNAGIRI,THALLY,1,,,Kalugundapalli,Kalugondapalli,THALLY,1,3,1,5,1,635114,2,2,3,0,2,19,0,0,0,2,2,1,2,2,207,1,0,0,1,0,11,9
4780735,TAMIL NADU,KRISHNAGIRI,UTHANGARAI,1,,,Maganurpatti,Maganoorpatti,UTHANGARAI,1,3,1,5,1,635307,2,2,3,0,2,16,0,0,0,2,2,1,2,1,210,1,0,0,0,2,0,0
2554839,TAMIL NADU,KRISHNAGIRI,SHOOLAGIRI,1,,,Moranapalli,Perandapalli,SHOOLAGIRI,1,3,1,5,1,635109,2,2,3,0,2,19,0,0,0,2,2,1,2,2,210,1,0,0,1,0,2,2
3164631,TAMIL NADU,KRISHNAGIRI,SHOOLAGIRI,1,,,Amgondapalli,Angondapalli,SHOOLAGIRI,1,3,1,5,1,635105,2,2,3,0,2,19,17,0,0,2,2,1,2,2,206,1,0,0,0,0,3,3
9537577,TAMIL NADU,KRISHNAGIRI,UTHANGARAI,1,,,Egoor,Eggoor,UTHANGARAI,1,3,1,5,1,635307,2,2,3,0,2,16,0,0,0,2,2,1,2,1,210,1,0,0,0,0,2,2
7817521,TAMIL NADU,KRISHNAGIRI,MATHUR,1,,,Mottur,Samalpatti,MATHUR,1,3,1,5,1,635206,2,2,3,0,2,16,0,0,0,2,2,1,2,2,204,1,1,1,0,0,0,0
1653827,TAMIL NADU,KRISHNAGIRI,KELAMANGALAM,1,,,Nagamangalam,Nagamangalam,KELAMANGALAM,1,3,1,5,1,635113,2,2,3,0,2,19,0,0,0,2,2,1,2,2,204,1,0,0,0,0,4,3
6986279,TAMIL NADU,KRISHNAGIRI,BARGUR,1,,,Palepalle,Palepalli,BARGUR,1,3,1,5,1,635108,2,2,3,0,2,16,0,0,0,2,2,1,2,2,194,1,0,0,1,0,0,0
1110526,TAMIL NADU,KRISHNAGIRI,UTHANGARAI,1,,,Nadupatti,Kadavani,UTHANGARAI,1,3,1,5,1,635307,2,2,3,0,2,16,0,0,0,2,2,1,2,2,210,1,0,0,2,1,0,0
4483302,TAMIL NADU,KRISHNAGIRI,THALLY,1,,,Settipalli,Settipalli,THALLY,1,3,1,5,1,635118,2,2,3,0,2,19,0,0,0,2,2,1,2,2,206,1,0,0,0,0,2,1
3923978,TAMIL NADU,KRISHNAGIRI,KRISHNAGIRI,1,,,Boganapalli,Peththanapalli,KRISHNAGIRI,1,3,1,5,1,635002,2,2,3,0,2,19,0,0,0,2,2,1,2,2,210,1,0,0,1,1,0,0
6424703,TAMIL NADU,KRISHNAGIRI,MATHUR,1,,,Naralepalle,Naralapalli,MATHUR,1,3,1,5,1,635306,2,2,3,0,2,16,0,0,0,2,2,1,2,2,210,1,0,0,0,0,0,0
6196794,TAMIL NADU,KRISHNAGIRI,VEPPANAPALLI,1,,,Kundarapalli,Samanthamalai,VEPPANAPALLI,1,3,1,5,1,635121,2,2,3,0,2,16,0,0,0,2,2,1,2,2,204,1,0,0,0,0,0,0
7126546,TAMIL NADU,KRISHNAGIRI,VEPPANAPALLI,1,,,Beemandapalli,Beemandapalli,VEPPANAPALLI,1,3,1,5,1,635115,2,2,3,0,2,16,0,0,0,2,2,1,2,2,194,1,0,0,0,0,0,0
5446667,TAMIL NADU,KRISHNAGIRI,BARGUR,1,,,Palepalle,Palepalli,BARGUR,1,3,1,5,1,635108,2,2,3,0,2,16,0,0,0,2,2,1,2,2,194,1,0,0,0,0,3,0
6485376,TAMIL NADU,KRISHNAGIRI,THALLY,1,,,Ballapalli,Ballapalli,THALLY,1,3,1,5,1,635107,2,2,3,0,2,19,0,0,0,2,2,1,2,1,210,1,1,0,0,0,0,1
8887519,TAMIL NADU,KRISHNAGIRI,KAVERIPATINAM,2,Nagojanahalli,Nagojanahalli (TP) - Ward No.13,,,,1,3,1,5,1,635204,2,2,3,0,2,16,0,0,0,2,2,1,2,1,194,1,0,0,1,0,0,0
6805964,TAMIL NADU,KRISHNAGIRI,THALLY,1,,,Natrapalayam,Natrampalayam,THALLY,1,3,1,5,1,635102,2,2,3,0,2,16,0,0,0,2,2,1,2,2,194,1,0,0,0,0,0,0
5324212,TAMIL NADU,KRISHNAGIRI,MATHUR,1,,,Pichugoundanhalli,Nagampatti,MATHUR,1,3,1,5,1,635203,2,2,3,0,2,16,0,0,0,2,2,1,2,2,210,1,0,0,0,0,0,0
2588959,TAMIL NADU,KRISHNAGIRI,UTHANGARAI,1,,,Naickanur,Vella Kuttai,UTHANGARAI,1,3,1,5,1,635307,2,2,3,0,2,16,0,0,0,2,2,1,2,1,210,1,0,0,1,2,10,12
9854485,TAMIL NADU,KRISHNAGIRI,SHOOLAGIRI,1,,,Melumalai,Melumalai,SHOOLAGIRI,1,3,1,5,1,635115,2,2,3,0,2,16,0,0,0,2,2,1,2,2,204,1,0,1,0,0,1,2
6457897,TAMIL NADU,KRISHNAGIRI,MATHUR,1,,,Sonarahalli,Goundanur,MATHUR,1,3,1,5,1,635203,2,2,3,0,2,16,0,0,0,2,2,1,2,1,210,1,0,0,0,1,0,0
7071310,TAMIL NADU,KRISHNAGIRI,KELAMANGALAM,1,,,Rayakotta,Rayakottai,KELAMANGALAM,1,3,1,5,1,635116,2,2,3,0,2,19,0,0,0,2,2,1,2,2,198,1,0,0,2,6,4,6
8298312,TAMIL NADU,KRISHNAGIRI,KRISHNAGIRI,1,,,Kompalli,Thippanapalli,KRISHNAGIRI,1,3,1,5,5,635115,2,2,3,0,2,19,0,0,0,2,2,1,1,2,220,1,4,11,0,0,0,0
6909303,TAMIL NADU,KRISHNAGIRI,HOSUR,1,,,Nallur,Nallur,Hosur,1,3,1,5,1,635103,2,2,3,0,2,19,0,0,0,2,2,1,2,2,204,1,0,0,0,0,0,0
2231383,TAMIL NADU,KRISHNAGIRI,SHOOLAGIRI,1,,,Pattakurubarapalli,Peddasigaralapalli,SHOOLAGIRI,1,3,1,5,1,635117,2,2,3,0,2,19,0,0,0,2,2,1,2,2,200,1,0,0,0,0,7,3
5159772,TAMIL NADU,KRISHNAGIRI,KELAMANGALAM,1,,,Santhanapalli,Sandhanapalli,KELAMANGALAM,1,3,1,5,1,635107,2,2,3,0,2,19,16,0,0,2,2,1,2,1,207,1,0,0,0,0,0,0
2954910,TAMIL NADU,KRISHNAGIRI,KELAMANGALAM,1,,,Battamugulalam,Bettamugalalam,KELAMANGALAM,1,3,1,5,1,635107,2,2,3,0,2,16,0,0,0,2,2,1,2,2,204,1,0,0,0,0,5,3
4016525,TAMIL NADU,KRISHNAGIRI,KELAMANGALAM,1,,,Karukkanahalli,Karukkanahalli,KELAMANGALAM,1,3,1,5,1,635116,2,2,3,0,2,16,0,0,0,2,2,1,2,1,210,1,0,0,0,0,0,0
3674020,TAMIL NADU,KRISHNAGIRI,KELAMANGALAM,1,,,Nellur,Doddathimmanahalli,KELAMANGALAM,1,3,1,5,1,635116,2,2,3,0,2,16,0,0,0,2,2,1,2,2,194,1,0,0,0,0,0,0
9799552,TAMIL NADU,KRISHNAGIRI,UTHANGARAI,1,,,Karapattu,Karapattu,UTHANGARAI,1,3,1,5,1,635207,2,2,3,0,2,19,0,0,0,2,2,1,2,1,204,1,0,0,2,0,3,4
6576716,TAMIL NADU,KRISHNAGIRI,BARGUR,1,,,Thimminaikampatti,Valasagoundanoor,BARGUR,1,3,1,5,1,635206,2,2,3,0,2,16,0,0,0,2,2,1,2,2,210,1,0,0,0,1,0,0
7184450,TAMIL NADU,KRISHNAGIRI,KRISHNAGIRI,1,,,Sokkadi,Sokkaadi,KRISHNAGIRI,1,3,1,5,1,635122,2,2,3,0,2,19,16,0,0,2,2,1,2,2,205,1,0,0,2,0,0,0
1654525,TAMIL NADU,KRISHNAGIRI,THALLY,1,,,Serandapalli,Sarandapalli,THALLY,1,3,1,5,1,635107,2,2,3,0,2,19,0,0,0,2,2,1,2,1,211,1,0,0,0,1,2,6
3164261,TAMIL NADU,KRISHNAGIRI,BARGUR,1,,,Palepalle,Palepalli,BARGUR,5,3,6,12,4,635108,2,2,2,3,1,19,16,0,0,2,2,1,9,0,204,1,0,0,0,0,0,0
3105037,TAMIL NADU,KRISHNAGIRI,HOSUR,1,,,Mallasandiram,Alasapalli Batvarapalli,HOSUR,1,3,1,5,1,635105,2,2,3,0,2,19,0,0,0,2,2,1,2,2,204,1,0,0,0,0,0,0
7810989,TAMIL NADU,KRISHNAGIRI,VEPPANAPALLI,1,,,Konganepalli,Sigaramaganapalli,VEPPANAPALLI,1,3,1,5,1,635121,2,2,3,0,2,19,0,0,0,2,2,1,2,2,204,1,0,0,1,0,5,2
6783761,TAMIL NADU,KRISHNAGIRI,KAVERIPATINAM,2,Kaveripattinam,Kaveripattinam (TP) - Ward No.1,,,,1,3,1,5,1,635112,2,2,3,0,2,19,0,0,0,2,2,1,2,2,194,1,0,0,3,0,1,3
1068545,TAMIL NADU,KRISHNAGIRI,MATHUR,1,,,Papparapatti,Soolagarai,MATHUR,1,3,1,5,1,635207,2,2,3,0,2,16,0,0,0,2,2,1,2,1,200,1,0,0,0,0,1,0
6797344,TAMIL NADU,KRISHNAGIRI,HOSUR,2,Hosur,Hosur (M) - Ward No.30,,,,1,3,1,5,1,635109,2,2,3,0,2,16,19,0,0,2,2,1,1,1,194,1,21,27,0,3,0,1
5374052,TAMIL NADU,KRISHNAGIRI,KAVERIPATINAM,1,,,Vilangamudi,Vilangamudi,KAVERIPATTINAM,1,3,1,5,1,635204,2,2,3,0,2,16,0,0,0,2,2,1,2,1,189,1,0,0,0,0,2,4
6369647,TAMIL NADU,KRISHNAGIRI,MATHUR,1,,,Rengampatti,Valipatti,MATHUR,1,3,1,5,1,635306,2,2,3,0,2,16,0,0,0,2,2,1,2,2,210,1,0,0,0,0,2,3
7563009,TAMIL NADU,KRISHNAGIRI,KAVERIPATINAM,1,,,Kaveripattinam,Santhapuram,KAVERIPATTINAM,1,3,1,5,1,635112,2,2,3,0,2,16,0,0,0,2,2,1,2,2,210,1,0,0,0,2,1,5
5536555,TAMIL NADU,KRISHNAGIRI,KRISHNAGIRI,1,,,Peddathanapalli,Periyakottapalli,KRISHNAGIRI,1,3,1,5,1,635001,2,2,3,0,2,19,0,0,0,2,2,1,2,2,210,1,0,0,1,0,1,0
6025560,TAMIL NADU,KRISHNAGIRI,KRISHNAGIRI,1,,,Agasipalli,Agasipalli,KRISHNAGIRI,1,3,1,5,1,635001,2,2,3,0,2,16,19,0,0,2,2,1,2,2,204,1,0,0,2,2,5,12
1009622,TAMIL NADU,KRISHNAGIRI,THALLY,1,,,Mallasandram,Mallasandiram,THALLY,1,3,1,5,1,635107,2,2,3,0,2,19,0,0,0,2,2,1,2,2,207,1,0,0,0,0,0,3
5990926,TAMIL NADU,KRISHNAGIRI,KELAMANGALAM,1,,,Santhanapalli,Sandhanapalli,KELAMANGALAM,1,3,1,5,1,635107,2,2,3,0,2,19,0,0,0,2,2,1,2,2,204,1,0,0,0,0,4,3
6587914,TAMIL NADU,KRISHNAGIRI,THALLY,1,,,Kakkadasam,Kakkadasam,THALLY,1,3,1,5,1,635114,2,2,3,0,2,19,0,0,0,2,2,1,2,2,202,1,0,0,0,0,0,1
9951708,TAMIL NADU,KRISHNAGIRI,BARGUR,1,,,Batlapalli,Batlapalli,BARGUR,1,3,1,5,1,635104,2,2,3,0,2,16,0,0,0,2,2,1,2,2,189,1,1,0,4,0,0,1
5368802,TAMIL NADU,KRISHNAGIRI,THALLY,1,,,Natrapalayam,Natrampalayam,THALLY,1,3,1,5,1,635102,2,2,3,0,2,16,0,0,0,2,2,1,2,2,204,1,0,0,0,0,0,0
8487367,TAMIL NADU,KRISHNAGIRI,SHOOLAGIRI,1,,,Thuppuganapalli,Thuppuganapalli,SHOOLAGIRI,1,3,1,5,1,635119,2,2,3,0,2,16,0,0,0,2,2,1,2,2,200,1,0,0,1,0,3,0
6735608,TAMIL NADU,KRISHNAGIRI,SHOOLAGIRI,1,,,Kalingavaram,Kalingavaram,SHOOLAGIRI,1,3,1,5,1,635117,2,2,3,0,2,16,0,0,0,2,2,1,2,2,200,1,0,0,0,0,0,0
8950350,TAMIL NADU,KRISHNAGIRI,KAVERIPATINAM,1,,,Pannandur,Pannandhur,KAVERIPATTINAM,3,3,1,12,5,635123,2,2,3,0,2,19,0,0,0,2,2,1,1,2,0,1,29,20,7,7,0,0
9862287,TAMIL NADU,KRISHNAGIRI,THALLY,1,,,Komaranapalli,Komaranapalli,THALLY,1,3,1,5,1,635114,2,2,3,0,2,19,0,0,0,2,2,1,2,2,194,1,0,0,0,0,5,3
1426558,TAMIL NADU,KRISHNAGIRI,UTHANGARAI,1,,,Periyakottakulam,Periya Kotta Kulam,UTHANGARAI,1,3,1,5,1,635304,2,2,3,0,2,16,0,0,0,2,2,1,2,1,210,1,0,0,1,0,1,1
6506351,TAMIL NADU,KRISHNAGIRI,KELAMANGALAM,1,,,Thavarakarai,Thavarakarai,KELAMANGALAM,1,3,1,5,1,635113,2,2,3,0,2,19,0,0,0,2,2,1,2,2,204,1,0,0,0,0,0,0
2679847,TAMIL NADU,KRISHNAGIRI,KELAMANGALAM,2,Denkanikottai,Denkanikottai (TP) - Ward No.10,,,,7,3,6,10,4,635107,2,2,3,0,1,16,0,0,0,2,2,1,9,0,200,1,0,0,0,0,0,0
7353499,TAMIL NADU,KRISHNAGIRI,UTHANGARAI,1,,,Chennappanaickanur,Reddipatty,UTHANGARAI,1,3,1,5,1,635207,2,2,3,0,2,16,0,0,0,2,2,1,2,2,210,1,0,0,0,2,1,2
2017282,TAMIL NADU,KRISHNAGIRI,UTHANGARAI,1,,,Maganurpatti,Maganoorpatti,UTHANGARAI,1,3,1,5,1,635307,2,2,3,0,2,16,0,0,0,2,2,1,2,1,210,1,0,0,0,1,0,0
7276886,TAMIL NADU,KRISHNAGIRI,UTHANGARAI,1,,,Appinaickenpatti,Gengapirampatti,UTHANGARAI,1,3,1,5,1,635207,2,2,3,0,2,16,0,0,0,2,2,1,2,1,210,1,0,0,0,0,2,1
4287334,TAMIL NADU,KRISHNAGIRI,UTHANGARAI,1,,,Thiruvanapatti,Thiruvanapatti,UTHANGARAI,1,3,1,5,1,635304,2,2,3,0,2,16,0,0,0,2,2,1,2,2,210,1,0,0,2,0,1,2
1732748,TAMIL NADU,KRISHNAGIRI,MATHUR,1,,,Rengampatti,Valipatti,MATHUR,1,3,1,5,1,635203,2,2,3,0,2,16,0,0,0,2,2,1,2,2,210,1,0,0,0,0,2,2
6312402,TAMIL NADU,KRISHNAGIRI,HOSUR,2,Hosur,Hosur (M) - Ward No.15,,,,6,3,1,10,5,635126,2,2,3,0,2,19,0,0,0,2,0,1,1,2,216,1,8,7,1,0,0,0
7244365,TAMIL NADU,KRISHNAGIRI,SHOOLAGIRI,1,,,Ayaranapalli,Ayaranapalli,SHOOLAGIRI,1,3,1,5,1,635119,2,2,3,0,2,16,0,0,0,2,2,1,2,2,185,1,0,4,0,0,0,0
7374441,TAMIL NADU,KRISHNAGIRI,THALLY,1,,,Natrapalayam,Natrampalayam,THALLY,5,3,6,12,5,635102,2,2,3,0,1,16,19,0,0,2,2,1,9,2,221,1,0,0,0,0,0,0
1123826,TAMIL NADU,KRISHNAGIRI,THALLY,1,,,Jowlagiri,Jawalagiri,THALLY,1,3,1,5,1,635118,2,2,3,0,2,5,16,0,0,2,2,1,2,2,206,1,1,0,0,0,0,0
9641156,TAMIL NADU,KRISHNAGIRI,UTHANGARAI,1,,,Gollapatti,Vengadathampatti,Uthangarai,3,3,1,12,5,635207,2,2,3,0,2,19,16,0,0,2,2,1,1,2,192,1,3,2,2,3,0,0
1817718,TAMIL NADU,KRISHNAGIRI,BARGUR,1,,,Jagadevipalayam,Jagadevi,BARGUR,1,3,1,5,1,635203,2,2,3,0,2,16,0,0,0,2,2,1,2,2,194,1,0,0,1,1,2,0
5963435,TAMIL NADU,KRISHNAGIRI,KRISHNAGIRI,1,,,Marigampalli,Gangaleri,KRISHNAGIRI,1,3,1,5,1,635122,2,2,3,0,2,16,0,0,0,2,2,1,2,2,210,1,0,0,0,0,0,0
1872654,TAMIL NADU,KRISHNAGIRI,THALLY,1,,,Palayamkotta,Palayamkottai,THALLY,1,3,1,5,1,635107,2,2,3,0,2,19,16,0,0,2,2,1,2,2,204,1,0,0,1,1,4,8
2042711,TAMIL NADU,KRISHNAGIRI,THALLY,1,,,Gumlapuram,Gumlapuram,THALLY,1,3,1,5,1,635118,2,2,3,0,2,5,0,0,0,2,2,2,2,2,206,1,2,0,0,2,0,0
2947274,TAMIL NADU,KRISHNAGIRI,KELAMANGALAM,1,,,Erudukotta,Irudhukottai,KELAMANGALAM,1,3,1,5,1,635107,2,2,3,0,2,19,0,0,0,2,2,1,2,2,206,1,0,0,0,0,1,2
1747492,TAMIL NADU,KRISHNAGIRI,KELAMANGALAM,1,,,Erudukotta,Irudhukottai,KELAMANGALAM,1,3,1,5,1,635107,2,2,3,0,2,19,0,0,0,2,2,1,2,2,207,1,0,0,0,0,5,4
4199574,TAMIL NADU,KRISHNAGIRI,BARGUR,1,,,Soolamalai,Shoolamalai,BARGUR,1,3,1,5,1,635108,2,2,3,0,2,19,0,0,0,2,2,1,2,1,194,1,0,0,0,4,0,0
6457357,TAMIL NADU,KRISHNAGIRI,KELAMANGALAM,2,Denkanikottai,Denkanikottai (TP) - Ward No.5,,,,1,3,1,5,1,635107,2,2,3,0,2,18,19,0,0,2,2,1,2,2,200,1,0,0,0,2,0,0
1733339,TAMIL NADU,KRISHNAGIRI,KRISHNAGIRI,1,,,Bellarapalli,Pachiganapalli,KRISHNAGIRI,1,3,1,5,1,635122,2,2,3,0,2,16,0,0,0,2,2,1,2,1,209,1,0,0,0,0,3,2
5922295,TAMIL NADU,KRISHNAGIRI,SHOOLAGIRI,1,,,Sanamavu,Sanamavoo,SHOOLAGIRI,1,3,1,5,1,635119,2,2,3,0,2,19,0,0,0,2,2,1,2,2,204,1,2,4,0,0,0,0
4056989,TAMIL NADU,KRISHNAGIRI,HOSUR,1,,,Bagalur,Bagaloor,HOSUR,3,3,1,12,5,635124,2,2,3,0,2,19,0,0,0,2,2,1,1,2,210,1,31,32,11,4,0,0
4280332,TAMIL NADU,KRISHNAGIRI,KAVERIPATINAM,1,,,Kaveripattinam,Santhapuram,KAVERIPATTINAM,1,3,1,5,5,635112,2,2,3,0,2,19,0,0,0,2,2,1,1,2,193,1,8,10,0,2,0,0
9744079,TAMIL NADU,KRISHNAGIRI,THALLY,1,,,Daravendram,Dharavendiram,THALLY,1,3,1,5,1,635118,2,2,3,0,2,19,0,0,0,2,2,1,2,2,206,1,0,0,0,0,1,1
9711022,TAMIL NADU,KRISHNAGIRI,THALLY,1,,,Doddamanchi,Doddamanchi,THALLY,1,3,1,5,1,635102,2,2,3,0,2,16,0,0,0,2,2,1,2,2,204,1,0,0,0,0,2,4
8181941,TAMIL NADU,KRISHNAGIRI,HOSUR,1,,,Kothagondapalli,Kothagondapalli,HOSUR,1,3,1,5,1,635126,2,2,3,0,2,19,0,0,0,2,2,1,2,1,236,1,0,0,0,0,3,7
5729536,TAMIL NADU,KRISHNAGIRI,UTHANGARAI,2,Uthangarai,Uthangarai (TP) - Ward No.12,,,,1,3,1,5,1,635207,2,2,3,0,2,16,0,0,0,2,2,1,2,2,210,1,0,0,0,1,0,2
2288378,TAMIL NADU,KRISHNAGIRI,HOSUR,2,Hosur,Hosur (M) - Ward No.32,,,,3,3,1,12,5,635109,2,2,3,0,2,19,0,0,0,2,2,1,1,2,0,1,50,31,8,8,0,0
3846598,TAMIL NADU,KRISHNAGIRI,KELAMANGALAM,1,,,Nellur,Doddathimmanahalli,KELAMANGALAM,1,3,1,5,1,635113,2,2,3,0,2,16,0,0,0,2,2,1,2,2,194,1,0,0,0,1,0,0
3964431,TAMIL NADU,KRISHNAGIRI,VEPPANAPALLI,1,,,Sulamalai,V.Madepalli,VEPPANAPALLI,1,3,1,5,1,635121,2,2,3,0,2,16,0,0,0,2,2,1,2,2,200,1,0,0,3,1,2,2
8321809,TAMIL NADU,KRISHNAGIRI,VEPPANAPALLI,1,,,Idipalli,Balanapalli,VEPPANAPALLI,1,3,1,5,1,635121,2,2,3,0,2,19,0,0,0,2,2,1,2,2,210,1,0,0,0,1,0,0
8070062,TAMIL NADU,KRISHNAGIRI,UTHANGARAI,1,,,Hanumantheertham,Katteri,UTHANGARAI,1,3,1,5,1,636902,2,2,3,0,2,16,0,0,0,2,2,1,2,1,210,1,0,0,0,1,4,5
7475969,TAMIL NADU,KRISHNAGIRI,KAVERIPATINAM,1,,,Bannihalli,Bannihalli,KAVERIPATTINAM,1,3,1,5,1,635106,2,2,3,0,2,16,0,0,0,2,2,1,2,1,194,1,0,0,0,0,1,3
1283828,TAMIL NADU,KRISHNAGIRI,KRISHNAGIRI,1,,,Junjupalli,Thippanapalli,KRISHNAGIRI,1,3,1,5,1,635115,2,2,3,0,2,16,0,0,0,2,2,1,2,2,207,1,0,0,1,0,0,0
1645222,TAMIL NADU,KRISHNAGIRI,KRISHNAGIRI,1,,,Kammaampalli,Mallinaayanapalli,KRISHNAGIRI,1,3,1,5,1,635120,2,2,3,0,2,19,0,0,0,2,2,1,2,1,210,1,0,0,2,0,0,0
1679866,TAMIL NADU,KRISHNAGIRI,THALLY,1,,,Madagondapalli,Madhagondapalli,THALLY,1,3,1,5,1,635114,2,2,3,0,2,19,0,0,0,2,2,1,2,2,207,1,0,0,0,0,3,0
9062446,TAMIL NADU,KRISHNAGIRI,THALLY,1,,,Thandarai,Thandarai,THALLY,1,3,1,5,1,635107,2,2,3,0,2,19,0,0,0,2,2,1,2,2,206,1,0,0,0,0,2,0
8098398,TAMIL NADU,KRISHNAGIRI,THALLY,1,,,Thalikothanur,Thally Kothanur,THALLY,1,3,1,5,1,635118,2,2,3,0,2,19,0,0,0,2,2,1,2,1,194,1,0,0,0,0,1,2
8184821,TAMIL NADU,KRISHNAGIRI,THALLY,1,,,Anchetty,Anchetti,THALLY,1,3,1,5,5,635102,2,2,3,0,2,19,0,0,0,2,2,1,1,2,192,1,27,21,2,0,0,0
8682934,TAMIL NADU,KRISHNAGIRI,BARGUR,1,,,Kattagaram,Kattagaram,BARGUR,1,3,1,5,5,635206,2,2,3,0,2,16,19,0,0,2,2,1,1,2,200,1,44,26,1,1,0,0
3628548,TAMIL NADU,KRISHNAGIRI,KRISHNAGIRI,1,,,Bellarapalli,Pachiganapalli,KRISHNAGIRI,1,3,1,5,1,635122,2,2,3,0,2,16,0,0,0,2,2,1,2,1,194,1,0,0,2,0,0,0
5644735,TAMIL NADU,KRISHNAGIRI,UTHANGARAI,2,Uthangarai,Uthangarai (TP) - Ward No.7,,,,3,3,1,12,5,635207,2,2,3,0,2,19,0,0,0,2,2,1,1,2,250,1,28,38,2,2,0,0
4434127,TAMIL NADU,KRISHNAGIRI,HOSUR,1,,,Thummanapalli,Thummanapalli,HOSUR,6,3,1,10,5,635105,2,2,3,0,2,19,0,0,0,1,0,1,1,2,210,1,11,10,4,3,0,0
5844115,TAMIL NADU,KRISHNAGIRI,SHOOLAGIRI,1,,,Uddanapalli,Uddanapalli,Shoolagiri,1,3,1,5,5,635119,2,2,3,0,2,19,0,0,0,0,0,1,1,9,0,1,4,10,4,4,0,0
8727322,TAMIL NADU,KRISHNAGIRI,VEPPANAPALLI,1,,,Kathiripalli,Nachikuppam,VEPPANAPALLI,1,3,1,5,1,635121,2,2,3,0,2,19,0,0,0,2,2,1,2,2,210,1,0,0,0,0,0,0
8692873,TAMIL NADU,KRISHNAGIRI,SHOOLAGIRI,1,,,Hosapalli,Hosahalli,SHOOLAGIRI,1,3,1,5,1,635117,2,2,3,0,2,16,0,0,0,2,2,1,2,2,204,1,0,0,0,0,7,3
4289259,TAMIL NADU,KRISHNAGIRI,KAVERIPATINAM,1,,,Karadihalli,Karadihalli,KAVERIPATTINAM,1,3,1,5,1,635112,2,2,3,0,2,16,0,0,0,2,2,1,2,2,194,1,0,0,0,0,1,4
9314494,TAMIL NADU,KRISHNAGIRI,VEPPANAPALLI,1,,,Nachikuppam,Nachikuppam,VEPPANAPALLI,1,3,1,5,1,635121,2,2,3,0,2,19,0,0,0,2,2,1,2,2,210,1,0,0,1,0,2,3
1512635,TAMIL NADU,KRISHNAGIRI,SHOOLAGIRI,1,,,Nallaganakothapalli,Koneripalli,SHOOLAGIRI,1,3,1,5,1,635117,2,2,3,0,2,19,0,0,0,2,2,1,2,2,220,1,0,0,0,0,1,1
1436101,TAMIL NADU,KRISHNAGIRI,THALLY,1,,,Kottaiyur,Kottaiyur,THALLY,1,3,1,5,1,635102,2,2,3,0,2,16,0,0,0,2,2,1,2,2,206,1,0,0,0,0,0,0
7355285,TAMIL NADU,KRISHNAGIRI,KRISHNAGIRI,1,,,Venkatapuram (Ct),Venkatapuram,KRISHNAGIRI,3,3,1,12,5,635002,2,2,3,0,2,19,0,0,0,2,2,1,1,2,210,1,53,40,10,5,0,0
5032494,TAMIL NADU,KRISHNAGIRI,THALLY,1,,,Anchetty,Anchetti,THALLY,1,3,1,5,1,635102,2,2,3,0,2,16,0,0,0,2,2,1,2,2,204,1,0,0,0,0,3,0
3984848,TAMIL NADU,KRISHNAGIRI,KRISHNAGIRI,1,,,Agaram,Ittikal Agaram,KRISHNAGIRI,1,3,1,5,5,635122,2,2,3,0,2,19,0,0,0,2,2,1,1,0,208,1,22,27,7,5,0,0
4798558,TAMIL NADU,KRISHNAGIRI,SHOOLAGIRI,1,,,Moranapalli,Perandapalli,SHOOLAGIRI,1,3,1,5,1,635109,2,2,3,0,2,19,0,0,0,2,2,1,2,1,204,1,0,0,0,0,5,7
1691317,TAMIL NADU,KRISHNAGIRI,MATHUR,1,,,Ettipatti,K. Ettipatti,MATHUR,1,3,1,5,1,635306,2,2,3,0,2,16,0,0,0,2,2,1,2,1,206,1,0,0,0,0,2,3
9374094,TAMIL NADU,KRISHNAGIRI,SHOOLAGIRI,1,,,Halekotta,Beerjepalli,SHOOLAGIRI,1,3,1,5,1,635119,2,2,3,0,2,19,0,0,0,2,2,1,2,2,204,1,0,0,0,1,2,1
2695264,TAMIL NADU,KRISHNAGIRI,KAVERIPATINAM,1,,,Errahalli,Errahalli,KAVERIPATTINAM,1,3,1,5,1,635112,2,2,3,0,2,16,0,0,0,2,2,1,2,2,210,1,0,0,0,0,1,4
3475395,TAMIL NADU,KRISHNAGIRI,KELAMANGALAM,1,,,Erudukotta,Irudhukottai,KELAMANGALAM,1,3,1,5,1,635107,2,2,3,0,2,16,0,0,0,2,2,1,2,2,206,1,0,0,0,0,0,0
9980856,TAMIL NADU,KRISHNAGIRI,BARGUR,1,,,Mallapadi,Mallapadi,BARGUR,1,3,1,5,5,635104,2,2,3,0,2,19,0,0,0,2,2,1,1,2,216,1,9,8,1,0,0,0
1452925,TAMIL NADU,KRISHNAGIRI,SHOOLAGIRI,1,,,Pannapalli,Pannapalli,SHOOLAGIRI,1,3,1,5,1,635105,2,2,3,0,2,19,0,0,0,2,2,1,2,2,204,1,0,0,0,0,7,8
2027310,TAMIL NADU,KRISHNAGIRI,VEPPANAPALLI,1,,,Madepalli,V.Madepalli,VEPPANAPALLI,1,3,1,5,1,635121,2,2,3,0,2,16,0,0,0,2,2,1,2,2,204,1,0,0,1,0,5,10
7677207,TAMIL NADU,KRISHNAGIRI,KRISHNAGIRI,2,Krishnagiri,Krishnagiri (M) - Ward No.9,,,,1,2,1,5,3,635001,2,2,3,0,2,18,0,0,0,2,2,1,2,2,200,1,0,0,0,0,0,2
8619567,TAMIL NADU,KRISHNAGIRI,HOSUR,1,,,Mallasandiram,Alasapalli Batvarapalli,HOSUR,1,3,1,5,1,635105,2,2,3,0,2,19,0,0,0,2,2,1,2,2,204,1,0,0,0,0,1,3
1593724,TAMIL NADU,KRISHNAGIRI,SHOOLAGIRI,1,,,Ulagam,Banganahalli,SHOOLAGIRI,1,3,1,5,1,635117,2,2,3,0,2,19,0,0,0,2,2,1,2,2,204,1,0,0,2,0,13,10
1512701,TAMIL NADU,KRISHNAGIRI,KAVERIPATINAM,1,,,Bannihalli,Bannihalli,KAVERIPATTINAM,3,3,1,12,5,635112,2,2,3,0,2,19,16,0,0,2,2,1,1,2,223,1,27,20,12,5,0,0
1210905,TAMIL NADU,KRISHNAGIRI,HOSUR,1,,,Achettipalli,Achettipalli,HOSUR,1,3,1,5,5,635109,2,2,3,0,2,19,0,0,0,0,0,1,1,2,0,1,0,0,2,0,0,0
2497331,TAMIL NADU,KRISHNAGIRI,BARGUR,1,,,Puligunta,Thogarapalli,BARGUR,1,3,1,5,5,635203,2,2,3,0,2,19,0,0,0,2,2,1,1,2,210,1,6,2,0,0,0,0
9609140,TAMIL NADU,KRISHNAGIRI,UTHANGARAI,1,,,Keeimathur,Keelmathur,UTHANGARAI,1,3,1,5,1,635307,2,2,3,0,2,16,0,0,0,2,2,1,2,1,210,1,0,0,1,1,5,3
6253278,TAMIL NADU,KRISHNAGIRI,KAVERIPATINAM,1,,,Mottur,Nedungal,KAVERIPATTINAM,1,3,1,5,1,635112,2,2,3,0,2,16,0,0,0,2,2,1,2,2,204,1,0,0,0,0,2,4
5970242,TAMIL NADU,KRISHNAGIRI,KAVERIPATINAM,1,,,Pannandur,Pannandhur,KAVERIPATTINAM,1,3,1,5,5,635123,2,2,3,0,2,19,0,0,0,2,2,1,1,2,220,1,22,20,4,1,0,0
7204665,TAMIL NADU,KRISHNAGIRI,BARGUR,1,,,Chendrapalli,Anchoor,BARGUR,1,3,1,5,1,635203,2,2,3,0,2,16,0,0,0,2,2,1,2,2,194,1,2,1,1,0,0,1
5223613,TAMIL NADU,KRISHNAGIRI,MATHUR,1,,,Sulakarai,Soolagarai,MATHUR,1,3,1,5,1,635304,2,2,3,0,2,16,0,0,0,2,2,1,2,2,210,1,0,0,1,0,0,0
6848299,TAMIL NADU,KRISHNAGIRI,HOSUR,2,Hosur,Hosur (M) - Ward No.28,,,,3,3,1,12,5,635109,2,2,3,0,2,19,0,0,0,2,2,1,1,2,215,1,2,13,3,2,0,0
1229737,TAMIL NADU,KRISHNAGIRI,HOSUR,1,,,Sevaganapalli,Sevaganapalli,HOSUR,1,3,1,5,1,635103,2,2,3,0,2,19,0,0,0,2,2,1,2,2,204,1,0,0,0,0,0,0
3363057,TAMIL NADU,KRISHNAGIRI,KAVERIPATINAM,1,,,Bendarahalli,Arasampatti,KAVERIPATTINAM,1,3,1,5,1,635201,2,2,3,0,2,16,0,0,0,2,2,1,2,2,189,1,0,0,0,2,0,0
4607541,TAMIL NADU,KRISHNAGIRI,KRISHNAGIRI,1,,,Bayanapalli (Part),Baiyanapalli,KRISHNAGIRI,1,3,1,5,1,635115,2,2,3,0,2,16,0,0,0,2,2,1,2,2,210,1,0,0,1,0,2,4
3638121,TAMIL NADU,KRISHNAGIRI,THALLY,1,,,Salivaram,Salivaram,THALLY,1,3,1,5,1,635107,2,2,3,0,2,19,0,0,0,2,2,1,2,2,208,1,0,0,0,0,3,8
3657227,TAMIL NADU,KRISHNAGIRI,KELAMANGALAM,1,,,Muthanhalli,Doddathimmanahalli,KELAMANGALAM,1,3,1,5,1,635116,2,2,3,0,2,16,0,0,0,2,2,1,2,2,194,1,0,0,0,0,0,0
9104664,TAMIL NADU,KRISHNAGIRI,UTHANGARAI,1,,,Periyakottakulam,Periya Kotta Kulam,UTHANGARAI,1,3,1,5,1,635304,2,2,3,0,2,16,0,0,0,2,2,1,2,1,210,1,0,0,0,0,0,0
9115400,TAMIL NADU,KRISHNAGIRI,SHOOLAGIRI,1,,,Athimugam,Athimugam,SHOOLAGIRI,1,3,1,5,1,635105,2,2,3,0,2,19,0,0,0,2,2,1,2,2,210,1,0,0,2,0,0,0
1137629,TAMIL NADU,KRISHNAGIRI,KELAMANGALAM,1,,,Battamugulalam,Bettamugalalam,KELAMANGALAM,1,3,1,5,1,636806,2,2,3,0,2,16,0,0,0,2,2,2,2,2,204,1,0,0,0,0,0,0
1906312,TAMIL NADU,KRISHNAGIRI,SHOOLAGIRI,1,,,Samanapalli,Samanapalli,SHOOLAGIRI,1,3,1,5,1,635117,2,2,3,0,2,16,0,0,0,2,2,1,2,2,204,1,0,0,0,0,6,4
9383672,TAMIL NADU,KRISHNAGIRI,HOSUR,1,,,Jeemangalam,Bagaloor,HOSUR,6,3,1,10,5,635103,2,2,3,0,1,19,0,0,0,1,0,1,1,2,0,1,3,3,2,1,0,0
5448440,TAMIL NADU,KRISHNAGIRI,MATHUR,1,,,Kannandahalli,Kannandahalli,MATHUR,1,3,1,5,1,635203,2,2,3,0,2,16,0,0,0,2,2,1,2,2,200,1,0,0,0,0,0,0
9662622,TAMIL NADU,KRISHNAGIRI,THALLY,1,,,Andevanapalli,Andevanapalli,THALLY,1,3,1,5,1,635107,2,2,3,0,2,19,0,0,0,2,2,1,2,1,210,1,0,0,0,0,8,6
2262477,TAMIL NADU,KRISHNAGIRI,THALLY,1,,,Achubalu,Achubalu,Thally,1,3,1,5,1,635118,2,2,3,0,2,19,0,0,0,2,2,1,2,1,194,1,0,0,0,0,2,2
7164676,TAMIL NADU,KRISHNAGIRI,HOSUR,2,Hosur,Hosur (M) - Ward No.27,,,,3,3,1,12,5,635109,2,2,3,0,2,19,0,0,0,1,1,1,1,2,220,1,89,82,44,26,0,0
2670157,TAMIL NADU,KRISHNAGIRI,MATHUR,1,,,Samalpatti,Samalpatti,MATHUR,1,3,1,5,1,635306,2,2,3,0,2,16,0,0,0,2,2,1,2,1,210,1,0,0,1,0,1,2
8645754,TAMIL NADU,KRISHNAGIRI,THALLY,1,,,Devaganapalli,Devaganapalli,THALLY,1,3,1,5,1,635114,2,2,3,0,2,19,0,0,0,2,2,1,2,1,207,1,0,0,0,0,0,0
9347612,TAMIL NADU,KRISHNAGIRI,HOSUR,2,Hosur,Hosur (M) - Ward No.9,,,,1,3,1,5,1,635109,2,2,3,0,2,19,0,0,0,2,2,1,2,1,204,1,0,0,0,0,0,0
1902274,TAMIL NADU,KRISHNAGIRI,HOSUR,1,,,Kothagondapalli,Kothagondapalli,HOSUR,1,3,1,5,1,635109,2,2,3,0,2,19,0,0,0,2,2,1,2,1,206,1,2,0,1,0,2,2
4187386,TAMIL NADU,KRISHNAGIRI,BARGUR,1,,,Kattagaram,Kattagaram,BARGUR,1,3,1,5,1,635206,2,2,3,0,2,16,0,0,0,2,2,1,2,1,210,1,0,0,1,1,1,0
1235721,TAMIL NADU,KRISHNAGIRI,SHOOLAGIRI,1,,,Uddanapalli,Uddanapalli,SHOOLAGIRI,1,3,1,5,1,635119,2,2,3,0,2,19,0,0,0,2,2,1,2,2,186,1,0,0,0,0,3,1
6718059,TAMIL NADU,KRISHNAGIRI,KELAMANGALAM,2,Denkanikottai,Denkanikottai (TP) - Ward No.10,,,,6,3,1,10,5,635107,2,2,3,0,1,19,0,0,0,2,2,1,1,2,197,1,16,19,4,2,0,0
1809547,TAMIL NADU,KRISHNAGIRI,THALLY,1,,,Anniyalam,Anniyalam,THALLY,1,3,1,5,1,635107,2,2,3,0,2,19,0,0,0,2,2,1,2,2,208,1,0,0,0,0,0,0
2510933,TAMIL NADU,KRISHNAGIRI,THALLY,1,,,Achubalu,Achubalu,THALLY,1,3,1,5,5,635118,2,2,3,0,1,19,0,0,0,2,2,1,1,2,0,1,12,12,0,0,0,0
1713450,TAMIL NADU,KRISHNAGIRI,THALLY,1,,,Kottaiyur,Kottaiyur,THALLY,1,3,1,5,1,635102,2,2,3,0,2,16,0,0,0,2,2,1,2,2,204,1,0,0,0,0,0,0
8535756,TAMIL NADU,KRISHNAGIRI,MATHUR,1,,,Bommepalli,Bommepalli,MATHUR,1,3,1,5,1,635104,2,2,3,0,2,16,0,0,0,2,2,1,2,2,210,1,0,0,0,0,0,0
8758783,TAMIL NADU,KRISHNAGIRI,HOSUR,2,Hosur,Hosur (M) - Ward No.25,,,,6,3,1,10,5,635109,2,2,3,0,2,19,0,0,0,2,0,1,1,2,211,1,26,18,1,2,0,0
4842580,TAMIL NADU,KRISHNAGIRI,KRISHNAGIRI,2,Krishnagiri,Krishnagiri (M) - Ward No.31,,,,1,2,1,5,4,635001,2,2,3,0,1,16,19,0,0,2,2,1,2,2,210,1,0,3,0,214,0,14
7126779,TAMIL NADU,KRISHNAGIRI,KRISHNAGIRI,2,Krishnagiri,Krishnagiri (M) - Ward No.7,,,,6,3,1,10,5,635001,2,2,3,0,2,19,0,0,0,2,0,1,1,2,220,1,44,30,6,9,0,0
9158867,TAMIL NADU,KRISHNAGIRI,MATHUR,1,,,Chavadiyur,Naralapalli,MATHUR,1,3,1,5,1,635306,2,2,3,0,2,16,0,0,0,2,2,1,2,1,206,1,0,0,0,0,0,0
2663348,TAMIL NADU,KRISHNAGIRI,THALLY,1,,,Andevanapalli,Andevanapalli,THALLY,1,3,1,5,1,635107,2,2,3,0,2,18,0,0,0,2,2,1,2,2,202,1,0,0,0,0,4,1
2965282,TAMIL NADU,KRISHNAGIRI,THALLY,1,,,Thalikothanur,Thally Kothanur,THALLY,1,3,1,5,1,635118,2,2,3,0,2,16,0,0,0,2,2,1,2,2,208,1,0,0,0,0,3,0
4607487,TAMIL NADU,KRISHNAGIRI,KELAMANGALAM,2,Denkanikottai,Denkanikottai (TP) - Ward No.12,,,,1,3,1,5,1,635107,2,2,3,0,2,19,0,0,0,2,2,1,2,1,206,1,0,0,0,0,0,0
4359493,TAMIL NADU,KRISHNAGIRI,KELAMANGALAM,1,,,Sengodachinnahalli,Medaagaraharam,KELAMANGALAM,1,3,1,5,1,635116,2,2,3,0,2,16,0,0,0,2,2,1,2,2,204,1,0,0,0,0,10,16
8196190,TAMIL NADU,KRISHNAGIRI,BARGUR,1,,,Salinayanapalli,Karakuppam,BARGUR,3,3,1,12,5,635104,2,2,3,0,2,19,0,0,0,1,1,1,1,2,213,1,22,11,8,3,0,0
3246961,TAMIL NADU,KRISHNAGIRI,KAVERIPATINAM,1,,,Mittahalli,Mittahalli,KAVERIPATTINAM,3,3,1,12,5,635112,2,2,3,0,2,16,19,0,0,2,2,1,1,2,210,1,44,35,12,7,0,1
9609741,TAMIL NADU,KRISHNAGIRI,KRISHNAGIRI,1,,,Kattiganapalli (Ct),Kattigaanapalli,KRISHNAGIRI,6,3,1,10,5,635002,2,2,3,0,1,19,0,0,0,1,0,1,1,2,220,1,15,15,4,5,0,0
7527015,TAMIL NADU,KRISHNAGIRI,KAVERIPATINAM,1,,,Vilangamudi,Vilangamudi,KAVERIPATTINAM,1,3,1,5,1,635206,2,2,3,0,2,19,0,0,0,2,2,1,2,2,189,1,0,0,1,0,2,2
5034718,TAMIL NADU,KRISHNAGIRI,UTHANGARAI,1,,,Periathallapadi,Periyathallapadi,UTHANGARAI,1,3,1,5,1,635307,2,2,3,0,2,16,0,0,0,2,2,1,2,1,210,1,0,0,3,3,0,1
8316680,TAMIL NADU,KRISHNAGIRI,BARGUR,1,,,Batlapalli,Batlapalli,BARGUR,1,3,1,5,1,635104,2,2,3,0,2,16,0,0,0,2,2,1,2,2,204,1,0,0,0,1,1,8
2110626,TAMIL NADU,KRISHNAGIRI,UTHANGARAI,1,,,Kallavi R.F.,Kallavi,UTHANGARAI,1,3,1,5,1,635304,2,2,3,0,2,16,0,0,0,2,2,1,2,2,210,1,0,0,0,1,0,0
6098139,TAMIL NADU,KRISHNAGIRI,KELAMANGALAM,1,,,Bevunutham,Bevanatham,KELAMANGALAM,1,3,1,5,1,635113,2,2,3,0,2,16,0,0,0,2,2,1,2,2,204,1,0,0,0,0,0,0
1180617,TAMIL NADU,KRISHNAGIRI,KELAMANGALAM,1,,,Rayakotta,Rayakottai,KELAMANGALAM,1,3,1,5,5,635116,2,2,3,0,2,19,0,0,0,2,2,1,1,2,217,1,21,18,0,0,0,0
9978287,TAMIL NADU,KRISHNAGIRI,UTHANGARAI,1,,,Maganurpatti,Maganoorpatti,UTHANGARAI,1,3,1,5,1,635307,2,2,3,0,2,16,0,0,0,2,2,1,2,1,210,1,0,1,0,3,1,1
2863647,TAMIL NADU,KRISHNAGIRI,HOSUR,1,,,Thorapalli Agraharam,Thorapalliagraharam,HOSUR,1,3,1,5,5,635109,2,2,3,0,2,19,0,0,0,2,2,1,1,2,203,1,12,16,0,0,0,0
4121930,TAMIL NADU,KRISHNAGIRI,UTHANGARAI,1,,,Selakarampatti,Vengadathampatti,UTHANGARAI,3,3,1,12,5,635207,2,2,2,3,2,19,0,0,0,1,1,1,1,2,250,1,78,46,14,11,0,0
2679566,TAMIL NADU,KRISHNAGIRI,KRISHNAGIRI,1,,,Kathinayanapalli,Kaattinaayanapalli,KRISHNAGIRI,1,3,1,5,1,635001,2,2,3,0,2,19,0,0,0,2,2,1,2,2,210,1,0,0,6,1,18,10
8807983,TAMIL NADU,KRISHNAGIRI,SHOOLAGIRI,1,,,Peddasigarlapalli,Peddasigaralapalli,SHOOLAGIRI,1,3,1,5,1,635117,2,2,3,0,2,16,0,0,0,2,2,1,2,1,206,1,0,0,0,0,0,0
2226222,TAMIL NADU,KRISHNAGIRI,VEPPANAPALLI,1,,,Polupalli,P.K. Peddanapalli,VEPPANAPALLI,1,3,1,5,1,635115,2,2,3,0,2,16,0,0,0,2,2,1,2,1,210,1,0,0,0,0,1,3
4503475,TAMIL NADU,KRISHNAGIRI,THALLY,1,,,Madakkal,Madakkal,THALLY,1,3,1,5,1,635118,2,2,3,0,2,17,0,0,0,2,2,1,2,2,207,1,0,0,0,0,0,0
6443668,TAMIL NADU,KRISHNAGIRI,KELAMANGALAM,1,,,Battamugulalam,Bettamugalalam,KELAMANGALAM,1,3,1,5,1,636806,2,2,3,0,2,16,0,0,0,2,2,2,2,2,210,1,0,0,0,0,0,0
9271030,TAMIL NADU,KRISHNAGIRI,VEPPANAPALLI,1,,,Veppanapalli,Veppanapalli,VEPPANAPALLI,1,3,1,5,5,635121,2,1,3,0,2,19,0,0,0,2,2,1,1,2,208,1,22,12,5,2,1,2
2218982,TAMIL NADU,KRISHNAGIRI,KAVERIPATINAM,1,,,Puliyampatti,Papparappatti,KAVERIPATTINAM,1,3,1,5,1,635123,2,2,3,0,2,16,19,0,0,2,2,1,2,1,200,1,0,0,0,0,2,6
9942267,TAMIL NADU,KRISHNAGIRI,KAVERIPATINAM,1,,,Errahalli,Errahalli,KAVERIPATTINAM,6,3,1,10,5,635112,2,2,3,0,2,19,0,0,0,2,0,1,1,2,210,1,20,15,6,4,0,0
5651500,TAMIL NADU,KRISHNAGIRI,HOSUR,2,Hosur,Hosur (M) - Ward No.25,,,,3,3,1,12,5,635109,2,2,3,0,2,19,0,0,0,2,2,1,1,2,214,1,25,34,6,5,0,0
4189045,TAMIL NADU,KRISHNAGIRI,KRISHNAGIRI,1,,,Agasipalli,Agasipalli,KRISHNAGIRI,1,3,1,5,1,635002,2,2,3,0,2,16,19,0,0,2,2,1,2,2,208,1,0,0,0,0,3,2
9142869,TAMIL NADU,KRISHNAGIRI,VEPPANAPALLI,1,,,Polupalli,P.K. Peddanapalli,VEPPANAPALLI,1,3,1,5,1,635115,2,2,3,0,2,16,0,0,0,2,2,1,2,2,194,1,0,0,0,1,1,2
6087544,TAMIL NADU,KRISHNAGIRI,SHOOLAGIRI,1,,,Melumalai,Melumalai,SHOOLAGIRI,1,3,1,5,1,635117,2,2,3,0,2,16,0,0,0,2,2,1,2,2,210,1,1,0,2,0,1,3
1135833,TAMIL NADU,KRISHNAGIRI,SHOOLAGIRI,1,,,Immidinayaganapalli,Immidinayakanapalli,SHOOLAGIRI,1,3,1,5,1,635115,2,2,3,0,2,16,0,0,0,2,2,1,2,2,210,1,0,0,0,0,0,0
4846905,TAMIL NADU,KRISHNAGIRI,BARGUR,1,,,Jagadevipalayam,Jagadevi,BARGUR,1,2,1,5,1,635203,2,2,3,0,2,18,0,0,0,2,2,1,2,2,210,1,0,0,0,1,0,1
4571374,TAMIL NADU,KRISHNAGIRI,BARGUR,1,,,Kadappasandampatti,Kullampatti,BARGUR,1,3,1,5,1,635203,2,2,3,0,2,16,0,0,0,2,2,1,2,2,204,1,0,0,0,0,0,0
4937266,TAMIL NADU,KRISHNAGIRI,KRISHNAGIRI,2,Krishnagiri,Krishnagiri (M) - Ward No.23,,,,1,3,1,5,3,635001,2,2,3,0,2,19,0,0,0,2,2,1,2,1,210,1,0,0,3,3,6,6
9019137,TAMIL NADU,KRISHNAGIRI,UTHANGARAI,1,,,Maganurpatti,Maganoorpatti,UTHANGARAI,1,3,1,5,1,635307,2,2,3,0,2,16,0,0,0,2,2,1,2,1,210,1,0,0,0,0,5,3
2720737,TAMIL NADU,KRISHNAGIRI,BARGUR,2,Bargur,Bargur (TP) - Ward No.1,,,,1,3,1,5,4,635104,2,2,3,0,1,16,0,0,0,2,2,1,2,2,200,1,0,1,1,1,0,0
3902366,TAMIL NADU,KRISHNAGIRI,KAVERIPATINAM,1,,,Timmapuram,Thimmapuram,KAVERIPATTINAM,1,3,1,5,1,635112,2,2,3,0,2,19,0,0,0,2,2,1,2,2,200,1,0,0,3,2,0,2
2610339,TAMIL NADU,KRISHNAGIRI,MATHUR,1,,,Sevvampatti,Sivampatti,MATHUR,1,3,1,5,1,635203,2,2,3,0,2,16,0,0,0,2,2,1,2,1,210,1,1,1,3,1,0,0
5368659,TAMIL NADU,KRISHNAGIRI,THALLY,1,,,Andevanapalli,Andevanapalli,THALLY,1,3,1,5,1,635107,2,2,3,0,2,19,0,0,0,2,2,1,2,2,204,1,0,0,0,0,2,4
8466613,TAMIL NADU,KRISHNAGIRI,KELAMANGALAM,1,,,Bevunutham,Bevanatham,KELAMANGALAM,1,3,1,5,1,635113,2,2,3,0,2,16,0,0,0,2,2,1,2,2,210,1,0,0,0,0,2,3
8320756,TAMIL NADU,KRISHNAGIRI,KAVERIPATINAM,1,,,Bendarahalli,Arasampatti,KAVERIPATTINAM,1,3,1,5,1,635201,2,2,3,0,2,16,0,0,0,2,2,1,2,2,194,1,0,0,0,1,6,7
2293502,TAMIL NADU,KRISHNAGIRI,VEPPANAPALLI,1,,,Veppanapalli,Veppanapalli,VEPPANAPALLI,3,3,1,12,5,635121,2,2,3,0,2,19,0,0,0,2,2,1,1,2,215,1,86,60,1,4,0,0
7181551,TAMIL NADU,KRISHNAGIRI,VEPPANAPALLI,1,,,Edayarapalli,Chinthagummanapalli,Veppanapalli,1,3,1,5,1,635121,2,2,3,0,2,16,0,0,0,2,2,1,2,2,194,1,0,0,1,2,6,4
6414624,TAMIL NADU,KRISHNAGIRI,SHOOLAGIRI,1,,,Moranapalli,Perandapalli,SHOOLAGIRI,1,3,1,5,1,635109,2,2,3,0,2,19,0,0,0,2,2,1,2,1,204,1,0,0,0,0,12,12
5823358,TAMIL NADU,KRISHNAGIRI,KAVERIPATINAM,1,,,Mittahalli,Mittahalli,KAVERIPATTINAM,1,3,1,5,1,635112,2,2,3,0,2,16,0,0,0,2,2,1,2,2,203,1,0,0,0,0,0,0
2599611,TAMIL NADU,KRISHNAGIRI,BARGUR,1,,,Guruvinayanapalli,Guruvinayanapalli,BARGUR,1,3,1,5,1,635120,2,2,3,0,2,16,0,0,0,2,2,1,2,2,194,1,0,0,4,2,7,2
3732479,TAMIL NADU,KRISHNAGIRI,KAVERIPATINAM,1,,,Mittahalli,Mittahalli,KAVERIPATTINAM,1,3,1,5,1,635112,2,2,3,0,2,16,0,0,0,2,2,1,2,1,194,1,0,0,0,0,1,2
4252163,TAMIL NADU,KRISHNAGIRI,KELAMANGALAM,1,,,Jakkeri,Jekkeri,KELAMANGALAM,1,3,1,5,1,635113,2,2,3,0,2,19,0,0,0,2,2,1,2,2,204,1,0,0,0,0,0,0
2861114,TAMIL NADU,KRISHNAGIRI,THALLY,1,,,Anchetty,Anchetti,THALLY,1,3,1,5,1,635102,2,2,3,0,2,16,0,0,0,2,2,1,2,2,203,1,0,0,0,0,1,6
5344389,TAMIL NADU,KRISHNAGIRI,UTHANGARAI,2,Uthangarai,Uthangarai (TP) - Ward No.6,,,,1,3,1,5,1,635207,2,2,3,0,2,19,0,0,0,2,2,1,2,1,210,1,3,0,2,3,0,0
6572155,TAMIL NADU,KRISHNAGIRI,HOSUR,2,Hosur,Hosur (M) - Ward No.29,,,,6,3,1,10,5,635109,2,2,3,0,2,19,0,0,0,1,0,1,1,2,230,2,24,22,21,17,0,0
5232657,TAMIL NADU,KRISHNAGIRI,KAVERIPATINAM,1,,,Mottur,Nedungal,KAVERIPATTINAM,1,3,1,5,1,635112,2,2,3,0,2,16,0,0,0,2,2,1,2,2,204,1,0,0,0,0,1,2
6189207,TAMIL NADU,KRISHNAGIRI,UTHANGARAI,1,,,Govindapuram,Govindapuram,UTHANGARAI,1,3,1,5,1,635307,2,2,3,0,2,16,0,0,0,2,2,1,2,2,210,1,0,0,2,3,0,0
2754475,TAMIL NADU,KRISHNAGIRI,KRISHNAGIRI,1,,,Kondepalli,Kondepalli,KRISHNAGIRI,1,3,1,5,1,635115,2,2,3,0,2,16,0,0,0,2,2,1,2,2,200,1,0,0,0,0,0,3
6638919,TAMIL NADU,KRISHNAGIRI,HOSUR,2,Hosur,Hosur (M) - Ward No.39,,,,1,3,1,5,1,635110,2,2,3,0,2,19,0,0,0,2,2,1,2,1,204,1,0,0,0,1,6,3
2516163,TAMIL NADU,KRISHNAGIRI,THALLY,1,,,Thandarai,Thandarai,THALLY,1,3,1,5,1,635107,2,2,3,0,2,19,0,0,0,2,2,1,2,2,206,1,0,0,0,0,1,0
6308168,TAMIL NADU,KRISHNAGIRI,HOSUR,1,,,Muthuganapalli,Muduganapalli,HOSUR,1,3,1,5,1,635110,2,2,3,0,2,19,0,0,0,2,2,1,2,2,204,1,0,0,0,0,0,0
8791681,TAMIL NADU,KRISHNAGIRI,SHOOLAGIRI,1,,,Berigai,B.S.Thimmasandiram,SHOOLAGIRI,1,3,1,5,1,635105,2,2,3,0,2,18,19,0,0,2,2,1,2,2,204,1,0,0,1,0,0,0
2105132,TAMIL NADU,KRISHNAGIRI,VEPPANAPALLI,1,,,Polupalli,P.K. Peddanapalli,VEPPANAPALLI,1,3,1,5,1,635115,2,2,3,0,2,18,0,0,0,2,2,1,2,2,204,1,0,0,0,0,0,0
6534067,TAMIL NADU,KRISHNAGIRI,BARGUR,1,,,Kattagaram,Kattagaram,BARGUR,1,3,1,5,1,635206,2,2,3,0,2,16,0,0,0,2,2,1,2,1,210,1,2,0,0,0,0,0
9184143,TAMIL NADU,KRISHNAGIRI,MATHUR,1,,,Gendigampatti,Kalarpathi,MATHUR,1,3,1,5,1,635203,2,2,3,0,2,16,0,0,0,2,2,1,2,1,205,1,0,0,0,1,2,1
7375723,TAMIL NADU,KRISHNAGIRI,KRISHNAGIRI,2,Krishnagiri,Krishnagiri (M) - Ward No.10,,,,2,3,1,8,4,635001,2,2,3,0,1,16,19,0,0,2,2,1,2,2,208,1,2,1,0,1,0,0
8741264,TAMIL NADU,KRISHNAGIRI,THALLY,1,,,Kottamadagu,Kottamadugu,THALLY,1,3,1,5,1,635118,2,2,3,0,2,19,0,0,0,2,2,1,2,2,208,1,0,1,0,1,1,0
2657951,TAMIL NADU,KRISHNAGIRI,THALLY,1,,,Saragapalli,Saragapalli,THALLY,1,3,1,5,1,635114,2,2,3,0,2,19,0,0,0,2,2,1,2,2,207,1,0,0,0,0,3,3
1745729,TAMIL NADU,KRISHNAGIRI,BARGUR,1,,,Guttur,Guttur,BARGUR,1,3,1,5,1,635104,2,2,3,0,2,16,0,0,0,2,2,1,2,2,210,1,0,0,0,1,2,0
7377370,TAMIL NADU,KRISHNAGIRI,KELAMANGALAM,1,,,Anekollu,Anekollu,KELAMANGALAM,1,3,1,5,1,635107,2,2,3,0,2,19,0,0,0,2,2,1,2,2,204,1,0,0,0,0,0,0
7707518,TAMIL NADU,KRISHNAGIRI,THALLY,1,,,Saragapalli,Saragapalli,THALLY,1,3,1,5,1,635114,2,2,3,0,2,16,0,0,0,2,2,1,2,2,204,1,0,0,0,0,0,0
9680224,TAMIL NADU,KRISHNAGIRI,SHOOLAGIRI,1,,,Chinnarendoddi,Chinnarandoddi,SHOOLAGIRI,1,3,1,5,1,635105,2,2,3,0,2,19,0,0,0,2,2,1,2,2,210,1,0,0,0,0,0,0
4764579,TAMIL NADU,KRISHNAGIRI,BARGUR,2,Bargur,Bargur (TP) - Ward No.13,,,,1,3,1,5,1,635104,2,2,3,0,2,19,0,0,0,2,2,1,2,1,210,1,0,0,1,1,3,0
6496992,TAMIL NADU,KRISHNAGIRI,HOSUR,1,,,Begepalli,Begapalli,HOSUR,1,3,1,5,1,635126,2,2,3,0,2,19,0,0,0,2,2,1,2,2,204,1,0,0,2,0,0,0
3237652,TAMIL NADU,KRISHNAGIRI,VEPPANAPALLI,1,,,Veppanapalli,Veppanapalli,VEPPANAPALLI,1,3,1,5,1,635121,2,2,3,0,2,19,0,0,0,2,2,1,2,2,204,1,0,0,1,1,5,3
3202720,TAMIL NADU,KRISHNAGIRI,THALLY,1,,,Serandapalli,Sarandapalli,THALLY,1,3,1,5,1,635107,2,2,3,0,2,19,0,0,0,2,2,1,2,2,206,1,0,0,0,0,3,5
5483366,TAMIL NADU,KRISHNAGIRI,HOSUR,2,Hosur,Hosur (M) - Ward No.26,,,,1,3,1,5,1,635109,2,2,3,0,2,18,0,0,0,2,2,1,2,2,210,1,0,1,0,0,1,0
9095220,TAMIL NADU,KRISHNAGIRI,HOSUR,2,Hosur,Hosur (M) - Ward No.26,,,,3,3,1,12,5,635130,2,2,3,0,2,19,0,0,0,1,1,1,1,2,210,1,48,49,4,3,3,2
3851804,TAMIL NADU,KRISHNAGIRI,BARGUR,1,,,Jagadevipalayam,Jagadevi,BARGUR,1,3,1,5,1,635203,2,2,3,0,2,16,0,0,0,2,2,1,2,2,189,1,0,0,1,0,1,0
4407590,TAMIL NADU,KRISHNAGIRI,SHOOLAGIRI,1,,,Hosapalli,Hosahalli,SHOOLAGIRI,1,3,1,5,1,635117,2,2,3,0,2,16,0,0,0,2,2,1,2,2,200,1,0,0,2,1,11,11
9044231,TAMIL NADU,KRISHNAGIRI,KAVERIPATINAM,2,Kaveripattinam,Kaveripattinam (TP) - Ward No.7,,,,1,3,1,5,5,635112,2,2,3,0,2,19,0,0,0,2,2,1,1,2,218,1,20,11,3,0,0,0
4213448,TAMIL NADU,KRISHNAGIRI,THALLY,1,,,Karandapalli,Karandapalli,THALLY,1,3,1,5,1,635107,2,2,3,0,2,19,0,0,0,2,2,1,2,2,194,1,0,0,0,0,0,0
7209842,TAMIL NADU,KRISHNAGIRI,HOSUR,1,,,Sevaganapalli,Sevaganapalli,HOSUR,1,3,1,5,1,635109,2,2,3,0,2,19,0,0,0,2,2,1,2,2,204,1,0,0,0,0,0,0
9746247,TAMIL NADU,KRISHNAGIRI,KRISHNAGIRI,1,,,Naralapalli,Naaralapalli,KRISHNAGIRI,1,3,1,5,1,635120,2,2,3,0,2,16,0,0,0,2,2,1,2,2,210,1,1,1,0,0,0,0
6158490,TAMIL NADU,KRISHNAGIRI,KAVERIPATINAM,2,Nagojanahalli,Nagojanahalli (TP) - Ward No.14,,,,1,3,1,5,1,635204,2,2,3,0,2,16,0,0,0,2,2,1,2,2,189,1,0,0,0,0,3,2
3704816,TAMIL NADU,KRISHNAGIRI,BARGUR,1,,,Majethgollahalli,Majeethgollahalli,BARGUR,1,3,1,5,1,635206,2,2,3,0,2,16,0,0,0,2,2,1,2,2,204,1,0,0,0,0,0,0
8726899,TAMIL NADU,KRISHNAGIRI,SHOOLAGIRI,1,,,Doripalli,Doripalli,SHOOLAGIRI,1,3,1,5,1,635109,2,2,3,0,2,19,0,0,0,2,2,1,2,2,204,1,1,3,0,0,0,0
6803512,TAMIL NADU,KRISHNAGIRI,SHOOLAGIRI,1,,,Kattinaickenghoddi,Kattinayakandoddi,SHOOLAGIRI,1,3,1,5,1,635105,2,2,3,0,2,19,0,0,0,2,2,1,2,1,204,1,0,0,1,1,5,12
8469718,TAMIL NADU,KRISHNAGIRI,SHOOLAGIRI,1,,,Kalingavaram,Kalingavaram,SHOOLAGIRI,1,3,1,5,1,635117,2,2,3,0,2,16,0,0,0,2,2,1,2,2,200,1,0,1,0,0,7,8
1931312,TAMIL NADU,KRISHNAGIRI,HOSUR,1,,,Poonapalli,Poonapalli,HOSUR,3,3,1,12,5,635114,2,2,3,0,2,19,0,0,0,2,2,1,1,2,210,1,12,14,1,0,0,0
5662363,TAMIL NADU,KRISHNAGIRI,BARGUR,1,,,Thogarapalli R.F.,Thogarapalli,Bargur,1,3,1,5,1,635203,2,2,3,0,2,16,0,0,0,2,2,1,2,2,204,1,0,0,2,1,4,3
2001501,TAMIL NADU,KRISHNAGIRI,HOSUR,2,Hosur,Hosur (M) - Ward No.3,,,,3,3,1,12,5,635126,2,2,3,0,2,19,0,0,0,2,2,1,1,2,210,1,22,15,1,1,0,0
5414817,TAMIL NADU,KRISHNAGIRI,KELAMANGALAM,1,,,Erudukotta,Irudhukottai,KELAMANGALAM,1,3,1,5,1,635107,2,2,3,0,2,16,0,0,0,2,2,1,2,2,210,1,0,0,0,0,3,2
4015683,TAMIL NADU,KRISHNAGIRI,MATHUR,1,,,Ramakrishnampathy,Ramakrishnampathi,MATHUR,1,3,1,5,1,635207,2,2,3,0,2,16,0,0,0,2,2,1,2,2,200,1,0,0,1,0,0,0
1897750,TAMIL NADU,KRISHNAGIRI,KAVERIPATINAM,1,,,Errahalli,Errahalli,KAVERIPATTINAM,1,3,1,5,1,635112,2,2,3,0,2,16,0,0,0,2,2,1,2,1,210,1,0,0,0,0,1,2
6154732,TAMIL NADU,KRISHNAGIRI,THALLY,1,,,Anchetty,Anchetti,THALLY,1,3,1,5,1,635102,2,2,3,0,2,16,0,0,0,2,2,1,2,2,206,1,0,0,0,1,0,0
1720505,TAMIL NADU,KRISHNAGIRI,SHOOLAGIRI,1,,,Athimugam,Athimugam,SHOOLAGIRI,1,3,1,5,5,635105,2,2,3,0,2,19,0,0,0,2,2,1,1,2,204,1,5,0,0,0,0,0
9622934,TAMIL NADU,KRISHNAGIRI,THALLY,1,,,Natrapalayam,Natrampalayam,THALLY,1,3,1,5,1,635102,2,2,3,0,2,16,0,0,0,2,2,1,2,2,210,1,0,1,0,0,1,2
5457664,TAMIL NADU,KRISHNAGIRI,HOSUR,1,,,Bagalur,Bagaloor,HOSUR,1,3,1,5,1,635103,2,2,3,0,2,19,0,0,0,2,2,1,2,2,210,1,0,0,2,3,24,26
9437646,TAMIL NADU,KRISHNAGIRI,VEPPANAPALLI,1,,,Kodipalli,Kodipalli,VEPPANAPALLI,1,3,1,5,1,635115,2,2,3,0,2,16,0,0,0,2,2,1,2,2,210,1,0,0,0,0,1,1
4896307,TAMIL NADU,KRISHNAGIRI,VEPPANAPALLI,1,,,Kariyasagaramthalav,Kuriyanapalli,VEPPANAPALLI,1,3,1,5,1,635121,2,2,3,0,2,16,0,0,0,2,2,1,2,2,194,1,0,0,0,0,1,0
7021084,TAMIL NADU,KRISHNAGIRI,HOSUR,1,,,Nandimangalam,Nandhimangalam,HOSUR,1,3,1,5,1,635109,2,2,3,0,2,19,0,0,0,2,2,1,2,2,204,1,0,0,0,0,0,3
3431728,TAMIL NADU,KRISHNAGIRI,SHOOLAGIRI,1,,,Amgondapalli,Angondapalli,SHOOLAGIRI,1,3,1,5,1,635105,2,2,3,0,2,19,0,0,0,2,2,1,2,2,204,1,0,1,0,1,2,2
1440886,TAMIL NADU,KRISHNAGIRI,UTHANGARAI,1,,,Chandrapatti,Chandarapatti,UTHANGARAI,1,3,1,5,1,635304,2,2,3,0,2,16,0,0,0,2,2,1,2,2,210,1,0,0,1,0,0,0
6277262,TAMIL NADU,KRISHNAGIRI,THALLY,1,,,Anchetty,Anchetti,THALLY,1,3,1,5,1,635102,2,2,3,0,2,18,0,0,0,2,2,1,2,2,202,1,0,0,0,0,0,0
1894693,TAMIL NADU,KRISHNAGIRI,KRISHNAGIRI,1,,,Gooliam,Gooliam,KRISHNAGIRI,1,3,1,5,1,635122,2,2,3,0,2,16,0,0,0,2,2,1,2,2,210,1,0,0,4,0,2,1
4069794,TAMIL NADU,KRISHNAGIRI,HOSUR,2,Hosur,Hosur (M) - Ward No.39,,,,1,3,1,5,5,635109,2,2,3,0,2,19,0,0,0,2,2,1,1,2,201,1,8,7,0,0,0,0
6574482,TAMIL NADU,KRISHNAGIRI,THALLY,1,,,Arasakuppam,Arasakuppam,THALLY,2,3,1,8,5,635107,2,2,3,0,2,19,0,0,0,2,0,1,1,2,223,1,13,10,9,7,0,0
8067355,TAMIL NADU,KRISHNAGIRI,KRISHNAGIRI,1,,,Kattiganapalli (Ct),Kattigaanapalli,KRISHNAGIRI,3,3,1,12,5,635001,2,2,3,0,2,19,0,0,0,2,2,1,1,2,225,1,6,12,2,0,0,0
1637006,TAMIL NADU,KRISHNAGIRI,BARGUR,1,,,Salinayanapalli,Karakuppam,BARGUR,1,3,1,5,1,635104,2,2,3,0,2,19,16,0,0,2,2,1,2,2,210,1,0,0,1,0,0,0
9747769,TAMIL NADU,KRISHNAGIRI,KRISHNAGIRI,1,,,Sokkadi,Sokkaadi,Krishnagiri,1,3,1,5,1,635122,2,2,3,0,2,16,0,0,0,2,2,1,2,2,194,1,0,0,2,1,0,0
7291479,TAMIL NADU,KRISHNAGIRI,VEPPANAPALLI,1,,,Kurubarapalli,Kurubarapalli,VEPPANAPALLI,1,3,1,5,1,635115,2,2,3,0,2,16,0,0,0,2,2,1,2,2,210,1,0,0,0,0,0,0
2837400,TAMIL NADU,KRISHNAGIRI,VEPPANAPALLI,1,,,Madepalli,V.Madepalli,VEPPANAPALLI,1,3,1,5,1,635121,2,2,3,0,2,16,0,0,0,2,2,1,2,2,210,1,0,0,0,0,0,1
2733282,TAMIL NADU,KRISHNAGIRI,KRISHNAGIRI,2,Krishnagiri,Krishnagiri (M) - Ward No.2,,,,1,3,1,5,5,635001,2,2,3,0,2,19,0,0,0,2,2,1,1,2,220,1,4,4,0,1,0,0
6453402,TAMIL NADU,KRISHNAGIRI,KRISHNAGIRI,1,,,Sokkadi,Sokkaadi,KRISHNAGIRI,1,3,1,5,1,635115,2,2,3,0,2,16,0,0,0,2,2,1,2,2,198,1,0,0,1,0,0,1
1543902,TAMIL NADU,KRISHNAGIRI,UTHANGARAI,1,,,Karumandapathi,Karumandapathi,UTHANGARAI,1,3,1,5,1,635207,2,2,3,0,2,16,0,0,0,2,2,1,2,2,210,1,0,0,1,0,1,2
9456551,TAMIL NADU,KRISHNAGIRI,MATHUR,1,,,Gerigepally,Gerigepalli,MATHUR,1,3,1,5,1,635304,2,2,3,0,2,16,0,0,0,2,2,1,2,2,200,1,0,0,0,0,0,0
4368056,TAMIL NADU,KRISHNAGIRI,SHOOLAGIRI,1,,,Maruthanapalli,Maruthandapalli,SHOOLAGIRI,1,3,1,5,1,635117,2,2,3,0,2,19,0,0,0,2,2,1,2,2,204,1,0,0,6,2,3,6
3905826,TAMIL NADU,KRISHNAGIRI,VEPPANAPALLI,1,,,Madepalli,V.Madepalli,VEPPANAPALLI,3,3,1,12,5,635121,2,2,3,0,2,19,16,0,0,2,2,1,1,2,219,1,118,82,10,4,2,0
1902111,TAMIL NADU,KRISHNAGIRI,BARGUR,1,,,Modikuppam,Anchoor,BARGUR,1,3,1,5,1,625203,2,2,3,0,2,16,0,0,0,2,2,1,2,2,210,1,0,1,0,0,3,4
9670605,TAMIL NADU,KRISHNAGIRI,SHOOLAGIRI,1,,,Gudisadanapalli,Chinnarandoddi,SHOOLAGIRI,1,3,1,5,1,635105,2,2,3,0,2,19,0,0,0,2,2,1,2,2,202,1,0,0,0,0,0,1
5224901,TAMIL NADU,KRISHNAGIRI,BARGUR,1,,,Veppalampatti,Veppalampatti,BARGUR,1,3,1,5,1,635206,2,2,3,0,2,16,0,0,0,2,2,1,2,2,210,1,0,0,0,0,3,5
1066632,TAMIL NADU,KRISHNAGIRI,HOSUR,1,,,Devaripalli,Baliganapalli,HOSUR,1,3,1,5,1,635103,2,2,3,0,2,19,0,0,0,2,2,1,2,2,204,1,0,0,0,0,1,3
9874312,TAMIL NADU,KRISHNAGIRI,UTHANGARAI,1,,,Katteri,Katteri,UTHANGARAI,1,3,1,5,1,636902,2,2,3,0,2,16,0,0,0,2,2,1,2,2,210,1,0,0,0,0,3,8
5901709,TAMIL NADU,KRISHNAGIRI,MATHUR,1,,,Nagampatti,Nagampatti,MATHUR,1,3,1,5,1,635203,2,2,3,0,2,16,0,0,0,2,2,1,2,2,194,1,0,0,0,3,12,3
1305010,TAMIL NADU,KRISHNAGIRI,THALLY,1,,,Karandapalli,Karandapalli,THALLY,1,3,1,5,1,635107,2,2,3,0,2,19,0,0,0,2,2,1,2,2,207,1,0,0,0,0,0,0
7615250,TAMIL NADU,KRISHNAGIRI,KAVERIPATINAM,1,,,Veeramalai,Veeramalai,KAVERIPATTINAM,1,3,1,5,1,635206,2,2,3,0,2,16,0,0,0,2,2,1,2,2,194,1,0,0,0,1,2,1
1992074,TAMIL NADU,KRISHNAGIRI,HOSUR,1,,,Nallur,Nallur,HOSUR,1,3,1,5,1,635109,2,2,3,0,2,19,0,0,0,2,2,1,2,1,204,1,0,0,1,4,0,1
5668729,TAMIL NADU,KRISHNAGIRI,MATHUR,1,,,Samalpatti,Samalpatti,MATHUR,1,3,1,5,1,635306,2,2,3,0,2,16,0,0,0,2,2,1,2,2,210,1,0,0,0,0,0,0
4887935,TAMIL NADU,KRISHNAGIRI,KAVERIPATINAM,1,,,Panneswaramadam,Penneswaramadam,KAVERIPATTINAM,1,3,1,5,1,635112,2,2,3,0,2,16,0,0,0,2,2,1,2,2,204,1,0,0,0,0,1,0
5091333,TAMIL NADU,KRISHNAGIRI,SHOOLAGIRI,1,,,Kamandoddi,Kamandoddi,SHOOLAGIRI,1,3,1,5,1,635109,2,2,3,0,2,19,0,0,0,2,2,1,2,2,204,1,1,0,0,0,0,0
7979702,TAMIL NADU,KRISHNAGIRI,KAVERIPATINAM,1,,,Damodarhalli,Dhamodarahalli,KAVERIPATTINAM,1,3,1,5,1,635123,2,2,3,0,2,16,0,0,0,2,2,1,2,1,204,1,0,0,0,1,2,1
2021558,TAMIL NADU,KRISHNAGIRI,KELAMANGALAM,1,,,Thimijapalli,Thimjepalli,KELAMANGALAM,1,3,1,5,1,635113,2,2,3,0,2,16,0,0,0,2,2,1,2,2,194,1,0,0,0,0,8,13
8512869,TAMIL NADU,KRISHNAGIRI,VEPPANAPALLI,1,,,Balanapalli,Balanapalli,VEPPANAPALLI,1,3,1,5,1,635121,2,2,3,0,2,16,0,0,0,2,2,1,2,2,206,1,0,0,0,0,5,4
1683402,TAMIL NADU,KRISHNAGIRI,KAVERIPATINAM,1,,,Karadihalli,Karadihalli,KAVERIPATTINAM,1,3,1,5,1,635111,2,2,3,0,2,19,0,0,0,2,2,1,2,2,220,1,0,0,2,3,2,0
8229581,TAMIL NADU,KRISHNAGIRI,BARGUR,1,,,Belethottam,Balethottam,BARGUR,1,3,1,5,1,635206,2,2,3,0,2,19,0,0,0,2,2,1,2,2,210,1,0,0,1,0,1,2
8837845,TAMIL NADU,KRISHNAGIRI,HOSUR,1,,,Onalvadi,Onnalvadi,HOSUR,3,3,1,12,5,635109,2,2,3,0,1,19,0,0,0,2,2,1,1,2,216,1,68,61,12,6,0,0
9289216,TAMIL NADU,KRISHNAGIRI,SHOOLAGIRI,1,,,A.Settipalli,A.Settipalli,SHOOLAGIRI,1,3,1,5,1,635105,2,2,3,0,2,19,0,0,0,2,2,1,2,2,204,1,0,0,0,0,0,0
2664444,TAMIL NADU,KRISHNAGIRI,KELAMANGALAM,1,,,Bithireddi,Bithireddy,KELAMANGALAM,1,3,1,5,1,635113,2,2,3,0,2,19,0,0,0,2,2,1,2,2,204,1,0,0,0,0,0,0
9416552,TAMIL NADU,KRISHNAGIRI,THALLY,1,,,Kodiyalam,Kodiyalam,THALLY,1,3,1,5,1,635107,2,2,3,0,2,19,0,0,0,2,2,1,2,1,207,1,0,0,0,0,1,2
9967778,TAMIL NADU,KRISHNAGIRI,KAVERIPATINAM,1,,,Kudimenahalli,Kudimenahalli,KAVERIPATTINAM,1,3,1,5,1,635204,2,2,3,0,2,16,0,0,0,2,2,1,2,2,204,1,0,0,6,1,5,1
7732328,TAMIL NADU,KRISHNAGIRI,THALLY,1,,,Thalli,Thally,THALLY,1,3,1,5,1,635118,2,2,3,0,2,19,0,0,0,2,2,1,2,2,194,1,0,0,0,0,3,2
9599073,TAMIL NADU,KRISHNAGIRI,SHOOLAGIRI,1,,,Maruthanapalli,Maruthandapalli,SHOOLAGIRI,1,3,1,5,1,635117,2,2,3,0,2,16,0,0,0,2,2,1,2,2,204,1,0,0,0,1,8,6
7325839,TAMIL NADU,KRISHNAGIRI,KAVERIPATINAM,1,,,Karadihalli,Karadihalli,KAVERIPATTINAM,1,3,1,5,1,635111,2,2,3,0,2,16,0,0,0,2,2,1,2,2,220,1,0,0,1,1,0,4
2690410,TAMIL NADU,KRISHNAGIRI,UTHANGARAI,1,,,Keelkuppam,Keelkuppam,UTHANGARAI,1,3,1,5,1,635207,2,2,3,0,2,16,0,0,0,2,2,1,2,2,210,1,0,0,0,0,0,0
4991161,TAMIL NADU,KRISHNAGIRI,THALLY,1,,,Sathanur,Sathanur,THALLY,1,3,1,5,1,635114,2,2,3,0,2,19,0,0,0,2,2,1,2,2,198,1,0,0,0,0,0,0
9939754,TAMIL NADU,KRISHNAGIRI,THALLY,1,,,Thalli,Thally,THALLY,1,3,1,5,5,635118,2,2,3,0,2,19,0,0,0,2,2,1,1,2,208,1,8,10,2,0,0,0
2659388,TAMIL NADU,KRISHNAGIRI,HOSUR,1,,,Onalvadi,Onnalvadi,HOSUR,1,3,1,5,1,635109,2,2,3,0,2,19,0,0,0,2,2,1,2,2,204,1,0,0,0,0,5,2
3303708,TAMIL NADU,KRISHNAGIRI,SHOOLAGIRI,1,,,Alur,Alur,SHOOLAGIRI,1,3,1,5,1,635109,2,2,3,0,2,19,0,0,0,2,2,1,2,2,204,1,0,0,2,2,3,1
9633499,TAMIL NADU,KRISHNAGIRI,VEPPANAPALLI,1,,,Kundarapalli,Kundarapalli,Veppanapalli,3,3,1,12,5,635115,2,2,3,0,2,19,0,0,0,1,1,1,1,2,0,1,32,25,18,6,0,0
7473947,TAMIL NADU,KRISHNAGIRI,BARGUR,1,,,Jambukuttapatti,Pochampalli,BARGUR,1,3,1,5,1,635206,2,2,3,0,2,16,0,0,0,2,2,1,2,2,194,1,0,0,1,1,0,0
3464329,TAMIL NADU,KRISHNAGIRI,THALLY,1,,,Kakkadasam,Kakkadasam,THALLY,1,3,1,5,1,635107,2,2,3,0,2,16,0,0,0,2,2,1,2,1,194,1,0,0,0,1,3,4
7320477,TAMIL NADU,KRISHNAGIRI,MATHUR,1,,,Ramakrishnampathy,Ramakrishnampathi,MATHUR,1,3,1,5,1,635654,2,2,3,0,2,16,0,0,0,2,2,1,2,2,210,1,0,0,1,0,0,0
5096280,TAMIL NADU,KRISHNAGIRI,THALLY,1,,,Madakkal,Madakkal,THALLY,1,3,1,5,1,635118,2,2,3,0,2,16,0,0,0,2,2,1,2,2,204,1,0,0,0,0,0,0
7229178,TAMIL NADU,KRISHNAGIRI,BARGUR,1,,,Jagadevipalayam,Jagadevi,BARGUR,1,3,1,5,1,635203,2,2,3,0,2,16,0,0,0,2,2,1,2,2,204,1,0,0,0,0,3,4
8303457,TAMIL NADU,KRISHNAGIRI,HOSUR,1,,,Gopanapalli,Gopanapalli,HOSUR,1,3,1,5,1,635110,2,2,3,0,2,19,0,0,0,2,2,1,2,2,204,1,0,0,0,0,0,0
9439359,TAMIL NADU,KRISHNAGIRI,BARGUR,1,,,Mallapadi,Mallapadi,BARGUR,1,3,1,5,1,635104,2,2,3,0,2,19,0,0,0,2,2,1,2,2,210,1,2,0,1,0,0,0
6446680,TAMIL NADU,KRISHNAGIRI,BARGUR,1,,,Jagadevipalayam,Jagadevi,Bargur,2,3,1,8,5,635203,2,2,3,0,2,19,0,0,0,0,0,1,1,2,220,1,9,6,3,1,0,0
3137247,TAMIL NADU,KRISHNAGIRI,THALLY,1,,,Thaggatti,Thaggatti,THALLY,1,3,1,5,1,635102,2,2,3,0,2,16,0,0,0,2,2,1,2,2,204,1,0,0,0,0,1,3
1138210,TAMIL NADU,KRISHNAGIRI,THALLY,1,,,Thaggatti,Thaggatti,THALLY,1,3,1,5,1,635102,2,2,3,0,2,16,0,0,0,2,2,1,2,2,204,1,0,0,0,0,2,4
2279265,TAMIL NADU,KRISHNAGIRI,UTHANGARAI,1,,,Nochipatti,Nochipatty,UTHANGARAI,1,3,1,5,1,635207,2,2,3,0,2,16,0,0,0,2,2,1,2,1,210,1,0,0,1,0,0,0
6950325,TAMIL NADU,KRISHNAGIRI,THALLY,1,,,Urigam,Urigam,THALLY,1,3,1,5,1,635102,2,2,3,0,2,16,0,0,0,2,2,1,2,1,194,1,0,0,2,1,5,8
1919042,TAMIL NADU,KRISHNAGIRI,KAVERIPATINAM,2,Kaveripattinam,Kaveripattinam (TP) - Ward No.9,,,,1,3,1,5,1,635112,2,2,3,0,2,19,16,0,0,2,2,1,2,2,194,1,0,0,5,1,6,7
8920986,TAMIL NADU,KRISHNAGIRI,SHOOLAGIRI,1,,,Amgondapalli,Angondapalli,SHOOLAGIRI,1,3,1,5,1,635117,2,2,3,0,2,19,0,0,0,2,2,1,2,2,204,1,0,0,0,0,0,0
1152781,TAMIL NADU,KRISHNAGIRI,KRISHNAGIRI,2,Krishnagiri,Krishnagiri (M) - Ward No.33,,,,1,3,1,5,3,635001,2,2,3,0,2,18,0,0,0,2,2,1,2,2,210,1,0,0,0,0,0,1
1463731,TAMIL NADU,KRISHNAGIRI,UTHANGARAI,1,,,Moondrampatti,Moondrampatti,UTHANGARAI,1,3,1,5,1,635307,2,2,3,0,2,16,0,0,0,2,2,1,2,2,210,1,0,0,0,0,0,0
5814139,TAMIL NADU,KRISHNAGIRI,SHOOLAGIRI,1,,,Thiyagarsanapalli,Thiyagarasanapalli,SHOOLAGIRI,1,3,1,5,1,635117,2,2,3,0,2,16,0,0,0,2,2,1,2,2,204,1,0,0,0,1,0,0
8784681,TAMIL NADU,KRISHNAGIRI,SHOOLAGIRI,1,,,Ulagam,Banganahalli,SHOOLAGIRI,1,3,1,5,1,635117,2,2,3,0,2,16,0,0,0,2,2,1,2,2,204,1,0,0,0,1,5,6
7665529,TAMIL NADU,KRISHNAGIRI,UTHANGARAI,1,,,Periathallapadi,Periyathallapadi,UTHANGARAI,1,3,1,5,1,635307,2,2,3,0,2,16,0,0,0,2,2,1,2,1,210,1,0,0,0,0,0,0
7572568,TAMIL NADU,KRISHNAGIRI,UTHANGARAI,1,,,Vengadathanpatti,Vengadathampatti,UTHANGARAI,1,3,1,5,1,635207,2,2,3,0,2,16,19,0,0,2,2,1,2,2,204,1,0,0,2,1,0,0
9715764,TAMIL NADU,KRISHNAGIRI,UTHANGARAI,1,,,Keelkuppam,Keelkuppam,UTHANGARAI,1,3,1,5,1,636902,2,2,3,0,2,16,0,0,0,2,2,1,2,2,204,1,0,0,1,1,0,0
4474927,TAMIL NADU,KRISHNAGIRI,SHOOLAGIRI,1,,,Kalingavaram,Kalingavaram,SHOOLAGIRI,1,3,1,5,1,635117,2,2,3,0,2,16,0,0,0,2,2,1,2,2,200,1,2,5,1,1,0,0
4756514,TAMIL NADU,KRISHNAGIRI,KRISHNAGIRI,2,Krishnagiri,Krishnagiri (M) - Ward No.32,,,,1,1,1,5,4,635001,2,2,3,0,2,16,0,0,0,2,2,1,2,2,210,1,32,0,80,0,35,0
3190556,TAMIL NADU,KRISHNAGIRI,THALLY,1,,,Anchetty,Anchetti,THALLY,1,3,1,5,1,635102,2,2,3,0,2,16,0,0,0,2,2,1,2,2,204,1,0,1,1,0,1,2
1444286,TAMIL NADU,KRISHNAGIRI,KELAMANGALAM,1,,,Muthanhalli,Doddathimmanahalli,KELAMANGALAM,1,3,1,5,1,635116,2,2,3,0,2,16,0,0,0,2,2,1,2,1,199,1,0,0,0,0,4,6
8566453,TAMIL NADU,KRISHNAGIRI,KRISHNAGIRI,2,Krishnagiri,Krishnagiri (M) - Ward No.10,,,,3,3,1,12,5,635001,2,2,3,0,2,19,0,0,0,2,2,1,1,2,229,1,39,31,8,2,0,0
9637880,TAMIL NADU,KRISHNAGIRI,VEPPANAPALLI,1,,,Naduvanapalli,Naduvanapalli,VEPPANAPALLI,1,3,1,5,1,635121,2,2,3,0,2,16,0,0,0,2,2,1,2,2,200,1,0,0,0,0,0,0
7097413,TAMIL NADU,KRISHNAGIRI,KRISHNAGIRI,1,,,Boganapalli,Peththanapalli,KRISHNAGIRI,1,3,1,5,1,635001,2,2,3,0,2,19,16,0,0,2,2,1,2,2,210,1,0,0,2,1,0,2
7755307,TAMIL NADU,KRISHNAGIRI,BARGUR,1,,,Oppathavadi,Oppathavadi,BARGUR,1,3,1,5,1,635104,2,2,3,0,2,16,0,0,0,2,2,1,2,2,210,1,0,0,3,1,0,0
5458511,TAMIL NADU,KRISHNAGIRI,KRISHNAGIRI,1,,,Sokkadi,Sokkaadi,KRISHNAGIRI,1,3,1,5,1,635122,2,2,3,0,2,16,0,0,0,2,2,1,2,1,210,1,0,0,2,0,2,0
5915081,TAMIL NADU,KRISHNAGIRI,MATHUR,1,,,Ettipatti,K. Ettipatti,MATHUR,1,3,1,5,1,635306,2,2,3,0,2,16,0,0,0,2,2,1,2,2,210,1,0,0,1,0,6,3
8841026,TAMIL NADU,KRISHNAGIRI,THALLY,1,,,Madagondapalli,Madhagondapalli,THALLY,5,3,6,12,4,635114,2,2,3,0,1,19,16,0,0,2,2,1,9,0,210,1,0,0,0,0,0,0
1685564,TAMIL NADU,KRISHNAGIRI,MATHUR,1,,,Sonarahalli,Goundanur,MATHUR,1,3,1,5,1,635203,2,2,3,0,2,19,0,0,0,2,2,1,2,2,210,1,0,0,0,0,0,2
5808341,TAMIL NADU,KRISHNAGIRI,MATHUR,1,,,Papparapatti,Soolagarai,MATHUR,1,3,1,5,1,635304,2,2,3,0,2,16,0,0,0,2,2,1,2,2,210,1,0,0,0,0,1,2
7804788,TAMIL NADU,KRISHNAGIRI,THALLY,1,,,Marudanapalli,Marudhanapalli,THALLY,1,3,1,5,1,635107,2,2,3,0,2,19,0,0,0,2,2,1,2,2,204,1,0,0,1,1,3,5
1418291,TAMIL NADU,KRISHNAGIRI,MATHUR,1,,,Reddipatti,Vanipatti,MATHUR,1,3,1,5,1,635304,2,2,3,0,2,16,0,0,0,2,2,1,2,2,194,1,0,0,0,1,0,0
1118100,TAMIL NADU,KRISHNAGIRI,THALLY,1,,,Kottaiyur,Kottaiyur,THALLY,1,3,1,5,1,635102,2,2,3,0,2,16,0,0,0,2,2,1,2,1,208,1,0,0,0,0,4,1
2327967,TAMIL NADU,KRISHNAGIRI,THALLY,1,,,Thandarai,Thandarai,THALLY,1,3,1,5,1,635107,2,2,3,0,2,18,0,0,0,2,2,1,2,2,206,1,0,0,0,0,0,0
6071939,TAMIL NADU,KRISHNAGIRI,KRISHNAGIRI,2,Krishnagiri,Krishnagiri (M) - Ward No.14,,,,1,3,1,5,5,635001,2,2,3,0,2,19,0,0,0,0,0,1,1,9,210,1,9,2,0,1,1,0
3656130,TAMIL NADU,KRISHNAGIRI,VEPPANAPALLI,1,,,Chennasandiram,Marasandiram,VEPPANAPALLI,1,3,1,5,1,635115,2,2,3,0,2,16,0,0,0,2,2,1,2,2,194,1,0,0,2,0,0,1
7229322,TAMIL NADU,KRISHNAGIRI,SHOOLAGIRI,1,,,Pannapalli,Pannapalli,SHOOLAGIRI,1,3,1,5,5,635105,2,2,3,0,2,19,0,0,0,2,2,1,1,2,210,1,5,5,3,0,0,0
9883070,TAMIL NADU,KRISHNAGIRI,UTHANGARAI,1,,,Singarapettai,Singerapatti,UTHANGARAI,1,3,1,5,1,635307,2,2,3,0,2,19,16,0,0,2,2,1,2,1,210,1,0,0,1,2,0,0
4431309,TAMIL NADU,KRISHNAGIRI,HOSUR,1,,,Thorapalli Agraharam,Thorapalliagraharam,HOSUR,1,3,1,5,1,635109,2,2,3,0,2,19,0,0,0,2,2,1,2,1,204,1,0,0,0,0,0,3
5919590,TAMIL NADU,KRISHNAGIRI,VEPPANAPALLI,1,,,Undiganatham,Veppanapalli,VEPPANAPALLI,1,3,1,5,1,635121,2,2,3,0,2,16,0,0,0,2,2,1,2,2,194,1,0,0,0,0,0,1
9586661,TAMIL NADU,KRISHNAGIRI,THALLY,1,,,Anchetty,Anchetti,THALLY,1,3,1,5,1,635102,2,2,3,0,2,16,0,0,0,2,2,1,2,2,208,1,0,0,0,1,2,0
2586588,TAMIL NADU,KRISHNAGIRI,KELAMANGALAM,1,,,Kundumaranapalli,Kundhumaranapalli,KELAMANGALAM,1,3,1,5,1,635113,2,2,3,0,2,19,0,0,0,2,2,1,2,2,197,1,0,0,0,0,0,0
3893742,TAMIL NADU,KRISHNAGIRI,THALLY,1,,,Achubalu,Achubalu,THALLY,1,3,1,5,1,635118,2,2,3,0,2,19,0,0,0,2,2,1,2,1,198,1,1,0,0,0,0,1
2786179,TAMIL NADU,KRISHNAGIRI,KAVERIPATINAM,1,,,Mottur,Nedungal,KAVERIPATTINAM,1,3,1,5,1,635201,2,2,3,0,2,16,0,0,0,2,2,1,2,1,194,1,0,0,1,1,1,4
5042428,TAMIL NADU,KRISHNAGIRI,THALLY,1,,,Doddamanchi,Doddamanchi,THALLY,1,3,1,5,1,635102,2,2,3,0,2,16,0,0,0,2,2,1,2,2,206,1,0,0,0,0,5,7
3547977,TAMIL NADU,KRISHNAGIRI,HOSUR,2,Hosur,Hosur (M) - Ward No.25,,,,1,3,1,5,5,635109,2,2,3,0,2,19,0,0,0,2,2,1,1,2,0,1,6,10,0,0,0,0
7170787,TAMIL NADU,KRISHNAGIRI,KAVERIPATINAM,1,,,Kottapatti,Kottapatti,KAVERIPATTINAM,2,3,1,8,5,635201,2,2,3,0,2,19,0,0,0,0,0,1,1,2,195,1,3,5,42,24,0,0
1540619,TAMIL NADU,KRISHNAGIRI,KAVERIPATINAM,1,,,Vilangamudi,Vilangamudi,KAVERIPATTINAM,1,3,1,5,1,635204,2,2,3,0,2,16,0,0,0,2,2,1,2,2,189,1,1,0,0,0,0,3
6038263,TAMIL NADU,KRISHNAGIRI,SHOOLAGIRI,1,,,Peddasigarlapalli,Peddasigaralapalli,SHOOLAGIRI,1,3,1,5,1,635117,2,2,3,0,2,16,0,0,0,2,2,1,2,2,210,1,0,0,1,0,3,4
9727553,TAMIL NADU,KRISHNAGIRI,SHOOLAGIRI,1,,,Halekotta,Beerjepalli,SHOOLAGIRI,1,3,1,5,1,635119,2,2,3,0,2,16,0,0,0,2,2,1,2,2,204,1,0,0,0,0,7,13
1700888,TAMIL NADU,KRISHNAGIRI,HOSUR,1,,,Begepalli,Begapalli,HOSUR,5,3,6,12,5,635126,2,2,3,0,2,19,0,0,0,2,2,1,9,2,229,1,0,0,0,0,0,0
4574867,TAMIL NADU,KRISHNAGIRI,KRISHNAGIRI,1,,,Chikkapoovathi,Chikkapoovathi,KRISHNAGIRI,1,3,1,5,1,635122,2,2,3,0,2,16,19,0,0,2,2,1,2,2,210,1,0,0,5,2,13,6
3418172,TAMIL NADU,KRISHNAGIRI,BARGUR,1,,,Balinayanapalli,Balinayanapalli,BARGUR,1,3,1,5,1,635108,2,2,3,0,2,16,0,0,0,2,2,1,2,2,194,1,0,0,0,0,0,0
5665420,TAMIL NADU,KRISHNAGIRI,KAVERIPATINAM,1,,,Vadamangalam,Vadamangalam,KAVERIPATTINAM,1,3,1,5,1,635123,2,2,3,0,2,16,0,0,0,2,2,1,2,2,204,1,0,0,0,1,7,3
3514969,TAMIL NADU,KRISHNAGIRI,KELAMANGALAM,1,,,Udedurgam,Udedurgam,KELAMANGALAM,1,3,1,5,1,635113,2,2,3,0,2,16,0,0,0,2,2,1,2,2,204,1,0,0,0,0,0,0
5192281,TAMIL NADU,KRISHNAGIRI,HOSUR,1,,,Muthalli,Muthali,HOSUR,1,3,1,5,1,635109,2,2,3,0,2,19,0,0,0,2,2,1,2,2,204,1,0,0,0,1,8,8
8522881,TAMIL NADU,KRISHNAGIRI,KELAMANGALAM,1,,,Bithireddi,Bithireddy,KELAMANGALAM,1,3,1,5,1,635113,2,2,3,0,2,19,0,0,0,2,2,1,2,2,204,1,0,0,0,0,1,4
1463626,TAMIL NADU,KRISHNAGIRI,THALLY,1,,,Palayamkotta,Palayamkottai,THALLY,1,3,1,5,1,635107,2,2,3,0,2,16,0,0,0,2,2,1,2,2,204,1,0,0,0,0,2,2
9146247,TAMIL NADU,KRISHNAGIRI,BARGUR,1,,,Majethgollahalli,Majeethgollahalli,BARGUR,1,3,1,5,5,635203,2,2,3,0,2,19,0,0,0,2,2,1,1,2,0,1,14,11,0,1,0,0
8348717,TAMIL NADU,KRISHNAGIRI,MATHUR,1,,,Kamakshipatti,Ramakrishnampathi,MATHUR,1,3,1,5,1,635207,2,2,3,0,2,16,0,0,0,2,2,1,2,1,200,1,0,0,0,0,0,0
3130017,TAMIL NADU,KRISHNAGIRI,KELAMANGALAM,1,,,Hanumanthapuram,Hanumanthapuram,KELAMANGALAM,1,3,1,5,1,635107,2,2,3,0,2,16,0,0,0,2,2,1,2,2,204,1,0,0,0,0,5,1
6362346,TAMIL NADU,KRISHNAGIRI,KRISHNAGIRI,1,,,Alapatti,Velagalahalli,KRISHNAGIRI,1,3,1,5,1,635001,2,2,3,0,2,16,0,0,0,2,2,1,2,2,210,1,0,0,1,0,0,0
4000130,TAMIL NADU,KRISHNAGIRI,KRISHNAGIRI,1,,,Bellarapalli,Pachiganapalli,KRISHNAGIRI,1,3,1,5,1,635122,2,2,3,0,2,16,0,0,0,2,2,1,2,2,210,1,0,0,0,1,0,0
5369021,TAMIL NADU,KRISHNAGIRI,KAVERIPATINAM,1,,,Mottur,Nedungal,KAVERIPATTINAM,1,3,1,5,1,635112,2,2,3,0,2,16,0,0,0,2,2,1,2,2,204,1,0,0,1,2,1,0
4864266,TAMIL NADU,KRISHNAGIRI,HOSUR,1,,,Achettipalli,Achettipalli,HOSUR,1,3,1,5,1,635110,2,2,3,0,2,19,0,0,0,2,2,1,2,2,204,1,0,0,0,0,1,2
4254794,TAMIL NADU,KRISHNAGIRI,SHOOLAGIRI,1,,,Immidinayaganapalli,Immidinayakanapalli,SHOOLAGIRI,1,3,1,5,1,635117,2,2,3,0,2,16,0,0,0,2,2,1,2,2,204,1,0,0,0,0,0,0
7051352,TAMIL NADU,KRISHNAGIRI,MATHUR,1,,,Anandur,Anandur,MATHUR,1,3,1,5,1,635304,2,2,3,0,2,16,0,0,0,2,2,1,2,2,210,1,1,0,0,0,1,2
4345612,TAMIL NADU,KRISHNAGIRI,THALLY,1,,,Palayamkotta,Palayamkottai,THALLY,1,3,1,5,1,635107,2,2,3,0,2,16,0,0,0,2,2,1,2,2,204,1,0,0,0,0,3,3
5542962,TAMIL NADU,KRISHNAGIRI,BARGUR,1,,,Jagadevipalayam,Jagadevi,BARGUR,1,3,1,5,1,635203,2,2,3,0,2,19,16,0,0,2,2,1,2,2,210,1,0,1,1,0,7,8
5730562,TAMIL NADU,KRISHNAGIRI,HOSUR,1,,,Bagalur,Bagaloor,HOSUR,1,3,1,5,5,635103,2,2,3,0,2,19,0,0,0,2,2,1,1,2,210,1,23,19,3,1,0,0
7955996,TAMIL NADU,KRISHNAGIRI,KRISHNAGIRI,2,Krishnagiri,Krishnagiri (M) - Ward No.20,,,,1,3,1,5,5,635001,2,2,3,0,2,19,0,0,0,2,2,1,1,2,220,1,10,9,2,2,0,0
6319353,TAMIL NADU,KRISHNAGIRI,KELAMANGALAM,1,,,Rayakotta,Rayakottai,KELAMANGALAM,1,3,1,5,1,635116,2,2,3,0,2,16,0,0,0,2,2,1,2,2,204,1,0,0,0,0,0,0
8724239,TAMIL NADU,KRISHNAGIRI,THALLY,1,,,Madagondapalli,Madhagondapalli,THALLY,1,3,1,5,4,635114,2,2,3,0,1,17,16,19,0,2,2,1,2,2,207,1,0,0,4,5,0,0
6792648,TAMIL NADU,KRISHNAGIRI,KELAMANGALAM,1,,,Kottur,Kandaganapalli,KELAMANGALAM,1,3,1,5,1,635107,2,2,3,0,2,19,0,0,0,2,2,1,2,2,190,1,0,0,0,0,3,1
4163123,TAMIL NADU,KRISHNAGIRI,KELAMANGALAM,2,Denkanikottai,Denkanikottai (TP) - Ward No.12,,,,1,3,1,5,1,635107,2,2,3,0,2,16,19,0,0,2,2,1,2,1,206,1,1,1,1,0,0,0
8108966,TAMIL NADU,KRISHNAGIRI,THALLY,1,,,Doddaubbanur,Doddaubbanur,THALLY,1,3,1,5,1,635118,2,2,3,0,2,19,0,0,0,2,2,1,2,1,208,1,0,0,0,0,0,0
2209053,TAMIL NADU,KRISHNAGIRI,HOSUR,1,,,Begepalli,Begapalli,HOSUR,1,3,1,5,1,635126,2,2,3,0,2,19,0,0,0,2,2,1,2,2,204,1,0,0,0,0,0,0
8406439,TAMIL NADU,KRISHNAGIRI,HOSUR,2,Hosur,Hosur (M) - Ward No.34,,,,1,3,1,5,4,635109,2,2,3,0,2,19,16,0,0,2,2,1,2,2,212,1,0,0,6,17,2,21
7225427,TAMIL NADU,KRISHNAGIRI,VEPPANAPALLI,1,,,Nachikuppam,Nachikuppam,VEPPANAPALLI,1,3,1,5,1,635121,2,2,3,0,2,19,0,0,0,2,2,1,2,2,208,1,0,0,5,1,0,0
2694620,TAMIL NADU,KRISHNAGIRI,BARGUR,1,,,Varatanapalli,Varattanapalli,BARGUR,1,3,1,5,1,635120,2,2,3,0,2,16,0,0,0,2,2,1,2,2,194,1,0,0,0,0,3,2
4770093,TAMIL NADU,KRISHNAGIRI,UTHANGARAI,1,,,Egoor,Eggoor,UTHANGARAI,1,3,1,5,1,635307,2,2,3,0,2,16,0,0,0,2,2,1,2,2,210,1,0,0,0,0,1,0
3938648,TAMIL NADU,KRISHNAGIRI,MATHUR,1,,,Ramakrishnampathy,Ramakrishnampathi,MATHUR,1,3,1,5,1,635207,2,2,3,0,2,16,0,0,0,2,2,1,2,1,200,1,0,0,0,1,1,2
7741810,TAMIL NADU,KRISHNAGIRI,KAVERIPATINAM,1,,,Gundalapatti,Gundalapatti,KAVERIPATTINAM,1,3,1,5,1,635101,2,2,3,0,2,16,0,0,0,2,2,1,2,1,204,1,0,0,1,1,2,0
1446280,TAMIL NADU,KRISHNAGIRI,KRISHNAGIRI,1,,,Kallukurikki,Kallukurukki,KRISHNAGIRI,2,3,1,8,5,635002,2,2,3,0,2,19,0,0,0,2,2,1,1,2,210,1,10,4,2,1,0,0
7209148,TAMIL NADU,KRISHNAGIRI,THALLY,1,,,Achubalu,Achubalu,THALLY,1,3,1,5,1,635118,2,2,3,0,2,16,0,0,0,2,2,1,2,2,194,1,1,2,0,0,0,0
1758805,TAMIL NADU,KRISHNAGIRI,UTHANGARAI,1,,,Vengadathanpatti,Vengadathampatti,UTHANGARAI,3,3,1,12,5,635207,2,2,3,0,2,19,0,0,0,2,2,1,1,2,232,1,113,117,21,13,0,0
8635537,TAMIL NADU,KRISHNAGIRI,SHOOLAGIRI,1,,,Ulagam,Banganahalli,SHOOLAGIRI,1,3,1,5,1,635117,2,2,3,0,2,16,0,0,0,2,2,1,2,2,204,1,0,0,0,0,4,3
8509743,TAMIL NADU,KRISHNAGIRI,KELAMANGALAM,1,,,Battamugulalam,Bettamugalalam,KELAMANGALAM,1,3,1,5,1,636806,2,2,3,0,2,16,0,0,0,2,2,1,2,1,196,1,5,9,0,0,0,0
9447917,TAMIL NADU,KRISHNAGIRI,KELAMANGALAM,1,,,Karukkanahalli,Karukkanahalli,KELAMANGALAM,1,3,1,5,1,635116,2,2,3,0,2,19,0,0,0,2,2,1,2,1,204,1,0,0,2,0,0,0
5329306,TAMIL NADU,KRISHNAGIRI,SHOOLAGIRI,1,,,Doripalli,Doripalli,SHOOLAGIRI,1,3,1,5,1,635109,2,2,3,0,2,16,0,0,0,2,2,1,2,2,204,1,1,0,0,0,4,6
5059885,TAMIL NADU,KRISHNAGIRI,KELAMANGALAM,1,,,Karukkanahalli,Karukkanahalli,KELAMANGALAM,1,3,1,5,1,635109,2,2,3,0,2,16,0,0,0,2,2,1,2,2,204,1,0,0,0,0,0,0
7402325,TAMIL NADU,KRISHNAGIRI,SHOOLAGIRI,1,,,Venkatesapuram,Venkatesapuram,SHOOLAGIRI,1,3,1,5,1,635130,2,2,3,0,2,19,0,0,0,2,2,1,2,2,204,1,0,0,0,1,10,7
4578777,TAMIL NADU,KRISHNAGIRI,VEPPANAPALLI,1,,,Manavarnapalli,Manavarnapalli,VEPPANAPALLI,1,3,1,5,1,635121,2,2,3,0,2,19,0,0,0,2,2,1,2,1,210,1,0,0,1,0,0,0
2583271,TAMIL NADU,KRISHNAGIRI,KAVERIPATINAM,1,,,Gundalapatti,Gundalapatti,KAVERIPATTINAM,1,3,1,5,1,635101,2,2,3,0,2,19,16,0,0,2,2,1,2,1,194,1,1,0,0,0,0,1
4744402,TAMIL NADU,KRISHNAGIRI,KRISHNAGIRI,1,,,Kattiganapalli (Ct),Kattigaanapalli,KRISHNAGIRI,3,3,1,12,5,635001,2,2,3,0,2,19,0,0,0,2,2,1,1,2,220,1,18,12,1,2,0,0
3469769,TAMIL NADU,KRISHNAGIRI,UTHANGARAI,1,,,Egoor,Eggoor,UTHANGARAI,1,3,1,5,1,635307,2,2,3,0,2,16,0,0,0,2,2,1,2,1,210,1,0,0,0,0,1,1
5239648,TAMIL NADU,KRISHNAGIRI,THALLY,1,,,Madakkal,Madakkal,THALLY,1,3,1,5,1,635118,2,2,3,0,2,19,0,0,0,2,2,1,2,2,210,1,0,0,0,0,1,1
3978705,TAMIL NADU,KRISHNAGIRI,HOSUR,2,Hosur,Hosur (M) - Ward No.14,,,,6,3,1,10,5,635126,2,2,3,0,1,19,0,0,0,1,0,1,1,2,225,1,84,84,8,7,0,0
4620661,TAMIL NADU,KRISHNAGIRI,KRISHNAGIRI,1,,,Periamuthu,Periyamuthur,KRISHNAGIRI,1,3,1,5,1,635101,2,2,3,0,2,16,19,0,0,2,2,1,2,2,204,1,0,0,0,0,0,0
7366254,TAMIL NADU,KRISHNAGIRI,THALLY,1,,,Kalugundapalli,Kalugondapalli,THALLY,1,3,1,5,1,635110,2,2,3,0,2,19,0,0,0,2,2,1,2,2,204,1,0,0,0,0,3,3
2912833,TAMIL NADU,KRISHNAGIRI,THALLY,1,,,Saragapalli,Saragapalli,THALLY,1,3,1,5,1,635114,2,2,3,0,2,19,0,0,0,2,2,1,2,1,206,1,0,0,0,0,2,2
6776363,TAMIL NADU,KRISHNAGIRI,KELAMANGALAM,1,,,Jagirkarupalli,Jagirkarupalli,KELAMANGALAM,1,3,1,5,1,635113,2,2,3,0,2,19,0,0,0,2,2,1,2,1,204,1,0,0,0,0,4,2
3881214,TAMIL NADU,KRISHNAGIRI,VEPPANAPALLI,1,,,Marachandiram,Marasandiram,VEPPANAPALLI,1,3,1,5,1,635115,2,2,3,0,2,16,0,0,0,2,2,1,2,2,194,1,0,0,1,0,0,0
9832170,TAMIL NADU,KRISHNAGIRI,SHOOLAGIRI,1,,,Melumalai,Melumalai,SHOOLAGIRI,1,3,1,5,1,635115,2,2,3,0,2,16,0,0,0,2,2,1,2,2,204,1,0,0,0,0,3,7
8412161,TAMIL NADU,KRISHNAGIRI,MATHUR,1,,,Vaduganur,Kunnathur,MATHUR,1,3,1,5,1,635306,2,2,3,0,2,16,0,0,0,2,2,1,2,2,189,1,0,0,0,0,4,0
3403542,TAMIL NADU,KRISHNAGIRI,HOSUR,1,,,Attur,Baduthepalli,HOSUR,1,3,1,5,1,635105,2,2,3,0,2,19,0,0,0,2,2,1,2,2,204,1,0,0,0,0,0,2
8888084,TAMIL NADU,KRISHNAGIRI,BARGUR,1,,,Orappam,Orappam,BARGUR,3,3,1,12,5,635108,2,2,3,0,1,19,0,0,0,2,2,1,1,2,216,1,37,41,7,5,0,0
2494696,TAMIL NADU,KRISHNAGIRI,MATHUR,1,,,Bommepalli,Bommepalli,MATHUR,1,3,1,5,1,635203,2,2,3,0,2,16,0,0,0,2,2,1,2,1,200,1,0,3,1,1,0,0
3161746,TAMIL NADU,KRISHNAGIRI,SHOOLAGIRI,1,,,Samanapalli,Samanapalli,SHOOLAGIRI,1,3,1,5,1,635117,2,2,3,0,2,16,19,0,0,2,2,1,2,2,204,1,0,0,2,0,0,0
1980303,TAMIL NADU,KRISHNAGIRI,THALLY,1,,,Anchetty,Anchetti,THALLY,1,3,1,5,1,635102,2,2,3,0,2,16,0,0,0,2,2,1,2,2,204,1,0,0,0,0,2,3
8826458,TAMIL NADU,KRISHNAGIRI,KELAMANGALAM,1,,,Jakkeri,Jekkeri,KELAMANGALAM,1,3,1,5,1,635113,2,2,3,0,2,19,0,0,0,2,2,1,2,2,204,1,0,0,0,0,0,0
5736339,TAMIL NADU,KRISHNAGIRI,HOSUR,1,,,Kelavarapalli,Kelavarapalli,HOSUR,1,3,1,5,1,635109,2,2,3,0,2,19,0,0,0,2,2,1,2,1,204,1,0,0,0,0,3,1
4621672,TAMIL NADU,KRISHNAGIRI,UTHANGARAI,1,,,Pudur,Pudur Pungani,Uthangarai,1,3,1,5,1,635207,2,2,3,0,2,16,0,0,0,2,2,1,2,1,210,1,0,0,2,0,2,3
4436580,TAMIL NADU,KRISHNAGIRI,BARGUR,1,,,Mallapadi,Mallapadi,BARGUR,1,3,1,5,90,635104,1,2,3,0,1,16,0,0,0,2,2,1,2,2,0,2,0,0,0,0,0,0
3280945,TAMIL NADU,KRISHNAGIRI,KAVERIPATINAM,1,,,Balekuli,Erumampatti,KAVERIPATTINAM,1,3,1,5,1,635204,2,2,3,0,2,19,0,0,0,2,2,1,2,2,194,1,0,0,1,2,0,0
1015180,TAMIL NADU,KRISHNAGIRI,HOSUR,1,,,Nandimangalam,Nandhimangalam,HOSUR,1,3,1,5,1,635105,2,2,3,0,2,19,0,0,0,2,2,1,2,2,204,1,0,0,0,0,2,1
2577004,TAMIL NADU,KRISHNAGIRI,KAVERIPATINAM,1,,,Balekuli,Baleguli,Kaveripattinam,1,3,1,5,1,635204,2,2,2,10,2,16,0,0,0,2,2,1,2,1,200,1,0,0,0,1,1,2
4462181,TAMIL NADU,KRISHNAGIRI,SHOOLAGIRI,1,,,Ullatti,Ullatti,SHOOLAGIRI,1,3,1,5,1,635117,2,2,3,0,2,16,0,0,0,2,2,1,2,2,204,1,0,0,0,0,7,4
5183687,TAMIL NADU,KRISHNAGIRI,SHOOLAGIRI,1,,,Sokkapuram,Nerigam,SHOOLAGIRI,1,3,1,5,1,635105,2,2,3,0,2,19,0,0,0,2,2,1,2,2,204,1,0,0,1,0,1,5
5441203,TAMIL NADU,KRISHNAGIRI,VEPPANAPALLI,1,,,Marachandiram,Marasandiram,VEPPANAPALLI,1,3,1,5,1,635121,2,2,3,0,2,16,0,0,0,2,2,1,2,2,194,1,0,0,0,0,13,10
6702441,TAMIL NADU,KRISHNAGIRI,BARGUR,1,,,Oppathavadi,Oppathavadi,BARGUR,1,3,1,5,1,635104,2,2,3,0,2,16,0,0,0,2,2,1,2,2,207,1,0,0,0,0,0,0
5556636,TAMIL NADU,KRISHNAGIRI,SHOOLAGIRI,1,,,Basthalapalli,Pasthalapalli,SHOOLAGIRI,1,3,1,5,1,635117,2,2,3,0,2,16,0,0,0,2,2,1,2,2,200,1,0,0,0,0,2,6
7508040,TAMIL NADU,KRISHNAGIRI,KAVERIPATINAM,1,,,Bannihalli,Bannihalli,KAVERIPATTINAM,1,3,1,5,1,635106,2,2,3,0,2,16,0,0,0,2,2,1,2,2,194,1,0,0,3,1,0,0
2827011,TAMIL NADU,KRISHNAGIRI,KELAMANGALAM,1,,,Muthanhalli,Doddathimmanahalli,KELAMANGALAM,1,3,1,5,1,635113,2,2,3,0,2,16,0,0,0,2,2,1,2,2,194,1,0,0,0,1,0,0
5910649,TAMIL NADU,KRISHNAGIRI,THALLY,1,,,Madagondapalli,Madhagondapalli,THALLY,1,3,1,5,1,635114,2,2,3,0,2,5,0,0,0,2,2,1,2,2,207,1,0,0,0,0,0,0
1324882,TAMIL NADU,KRISHNAGIRI,HOSUR,1,,,Singasadanapalli,Belathur,HOSUR,1,3,1,5,1,635124,2,2,3,0,2,19,0,0,0,2,2,1,2,2,204,1,0,0,0,0,1,3
6064838,TAMIL NADU,KRISHNAGIRI,KAVERIPATINAM,1,,,Bannihalli,Bannihalli,KAVERIPATTINAM,1,3,1,5,1,635112,2,2,3,0,2,16,0,0,0,2,2,1,2,2,200,1,0,0,0,0,0,0
9848134,TAMIL NADU,KRISHNAGIRI,BARGUR,1,,,Mallapadi,Mallapadi,BARGUR,3,3,1,12,5,635108,2,2,3,0,2,19,0,0,0,2,2,1,1,2,210,1,28,20,2,1,0,0
9251150,TAMIL NADU,KRISHNAGIRI,UTHANGARAI,1,,,Upparapatti,Upparapatti,UTHANGARAI,1,3,1,5,1,635207,2,2,3,0,2,16,0,0,0,2,2,1,2,2,210,1,0,0,0,0,0,0
5858155,TAMIL NADU,KRISHNAGIRI,UTHANGARAI,1,,,Kallavi R.F.,Kallavi,UTHANGARAI,1,3,1,5,1,635304,2,2,3,0,2,16,0,0,0,2,2,1,2,2,200,1,0,0,0,1,0,0
6814881,TAMIL NADU,KRISHNAGIRI,KAVERIPATINAM,1,,,Jagadab,Jagadab,KAVERIPATTINAM,1,3,1,5,5,635112,2,2,1,3,2,19,0,0,0,2,2,1,1,2,210,1,34,19,1,1,0,0
3903810,TAMIL NADU,KRISHNAGIRI,HOSUR,1,,,Thorapalli Agraharam,Thorapalliagraharam,HOSUR,1,3,1,5,1,635109,2,2,3,0,2,19,0,0,0,2,2,1,2,2,204,1,1,0,1,0,0,0
1676820,TAMIL NADU,KRISHNAGIRI,BARGUR,1,,,Thogarapalli R.F.,Thogarapalli,BARGUR,1,3,1,5,1,635203,2,2,3,0,2,16,0,0,0,2,2,1,2,2,204,1,0,0,0,0,4,2
7718085,TAMIL NADU,KRISHNAGIRI,KRISHNAGIRI,1,,,Sokkadi,Sokkaadi,KRISHNAGIRI,1,3,1,5,1,635101,2,2,3,0,2,16,0,0,0,2,2,1,2,2,194,1,0,0,0,2,0,1
1605680,TAMIL NADU,KRISHNAGIRI,HOSUR,1,,,Koladasapuram,Koladasapuram,HOSUR,1,3,1,5,1,635105,2,2,3,0,2,19,0,0,0,2,2,1,2,2,204,1,0,0,0,0,4,3
5785093,TAMIL NADU,KRISHNAGIRI,VEPPANAPALLI,1,,,Kundarapalli,Samanthamalai,VEPPANAPALLI,1,3,1,5,1,635115,2,2,3,0,2,19,0,0,0,2,2,1,2,1,210,1,0,0,0,2,0,2
5839895,TAMIL NADU,KRISHNAGIRI,UTHANGARAI,1,,,Moondrampatti,Moondrampatti,UTHANGARAI,1,3,1,5,1,635307,2,2,3,0,2,16,0,0,0,2,2,1,2,2,210,1,0,0,1,0,0,0
3050701,TAMIL NADU,KRISHNAGIRI,MATHUR,1,,,Salamarathupatti,Salamarathupattii,MATHUR,1,3,1,5,1,635304,2,2,3,0,2,16,0,0,0,2,2,1,2,1,200,1,0,0,0,1,0,0
8175778,TAMIL NADU,KRISHNAGIRI,THALLY,1,,,Jowlagiri,Jawalagiri,THALLY,1,3,1,5,1,635118,2,2,3,0,2,19,0,0,0,2,2,1,2,1,194,1,0,0,0,0,6,10
4608327,TAMIL NADU,KRISHNAGIRI,THALLY,1,,,Settipalli,Settipalli,THALLY,1,3,1,5,1,635107,2,2,3,0,2,19,0,0,0,2,2,1,2,1,204,1,0,0,0,0,0,4
4875646,TAMIL NADU,KRISHNAGIRI,BARGUR,1,,,Sigaralapalli,Sigaralapalli,BARGUR,1,3,1,5,1,635104,2,2,3,0,2,16,0,0,0,2,2,1,2,2,207,1,0,0,3,2,0,0
3325636,TAMIL NADU,KRISHNAGIRI,KAVERIPATINAM,1,,,Katteri,Kalvehalli,Kaveripattinam,1,3,1,5,1,635101,2,2,3,0,2,16,0,0,0,2,2,1,2,1,200,1,0,0,0,1,2,2
3309821,TAMIL NADU,KRISHNAGIRI,VEPPANAPALLI,1,,,Marachandiram,Marasandiram,VEPPANAPALLI,2,3,1,8,1,635121,2,2,3,0,2,16,0,0,0,2,2,1,2,2,210,1,0,0,0,0,1,0
5928186,TAMIL NADU,KRISHNAGIRI,KELAMANGALAM,1,,,Rathnagiri,Rathinagiri,KELAMANGALAM,1,3,1,5,1,635107,2,2,3,0,2,16,0,0,0,2,2,1,2,2,194,1,0,0,0,1,0,0
6868268,TAMIL NADU,KRISHNAGIRI,BARGUR,1,,,Modikuppam,Anchoor,BARGUR,1,3,1,5,1,635203,2,2,3,0,2,16,0,0,0,2,2,1,2,2,194,1,0,0,1,0,0,0
1810182,TAMIL NADU,KRISHNAGIRI,UTHANGARAI,1,,,Vengadathanpatti,Vengadathampatti,UTHANGARAI,1,3,1,5,1,635306,2,2,3,0,2,16,0,0,0,2,2,1,2,1,221,1,0,0,0,0,0,0
6640997,TAMIL NADU,KRISHNAGIRI,SHOOLAGIRI,1,,,Enusonai,Thiyagarasanapalli,SHOOLAGIRI,1,3,1,5,1,635117,2,2,3,0,2,16,0,0,0,2,2,1,2,2,204,1,0,0,0,0,5,6
1208342,TAMIL NADU,KRISHNAGIRI,BARGUR,1,,,Sigaralapalli,Sigaralapalli,BARGUR,3,3,1,12,5,635104,2,2,3,0,2,19,0,0,0,2,2,1,1,2,200,1,46,34,1,1,0,0
3632448,TAMIL NADU,KRISHNAGIRI,SHOOLAGIRI,1,,,Ramandoddi,Kumbalam,SHOOLAGIRI,1,3,1,5,1,635115,2,2,3,0,2,16,0,0,0,2,2,1,2,2,202,1,0,0,0,1,6,7
2972840,TAMIL NADU,KRISHNAGIRI,KAVERIPATINAM,1,,,Mittahalli,Mittahalli,KAVERIPATTINAM,1,3,1,5,1,635112,2,2,3,0,2,16,0,0,0,2,2,1,2,1,204,1,0,0,0,0,0,3
4928672,TAMIL NADU,KRISHNAGIRI,UTHANGARAI,1,,,Hanumantheertham,Katteri,UTHANGARAI,1,3,1,5,1,636902,2,2,3,0,2,16,0,0,0,2,2,1,2,2,210,1,0,0,0,1,5,3
9587994,TAMIL NADU,KRISHNAGIRI,THALLY,1,,,Noganoor,Noganur,THALLY,1,3,1,5,1,635118,2,2,3,0,2,16,0,0,0,2,2,1,2,2,201,1,0,0,0,0,3,5
4116434,TAMIL NADU,KRISHNAGIRI,THALLY,1,,,Doddamanchi,Doddamanchi,THALLY,1,3,1,5,1,635102,2,2,3,0,2,16,0,0,0,2,2,1,1,1,207,1,10,8,0,0,6,0
3155756,TAMIL NADU,KRISHNAGIRI,KELAMANGALAM,1,,,Karukkanahalli,Karukkanahalli,KELAMANGALAM,1,3,1,5,1,635119,2,2,3,0,2,19,0,0,0,2,2,1,2,1,204,1,0,0,0,0,13,5
3956050,TAMIL NADU,KRISHNAGIRI,BARGUR,1,,,Belethottam,Balethottam,BARGUR,1,3,1,5,1,635206,2,2,3,0,2,16,0,0,0,2,2,1,2,2,204,1,0,0,0,0,1,4
3516715,TAMIL NADU,KRISHNAGIRI,BARGUR,1,,,Majethgollahalli,Majeethgollahalli,BARGUR,1,3,1,5,1,635203,2,2,3,0,2,16,0,0,0,2,2,1,2,2,210,1,0,0,1,1,0,0
6097206,TAMIL NADU,KRISHNAGIRI,KAVERIPATINAM,1,,,Marichettihalli,Marichettihalli,KAVERIPATTINAM,1,3,1,5,1,635112,2,2,3,0,2,16,0,0,0,2,2,1,2,2,204,1,0,0,0,0,1,4
6159940,TAMIL NADU,KRISHNAGIRI,THALLY,1,,,Marudanapalli,Marudhanapalli,THALLY,1,3,1,5,1,635107,2,2,3,0,2,19,0,0,0,2,2,1,2,2,207,1,0,0,0,0,0,0
6118341,TAMIL NADU,KRISHNAGIRI,KELAMANGALAM,1,,,Santhanapalli,Sandhanapalli,KELAMANGALAM,1,3,1,5,1,635107,2,2,3,0,2,19,16,0,0,2,2,1,2,2,204,1,0,0,0,0,1,8
2411203,TAMIL NADU,KRISHNAGIRI,THALLY,1,,,Andevanapalli,Andevanapalli,THALLY,1,3,1,5,1,635107,2,2,3,0,2,19,0,0,0,2,2,1,2,2,194,1,0,0,0,0,4,4
8673480,TAMIL NADU,KRISHNAGIRI,HOSUR,1,,,Thorapalli Agraharam,Thorapalliagraharam,HOSUR,1,3,1,5,1,635109,2,2,3,0,2,19,0,0,0,2,2,1,2,2,210,1,0,0,0,0,0,0
3086098,TAMIL NADU,KRISHNAGIRI,SHOOLAGIRI,1,,,Maruthanapalli,Maruthandapalli,SHOOLAGIRI,1,3,1,5,1,635117,2,2,3,0,2,19,0,0,0,2,2,1,2,2,204,1,0,0,0,1,0,0
6225343,TAMIL NADU,KRISHNAGIRI,VEPPANAPALLI,1,,,Veppanapalli,Veppanapalli,VEPPANAPALLI,1,3,1,5,1,635121,2,2,3,0,2,19,16,0,0,2,2,1,2,2,194,1,0,0,0,0,6,11
8830819,TAMIL NADU,KRISHNAGIRI,BARGUR,1,,,Sigaralapalli,Sigaralapalli,BARGUR,1,3,1,5,1,635104,2,2,3,0,2,16,0,0,0,2,2,1,2,1,204,1,0,0,0,1,0,0
2558344,TAMIL NADU,KRISHNAGIRI,BARGUR,2,Bargur,Bargur (TP) - Ward No.12,,,,1,3,1,5,1,635104,2,2,3,0,2,16,0,0,0,2,2,1,2,2,204,1,0,0,1,0,3,6
9036362,TAMIL NADU,KRISHNAGIRI,BARGUR,1,,,Varatanapalli,Varattanapalli,BARGUR,1,3,1,5,1,635120,2,2,3,0,2,19,16,0,0,2,2,1,2,2,206,1,0,0,0,3,6,5
6212245,TAMIL NADU,KRISHNAGIRI,KELAMANGALAM,2,Denkanikottai,Denkanikottai (TP) - Ward No.13,,,,1,3,1,5,5,635107,2,2,3,0,2,19,0,0,0,2,2,1,1,2,188,1,9,3,3,4,2,2
4557686,TAMIL NADU,KRISHNAGIRI,MATHUR,1,,,Mukkampatti,Oddapatti,MATHUR,1,3,1,5,1,635203,2,2,3,0,2,16,0,0,0,2,2,1,2,2,210,1,0,0,0,0,0,0
3702237,TAMIL NADU,KRISHNAGIRI,SHOOLAGIRI,1,,,Vanamangalam,Kattinayakandoddi,SHOOLAGIRI,1,3,1,5,1,635105,2,2,3,0,2,19,0,0,0,2,2,1,2,2,204,1,0,0,0,0,0,0
3398815,TAMIL NADU,KRISHNAGIRI,MATHUR,1,,,Samalpatti,Samalpatti,MATHUR,1,3,1,5,1,635306,2,2,3,0,2,16,0,0,0,2,2,1,2,2,210,1,0,1,0,0,8,3
8054882,TAMIL NADU,KRISHNAGIRI,BARGUR,1,,,Chendrapalli,Anchoor,BARGUR,1,3,1,5,5,635203,2,2,3,0,2,19,0,0,0,2,2,1,1,2,208,1,15,23,0,0,0,0
3735725,TAMIL NADU,KRISHNAGIRI,KAVERIPATINAM,1,,,Kottapatti,Kottapatti,KAVERIPATTINAM,1,3,1,5,1,635201,2,2,3,0,2,16,0,0,0,2,2,1,2,1,194,1,0,0,0,0,1,0
5620984,TAMIL NADU,KRISHNAGIRI,THALLY,1,,,Daravendram,Dharavendiram,THALLY,1,3,1,5,1,635118,2,2,3,0,2,19,0,0,0,2,2,1,2,2,208,1,0,0,0,0,0,3
2873999,TAMIL NADU,KRISHNAGIRI,THALLY,1,,,Thalli,Thally,THALLY,1,3,1,5,5,635118,2,2,3,0,2,19,0,0,0,2,2,1,1,2,220,1,8,10,1,0,0,0
3258820,TAMIL NADU,KRISHNAGIRI,BARGUR,1,,,Belethottam,Balethottam,BARGUR,1,3,1,5,1,635206,2,2,3,0,2,19,0,0,0,2,2,1,2,2,210,1,0,1,1,0,10,4
5399441,TAMIL NADU,KRISHNAGIRI,MATHUR,1,,,Rengampatti,Valipatti,MATHUR,1,3,1,5,1,635306,2,2,3,0,2,16,0,0,0,2,2,1,2,2,210,1,0,0,0,2,0,0
9140157,TAMIL NADU,KRISHNAGIRI,BARGUR,1,,,Kattagaram,Kattagaram,BARGUR,1,3,1,5,1,635206,2,2,3,0,2,16,0,0,0,2,2,1,2,1,194,1,0,0,0,1,0,0
7708229,TAMIL NADU,KRISHNAGIRI,KAVERIPATINAM,1,,,Paiyur,Paiyur,KAVERIPATTINAM,1,3,1,5,1,635111,2,2,3,0,2,16,0,0,0,2,2,1,2,2,207,1,0,0,0,1,2,4
3065032,TAMIL NADU,KRISHNAGIRI,KRISHNAGIRI,2,Krishnagiri,Krishnagiri (M) - Ward No.26,,,,1,3,1,5,5,635001,2,2,3,0,2,19,0,0,0,2,2,1,1,2,210,1,17,18,1,0,0,0
4543313,TAMIL NADU,KRISHNAGIRI,KAVERIPATINAM,1,,,Kottapatti,Kottapatti,KAVERIPATTINAM,1,3,1,5,1,635201,2,2,3,0,2,16,0,0,0,2,2,1,2,2,220,1,0,0,1,1,2,2
3922830,TAMIL NADU,KRISHNAGIRI,KELAMANGALAM,1,,,Anekollu,Anekollu,KELAMANGALAM,1,3,1,5,1,635113,2,2,3,0,2,16,0,0,0,2,2,1,2,2,204,1,0,0,1,1,0,0
8389254,TAMIL NADU,KRISHNAGIRI,KAVERIPATINAM,1,,,Damodarhalli,Dhamodarahalli,KAVERIPATTINAM,1,3,1,5,1,635123,2,2,3,0,2,16,0,0,0,2,2,1,2,2,204,1,0,0,2,1,0,0
4090445,TAMIL NADU,KRISHNAGIRI,HOSUR,1,,,Chennasandiram,Chennasandiram,HOSUR,3,3,1,12,5,635109,2,2,3,0,2,19,0,0,0,2,2,1,1,2,210,1,21,19,4,6,0,0
5917527,TAMIL NADU,KRISHNAGIRI,THALLY,1,,,Ulimaranapalli,Gumlapuram,THALLY,2,3,1,8,5,635114,2,2,3,0,2,19,0,0,0,2,2,1,1,2,202,1,15,14,0,1,0,0
3413074,TAMIL NADU,KRISHNAGIRI,UTHANGARAI,1,,,Govindapuram,Govindapuram,UTHANGARAI,6,3,1,10,5,635307,2,2,3,0,1,19,0,0,0,2,0,1,1,2,210,1,11,6,0,1,0,0
8356628,TAMIL NADU,KRISHNAGIRI,KAVERIPATINAM,2,Kaveripattinam,Kaveripattinam (TP) - Ward No.10,,,,1,3,1,5,1,635112,2,2,3,0,2,19,0,0,0,2,2,1,2,2,210,1,0,0,4,2,3,7
4808005,TAMIL NADU,KRISHNAGIRI,KELAMANGALAM,1,,,Thavarakarai,Thavarakarai,KELAMANGALAM,1,3,1,5,1,635107,2,2,3,0,2,19,0,0,0,2,2,1,2,2,204,1,0,0,0,0,0,0
8580419,TAMIL NADU,KRISHNAGIRI,SHOOLAGIRI,1,,,Alur,Alur,SHOOLAGIRI,1,3,1,5,1,635109,2,2,3,0,2,19,0,0,0,2,2,1,2,2,204,1,0,0,0,0,2,5
8315019,TAMIL NADU,KRISHNAGIRI,SHOOLAGIRI,1,,,Midithepalli,Athimugam,SHOOLAGIRI,1,3,1,5,1,635105,2,2,3,0,2,19,0,0,0,2,2,1,2,2,200,1,0,0,0,0,2,6
5438060,TAMIL NADU,KRISHNAGIRI,KAVERIPATINAM,1,,,Mittahalli,Mittahalli,KAVERIPATTINAM,1,3,1,5,1,635112,2,2,3,0,2,16,0,0,0,2,2,1,2,2,194,1,0,0,1,1,1,0
6574637,TAMIL NADU,KRISHNAGIRI,KELAMANGALAM,1,,,Pillari Agraharam,Pillariagraharam,KELAMANGALAM,1,3,1,5,1,635116,2,2,3,0,2,19,0,0,0,2,2,1,2,2,204,1,0,0,0,0,5,5
5627688,TAMIL NADU,KRISHNAGIRI,THALLY,1,,,Gumlapuram,Gumlapuram,THALLY,1,3,1,5,1,635118,2,2,3,0,2,19,0,0,0,2,2,1,2,2,204,1,0,0,0,0,0,1
1428615,TAMIL NADU,KRISHNAGIRI,THALLY,1,,,Sathanur,Sathanur,THALLY,1,3,1,5,1,635110,2,2,3,0,2,19,0,0,0,2,2,1,2,2,200,1,0,0,0,0,2,1
6013172,TAMIL NADU,KRISHNAGIRI,THALLY,1,,,Achubalu,Achubalu,THALLY,1,3,1,5,1,635118,2,2,3,0,2,19,0,0,0,2,2,1,2,2,210,1,0,0,0,0,10,4
8691392,TAMIL NADU,KRISHNAGIRI,UTHANGARAI,1,,,Naiperampatti,Marampatty,UTHANGARAI,2,3,1,8,1,635207,2,2,3,0,2,16,0,0,0,2,2,1,2,2,210,1,0,0,1,2,0,1
5055265,TAMIL NADU,KRISHNAGIRI,MATHUR,1,,,Mukkampatti,Oddapatti,MATHUR,1,3,1,5,1,635206,2,2,3,0,2,19,0,0,0,2,2,1,2,2,210,1,0,0,0,0,0,0
2108674,TAMIL NADU,KRISHNAGIRI,KELAMANGALAM,1,,,Santhanapalli,Sandhanapalli,KELAMANGALAM,1,3,1,5,1,635107,2,2,3,0,2,19,0,0,0,2,2,1,2,2,207,1,2,1,0,0,5,0
8496989,TAMIL NADU,KRISHNAGIRI,BARGUR,1,,,Kondappanayakempalli,Kondappanayanapalli,BARGUR,1,3,1,5,1,635203,2,2,3,0,2,16,0,0,0,2,2,1,2,2,193,1,0,0,1,2,0,0
2816424,TAMIL NADU,KRISHNAGIRI,KRISHNAGIRI,1,,,Peddatalapalli,Peththathaalapalli,KRISHNAGIRI,1,3,1,5,1,635002,2,2,3,0,2,16,0,0,0,2,2,1,2,2,204,1,0,0,0,0,1,2
6847019,TAMIL NADU,KRISHNAGIRI,THALLY,1,,,Kempatti,Kempatti,THALLY,1,3,1,5,1,635114,2,2,3,0,2,19,0,0,0,2,2,1,2,2,207,1,0,0,0,0,0,2
7780960,TAMIL NADU,KRISHNAGIRI,UTHANGARAI,1,,,Upparapatti,Upparapatti,UTHANGARAI,1,3,1,5,1,635207,2,2,3,0,2,16,0,0,0,2,2,1,2,2,210,1,0,0,0,0,0,0
4041960,TAMIL NADU,KRISHNAGIRI,SHOOLAGIRI,1,,,A.Settipalli,A.Settipalli,SHOOLAGIRI,1,3,1,5,1,635105,2,2,3,0,2,19,0,0,0,2,2,1,2,2,204,1,0,0,0,0,4,7
1781539,TAMIL NADU,KRISHNAGIRI,SHOOLAGIRI,1,,,Doripalli,Doripalli,SHOOLAGIRI,1,3,1,5,1,635130,2,2,3,0,2,16,0,0,0,2,2,1,2,1,204,1,0,0,0,0,0,0
9368464,TAMIL NADU,KRISHNAGIRI,THALLY,1,,,Arasakuppam,Arasakuppam,THALLY,1,3,1,5,1,635107,2,2,3,0,2,19,0,0,0,2,2,1,2,1,208,1,1,0,1,0,3,1
5972311,TAMIL NADU,KRISHNAGIRI,THALLY,1,,,Noganoor,Noganur,THALLY,1,3,1,5,1,635107,2,2,3,0,2,16,0,0,0,2,2,1,2,2,207,1,1,0,0,0,3,2
6594016,TAMIL NADU,KRISHNAGIRI,KAVERIPATINAM,1,,,Veeramalai,Veeramalai,KAVERIPATTINAM,7,3,6,10,1,635206,2,2,3,0,2,16,0,0,0,2,0,1,9,0,207,1,0,0,0,0,0,0
2243407,TAMIL NADU,KRISHNAGIRI,KAVERIPATINAM,1,,,Katteri,Kalvehalli,KAVERIPATTINAM,1,3,1,5,1,635101,2,2,3,0,2,16,0,0,0,2,2,1,2,1,204,1,0,0,3,4,4,3
2984969,TAMIL NADU,KRISHNAGIRI,BARGUR,1,,,Oppathavadi,Oppathavadi,BARGUR,1,3,1,5,1,635104,2,2,3,0,2,16,0,0,0,2,2,1,2,1,210,1,0,0,0,0,0,0
5786892,TAMIL NADU,KRISHNAGIRI,BARGUR,1,,,Kattagaram,Kattagaram,BARGUR,1,3,1,5,1,635206,2,2,3,0,2,16,0,0,0,2,2,1,2,2,210,1,0,0,2,1,0,0
1241759,TAMIL NADU,KRISHNAGIRI,MATHUR,1,,,Bommepalli,Bommepalli,MATHUR,1,3,1,5,1,635203,2,2,3,0,2,16,0,0,0,2,2,1,2,2,200,1,0,0,0,0,0,0
1429385,TAMIL NADU,KRISHNAGIRI,THALLY,1,,,Madagondapalli,Madhagondapalli,THALLY,1,3,1,5,1,635114,2,2,3,0,2,18,0,0,0,2,2,1,2,2,207,1,0,0,0,0,0,0
6145665,TAMIL NADU,KRISHNAGIRI,KRISHNAGIRI,1,,,Agasipalli,Agasipalli,KRISHNAGIRI,1,3,1,5,1,635002,2,2,3,0,2,16,0,0,0,2,2,1,2,1,194,1,0,0,0,0,4,4
9367522,TAMIL NADU,KRISHNAGIRI,KELAMANGALAM,1,,,Bevunutham,Bevanatham,KELAMANGALAM,1,3,1,5,1,635107,2,2,3,0,2,16,0,0,0,2,2,1,2,2,200,1,0,0,0,0,0,0
9789165,TAMIL NADU,KRISHNAGIRI,THALLY,1,,,Salivaram,Salivaram,THALLY,1,3,1,5,1,635107,2,2,3,0,2,19,0,0,0,2,2,1,2,1,208,1,0,0,0,0,2,4
1599904,TAMIL NADU,KRISHNAGIRI,KAVERIPATINAM,1,,,Errahalli,Errahalli,Kaveripattinam,1,3,1,5,5,635112,2,2,3,0,2,19,0,0,0,0,0,1,1,9,0,1,22,11,9,8,0,1
8359478,TAMIL NADU,KRISHNAGIRI,THALLY,1,,,Salivaram,Salivaram,THALLY,1,3,1,5,1,635107,2,2,3,0,2,16,0,0,0,2,2,1,2,2,208,1,0,0,0,0,1,3
1008656,TAMIL NADU,KRISHNAGIRI,KELAMANGALAM,1,,,Anekollu,Anekollu,KELAMANGALAM,1,3,1,5,1,635113,2,2,3,0,2,16,0,0,0,2,2,1,2,2,192,1,0,0,0,0,7,2
4991243,TAMIL NADU,KRISHNAGIRI,SHOOLAGIRI,1,,,Bs Thimmasandram,B.S.Thimmasandiram,SHOOLAGIRI,1,3,1,5,1,635105,2,2,3,0,2,19,0,0,0,2,2,1,2,2,204,1,0,0,0,1,2,3
9220825,TAMIL NADU,KRISHNAGIRI,KRISHNAGIRI,1,,,Bayanapalli (Part),Baiyanapalli,KRISHNAGIRI,1,3,1,5,1,635115,2,2,3,0,2,19,0,0,0,2,2,1,2,2,204,1,0,0,0,0,3,2
1890538,TAMIL NADU,KRISHNAGIRI,UTHANGARAI,1,,,Elachyur,Karumandapathi,UTHANGARAI,3,3,1,12,5,635207,2,2,3,0,2,16,19,0,0,2,2,1,1,2,220,1,37,38,4,2,0,0
9378315,TAMIL NADU,KRISHNAGIRI,UTHANGARAI,1,,,Reddivalasai,Periyathallapadi,UTHANGARAI,1,3,1,5,1,635307,2,2,3,0,2,16,0,0,0,2,2,1,2,2,210,1,0,0,0,1,0,0
2247989,TAMIL NADU,KRISHNAGIRI,THALLY,1,,,Salivaram,Salivaram,THALLY,1,3,1,5,1,635107,2,2,3,0,2,16,0,0,0,2,2,1,2,2,208,1,0,0,1,0,0,1
7793924,TAMIL NADU,KRISHNAGIRI,KAVERIPATINAM,1,,,Kottapatti,Kottapatti,KAVERIPATTINAM,1,3,1,5,5,635201,2,2,3,0,2,19,0,0,0,2,2,1,1,2,209,1,19,19,1,1,0,0
4734482,TAMIL NADU,KRISHNAGIRI,HOSUR,1,,,Dhasapalli,Muthali,HOSUR,1,3,1,5,1,635103,2,2,3,0,2,19,0,0,0,2,2,1,2,2,204,1,0,0,0,0,0,0
3781413,TAMIL NADU,KRISHNAGIRI,SHOOLAGIRI,1,,,Doripalli,Doripalli,SHOOLAGIRI,1,3,1,5,1,635109,2,2,3,0,2,16,0,0,0,2,2,1,2,2,204,1,0,0,0,0,2,0
6667713,TAMIL NADU,KRISHNAGIRI,BARGUR,1,,,Mallapadi,Mallapadi,BARGUR,1,3,1,5,1,635104,2,2,3,0,2,16,0,0,0,2,2,1,2,2,210,1,0,0,0,0,0,0
5720346,TAMIL NADU,KRISHNAGIRI,KRISHNAGIRI,1,,,Peddathanapalli,Periyakottapalli,KRISHNAGIRI,1,3,1,5,1,635002,2,2,3,0,2,16,0,0,0,2,2,1,2,2,210,1,0,0,0,0,1,3
2728138,TAMIL NADU,KRISHNAGIRI,KELAMANGALAM,1,,,Thimijapalli,Thimjepalli,KELAMANGALAM,1,3,1,5,1,636812,2,2,3,0,2,16,0,0,0,2,2,1,2,2,194,1,0,0,1,0,0,0
7492434,TAMIL NADU,KRISHNAGIRI,SHOOLAGIRI,1,,,Thiyarandurgam,Kommepalli,SHOOLAGIRI,1,3,1,5,1,635119,2,2,3,0,2,19,0,0,0,2,2,1,2,2,204,1,1,1,0,0,1,5
8316280,TAMIL NADU,KRISHNAGIRI,KELAMANGALAM,1,,,Hanumanthapuram,Hanumanthapuram,KELAMANGALAM,1,3,1,5,1,635107,2,2,3,0,2,16,0,0,0,2,2,1,2,2,210,1,0,0,0,0,1,5
9301577,TAMIL NADU,KRISHNAGIRI,THALLY,1,,,Kodiyalam,Kodiyalam,THALLY,1,3,1,5,1,635114,2,2,3,0,2,19,0,0,0,2,2,1,2,2,207,1,0,0,0,0,1,2
6447952,TAMIL NADU,KRISHNAGIRI,VEPPANAPALLI,1,,,Tankadikuppam,Neralagiri,VEPPANAPALLI,1,3,1,5,1,635121,2,2,3,0,2,16,0,0,0,2,2,1,2,1,194,1,0,0,1,0,0,4
1868745,TAMIL NADU,KRISHNAGIRI,THALLY,1,,,Binnamangalam,Binnamangalam,THALLY,1,3,1,5,1,635118,2,2,3,0,2,16,0,0,0,2,2,1,2,2,208,1,0,0,0,0,0,0
2956800,TAMIL NADU,KRISHNAGIRI,VEPPANAPALLI,1,,,Kundarapalli,Samanthamalai,VEPPANAPALLI,3,3,1,12,5,635115,2,2,3,0,2,19,16,0,0,2,2,1,1,2,0,1,41,36,4,5,0,0
6409780,TAMIL NADU,KRISHNAGIRI,BARGUR,1,,,Kondappanayakempalli,Kondappanayanapalli,BARGUR,1,3,1,5,1,635104,2,2,3,0,2,16,0,0,0,2,2,1,2,1,204,1,0,0,3,1,3,2
1938287,TAMIL NADU,KRISHNAGIRI,BARGUR,1,,,Soolamalai,Shoolamalai,BARGUR,1,3,1,5,1,635108,2,2,3,0,2,16,0,0,0,2,2,1,2,1,194,1,0,0,0,0,0,0
3491210,TAMIL NADU,KRISHNAGIRI,HOSUR,1,,,Belathur,Belathur,HOSUR,1,3,1,5,1,635124,2,2,3,0,2,19,0,0,0,2,2,1,2,2,204,1,0,0,0,2,0,0
8147933,TAMIL NADU,KRISHNAGIRI,HOSUR,2,Hosur,Hosur (M) - Ward No.26,,,,1,3,1,5,1,635109,2,2,3,0,2,19,0,0,0,2,2,1,2,2,204,1,0,0,0,3,0,0
8019306,TAMIL NADU,KRISHNAGIRI,THALLY,1,,,Thaggatti,Thaggatti,THALLY,1,3,1,5,1,635102,2,2,3,0,2,16,0,0,0,2,2,1,2,2,204,1,0,0,0,0,2,0
4595839,TAMIL NADU,KRISHNAGIRI,KAVERIPATINAM,1,,,Mittahalli,Mittahalli,KAVERIPATTINAM,1,3,1,5,1,635112,2,2,3,0,2,16,0,0,0,2,2,1,2,2,210,1,0,0,0,0,0,0
4134395,TAMIL NADU,KRISHNAGIRI,HOSUR,2,Hosur,Hosur (M) - Ward No.39,,,,3,3,1,12,5,635109,2,2,3,0,2,19,0,0,0,1,1,1,1,2,206,1,0,1,14,15,0,0
8506431,TAMIL NADU,KRISHNAGIRI,UTHANGARAI,1,,,Mettuthangal,Mettuthangal,UTHANGARAI,1,3,1,5,1,635304,2,2,3,0,2,16,0,0,0,2,2,1,2,2,210,1,0,0,1,1,1,3
3824641,TAMIL NADU,KRISHNAGIRI,THALLY,1,,,Kottaiyur,Kottaiyur,THALLY,3,3,1,12,5,635102,2,2,3,0,2,19,0,0,0,2,2,1,1,2,210,1,23,13,1,2,0,0
3380209,TAMIL NADU,KRISHNAGIRI,THALLY,1,,,Thandarai,Thandarai,THALLY,1,3,1,5,1,635110,2,2,3,0,2,19,0,0,0,2,2,1,2,2,206,1,0,0,0,0,0,0
6309700,TAMIL NADU,KRISHNAGIRI,UTHANGARAI,1,,,Lakkampatti,Katteri,UTHANGARAI,1,3,1,5,1,636902,2,2,3,0,2,16,0,0,0,2,2,1,2,2,210,1,0,0,0,0,0,0
7709982,TAMIL NADU,KRISHNAGIRI,HOSUR,1,,,Belathur,Belathur,HOSUR,1,3,1,5,1,635124,2,2,3,0,2,19,0,0,0,2,2,1,2,2,204,1,0,0,0,1,3,3
9020386,TAMIL NADU,KRISHNAGIRI,KELAMANGALAM,1,,,Pillari Agraharam,Pillariagraharam,KELAMANGALAM,1,3,1,5,1,635116,2,2,3,0,2,16,0,0,0,2,2,1,2,2,215,1,0,0,1,1,0,0
5100946,TAMIL NADU,KRISHNAGIRI,BARGUR,1,,,Jambukuttapatti,Pochampalli,BARGUR,1,3,1,5,1,635206,2,2,3,0,2,16,0,0,0,2,2,1,2,2,197,1,0,0,0,1,0,0
9531123,TAMIL NADU,KRISHNAGIRI,BARGUR,1,,,Guttur,Guttur,BARGUR,1,3,1,5,1,635104,2,2,3,0,2,16,0,0,0,2,2,1,2,2,210,1,0,0,0,1,0,0
6212128,TAMIL NADU,KRISHNAGIRI,VEPPANAPALLI,1,,,Kurubarapalli,Kurubarapalli,VEPPANAPALLI,1,3,1,5,1,635122,2,2,3,0,2,16,0,0,0,2,2,1,2,2,210,1,0,0,0,0,6,1
6712191,TAMIL NADU,KRISHNAGIRI,BARGUR,2,Bargur,Bargur (TP) - Ward No.7,,,,3,3,1,12,5,635104,2,2,3,0,2,19,0,0,0,1,1,1,1,2,210,1,43,38,32,19,0,0
2743052,TAMIL NADU,KRISHNAGIRI,SHOOLAGIRI,1,,,Chembarasanapalli,Simplethiradi,SHOOLAGIRI,1,3,1,5,1,635117,2,2,3,0,2,16,0,0,0,2,2,1,2,2,204,1,0,0,0,0,4,2
7105176,TAMIL NADU,KRISHNAGIRI,MATHUR,1,,,Kunnathur,Kunnathur,MATHUR,1,3,1,5,1,635306,2,2,3,0,2,19,0,0,0,2,2,1,2,2,210,1,0,0,1,3,4,5
1310104,TAMIL NADU,KRISHNAGIRI,THALLY,1,,,Madagondapalli,Madhagondapalli,THALLY,1,3,1,5,1,635114,2,2,3,0,2,19,0,0,0,2,2,1,2,2,207,1,0,0,0,0,0,0
6321173,TAMIL NADU,KRISHNAGIRI,KELAMANGALAM,1,,,Udedurgam,Udedurgam,KELAMANGALAM,1,3,1,5,1,635113,2,2,3,0,2,16,0,0,0,2,2,1,2,2,204,1,0,0,0,0,0,0
5901650,TAMIL NADU,KRISHNAGIRI,UTHANGARAI,1,,,Thiruvanapatti,Thiruvanapatti,UTHANGARAI,1,3,1,5,1,635304,2,2,3,0,2,16,0,0,0,2,2,1,2,2,202,1,0,0,0,0,2,6
6999638,TAMIL NADU,KRISHNAGIRI,BARGUR,1,,,Orappam,Orappam,BARGUR,1,3,1,5,1,635108,2,2,3,0,2,16,0,0,0,2,2,1,2,1,189,1,0,0,0,2,6,4
9635418,TAMIL NADU,KRISHNAGIRI,KAVERIPATINAM,1,,,Veeramalai,Veeramalai,KAVERIPATTINAM,1,3,1,5,1,635206,2,2,3,0,2,16,0,0,0,2,2,1,2,2,189,1,0,0,0,0,2,3
2846159,TAMIL NADU,KRISHNAGIRI,KRISHNAGIRI,1,,,Agasipalli,Agasipalli,KRISHNAGIRI,1,3,1,5,5,635002,2,2,3,0,2,19,0,0,0,2,2,1,1,2,210,1,17,6,0,0,0,0
5976190,TAMIL NADU,KRISHNAGIRI,KRISHNAGIRI,1,,,Kattiganapalli (Ct),Kattigaanapalli,KRISHNAGIRI,1,3,1,5,5,635001,2,2,3,0,2,19,0,0,0,2,2,1,1,2,220,1,5,4,0,0,0,0
3197189,TAMIL NADU,KRISHNAGIRI,BARGUR,1,,,Belethottam,Balethottam,BARGUR,1,3,1,5,1,635206,2,2,3,0,2,19,0,0,0,2,2,1,2,2,206,1,0,0,1,0,4,2
3014670,TAMIL NADU,KRISHNAGIRI,UTHANGARAI,1,,,Mittapalli,Mittapalli,UTHANGARAI,6,3,1,10,5,635307,2,2,3,0,2,19,0,0,0,2,0,1,1,2,220,1,14,19,11,8,0,0
3114428,TAMIL NADU,KRISHNAGIRI,BARGUR,2,Bargur,Bargur (TP) - Ward No.11,,,,1,3,1,5,1,635108,2,2,3,0,2,16,0,0,0,2,2,1,2,1,210,1,0,0,0,0,0,0
7274283,TAMIL NADU,KRISHNAGIRI,HOSUR,2,Hosur,Hosur (M) - Ward No.18,,,,3,3,1,12,5,635109,2,2,3,0,2,19,0,0,0,2,2,1,1,2,210,1,77,54,14,7,0,0
4061103,TAMIL NADU,KRISHNAGIRI,KELAMANGALAM,1,,,Bairamangalam,Bairamangalam,KELAMANGALAM,1,3,1,5,1,635113,2,2,3,0,2,19,0,0,0,2,2,1,2,2,204,1,0,0,0,1,0,0
9401344,TAMIL NADU,KRISHNAGIRI,HOSUR,2,Hosur,Hosur (M) - Ward No.43,,,,1,3,1,5,1,635110,2,2,3,0,2,19,0,0,0,2,2,1,2,2,210,1,0,0,2,3,0,0
9436833,TAMIL NADU,KRISHNAGIRI,THALLY,1,,,Arasakuppam,Arasakuppam,THALLY,6,3,1,10,5,635107,2,2,3,0,2,19,0,0,0,1,0,1,1,2,215,1,19,14,7,9,0,0
4701575,TAMIL NADU,KRISHNAGIRI,KRISHNAGIRI,1,,,Venkatapuram (Ct),Venkatapuram,KRISHNAGIRI,1,3,1,5,1,635001,2,2,3,0,2,18,0,0,0,2,2,1,2,2,210,1,0,0,0,0,0,0
4436099,TAMIL NADU,KRISHNAGIRI,HOSUR,1,,,Thummanapalli,Thummanapalli,HOSUR,1,3,1,5,1,635105,2,2,3,0,2,19,0,0,0,2,2,1,2,1,204,1,0,0,0,0,1,2
6508902,TAMIL NADU,KRISHNAGIRI,SHOOLAGIRI,1,,,Berigai,B.S.Thimmasandiram,SHOOLAGIRI,1,3,1,5,1,635105,2,2,3,0,2,19,0,0,0,2,2,1,2,1,202,1,0,0,0,0,7,3
2928841,TAMIL NADU,KRISHNAGIRI,KRISHNAGIRI,1,,,Junjupalli,Thippanapalli,KRISHNAGIRI,1,3,1,5,1,635122,2,2,3,0,2,19,16,0,0,2,2,1,2,1,207,1,0,0,0,0,5,2
5087395,TAMIL NADU,KRISHNAGIRI,KAVERIPATINAM,1,,,Maruderi,Maruderi,KAVERIPATTINAM,1,3,1,5,1,635204,2,2,3,0,2,16,0,0,0,2,2,1,2,1,207,1,0,0,0,0,2,1
6939898,TAMIL NADU,KRISHNAGIRI,BARGUR,1,,,Palepalle,Palepalli,BARGUR,1,3,1,5,5,635108,2,2,3,0,2,19,0,0,0,2,2,1,1,2,207,1,3,3,0,0,0,0
4121343,TAMIL NADU,KRISHNAGIRI,VEPPANAPALLI,1,,,Thalipalli,Veppanapalli,VEPPANAPALLI,1,3,1,5,1,635121,2,2,3,0,2,16,0,0,0,2,2,1,2,2,194,1,0,0,0,0,8,5
8846301,TAMIL NADU,KRISHNAGIRI,BARGUR,1,,,Majethgollahalli,Majeethgollahalli,BARGUR,1,3,1,5,1,635206,2,2,3,0,2,16,0,0,0,2,2,1,2,2,206,1,0,0,0,0,0,0
6664991,TAMIL NADU,KRISHNAGIRI,KAVERIPATINAM,1,,,Veeramalai,Veeramalai,KAVERIPATTINAM,1,3,1,5,1,635206,2,2,3,0,2,16,0,0,0,2,2,1,2,2,189,1,0,0,0,0,1,2
2736593,TAMIL NADU,KRISHNAGIRI,KRISHNAGIRI,1,,,Kothigutalapalli,Mekalachinnampalli,KRISHNAGIRI,1,3,1,5,1,635120,2,2,3,0,2,16,0,0,0,2,2,1,2,2,197,1,0,0,0,1,0,0
5240645,TAMIL NADU,KRISHNAGIRI,KAVERIPATINAM,1,,,Kottapatti,Kottapatti,KAVERIPATTINAM,1,3,1,5,1,635201,2,2,3,0,2,16,0,0,0,2,2,1,2,2,194,1,0,0,0,0,1,1
7501809,TAMIL NADU,KRISHNAGIRI,HOSUR,2,Hosur,Hosur (M) - Ward No.36,,,,1,3,1,5,1,635110,2,2,3,0,2,19,0,0,0,2,2,1,2,2,210,1,0,0,2,0,0,0
2078945,TAMIL NADU,KRISHNAGIRI,BARGUR,1,,,Majethgollahalli,Majeethgollahalli,BARGUR,1,3,1,5,1,635203,2,2,3,0,2,16,0,0,0,2,2,1,2,2,194,1,0,0,2,1,0,0
1974505,TAMIL NADU,KRISHNAGIRI,THALLY,1,,,Palayamkotta,Palayamkottai,THALLY,1,3,1,5,1,635107,2,2,3,0,2,19,0,0,0,2,2,1,2,2,204,1,0,0,0,0,0,0
1347392,TAMIL NADU,KRISHNAGIRI,KRISHNAGIRI,1,,,Periamuthu,Periyamuthur,KRISHNAGIRI,1,3,1,5,1,635101,2,2,3,0,2,16,0,0,0,2,2,1,2,2,210,1,0,0,2,0,3,3
5443505,TAMIL NADU,KRISHNAGIRI,VEPPANAPALLI,1,,,Kodipalli,Kodipalli,VEPPANAPALLI,1,3,1,5,1,635115,2,2,3,0,2,16,0,0,0,2,2,1,2,1,204,1,0,0,1,1,3,2
2931203,TAMIL NADU,KRISHNAGIRI,KAVERIPATINAM,1,,,Errahalli,Errahalli,KAVERIPATTINAM,3,3,1,12,5,635112,2,2,3,0,2,19,0,0,0,2,2,1,1,2,210,1,17,17,3,0,0,0
2693972,TAMIL NADU,KRISHNAGIRI,HOSUR,1,,,Baliganapalli,Baliganapalli,HOSUR,1,3,1,5,1,635103,2,2,3,0,2,19,0,0,0,2,2,1,2,2,204,1,0,0,1,0,1,1
6260653,TAMIL NADU,KRISHNAGIRI,HOSUR,1,,,Badathepalli,Baduthepalli,HOSUR,1,3,1,5,1,635105,2,2,3,0,2,19,0,0,0,2,2,1,2,2,204,1,0,0,1,0,0,0
5991995,TAMIL NADU,KRISHNAGIRI,SHOOLAGIRI,1,,,Thiyarandurgam,Kommepalli,SHOOLAGIRI,1,3,1,5,1,635109,2,2,3,0,2,19,0,0,0,2,2,1,2,2,204,1,0,0,0,0,1,3
3625152,TAMIL NADU,KRISHNAGIRI,BARGUR,1,,,Mallapadi,Mallapadi,BARGUR,1,3,1,5,1,635104,2,2,3,0,2,16,0,0,0,2,2,1,2,2,194,1,0,0,1,0,0,1
2993046,TAMIL NADU,KRISHNAGIRI,KAVERIPATINAM,1,,,Mittahalli,Mittahalli,KAVERIPATTINAM,1,3,1,5,1,635112,2,2,3,0,2,16,0,0,0,2,2,1,2,2,194,1,0,0,0,0,0,0
9879186,TAMIL NADU,KRISHNAGIRI,THALLY,1,,,Thaggatti,Thaggatti,THALLY,1,3,1,5,1,635102,2,2,3,0,2,16,0,0,0,2,2,1,2,2,210,1,0,0,0,0,1,7
9274462,TAMIL NADU,KRISHNAGIRI,UTHANGARAI,1,,,Katteri,Katteri,UTHANGARAI,1,3,1,5,1,636902,2,2,3,0,2,16,0,0,0,2,2,1,2,2,210,1,0,0,0,0,2,2
8603515,TAMIL NADU,KRISHNAGIRI,UTHANGARAI,1,,,Karapattu,Karapattu,UTHANGARAI,1,3,1,5,1,635207,2,2,3,0,2,16,0,0,0,2,2,1,2,2,210,1,0,0,1,0,0,0
9001494,TAMIL NADU,KRISHNAGIRI,MATHUR,1,,,Rengampatti,Valipatti,MATHUR,1,3,1,5,1,635306,2,2,3,0,2,16,0,0,0,2,2,1,2,1,210,1,0,0,0,0,0,0
7930523,TAMIL NADU,KRISHNAGIRI,THALLY,1,,,Gumlapuram,Gumlapuram,THALLY,1,3,1,5,1,635118,2,2,3,0,2,19,5,0,0,2,2,1,2,1,205,1,0,1,0,0,16,9
8385589,TAMIL NADU,KRISHNAGIRI,KELAMANGALAM,1,,,Bodichipalli,Bodichipalli,KELAMANGALAM,1,3,1,5,1,635113,2,2,3,0,2,19,0,0,0,2,2,1,2,2,204,1,0,0,0,0,0,0
3712750,TAMIL NADU,KRISHNAGIRI,KELAMANGALAM,2,Denkanikottai,Denkanikottai (TP) - Ward No.5,,,,6,3,1,10,5,635107,2,2,3,0,2,19,0,0,0,2,2,1,1,2,0,1,41,28,2,4,0,0
3475476,TAMIL NADU,KRISHNAGIRI,VEPPANAPALLI,1,,,Chinnakothur,V.Madepalli,VEPPANAPALLI,1,3,1,5,1,635121,2,2,3,0,2,16,0,0,0,2,2,1,2,2,194,1,0,0,1,0,4,2
2726601,TAMIL NADU,KRISHNAGIRI,BARGUR,1,,,Palepalle,Palepalli,BARGUR,1,3,1,5,4,635108,2,2,3,0,1,16,0,0,0,2,2,1,2,2,210,1,0,0,2,4,8,2
3243204,TAMIL NADU,KRISHNAGIRI,UTHANGARAI,1,,,Ettipatti,Nadupatti,UTHANGARAI,1,3,1,5,1,635307,2,2,3,0,2,16,0,0,0,2,2,1,2,2,210,1,0,0,0,2,1,1
9847681,TAMIL NADU,KRISHNAGIRI,KELAMANGALAM,1,,,Pillari Agraharam,Pillariagraharam,KELAMANGALAM,1,3,1,5,1,635116,2,2,3,0,2,19,0,0,0,2,2,1,2,2,204,1,0,0,0,0,0,0
1607185,TAMIL NADU,KRISHNAGIRI,HOSUR,1,,,Nallur,Nallur,HOSUR,1,3,1,5,1,635103,2,2,3,0,2,19,0,0,0,2,2,1,2,1,206,1,0,0,0,1,6,7
9763725,TAMIL NADU,KRISHNAGIRI,SHOOLAGIRI,1,,,Kumbalam,Kumbalam,SHOOLAGIRI,1,3,1,5,1,635105,2,2,3,0,2,19,0,0,0,2,2,1,2,2,202,1,0,0,0,0,3,4
9941289,TAMIL NADU,KRISHNAGIRI,THALLY,1,,,Kempatti,Kempatti,THALLY,1,3,1,5,1,635114,2,2,3,0,2,19,0,0,0,2,2,1,2,2,194,1,0,0,0,0,0,0
9344958,TAMIL NADU,KRISHNAGIRI,VEPPANAPALLI,1,,,Helekrishnnapuram,Halekundani,VEPPANAPALLI,1,3,1,5,1,635121,2,2,3,0,2,16,0,0,0,2,2,1,2,2,210,1,0,0,0,0,2,4
1119384,TAMIL NADU,KRISHNAGIRI,HOSUR,2,Hosur,Hosur (M) - Ward No.32,,,,1,3,1,5,1,635109,2,2,3,0,2,19,0,0,0,2,2,1,2,2,194,1,0,0,2,1,16,13
9487267,TAMIL NADU,KRISHNAGIRI,SHOOLAGIRI,1,,,Nallaganakothapalli,Koneripalli,SHOOLAGIRI,1,3,1,5,1,635117,2,2,3,0,2,16,0,0,0,2,2,1,2,2,204,1,0,0,0,0,0,2
7284863,TAMIL NADU,KRISHNAGIRI,BARGUR,1,,,Kattagaram,Kattagaram,BARGUR,1,3,1,5,1,635206,2,2,3,0,2,16,0,0,0,2,2,1,2,1,189,1,0,0,0,0,0,1
1191223,TAMIL NADU,KRISHNAGIRI,KRISHNAGIRI,1,,,Kattiganapalli (Ct),Kattigaanapalli,KRISHNAGIRI,3,3,1,12,5,635001,2,2,3,0,2,19,0,0,0,1,1,1,1,2,250,1,44,42,28,28,0,0
9728897,TAMIL NADU,KRISHNAGIRI,KAVERIPATINAM,1,,,Jagadab,Jagadab,KAVERIPATTINAM,1,3,1,5,1,635112,2,2,3,0,2,16,0,0,0,2,2,1,2,2,194,1,0,0,0,0,2,3
3034174,TAMIL NADU,KRISHNAGIRI,THALLY,1,,,Belagundapalli,Belagondapalli,THALLY,1,3,1,5,5,635114,2,2,3,0,2,19,0,0,0,2,2,1,1,2,210,1,12,15,0,0,0,0
2488708,TAMIL NADU,KRISHNAGIRI,BARGUR,1,,,Parandapalli,Parandapalli,BARGUR,1,3,1,5,1,635206,2,2,3,0,2,16,0,0,0,2,2,1,2,1,197,1,0,0,1,0,0,0
5047836,TAMIL NADU,KRISHNAGIRI,BARGUR,1,,,Salinayanapalli,Karakuppam,BARGUR,1,3,1,5,1,635104,2,2,3,0,2,19,0,0,0,2,2,1,2,1,204,1,0,0,1,1,0,0
3542515,TAMIL NADU,KRISHNAGIRI,KAVERIPATINAM,1,,,Barur,Barur,KAVERIPATTINAM,1,3,1,5,1,635201,2,2,3,0,2,16,0,0,0,2,2,1,2,2,189,1,0,0,1,0,3,4
2552229,TAMIL NADU,KRISHNAGIRI,KRISHNAGIRI,1,,,Agasipalli,Agasipalli,KRISHNAGIRI,1,3,1,5,1,635002,2,2,3,0,2,16,19,0,0,2,2,1,2,2,210,1,0,0,1,1,9,6
7495833,TAMIL NADU,KRISHNAGIRI,SHOOLAGIRI,1,,,Melumalai,Melumalai,SHOOLAGIRI,1,3,1,5,1,635115,2,2,3,0,2,16,0,0,0,2,2,1,2,2,204,1,0,0,0,0,1,7
2142704,TAMIL NADU,KRISHNAGIRI,KRISHNAGIRI,1,,,Agasipalli,Agasipalli,KRISHNAGIRI,3,3,1,12,5,635001,2,2,3,0,2,16,19,0,0,2,2,1,1,2,210,1,9,12,6,6,0,0
8227374,TAMIL NADU,KRISHNAGIRI,BARGUR,1,,,Salinayanapalli,Karakuppam,BARGUR,1,3,1,5,5,635104,2,2,3,0,2,16,0,0,0,2,2,1,2,2,200,1,0,0,0,0,0,0
1493183,TAMIL NADU,KRISHNAGIRI,MATHUR,1,,,Sulakarai,Soolagarai,MATHUR,1,3,1,5,1,635304,2,2,3,0,2,16,0,0,0,2,2,1,2,1,194,1,0,0,0,0,0,0
9640501,TAMIL NADU,KRISHNAGIRI,MATHUR,1,,,Reddipatti,Vanipatti,MATHUR,1,3,1,5,1,635304,2,2,3,0,2,16,0,0,0,2,2,1,2,2,210,1,0,0,1,0,1,3
3543389,TAMIL NADU,KRISHNAGIRI,KRISHNAGIRI,1,,,Peddatalapalli,Peththathaalapalli,KRISHNAGIRI,1,3,1,5,1,635002,2,2,3,0,2,19,0,0,0,2,2,1,2,2,208,1,0,0,1,0,0,0
1112614,TAMIL NADU,KRISHNAGIRI,MATHUR,1,,,Sevvampatti,Sivampatti,MATHUR,1,3,1,5,1,635203,2,2,3,0,2,16,0,0,0,2,2,1,2,2,210,1,0,0,1,0,0,0
6641511,TAMIL NADU,KRISHNAGIRI,MATHUR,1,,,Batrahalli,Mathur,MATHUR,1,3,1,5,1,635203,2,2,3,0,2,16,0,0,0,2,2,1,2,1,210,1,0,0,0,1,0,0
6066543,TAMIL NADU,KRISHNAGIRI,HOSUR,2,Hosur,Hosur (M) - Ward No.29,,,,1,3,1,5,1,635109,2,2,3,0,2,18,19,0,0,2,2,1,2,2,207,1,0,0,3,2,0,0
4386880,TAMIL NADU,KRISHNAGIRI,THALLY,1,,,Achubalu,Achubalu,THALLY,1,3,1,5,1,635118,2,2,3,0,2,16,0,0,0,2,2,1,2,2,194,1,0,0,0,0,1,3
2575129,TAMIL NADU,KRISHNAGIRI,KELAMANGALAM,1,,,Bodichipalli,Bodichipalli,KELAMANGALAM,1,3,1,5,1,635113,2,2,3,0,2,19,0,0,0,2,2,1,2,2,206,1,0,0,0,0,0,0
6896672,TAMIL NADU,KRISHNAGIRI,HOSUR,1,,,Kothapalli,Sevaganapalli,HOSUR,1,3,1,5,1,635103,2,2,3,0,2,19,0,0,0,2,2,1,2,2,204,1,1,1,0,0,2,0
2553210,TAMIL NADU,KRISHNAGIRI,KAVERIPATINAM,1,,,Sundekuppam,Sundekuppam,KAVERIPATTINAM,1,3,1,5,1,635101,2,2,3,0,2,19,0,0,0,2,2,1,2,1,194,1,0,0,1,3,4,1
7325213,TAMIL NADU,KRISHNAGIRI,HOSUR,2,Hosur,Hosur (M) - Ward No.2,,,,6,3,1,10,5,635126,2,2,3,0,2,19,0,0,0,2,0,1,1,2,216,1,6,10,0,1,0,0
6385888,TAMIL NADU,KRISHNAGIRI,HOSUR,1,,,Bagalur,Bagaloor,HOSUR,3,3,1,12,5,635103,2,2,3,0,2,19,0,0,0,1,1,1,1,2,0,1,31,24,0,2,0,0
7273657,TAMIL NADU,KRISHNAGIRI,KELAMANGALAM,2,Kelamangalam,Kelamangalam (TP) - Ward No.6,,,,1,3,1,5,1,635113,2,2,3,0,2,19,0,0,0,2,2,1,2,1,210,1,0,0,2,3,0,0
2935659,TAMIL NADU,KRISHNAGIRI,THALLY,1,,,Urigam,Urigam,THALLY,1,3,1,5,1,635102,2,2,3,0,2,16,0,0,0,2,2,1,2,2,204,1,0,0,0,0,1,0
1694174,TAMIL NADU,KRISHNAGIRI,HOSUR,2,Hosur,Hosur (M) - Ward No.24,,,,1,3,1,5,1,635109,2,2,3,0,2,18,0,0,0,2,2,1,2,2,206,1,0,0,0,0,4,2
5171639,TAMIL NADU,KRISHNAGIRI,KAVERIPATINAM,1,,,Pannandur,Pannandhur,KAVERIPATTINAM,5,3,6,12,1,635123,2,2,3,0,2,16,19,0,0,2,2,1,9,0,210,1,0,0,0,0,0,0
5371742,TAMIL NADU,KRISHNAGIRI,KAVERIPATINAM,1,,,Kaveripattinam,Santhapuram,KAVERIPATTINAM,1,3,1,5,5,635112,2,2,3,0,2,19,0,0,0,2,2,1,1,2,207,1,0,0,0,0,0,0
1830682,TAMIL NADU,KRISHNAGIRI,UTHANGARAI,1,,,Konapatti,Pudur Pungani,UTHANGARAI,1,3,1,5,1,635207,2,2,3,0,2,16,0,0,0,2,2,1,2,1,210,1,0,0,0,0,0,1
8708149,TAMIL NADU,KRISHNAGIRI,KRISHNAGIRI,1,,,Boganapalli,Peththanapalli,KRISHNAGIRI,7,3,6,10,1,635002,2,2,3,0,2,16,0,0,0,2,0,1,9,0,210,1,0,0,0,0,0,0
2132835,TAMIL NADU,KRISHNAGIRI,KELAMANGALAM,1,,,Bodichipalli,Bodichipalli,KELAMANGALAM,1,3,1,5,1,635113,2,2,3,0,2,19,0,0,0,2,2,1,2,2,204,1,0,0,0,0,0,0
6739535,TAMIL NADU,KRISHNAGIRI,SHOOLAGIRI,1,,,Nallaganakothapalli,Koneripalli,SHOOLAGIRI,1,3,1,5,1,635117,2,2,3,0,2,19,0,0,0,2,2,1,2,2,200,1,0,0,0,0,4,8
5487910,TAMIL NADU,KRISHNAGIRI,KRISHNAGIRI,1,,,Alapatti,Velagalahalli,KRISHNAGIRI,1,3,1,5,1,635122,2,2,3,0,2,19,16,0,0,2,2,1,2,2,210,1,0,0,1,0,2,7
4986129,TAMIL NADU,KRISHNAGIRI,VEPPANAPALLI,1,,,Theertham,Theertham,VEPPANAPALLI,1,3,1,5,1,635121,2,2,3,0,2,19,0,0,0,2,2,1,2,2,204,1,0,0,0,0,6,6
1536380,TAMIL NADU,KRISHNAGIRI,THALLY,1,,,Natrapalayam,Natrampalayam,THALLY,1,3,1,5,1,635102,2,2,3,0,2,16,0,0,0,2,2,1,2,2,0,1,0,0,2,2,1,0
9617018,TAMIL NADU,KRISHNAGIRI,THALLY,1,,,Anchetty,Anchetti,THALLY,1,3,1,5,1,635102,2,2,3,0,2,16,0,0,0,2,2,1,2,2,206,1,0,0,0,0,1,1
2061095,TAMIL NADU,KRISHNAGIRI,THALLY,1,,,Andevanapalli,Andevanapalli,THALLY,1,3,1,5,1,635107,2,2,3,0,2,19,0,0,0,2,2,1,2,1,207,1,0,0,0,0,1,0
2205410,TAMIL NADU,KRISHNAGIRI,THALLY,1,,,Karandapalli,Karandapalli,THALLY,1,3,1,5,1,635107,2,2,3,0,2,19,0,0,0,2,2,1,2,2,7,1,0,0,0,0,4,2
4926396,TAMIL NADU,KRISHNAGIRI,UTHANGARAI,1,,,Veppalampatti,Katteri,UTHANGARAI,2,3,1,8,5,636902,2,2,3,0,2,19,0,0,0,2,2,1,1,2,243,1,21,20,2,0,0,0
4653213,TAMIL NADU,KRISHNAGIRI,SHOOLAGIRI,1,,,Kamandoddi,Kamandoddi,SHOOLAGIRI,1,3,1,5,1,635109,2,2,3,0,2,19,0,0,0,2,2,1,2,1,204,1,0,0,0,0,8,9
2273492,TAMIL NADU,KRISHNAGIRI,BARGUR,1,,,Madepalli,Madepalli,BARGUR,1,3,1,5,1,635108,2,2,3,0,2,16,0,0,0,2,2,1,2,1,198,1,0,0,1,1,0,3
4497831,TAMIL NADU,KRISHNAGIRI,KRISHNAGIRI,1,,,Chikkapoovathi,Chikkapoovathi,KRISHNAGIRI,1,3,1,5,1,635122,2,2,3,0,2,16,0,0,0,2,2,1,2,2,210,1,0,0,1,0,6,2
4558017,TAMIL NADU,KRISHNAGIRI,HOSUR,2,Hosur,Hosur (M) - Ward No.8,,,,1,3,1,5,1,635109,2,2,3,0,2,19,0,0,0,2,2,1,2,2,204,1,2,2,4,1,10,8
9232139,TAMIL NADU,KRISHNAGIRI,THALLY,1,,,Settipalli,Settipalli,THALLY,1,3,1,5,1,635107,2,2,3,0,2,19,0,0,0,2,2,1,2,2,194,1,0,0,0,0,2,5
4073753,TAMIL NADU,KRISHNAGIRI,THALLY,1,,,Agalakotta,Padiganalam,THALLY,1,3,1,5,1,635118,2,2,3,0,2,19,0,0,0,2,2,1,2,2,194,1,0,0,0,0,5,4
5119165,TAMIL NADU,KRISHNAGIRI,HOSUR,1,,,Muthuganapalli,Muduganapalli,HOSUR,1,3,1,5,1,635110,2,2,3,0,2,19,0,0,0,2,2,1,2,1,204,1,0,0,0,0,3,3
5257955,TAMIL NADU,KRISHNAGIRI,MATHUR,1,,,Mukkampatti,Oddapatti,MATHUR,1,3,1,5,1,635306,2,2,3,0,2,16,0,0,0,2,2,1,2,2,210,1,1,0,1,0,1,1
6952609,TAMIL NADU,KRISHNAGIRI,HOSUR,1,,,Nandimangalam,Nandhimangalam,HOSUR,1,3,1,5,1,635105,2,2,3,0,2,19,0,0,0,2,2,1,2,1,204,1,0,0,0,0,0,1
9204734,TAMIL NADU,KRISHNAGIRI,SHOOLAGIRI,1,,,Bs Thimmasandram,B.S.Thimmasandiram,SHOOLAGIRI,1,3,1,5,1,635105,2,2,3,0,2,19,0,0,0,2,2,1,2,2,205,1,0,0,0,0,3,1
7991141,TAMIL NADU,KRISHNAGIRI,SHOOLAGIRI,1,,,Pannapalli,Pannapalli,SHOOLAGIRI,1,3,1,5,1,635105,2,2,3,0,2,19,0,0,0,2,2,1,2,1,204,1,0,0,0,0,5,5
9764102,TAMIL NADU,KRISHNAGIRI,KRISHNAGIRI,1,,,Thandagoundarahalli,Chikkapoovathi,KRISHNAGIRI,1,3,1,5,1,635122,2,2,3,0,2,16,0,0,0,2,2,1,2,2,210,1,0,0,1,0,2,3
9304762,TAMIL NADU,KRISHNAGIRI,KRISHNAGIRI,1,,,Kothigutalapalli,Mekalachinnampalli,KRISHNAGIRI,1,3,1,5,1,635120,2,2,3,0,2,16,0,0,0,2,2,1,2,1,210,1,0,0,0,0,3,3
2647175,TAMIL NADU,KRISHNAGIRI,THALLY,1,,,Madakkal,Madakkal,THALLY,1,3,1,5,1,635118,2,2,3,0,2,19,0,0,0,2,2,1,2,2,196,1,0,0,0,0,2,6
3394759,TAMIL NADU,KRISHNAGIRI,THALLY,1,,,Madakkal,Madakkal,THALLY,1,3,1,5,1,635118,2,2,3,0,2,19,0,0,0,2,2,1,2,1,208,1,0,0,0,0,1,8
8255590,TAMIL NADU,KRISHNAGIRI,VEPPANAPALLI,1,,,Kundarapalli,Samanthamalai,VEPPANAPALLI,1,3,1,5,1,635115,2,2,3,0,2,16,0,0,0,2,2,1,2,2,210,1,0,0,0,0,0,1
5500412,TAMIL NADU,KRISHNAGIRI,THALLY,1,,,Thalli,Thally,THALLY,2,3,1,8,5,635118,2,2,3,0,2,19,0,0,0,0,0,1,1,2,210,1,12,10,1,0,1,0
3463147,TAMIL NADU,KRISHNAGIRI,SHOOLAGIRI,1,,,Moranapalli,Perandapalli,SHOOLAGIRI,1,3,1,5,1,635102,2,2,3,0,2,19,0,0,0,2,2,1,2,2,204,1,0,0,1,0,2,1
7466035,TAMIL NADU,KRISHNAGIRI,VEPPANAPALLI,1,,,Bommarasanapalli,Veppanapalli,VEPPANAPALLI,1,3,1,5,1,635121,2,2,3,0,2,16,0,0,0,2,2,1,2,2,206,1,0,0,0,0,0,0
9854780,TAMIL NADU,KRISHNAGIRI,KAVERIPATINAM,1,,,Chowttahalli,Sowtahalli,Kaveripattinam,1,3,1,5,1,635112,2,2,3,0,2,16,0,0,0,2,2,1,2,2,204,1,0,0,0,1,0,0
9676707,TAMIL NADU,KRISHNAGIRI,HOSUR,1,,,Baliganapalli,Baliganapalli,HOSUR,3,3,1,12,5,635103,2,2,1,3,2,19,0,0,0,2,2,1,1,2,200,1,11,12,0,1,0,0
9393357,TAMIL NADU,KRISHNAGIRI,SHOOLAGIRI,1,,,Halekotta,Beerjepalli,SHOOLAGIRI,1,3,1,5,1,635119,2,2,3,0,2,19,0,0,0,2,2,1,2,2,204,1,0,0,0,0,0,2
8574132,TAMIL NADU,KRISHNAGIRI,VEPPANAPALLI,1,,,Neralagiri,Neralagiri,VEPPANAPALLI,1,3,1,5,1,635121,2,2,3,0,2,19,16,0,0,2,2,1,2,1,204,1,0,1,2,0,16,15
9241012,TAMIL NADU,KRISHNAGIRI,BARGUR,1,,,Batlapalli,Batlapalli,BARGUR,1,3,1,5,1,635104,2,2,3,0,2,16,0,0,0,2,2,1,2,2,207,1,0,0,0,2,0,0
5462325,TAMIL NADU,KRISHNAGIRI,KAVERIPATINAM,1,,,Chaparthi,Chaparthi,KAVERIPATTINAM,1,3,1,5,1,635106,2,2,3,0,2,16,0,0,0,2,2,1,2,2,210,1,0,0,0,0,3,2
9859735,TAMIL NADU,KRISHNAGIRI,THALLY,1,,,Kuppatti,Kuppati,THALLY,2,3,1,8,4,635118,2,2,3,0,1,16,0,0,0,2,2,1,2,2,207,1,0,0,1,0,9,13
4157694,TAMIL NADU,KRISHNAGIRI,KRISHNAGIRI,2,Krishnagiri,Krishnagiri (M) - Ward No.16,,,,3,3,1,12,5,635001,2,2,3,0,2,19,0,0,0,2,2,1,1,2,210,1,4,10,1,2,0,0
2288532,TAMIL NADU,KRISHNAGIRI,HOSUR,2,Hosur,Hosur (M) - Ward No.43,,,,1,2,1,5,1,635110,2,2,3,0,2,19,18,0,0,2,2,1,2,2,210,1,0,1,0,0,0,0
1667297,TAMIL NADU,KRISHNAGIRI,HOSUR,2,Hosur,Hosur (M) - Ward No.17,,,,1,3,1,5,1,635126,2,2,3,0,2,19,0,0,0,2,2,1,2,2,206,1,0,1,2,5,0,0
9501234,TAMIL NADU,KRISHNAGIRI,MATHUR,1,,,Kannandahalli,Kannandahalli,MATHUR,1,3,1,5,1,635203,2,2,3,0,2,16,19,0,0,2,2,1,2,1,204,1,0,0,0,0,7,6
1003440,TAMIL NADU,KRISHNAGIRI,HOSUR,2,Hosur,Hosur (M) - Ward No.26,,,,1,3,1,5,1,635109,2,2,3,0,2,19,0,0,0,2,2,1,2,2,210,1,0,0,0,0,0,0
3073247,TAMIL NADU,KRISHNAGIRI,UTHANGARAI,1,,,Karapattu,Karapattu,UTHANGARAI,1,3,1,5,1,635207,2,2,3,0,2,16,0,0,0,2,2,1,2,1,210,1,0,0,0,1,2,0
9278181,TAMIL NADU,KRISHNAGIRI,UTHANGARAI,1,,,Thiruvanapatti,Thiruvanapatti,UTHANGARAI,1,3,1,5,1,635304,2,2,3,0,2,16,0,0,0,2,2,1,2,1,194,1,0,0,0,0,0,0
1985859,TAMIL NADU,KRISHNAGIRI,SHOOLAGIRI,1,,,Kamandoddi,Kamandoddi,SHOOLAGIRI,1,3,1,5,1,635117,2,2,3,0,2,19,0,0,0,2,2,1,2,2,204,1,0,0,0,0,0,0
4990262,TAMIL NADU,KRISHNAGIRI,SHOOLAGIRI,1,,,Peddasigarlapalli,Peddasigaralapalli,SHOOLAGIRI,1,3,1,5,1,635117,2,2,3,0,2,16,0,0,0,2,2,1,2,2,194,1,0,0,0,0,0,0
5573455,TAMIL NADU,KRISHNAGIRI,HOSUR,1,,,Alasapalli,Alasapalli Batvarapalli,Hosur,1,3,1,5,1,635103,2,2,3,0,2,19,0,0,0,2,2,1,2,2,204,1,0,0,0,0,1,0
2474930,TAMIL NADU,KRISHNAGIRI,VEPPANAPALLI,1,,,Thattatharai,Naduvanapalli,VEPPANAPALLI,1,3,1,5,1,635121,2,2,3,0,2,16,0,0,0,2,2,1,2,2,204,1,0,0,0,0,0,0
7822447,TAMIL NADU,KRISHNAGIRI,SHOOLAGIRI,1,,,Kumbalam,Kumbalam,SHOOLAGIRI,1,3,1,5,1,635117,2,2,3,0,2,19,0,0,0,2,2,1,2,2,204,1,0,0,0,0,7,2
4999325,TAMIL NADU,KRISHNAGIRI,BARGUR,1,,,Jambukuttapatti,Pochampalli,BARGUR,1,3,1,5,1,635203,2,2,3,0,2,16,0,0,0,2,2,1,2,1,204,1,0,0,0,0,4,4
8621352,TAMIL NADU,KRISHNAGIRI,SHOOLAGIRI,1,,,Athimugam,Athimugam,SHOOLAGIRI,1,3,1,5,1,635105,2,2,3,0,2,19,0,0,0,2,2,1,2,2,204,1,0,0,0,0,0,0
9959714,TAMIL NADU,KRISHNAGIRI,KRISHNAGIRI,1,,,Devasamudiram,Devasamuthiram,KRISHNAGIRI,1,3,1,5,1,635001,2,2,3,0,2,19,0,0,0,2,2,1,2,2,210,1,0,0,1,0,0,0
6497925,TAMIL NADU,KRISHNAGIRI,UTHANGARAI,1,,,Muthampatti,Karumandapathi,Uthangarai,1,3,1,5,1,635207,2,2,3,0,2,16,0,0,0,2,2,1,2,1,210,1,0,0,0,0,1,1
6250154,TAMIL NADU,KRISHNAGIRI,KRISHNAGIRI,1,,,Kattiganapalli (Ct),Kattigaanapalli,KRISHNAGIRI,1,3,1,5,5,635002,2,2,3,0,2,19,0,0,0,2,2,1,1,2,210,1,2,3,0,1,0,0
8024100,TAMIL NADU,KRISHNAGIRI,KRISHNAGIRI,1,,,Kathinayanapalli,Kaattinaayanapalli,KRISHNAGIRI,1,3,1,5,1,635002,2,2,3,0,2,19,16,0,0,2,2,1,2,1,210,1,1,0,0,2,4,3
1873768,TAMIL NADU,KRISHNAGIRI,HOSUR,1,,,Nallur,Nallur,HOSUR,3,3,1,12,5,635103,2,2,3,0,2,19,0,0,0,1,1,1,1,2,240,1,22,21,30,28,0,0
9028816,TAMIL NADU,KRISHNAGIRI,VEPPANAPALLI,1,,,Singiripalli,Manavarnapalli,VEPPANAPALLI,1,3,1,5,1,635121,2,2,3,0,2,19,0,0,0,2,2,1,2,2,210,1,0,0,0,0,0,0
5488112,TAMIL NADU,KRISHNAGIRI,BARGUR,1,,,Salinayanapalli,Karakuppam,BARGUR,1,3,1,5,1,635104,2,2,3,0,2,16,0,0,0,2,2,1,2,2,204,1,0,0,0,0,0,0
5196943,TAMIL NADU,KRISHNAGIRI,KRISHNAGIRI,1,,,Periamuthu,Periyamuthur,KRISHNAGIRI,1,3,1,5,1,635002,2,2,3,0,2,16,0,0,0,2,2,1,2,2,210,1,0,0,1,0,0,0
1498182,TAMIL NADU,KRISHNAGIRI,HOSUR,1,,,Gopanapalli,Gopanapalli,HOSUR,1,3,1,5,1,635109,2,2,3,0,2,19,0,0,0,2,2,1,2,2,204,1,0,0,0,0,0,0
3958107,TAMIL NADU,KRISHNAGIRI,UTHANGARAI,1,,,Umaiyanur,Upparapatti,Uthangarai,1,3,1,5,1,635207,2,2,3,0,2,16,0,0,0,2,2,1,2,1,210,1,0,0,0,0,1,4
8147313,TAMIL NADU,KRISHNAGIRI,UTHANGARAI,1,,,Chinnakunnathur,Upparapatti,UTHANGARAI,1,3,1,5,1,635207,2,2,3,0,2,16,0,0,0,2,2,1,2,2,210,1,0,0,1,0,0,0
2259231,TAMIL NADU,KRISHNAGIRI,HOSUR,1,,,Begepalli,Begapalli,HOSUR,3,3,1,12,5,635126,2,2,2,3,2,19,0,0,0,1,1,1,1,2,220,1,260,266,37,31,0,0
9530504,TAMIL NADU,KRISHNAGIRI,THALLY,1,,,Karandapalli,Karandapalli,THALLY,1,3,1,5,1,635107,2,2,3,0,2,16,0,0,0,2,2,1,2,2,207,1,0,1,0,1,0,0
9955991,TAMIL NADU,KRISHNAGIRI,KELAMANGALAM,2,Kelamangalam,Kelamangalam (TP) - Ward No.8,,,,1,3,1,5,1,635113,2,2,3,0,2,16,19,0,0,2,2,1,2,2,210,1,0,0,2,2,0,0
9080433,TAMIL NADU,KRISHNAGIRI,UTHANGARAI,1,,,Nochipatti,Nochipatty,UTHANGARAI,1,3,1,5,1,635207,2,2,3,0,2,16,0,0,0,2,2,1,2,2,210,1,0,0,1,0,2,7
6629779,TAMIL NADU,KRISHNAGIRI,SHOOLAGIRI,1,,,A.Settipalli,A.Settipalli,SHOOLAGIRI,1,3,1,5,1,635109,2,2,3,0,2,19,0,0,0,2,2,1,2,2,204,1,0,0,0,0,2,2
1513086,TAMIL NADU,KRISHNAGIRI,VEPPANAPALLI,1,,,Chinnakothur,V.Madepalli,VEPPANAPALLI,1,3,1,5,1,635121,2,2,3,0,2,19,0,0,0,2,2,1,2,2,204,1,0,0,0,0,1,4
2125573,TAMIL NADU,KRISHNAGIRI,BARGUR,1,,,Guruvinayanapalli,Guruvinayanapalli,BARGUR,1,3,1,5,1,635120,2,2,3,0,2,16,0,0,0,2,2,1,2,2,196,1,0,0,1,0,0,0
9966676,TAMIL NADU,KRISHNAGIRI,MATHUR,1,,,Sevvampatti,Sivampatti,MATHUR,1,3,1,5,1,635203,2,2,3,0,2,16,0,0,0,2,2,1,2,2,200,1,0,0,2,0,0,0
6331427,TAMIL NADU,KRISHNAGIRI,THALLY,1,,,Thaggatti,Thaggatti,THALLY,1,3,1,5,1,635102,2,2,3,0,2,16,0,0,0,2,2,1,2,2,205,1,0,0,0,0,4,6
7644034,TAMIL NADU,KRISHNAGIRI,HOSUR,1,,,Onalvadi,Onnalvadi,HOSUR,1,3,1,5,1,635109,2,2,3,0,2,19,0,0,0,2,2,1,2,2,204,1,0,0,2,2,14,11
3425762,TAMIL NADU,KRISHNAGIRI,VEPPANAPALLI,1,,,Chinnakothur,V.Madepalli,VEPPANAPALLI,1,3,1,5,1,635121,2,2,3,0,2,19,16,0,0,2,2,1,2,1,194,1,0,0,1,0,2,1
2158708,TAMIL NADU,KRISHNAGIRI,KAVERIPATINAM,1,,,Timmapuram,Thimmapuram,KAVERIPATTINAM,7,3,6,10,1,635112,2,2,3,0,2,16,0,0,0,2,2,1,9,0,202,1,0,0,0,0,0,0
7326314,TAMIL NADU,KRISHNAGIRI,MATHUR,1,,,Batrahalli,Mathur,MATHUR,1,3,1,5,1,635203,2,2,3,0,2,19,0,0,0,2,2,1,2,1,194,1,1,0,1,2,0,0
6531392,TAMIL NADU,KRISHNAGIRI,SHOOLAGIRI,1,,,Berigai,B.S.Thimmasandiram,SHOOLAGIRI,1,3,1,5,1,635105,2,2,3,0,2,19,0,0,0,2,2,1,2,2,204,1,0,0,0,1,0,0
6465942,TAMIL NADU,KRISHNAGIRI,UTHANGARAI,1,,,Veeranakuppam,Veerana Kuppam,UTHANGARAI,1,3,1,5,1,635304,2,2,3,0,2,16,0,0,0,2,2,1,2,2,210,1,0,1,1,1,1,0
4922263,TAMIL NADU,KRISHNAGIRI,KAVERIPATINAM,1,,,Timmapuram,Thimmapuram,KAVERIPATTINAM,3,3,1,12,5,635112,2,2,3,0,2,16,19,0,0,2,2,1,1,2,227,1,38,37,0,0,0,0
5000558,TAMIL NADU,KRISHNAGIRI,KELAMANGALAM,1,,,Kundumaranapalli,Kundhumaranapalli,KELAMANGALAM,1,3,1,5,1,635113,2,2,3,0,2,19,0,0,0,2,2,1,2,2,204,1,0,0,0,0,4,3
8755901,TAMIL NADU,KRISHNAGIRI,KRISHNAGIRI,1,,,Kammaampalli,Mallinaayanapalli,KRISHNAGIRI,1,3,1,5,1,635120,2,2,3,0,2,19,0,0,0,2,2,1,2,2,210,1,0,0,0,0,0,0
6592254,TAMIL NADU,KRISHNAGIRI,KRISHNAGIRI,1,,,Maharajakadai R.F.,Naaralapalli,KRISHNAGIRI,1,3,1,5,1,635120,2,2,3,0,2,16,0,0,0,2,2,1,2,2,210,1,0,0,0,0,0,0
5656298,TAMIL NADU,KRISHNAGIRI,VEPPANAPALLI,1,,,Chinnakothur,V.Madepalli,VEPPANAPALLI,1,3,1,5,1,635121,2,2,3,0,2,16,0,0,0,2,2,1,2,2,210,1,0,0,1,0,0,0
8914205,TAMIL NADU,KRISHNAGIRI,KAVERIPATINAM,2,Nagojanahalli,Nagojanahalli (TP) - Ward No.12,,,,1,3,1,5,1,635204,2,2,3,0,2,16,0,0,0,2,2,1,2,1,204,1,0,0,1,1,3,2
3852829,TAMIL NADU,KRISHNAGIRI,HOSUR,1,,,Chennasandiram,Chennasandiram,HOSUR,1,3,1,5,1,635109,2,2,3,0,2,19,0,0,0,2,2,1,2,2,200,1,0,0,0,0,2,2
8327132,TAMIL NADU,KRISHNAGIRI,UTHANGARAI,2,Uthangarai,Uthangarai (TP) - Ward No.15,,,,1,3,1,5,1,635207,2,2,3,0,2,16,0,0,0,2,2,1,2,1,210,1,0,0,1,1,0,0
1376198,TAMIL NADU,KRISHNAGIRI,KELAMANGALAM,1,,,Ayyur R.F.,Irudhukottai,KELAMANGALAM,1,3,1,5,1,635107,2,2,3,0,2,16,0,0,0,2,2,1,2,2,207,1,0,0,0,0,4,1
4794151,TAMIL NADU,KRISHNAGIRI,THALLY,1,,,Jowlagiri,Jawalagiri,THALLY,1,3,1,5,1,635118,2,2,3,0,2,19,0,0,0,2,2,1,2,2,206,1,0,0,0,0,2,0
8580463,TAMIL NADU,KRISHNAGIRI,SHOOLAGIRI,1,,,Venkatesapuram,Venkatesapuram,SHOOLAGIRI,1,3,1,5,1,635105,2,2,3,0,2,19,0,0,0,2,2,1,2,2,204,1,0,0,0,0,0,0
5159965,TAMIL NADU,KRISHNAGIRI,THALLY,1,,,Kakkadasam,Kakkadasam,THALLY,1,3,1,5,1,635107,2,2,3,0,2,19,0,0,0,2,2,1,2,1,196,1,0,0,0,0,1,4
1814927,TAMIL NADU,KRISHNAGIRI,HOSUR,1,,,Koladasapuram,Koladasapuram,HOSUR,1,3,1,5,1,635105,2,2,3,0,2,19,0,0,0,2,2,1,2,2,204,1,0,0,0,0,0,0
7865332,TAMIL NADU,KRISHNAGIRI,THALLY,1,,,Doddamanchi,Doddamanchi,THALLY,1,3,1,5,1,635102,2,2,3,0,2,16,0,0,0,2,2,1,2,2,204,1,0,0,0,0,5,4
1992073,TAMIL NADU,KRISHNAGIRI,HOSUR,2,Hosur,Hosur (M) - Ward No.8,,,,3,3,1,12,5,635103,2,2,3,0,2,19,0,0,0,1,1,1,2,2,240,1,56,50,89,74,0,0
9017613,TAMIL NADU,KRISHNAGIRI,SHOOLAGIRI,1,,,Nerigam,Nerigam,SHOOLAGIRI,1,3,1,5,1,635105,2,2,3,0,2,16,0,0,0,2,2,1,2,1,202,1,0,0,0,0,7,6
9674602,TAMIL NADU,KRISHNAGIRI,MATHUR,1,,,Sonarahalli,Goundanur,MATHUR,1,3,1,5,2,635203,2,2,3,0,2,16,0,0,0,2,2,1,2,2,210,1,0,0,1,1,2,0
5369992,TAMIL NADU,KRISHNAGIRI,MATHUR,1,,,Gerigepally,Gerigepalli,MATHUR,1,3,1,5,1,635304,2,2,3,0,2,16,0,0,0,2,2,1,2,2,210,1,0,0,1,0,0,0
4055189,TAMIL NADU,KRISHNAGIRI,THALLY,1,,,Binnamangalam,Binnamangalam,THALLY,1,3,1,5,1,635118,2,2,3,0,2,19,0,0,0,2,2,1,2,2,208,1,0,0,0,0,0,1
3306921,TAMIL NADU,KRISHNAGIRI,SHOOLAGIRI,1,,,Thiyagarsanapalli,Thiyagarasanapalli,SHOOLAGIRI,1,3,1,5,1,635117,2,2,3,0,2,16,0,0,0,2,2,1,2,1,204,1,0,0,0,0,0,3
8187099,TAMIL NADU,KRISHNAGIRI,SHOOLAGIRI,1,,,Thuppuganapalli,Thuppuganapalli,SHOOLAGIRI,1,3,1,5,1,635119,2,2,3,0,2,19,0,0,0,2,2,1,2,2,210,1,0,0,0,0,0,0
4955546,TAMIL NADU,KRISHNAGIRI,BARGUR,1,,,Mahadevagollahalli,Mahadevagollahalli,BARGUR,1,3,1,5,1,635203,2,2,3,0,2,16,0,0,0,2,2,1,2,2,204,1,0,0,0,0,0,0
6211747,TAMIL NADU,KRISHNAGIRI,BARGUR,1,,,Thimminaikampatti,Valasagoundanoor,BARGUR,1,3,1,5,1,635206,2,2,3,0,2,16,0,0,0,2,2,1,2,1,197,1,0,0,1,0,0,0
1509056,TAMIL NADU,KRISHNAGIRI,KRISHNAGIRI,1,,,Junjupalli,Thippanapalli,KRISHNAGIRI,1,3,1,5,1,635115,2,2,3,0,2,16,0,0,0,2,2,1,2,2,210,1,0,0,0,0,0,3
4332516,TAMIL NADU,KRISHNAGIRI,HOSUR,2,Hosur,Hosur (M) - Ward No.7,,,,1,3,1,5,1,635109,2,2,3,0,2,16,19,0,0,2,2,1,1,1,204,1,6,7,2,1,0,5
2428989,TAMIL NADU,KRISHNAGIRI,MATHUR,1,,,Onnagarai,Soolagarai,MATHUR,1,3,1,5,1,635304,2,2,3,0,2,16,0,0,0,2,2,1,2,2,200,1,0,0,1,0,0,0
9257197,TAMIL NADU,KRISHNAGIRI,UTHANGARAI,1,,,Perumalkuppam,Badapalli,UTHANGARAI,1,3,1,5,1,635207,2,2,3,0,2,16,0,0,0,2,2,1,2,1,210,1,0,0,0,1,2,2
6592356,TAMIL NADU,KRISHNAGIRI,MATHUR,1,,,Sevvampatti,Sivampatti,MATHUR,1,3,1,5,1,635203,2,2,3,0,2,16,0,0,0,2,2,1,2,2,200,1,0,0,1,0,0,0
2750783,TAMIL NADU,KRISHNAGIRI,BARGUR,1,,,Thadampatti,Thathampatti,BARGUR,3,3,1,12,5,635201,2,2,3,0,2,19,0,0,0,2,2,1,1,2,207,1,25,23,3,2,1,0
5694534,TAMIL NADU,KRISHNAGIRI,THALLY,1,,,Chudasandiram,Choodasandiram,THALLY,1,3,1,5,1,635118,2,2,3,0,2,19,0,0,0,2,2,1,2,2,194,1,0,0,0,0,2,2
6106850,TAMIL NADU,KRISHNAGIRI,SHOOLAGIRI,1,,,Amgondapalli,Angondapalli,SHOOLAGIRI,1,3,1,5,1,635117,2,2,3,0,2,16,0,0,0,2,2,1,2,2,210,1,2,2,0,0,0,0
4842493,TAMIL NADU,KRISHNAGIRI,KELAMANGALAM,1,,,Rathnagiri,Rathinagiri,KELAMANGALAM,1,3,1,5,1,635107,2,2,3,0,2,16,0,0,0,2,2,1,2,2,194,1,0,0,0,0,6,1
2267246,TAMIL NADU,KRISHNAGIRI,SHOOLAGIRI,1,,,Thiyarandurgam,Kommepalli,SHOOLAGIRI,1,3,1,5,1,635119,2,2,3,0,2,19,0,0,0,2,2,1,2,2,204,1,0,0,0,0,0,3
4086926,TAMIL NADU,KRISHNAGIRI,THALLY,1,,,Thalli,Thally,THALLY,1,3,1,5,1,635118,2,2,3,0,2,19,0,0,0,2,2,1,2,2,206,1,0,0,0,0,0,1
4241653,TAMIL NADU,KRISHNAGIRI,KELAMANGALAM,1,,,Bodichipalli,Bodichipalli,KELAMANGALAM,1,3,1,5,1,635113,2,2,3,0,2,19,0,0,0,2,2,1,2,2,204,1,0,0,0,0,0,0
4150816,TAMIL NADU,KRISHNAGIRI,THALLY,1,,,Devaganapalli,Devaganapalli,THALLY,1,3,1,5,1,635114,2,2,3,0,2,19,0,0,0,2,2,1,2,1,208,1,0,0,0,0,0,0
8381012,TAMIL NADU,KRISHNAGIRI,HOSUR,2,Hosur,Hosur (M) - Ward No.4,,,,3,3,1,12,5,635126,2,2,3,0,2,19,0,0,0,2,2,1,1,2,220,1,48,42,5,5,0,0
2551705,TAMIL NADU,KRISHNAGIRI,UTHANGARAI,1,,,Gendiganur,Naickanoor,UTHANGARAI,1,3,1,5,1,635307,2,2,3,0,2,16,0,0,0,2,2,1,2,1,210,1,0,0,2,1,0,0
7106597,TAMIL NADU,KRISHNAGIRI,THALLY,1,,,Anchetty,Anchetti,THALLY,2,3,1,8,1,635102,2,2,3,0,2,16,0,0,0,2,2,1,1,2,210,1,2,4,0,0,0,0
5750962,TAMIL NADU,KRISHNAGIRI,THALLY,1,,,Thandarai,Thandarai,THALLY,1,3,1,5,5,635107,2,2,3,0,2,19,0,0,0,2,2,1,1,2,210,1,24,14,2,2,0,0
8883783,TAMIL NADU,KRISHNAGIRI,KRISHNAGIRI,1,,,Kothigutalapalli,Mekalachinnampalli,KRISHNAGIRI,1,3,1,5,1,635120,2,2,3,0,2,16,0,0,0,2,2,1,2,2,194,1,0,0,0,0,1,4
6349474,TAMIL NADU,KRISHNAGIRI,KELAMANGALAM,1,,,Hanumanthapuram,Hanumanthapuram,KELAMANGALAM,1,3,1,5,1,635107,2,2,3,0,2,16,0,0,0,2,2,1,2,2,204,1,0,0,0,0,2,6
8099990,TAMIL NADU,KRISHNAGIRI,HOSUR,1,,,Muthuganapalli,Muduganapalli,HOSUR,1,3,1,5,1,635110,2,2,3,0,2,19,0,0,0,2,2,1,2,2,204,1,0,0,0,0,0,0
6267817,TAMIL NADU,KRISHNAGIRI,HOSUR,1,,,Kanimangalam,Baduthepalli,HOSUR,1,3,1,5,1,635103,2,2,3,0,2,19,0,0,0,2,2,1,2,2,204,1,0,1,0,0,0,0
9524337,TAMIL NADU,KRISHNAGIRI,UTHANGARAI,1,,,Maganurpatti,Maganoorpatti,UTHANGARAI,1,3,1,5,1,635307,2,2,3,0,2,16,0,0,0,2,2,1,2,1,210,1,0,1,5,2,0,0
3024831,TAMIL NADU,KRISHNAGIRI,VEPPANAPALLI,1,,,Billanakuppam,Billanakuppam,VEPPANAPALLI,1,3,1,5,1,635115,2,2,3,0,2,19,0,0,0,2,2,1,2,2,204,1,0,0,1,0,0,0
4681936,TAMIL NADU,KRISHNAGIRI,VEPPANAPALLI,1,,,Sigaralapalli,Balanapalli,VEPPANAPALLI,1,3,1,5,1,635121,2,2,3,0,2,16,0,0,0,2,2,1,2,2,210,1,0,0,0,0,3,3
9535695,TAMIL NADU,KRISHNAGIRI,KAVERIPATINAM,1,,,Sundekuppam,Sundekuppam,KAVERIPATTINAM,1,3,1,5,1,635101,2,2,3,0,2,16,0,0,0,2,2,1,2,1,200,1,0,0,0,0,1,4
3821673,TAMIL NADU,KRISHNAGIRI,SHOOLAGIRI,1,,,Amuthugondapalli,B.S.Thimmasandiram,SHOOLAGIRI,1,3,1,5,1,635105,2,2,3,0,2,19,0,0,0,2,2,1,2,2,204,1,0,0,0,1,1,1
7069328,TAMIL NADU,KRISHNAGIRI,KRISHNAGIRI,1,,,Peddatalapalli,Peththathaalapalli,KRISHNAGIRI,1,3,1,5,1,635002,2,2,3,0,2,16,0,0,0,2,2,1,2,1,194,1,0,0,0,0,0,0
6626685,TAMIL NADU,KRISHNAGIRI,MATHUR,1,,,Gendigampatti,Kalarpathi,MATHUR,1,3,1,5,1,635203,2,2,3,0,2,16,0,0,0,2,2,1,2,2,210,1,0,0,0,0,0,0
1508948,TAMIL NADU,KRISHNAGIRI,HOSUR,1,,,Bagalur,Bagaloor,HOSUR,1,3,1,5,5,635109,2,2,3,0,2,19,0,0,0,2,2,1,1,2,0,1,83,52,14,12,0,0
2273123,TAMIL NADU,KRISHNAGIRI,BARGUR,2,Bargur,Bargur (TP) - Ward No.7,,,,3,3,1,12,5,635104,2,2,3,0,2,19,0,0,0,2,2,1,1,2,207,1,109,103,16,17,0,0
7368743,TAMIL NADU,KRISHNAGIRI,SHOOLAGIRI,1,,,Halekotta,Beerjepalli,SHOOLAGIRI,1,3,1,5,1,635117,2,2,3,0,2,18,0,0,0,2,2,1,2,2,204,1,0,0,0,0,3,5
6070161,TAMIL NADU,KRISHNAGIRI,KAVERIPATINAM,1,,,Chaparthi,Chaparthi,KAVERIPATTINAM,1,3,1,5,1,635106,2,2,3,0,2,16,0,0,0,2,2,1,2,2,204,1,0,0,0,0,1,1
1460573,TAMIL NADU,KRISHNAGIRI,SHOOLAGIRI,1,,,Venkatesapuram,Venkatesapuram,SHOOLAGIRI,1,3,1,5,1,635109,2,2,3,0,2,19,0,0,0,2,2,1,2,2,204,1,0,0,0,0,0,0
7417787,TAMIL NADU,KRISHNAGIRI,KRISHNAGIRI,1,,,Agaram,Ittikal Agaram,KRISHNAGIRI,1,3,1,5,1,635122,2,2,3,0,2,16,0,0,0,2,2,1,2,1,210,1,0,0,2,0,0,0
9685379,TAMIL NADU,KRISHNAGIRI,KRISHNAGIRI,1,,,Maharajakadai R.F.,Naaralapalli,KRISHNAGIRI,1,3,1,5,1,635120,2,2,3,0,2,16,0,0,0,2,2,1,2,2,210,1,0,0,0,0,3,1
1870664,TAMIL NADU,KRISHNAGIRI,BARGUR,1,,,Chinmnamttarapalli.,Chinnamattarapalli,BARGUR,1,3,1,5,1,635104,2,2,3,0,2,16,0,0,0,2,2,1,2,1,206,1,0,0,1,0,1,2
9485159,TAMIL NADU,KRISHNAGIRI,SHOOLAGIRI,1,,,Enusonai,Thiyagarasanapalli,SHOOLAGIRI,2,3,1,8,1,635117,2,2,3,0,2,16,0,0,0,2,2,1,2,2,210,1,0,0,0,1,8,7
4289620,TAMIL NADU,KRISHNAGIRI,KELAMANGALAM,1,,,Pachapanatti,Bommathathanur,KELAMANGALAM,1,3,1,5,1,635113,2,2,3,0,2,19,0,0,0,2,2,1,2,2,207,1,0,0,0,0,3,9
9591916,TAMIL NADU,KRISHNAGIRI,KAVERIPATINAM,1,,,Timmapuram,Thimmapuram,KAVERIPATTINAM,1,3,1,5,5,635112,2,2,3,0,2,19,0,0,0,2,2,1,1,2,206,1,20,22,4,0,0,0
1304084,TAMIL NADU,KRISHNAGIRI,BARGUR,1,,,Batlapalli,Batlapalli,BARGUR,1,3,1,5,1,635104,2,2,3,0,2,19,0,0,0,2,2,1,2,2,189,1,0,0,0,0,4,1
1392959,TAMIL NADU,KRISHNAGIRI,SHOOLAGIRI,1,,,Berigai,B.S.Thimmasandiram,SHOOLAGIRI,1,3,1,5,1,635105,2,2,3,0,2,19,0,0,0,2,2,1,2,2,202,1,0,0,0,0,2,4
8030027,TAMIL NADU,KRISHNAGIRI,KRISHNAGIRI,1,,,Boganapalli,Peththanapalli,Krishnagiri,1,3,1,5,5,635001,2,2,1,3,2,19,0,0,0,0,0,1,1,9,210,1,3,0,0,0,0,0
5126002,TAMIL NADU,KRISHNAGIRI,BARGUR,1,,,Jagadevipalayam,Jagadevi,BARGUR,1,3,1,5,1,635203,2,2,3,0,2,16,0,0,0,2,2,1,2,2,193,1,0,0,2,1,0,0
4802908,TAMIL NADU,KRISHNAGIRI,HOSUR,1,,,Nagondapalli,Nagondapalli,HOSUR,1,3,1,5,1,635110,2,2,3,0,2,19,0,0,0,2,2,1,2,1,204,1,0,0,0,0,5,1
9124592,TAMIL NADU,KRISHNAGIRI,THALLY,1,,,Madakkal,Madakkal,THALLY,1,3,1,5,1,635118,2,2,3,0,2,16,0,0,0,2,2,1,2,2,210,1,0,0,0,0,3,5
1206657,TAMIL NADU,KRISHNAGIRI,MATHUR,1,,,Sonarahalli,Goundanur,MATHUR,1,3,1,5,1,635203,2,2,3,0,2,16,0,0,0,2,2,1,2,2,200,1,0,0,0,1,0,0
4037067,TAMIL NADU,KRISHNAGIRI,VEPPANAPALLI,1,,,Theertham,Theertham,VEPPANAPALLI,1,3,1,5,1,635121,2,2,3,0,2,16,0,0,0,2,2,1,2,2,204,1,0,0,0,0,6,8
2690188,TAMIL NADU,KRISHNAGIRI,THALLY,1,,,Mallasandram,Mallasandiram,THALLY,1,3,1,5,1,635107,2,2,3,0,2,16,0,0,0,2,2,1,2,2,206,1,0,0,0,0,0,0
3261263,TAMIL NADU,KRISHNAGIRI,THALLY,1,,,Natrapalayam,Natrampalayam,THALLY,1,3,1,5,1,635102,2,2,3,0,2,16,0,0,0,2,2,1,2,2,204,1,0,0,0,0,0,0
4408001,TAMIL NADU,KRISHNAGIRI,VEPPANAPALLI,1,,,Polupalli,P.K. Peddanapalli,VEPPANAPALLI,1,3,1,5,1,635115,2,2,3,0,2,16,0,0,0,2,2,1,2,2,204,1,0,0,0,0,0,0
5719882,TAMIL NADU,KRISHNAGIRI,MATHUR,1,,,Rengampatti,Valipatti,MATHUR,1,3,1,5,1,635306,2,2,3,0,2,16,0,0,0,2,2,1,2,1,200,1,0,0,1,2,2,2
5970671,TAMIL NADU,KRISHNAGIRI,VEPPANAPALLI,1,,,Kodipalli,Kodipalli,VEPPANAPALLI,1,3,1,5,1,635115,2,2,3,0,2,16,0,0,0,2,2,1,2,2,204,1,0,0,0,0,0,0
9838923,TAMIL NADU,KRISHNAGIRI,KAVERIPATINAM,1,,,Mottur,Nedungal,KAVERIPATTINAM,1,3,1,5,1,635112,2,2,3,0,2,16,0,0,0,2,2,1,2,1,204,1,0,0,0,0,5,5
4990234,TAMIL NADU,KRISHNAGIRI,UTHANGARAI,1,,,Mannadipatti,Pudur Pungani,UTHANGARAI,1,3,1,5,1,635207,2,2,3,0,2,16,0,0,0,2,2,1,2,2,210,1,0,0,0,2,0,0
5444373,TAMIL NADU,KRISHNAGIRI,THALLY,1,,,Natrapalayam,Natrampalayam,THALLY,1,3,1,5,1,635102,2,2,3,0,2,16,0,0,0,2,2,1,2,2,194,1,0,0,0,1,0,0
2943316,TAMIL NADU,KRISHNAGIRI,THALLY,1,,,Natrapalayam,Natrampalayam,THALLY,1,3,1,5,1,635102,2,2,3,0,2,16,0,0,0,2,2,1,2,2,210,1,0,0,0,0,0,0
6485742,TAMIL NADU,KRISHNAGIRI,HOSUR,1,,,Koladasapuram,Koladasapuram,HOSUR,1,3,1,5,1,635105,2,2,3,0,2,19,0,0,0,2,2,1,2,2,204,1,0,0,0,0,0,3
3678199,TAMIL NADU,KRISHNAGIRI,KRISHNAGIRI,1,,,Kathinayanapalli,Kaattinaayanapalli,KRISHNAGIRI,3,3,1,12,5,635001,2,2,3,0,2,19,0,0,0,1,1,1,1,2,208,1,41,33,18,15,0,0
9064492,TAMIL NADU,KRISHNAGIRI,KELAMANGALAM,1,,,Santhanapalli,Sandhanapalli,KELAMANGALAM,1,3,1,5,1,635107,2,2,3,0,2,16,0,0,0,2,2,1,2,2,194,1,0,0,1,0,0,0
1971247,TAMIL NADU,KRISHNAGIRI,SHOOLAGIRI,1,,,Shoolagiri,Shoolagiri,SHOOLAGIRI,3,3,1,12,5,635117,2,2,3,0,2,19,0,0,0,2,2,1,1,2,0,1,44,39,1,3,1,0
6847356,TAMIL NADU,KRISHNAGIRI,HOSUR,2,Hosur,Hosur (M) - Ward No.9,,,,1,3,1,5,1,635109,2,2,3,0,2,19,0,0,0,2,2,1,2,2,204,1,0,0,1,1,0,0
6886067,TAMIL NADU,KRISHNAGIRI,KAVERIPATINAM,1,,,Chaparthi,Chaparthi,Kaveripattinam,1,3,1,5,1,635112,2,2,3,0,2,16,0,0,0,2,2,1,2,2,194,1,0,0,1,1,0,0
1212505,TAMIL NADU,KRISHNAGIRI,KELAMANGALAM,1,,,Santhanapalli,Sandhanapalli,KELAMANGALAM,1,3,1,5,1,635107,2,2,3,0,2,17,0,0,0,2,2,1,2,2,210,1,0,0,0,0,3,0
5954275,TAMIL NADU,KRISHNAGIRI,HOSUR,1,,,Alnatham,Palavanapalli,HOSUR,1,3,1,5,1,635109,2,2,3,0,2,19,0,0,0,2,2,1,2,1,204,1,0,0,0,0,1,1
4722060,TAMIL NADU,KRISHNAGIRI,UTHANGARAI,1,,,Singarapettai,Singerapatti,UTHANGARAI,3,3,1,12,5,635307,2,2,3,0,2,19,0,0,0,2,2,1,1,2,220,1,26,16,6,0,0,0
3689193,TAMIL NADU,KRISHNAGIRI,KAVERIPATINAM,2,Nagojanahalli,Nagojanahalli (TP) - Ward No.14,,,,1,3,1,5,1,635204,2,2,3,0,2,16,0,0,0,2,2,1,2,2,214,1,0,0,2,1,1,0
4874843,TAMIL NADU,KRISHNAGIRI,UTHANGARAI,1,,,Athipadi,Athipadi,UTHANGARAI,1,3,1,5,5,635307,2,2,3,0,2,19,0,0,0,2,2,1,1,2,220,1,6,11,0,0,0,0
6699909,TAMIL NADU,KRISHNAGIRI,KRISHNAGIRI,1,,,Agaram,Ittikal Agaram,KRISHNAGIRI,1,3,1,5,5,635122,2,2,3,0,2,19,0,0,0,2,2,1,1,2,200,1,30,20,1,2,1,0
3411897,TAMIL NADU,KRISHNAGIRI,BARGUR,1,,,Jambukuttapatti,Pochampalli,BARGUR,1,3,1,5,5,635203,2,2,3,0,2,19,0,0,0,2,2,1,1,2,203,1,18,13,2,0,0,0
7190243,TAMIL NADU,KRISHNAGIRI,THALLY,1,,,Doddamanchi,Doddamanchi,THALLY,1,3,1,5,1,635102,2,2,3,0,2,16,0,0,0,2,2,1,2,2,204,1,0,0,0,0,8,4
7628332,TAMIL NADU,KRISHNAGIRI,KELAMANGALAM,1,,,Hanumanthapuram,Hanumanthapuram,KELAMANGALAM,1,3,1,5,1,635113,2,2,3,0,2,16,0,0,0,2,2,1,2,2,194,1,0,0,0,0,0,0
7825449,TAMIL NADU,KRISHNAGIRI,THALLY,1,,,Gumlapuram,Gumlapuram,THALLY,1,3,1,5,1,635118,2,2,3,0,2,5,0,0,0,2,2,1,2,2,204,1,0,1,0,0,2,0
2070201,TAMIL NADU,KRISHNAGIRI,THALLY,1,,,Kuppatti,Kuppati,THALLY,1,3,1,5,1,635114,2,2,3,0,2,19,0,0,0,2,2,1,2,2,204,1,0,0,0,0,0,0
8371731,TAMIL NADU,KRISHNAGIRI,KELAMANGALAM,1,,,Nellur,Doddathimmanahalli,KELAMANGALAM,1,3,1,5,1,635116,2,2,3,0,2,16,0,0,0,2,2,1,2,2,194,1,0,0,0,0,0,0
5258206,TAMIL NADU,KRISHNAGIRI,HOSUR,1,,,Nallur,Nallur,HOSUR,1,3,1,5,1,635103,2,2,3,0,2,19,0,0,0,2,2,1,2,1,204,1,0,0,0,0,0,0
6230518,TAMIL NADU,KRISHNAGIRI,HOSUR,2,Hosur,Hosur (M) - Ward No.40,,,,1,3,1,5,1,635109,2,2,3,0,2,16,0,0,0,2,2,1,2,2,204,1,0,0,1,1,0,0
5752783,TAMIL NADU,KRISHNAGIRI,KRISHNAGIRI,1,,,Junjupalli,Thippanapalli,KRISHNAGIRI,1,3,1,5,5,635115,2,2,3,0,2,19,0,0,0,2,2,1,1,2,203,1,3,1,0,0,0,0
5056665,TAMIL NADU,KRISHNAGIRI,UTHANGARAI,1,,,Perumalkuppam,Badapalli,UTHANGARAI,1,3,1,5,1,635207,2,2,3,0,2,16,0,0,0,2,2,1,2,2,210,1,0,0,0,0,0,0
3392492,TAMIL NADU,KRISHNAGIRI,HOSUR,1,,,Sevaganapalli,Sevaganapalli,HOSUR,1,3,1,5,1,635103,2,2,3,0,2,19,0,0,0,2,2,1,2,2,204,1,0,0,0,0,0,1
5489266,TAMIL NADU,KRISHNAGIRI,VEPPANAPALLI,1,,,Marachandiram,Marasandiram,VEPPANAPALLI,1,3,1,5,1,635121,2,2,3,0,2,16,0,0,0,2,2,1,2,2,194,1,0,1,1,0,5,2
3167536,TAMIL NADU,KRISHNAGIRI,KAVERIPATINAM,1,,,Pannandur,Pannandhur,KAVERIPATTINAM,1,3,1,5,1,635123,2,2,3,0,2,19,0,0,0,2,2,1,2,1,194,1,0,0,2,1,3,4
9827432,TAMIL NADU,KRISHNAGIRI,UTHANGARAI,1,,,Bommampatti,Keelkuppam,UTHANGARAI,1,3,1,5,1,635207,2,2,3,0,2,16,0,0,0,2,2,1,2,2,200,1,0,0,0,0,0,0
6557615,TAMIL NADU,KRISHNAGIRI,MATHUR,1,,,Rengampatti,Valipatti,MATHUR,1,3,1,5,1,635306,2,2,3,0,2,19,16,0,0,2,2,1,2,2,210,1,0,0,2,4,5,3
1887993,TAMIL NADU,KRISHNAGIRI,THALLY,1,,,Periamadakondapalli,Jakirkodipalli,THALLY,1,3,1,5,1,635114,2,2,3,0,2,19,0,0,0,2,2,1,2,2,207,1,0,0,0,0,0,1
9566912,TAMIL NADU,KRISHNAGIRI,KAVERIPATINAM,1,,,Paiyur,Paiyur,KAVERIPATTINAM,1,3,1,5,1,635112,2,2,3,0,2,16,0,0,0,2,2,1,2,2,198,1,0,0,1,1,0,0
2689061,TAMIL NADU,KRISHNAGIRI,HOSUR,2,Hosur,Hosur (M) - Ward No.16,,,,1,3,1,5,1,635126,2,2,3,0,2,19,0,0,0,2,2,1,1,1,200,1,26,32,2,2,10,4
3891883,TAMIL NADU,KRISHNAGIRI,HOSUR,1,,,Onalvadi,Onnalvadi,HOSUR,7,3,6,10,5,635109,2,2,3,0,2,19,0,0,0,2,0,1,9,2,250,1,0,0,0,0,0,0
4818705,TAMIL NADU,KRISHNAGIRI,SHOOLAGIRI,1,,,Nerigam,Nerigam,SHOOLAGIRI,1,3,1,5,1,635105,2,2,3,0,2,19,0,0,0,2,2,1,2,1,202,1,0,0,1,0,2,0
8751571,TAMIL NADU,KRISHNAGIRI,BARGUR,1,,,Oppathavadi,Oppathavadi,BARGUR,1,3,1,5,1,635104,2,2,3,0,2,16,0,0,0,2,2,1,2,2,204,1,1,0,0,4,0,0
8040071,TAMIL NADU,KRISHNAGIRI,HOSUR,1,,,Onalvadi,Onnalvadi,HOSUR,6,3,1,10,5,635109,2,2,3,0,1,19,0,0,0,3,0,1,1,2,210,1,51,64,15,15,0,0
8073716,TAMIL NADU,KRISHNAGIRI,VEPPANAPALLI,1,,,Veppanapalli,Veppanapalli,VEPPANAPALLI,1,3,1,5,5,635121,2,2,3,0,2,19,0,0,0,2,2,1,1,2,210,1,48,24,1,2,1,0
8453268,TAMIL NADU,KRISHNAGIRI,BARGUR,1,,,Jambukuttapatti,Pochampalli,BARGUR,1,3,1,5,1,635206,2,2,3,0,2,19,0,0,0,2,2,1,2,2,210,1,0,0,4,3,0,0
8787317,TAMIL NADU,KRISHNAGIRI,KRISHNAGIRI,1,,,Sokkadi,Sokkaadi,KRISHNAGIRI,1,3,1,5,1,635122,2,2,3,0,2,19,0,0,0,2,2,1,2,1,204,1,0,0,0,0,1,1
7088463,TAMIL NADU,KRISHNAGIRI,MATHUR,1,,,Gerigepally,Gerigepalli,MATHUR,1,3,1,5,1,635306,2,2,3,0,2,16,0,0,0,2,2,1,2,2,210,1,0,0,0,0,0,0
5707733,TAMIL NADU,KRISHNAGIRI,THALLY,1,,,Kempatti,Kempatti,THALLY,1,3,1,5,1,635114,2,2,3,0,2,19,0,0,0,2,2,1,2,2,194,1,0,0,0,0,0,0
3204460,TAMIL NADU,KRISHNAGIRI,THALLY,1,,,Doddaubbanur,Doddaubbanur,THALLY,1,3,1,5,1,635114,2,2,3,0,2,17,0,0,0,0,0,1,2,2,208,1,0,0,0,0,0,0
9190903,TAMIL NADU,KRISHNAGIRI,KELAMANGALAM,1,,,Hosappuram,Hosapuram Settipalli,KELAMANGALAM,1,3,1,5,1,635113,2,2,3,0,2,19,0,0,0,2,2,1,2,1,206,1,0,0,1,0,4,6
2191091,TAMIL NADU,KRISHNAGIRI,SHOOLAGIRI,1,,,Kumbalam,Kumbalam,SHOOLAGIRI,1,3,1,5,1,635117,2,2,3,0,2,19,0,0,0,2,2,1,2,2,204,1,1,0,0,0,3,1
3449363,TAMIL NADU,KRISHNAGIRI,HOSUR,1,,,Muthuganapalli,Muduganapalli,HOSUR,1,3,1,5,1,635110,2,2,3,0,2,19,0,0,0,2,2,1,2,1,204,1,0,0,0,1,0,0
7188755,TAMIL NADU,KRISHNAGIRI,BARGUR,1,,,Palepalle,Palepalli,BARGUR,1,3,1,5,1,635108,2,2,3,0,2,19,0,0,0,2,2,1,2,2,204,1,0,0,1,0,2,1
8096119,TAMIL NADU,KRISHNAGIRI,BARGUR,1,,,Parandapalli,Parandapalli,BARGUR,1,3,1,5,1,635206,2,2,3,0,2,16,0,0,0,2,2,1,2,2,194,1,0,0,0,0,2,4
9228260,TAMIL NADU,KRISHNAGIRI,UTHANGARAI,1,,,Gangapirampatti,Gengapirampatti,UTHANGARAI,1,3,1,5,1,635207,2,2,3,0,2,16,0,0,0,2,2,1,2,2,210,1,0,0,0,0,0,0
5771803,TAMIL NADU,KRISHNAGIRI,SHOOLAGIRI,1,,,Sorakayalapalli,Immidinayakanapalli,SHOOLAGIRI,1,3,1,5,1,635117,2,2,3,0,2,16,0,0,0,2,2,1,2,2,204,1,0,0,0,0,0,0
4913834,TAMIL NADU,KRISHNAGIRI,KRISHNAGIRI,2,Krishnagiri,Krishnagiri (M) - Ward No.10,,,,1,3,1,5,5,635001,2,2,3,0,2,19,0,0,0,2,2,1,1,2,221,1,4,9,3,1,0,0
9244608,TAMIL NADU,KRISHNAGIRI,HOSUR,2,Hosur,Hosur (M) - Ward No.9,,,,1,3,1,5,1,635109,2,2,3,0,2,19,0,0,0,2,2,1,2,2,204,1,0,0,1,0,0,0
3871222,TAMIL NADU,KRISHNAGIRI,KAVERIPATINAM,1,,,Jagadab,Jagadab,KAVERIPATTINAM,1,3,1,5,1,635112,2,2,3,0,2,16,0,0,0,2,2,1,2,1,194,1,0,0,0,0,3,1
4574706,TAMIL NADU,KRISHNAGIRI,HOSUR,1,,,Dhasapalli,Muthali,HOSUR,1,3,1,5,1,635109,2,2,3,0,2,19,0,0,0,2,2,1,2,2,204,1,0,0,0,0,16,5
4279728,TAMIL NADU,KRISHNAGIRI,BARGUR,1,,,Orappam,Orappam,BARGUR,1,3,1,5,1,635120,2,2,3,0,2,16,0,0,0,2,2,1,2,2,189,1,0,0,0,0,1,1
2668013,TAMIL NADU,KRISHNAGIRI,MATHUR,1,,,Kannandahalli,Kannandahalli,MATHUR,6,3,1,10,5,635203,2,2,3,0,2,19,0,0,0,1,1,1,1,2,210,1,53,30,7,5,0,0
3176229,TAMIL NADU,KRISHNAGIRI,MATHUR,1,,,Ettipatti,K. Ettipatti,MATHUR,1,3,1,5,1,635306,2,2,3,0,2,16,0,0,0,2,2,1,2,1,200,1,0,0,2,0,3,0
6548663,TAMIL NADU,KRISHNAGIRI,MATHUR,1,,,Kondareddipatti,Antheripatti,MATHUR,1,3,1,5,1,635306,2,2,3,0,2,16,0,0,0,2,2,1,2,2,210,1,0,0,0,0,0,0
7133141,TAMIL NADU,KRISHNAGIRI,KRISHNAGIRI,1,,,Chikkapoovathi,Chikkapoovathi,KRISHNAGIRI,1,3,1,5,1,635122,2,2,3,0,2,19,16,0,0,2,2,1,2,2,210,1,0,0,0,0,1,1
2223773,TAMIL NADU,KRISHNAGIRI,KRISHNAGIRI,1,,,Agaram,Ittikal Agaram,KRISHNAGIRI,1,3,1,5,1,635122,2,2,3,0,2,19,0,0,0,2,2,1,2,2,194,1,0,0,0,0,1,3
1135119,TAMIL NADU,KRISHNAGIRI,HOSUR,2,Hosur,Hosur (M) - Ward No.44,,,,6,3,1,10,5,635110,2,2,3,0,2,19,0,0,0,2,0,1,1,2,216,1,22,13,2,1,0,0
6987107,TAMIL NADU,KRISHNAGIRI,MATHUR,1,,,Rengampatti,Valipatti,MATHUR,1,3,1,5,1,635306,2,2,3,0,2,16,0,0,0,2,2,1,2,1,210,1,1,0,0,1,0,0
6398693,TAMIL NADU,KRISHNAGIRI,MATHUR,1,,,Nagampatti,Nagampatti,MATHUR,1,3,1,5,1,635203,2,2,3,0,2,19,0,0,0,2,2,1,2,2,210,1,0,0,0,0,2,3
7633684,TAMIL NADU,KRISHNAGIRI,KELAMANGALAM,1,,,Nellur,Doddathimmanahalli,KELAMANGALAM,1,3,1,5,1,635116,2,2,3,0,2,16,0,0,0,2,2,1,2,1,10,1,2,3,1,0,1,1
9941447,TAMIL NADU,KRISHNAGIRI,KRISHNAGIRI,2,Krishnagiri,Krishnagiri (M) - Ward No.16,,,,1,3,1,5,3,635001,2,2,3,0,2,16,0,0,0,2,2,1,2,2,210,1,0,0,0,0,0,0
2579854,TAMIL NADU,KRISHNAGIRI,KRISHNAGIRI,1,,,Gangaleri,Gangaleri,KRISHNAGIRI,1,3,1,5,1,635122,2,2,3,0,2,18,0,0,0,2,2,1,2,1,189,1,0,0,0,0,0,0
5286139,TAMIL NADU,KRISHNAGIRI,HOSUR,1,,,Achettipalli,Achettipalli,HOSUR,1,3,1,5,1,635110,2,2,3,0,2,19,0,0,0,2,2,1,2,2,204,1,0,0,0,0,0,0
1179620,TAMIL NADU,KRISHNAGIRI,HOSUR,2,Hosur,Hosur (M) - Ward No.38,,,,1,3,1,5,5,635109,2,2,1,3,1,19,0,0,0,2,2,1,1,2,0,1,2,1,0,0,0,0
9812579,TAMIL NADU,KRISHNAGIRI,BARGUR,1,,,Jagadevipalayam,Jagadevi,BARGUR,1,3,1,5,1,635203,2,2,3,0,2,16,0,0,0,2,2,1,2,2,189,1,0,0,0,0,1,0
9149398,TAMIL NADU,KRISHNAGIRI,KAVERIPATINAM,1,,,Puliyampatti,Papparappatti,KAVERIPATTINAM,1,3,1,5,1,635123,2,2,3,0,2,16,0,0,0,2,2,1,2,1,204,1,0,0,0,0,1,2
8735206,TAMIL NADU,KRISHNAGIRI,KAVERIPATINAM,1,,,Bannihalli,Bannihalli,KAVERIPATTINAM,1,3,1,5,1,635106,2,2,3,0,2,16,0,0,0,2,2,1,2,2,194,1,0,0,0,0,0,1
3297443,TAMIL NADU,KRISHNAGIRI,UTHANGARAI,1,,,Singarapettai,Singerapatti,UTHANGARAI,1,3,1,5,1,635307,2,2,3,0,2,16,0,0,0,2,2,1,2,1,210,1,0,0,1,0,1,3
8659257,TAMIL NADU,KRISHNAGIRI,UTHANGARAI,1,,,Elachyur,Karumandapathi,UTHANGARAI,1,3,1,5,1,635207,2,2,3,0,2,16,0,0,0,2,2,1,2,2,210,1,0,0,0,1,3,2
6557348,TAMIL NADU,KRISHNAGIRI,KELAMANGALAM,1,,,Thavarakarai,Thavarakarai,KELAMANGALAM,1,3,1,5,1,635107,2,2,3,0,2,19,0,0,0,2,2,1,2,2,204,1,0,0,0,0,0,0
4891840,TAMIL NADU,KRISHNAGIRI,HOSUR,1,,,Palavanapalli,Palavanapalli,HOSUR,1,3,1,5,1,635109,2,2,3,0,2,19,0,0,0,2,2,1,2,2,204,1,0,0,0,0,6,9
5678898,TAMIL NADU,KRISHNAGIRI,MATHUR,1,,,Salamarathupatti,Salamarathupattii,MATHUR,1,3,1,5,1,635304,2,2,3,0,2,19,16,0,0,2,2,1,2,2,194,1,0,0,0,0,0,0
4441695,TAMIL NADU,KRISHNAGIRI,THALLY,1,,,Kottamadagu,Kottamadugu,THALLY,1,3,1,5,1,635118,2,2,3,0,2,18,0,0,0,2,2,1,2,2,202,1,0,0,0,0,0,0
9324034,TAMIL NADU,KRISHNAGIRI,KRISHNAGIRI,1,,,Kattiganapalli (Ct),Kattigaanapalli,KRISHNAGIRI,3,3,1,12,5,635002,2,2,3,0,1,19,0,0,0,2,2,1,1,2,230,1,21,29,5,8,0,0
6990123,TAMIL NADU,KRISHNAGIRI,KELAMANGALAM,1,,,Battamugulalam,Bettamugalalam,KELAMANGALAM,1,3,1,5,1,636806,2,2,3,0,2,16,0,0,0,2,2,1,2,2,207,1,0,0,0,0,0,0
1096090,TAMIL NADU,KRISHNAGIRI,KELAMANGALAM,1,,,Thavarakarai,Thavarakarai,KELAMANGALAM,1,3,1,5,1,635107,2,2,3,0,2,19,0,0,0,2,2,1,2,1,207,1,0,0,0,0,0,0
3455220,TAMIL NADU,KRISHNAGIRI,KRISHNAGIRI,1,,,Kallukurikki,Kallukurukki,KRISHNAGIRI,1,3,1,5,1,635001,2,2,3,0,2,16,0,0,0,2,2,1,2,2,210,1,1,2,0,3,8,9
