pseudocode,item_group,item_id,cpp_b,cpp_g,c1_b,c1_g,c2_b,c2_g,c3_b,c3_g,c4_b,c4_g,c5_b,c5_g,c6_b,c6_g,c7_b,c7_g,c8_b,c8_g,c9_b,c9_g,c10_b,c10_g,c11_b,c11_g,c12_b,c12_g
1003440,1,1,0,0,8,5,0,0,0,0,0,0,0,0,0,0,0,0,0,0,0,0,0,0,0,0,0,0
1003440,1,2,0,0,1,0,0,0,1,1,2,1,0,1,0,0,0,0,0,0,0,0,0,0,0,0,0,0
1003440,1,3,0,0,0,0,1,0,0,0,0,0,0,0,0,0,0,0,0,0,0,0,0,0,0,0,0,0
1003440,1,4,0,0,0,0,4,3,5,8,10,4,10,2,0,0,0,0,0,0,0,0,0,0,0,0,0,0
1003440,3,13,0,0,8,5,2,0,1,2,3,1,0,1,0,0,0,0,0,0,0,0,0,0,0,0,0,0
1008656,1,1,0,0,1,0,0,0,0,1,0,0,0,0,0,0,0,0,0,0,0,0,0,0,0,0,0,0
1008656,1,2,0,0,1,0,2,0,0,1,0,0,0,2,0,0,0,0,0,0,0,0,0,0,0,0,0,0
1008656,1,4,0,0,5,2,3,1,2,5,1,3,4,2,0,0,0,0,0,0,0,0,0,0,0,0,0,0
1008656,3,13,0,0,7,2,5,1,2,7,1,3,4,4,0,0,0,0,0,0,0,0,0,0,0,0,0,0
1009622,1,1,0,0,0,0,0,0,0,0,0,0,0,1,0,0,0,0,0,0,0,0,0,0,0,0,0,0
1009622,1,2,0,0,0,0,0,0,1,0,0,0,0,2,0,0,0,0,0,0,0,0,0,0,0,0,0,0
1009622,1,4,0,0,0,3,0,3,2,2,3,2,2,2,0,0,0,0,0,0,0,0,0,0,0,0,0,0
1009622,3,13,0,0,0,3,0,2,3,2,3,2,2,5,0,0,0,0,0,0,0,0,0,0,0,0,0,0
1015180,1,2,0,0,2,1,1,2,1,1,2,2,0,2,0,0,0,0,0,0,0,0,0,0,0,0,0,0
1015180,1,4,0,0,0,0,1,0,0,0,0,1,0,0,0,0,0,0,0,0,0,0,0,0,0,0,0,0
1018069,1,1,0,0,0,0,0,0,0,0,0,0,0,1,0,0,0,0,0,0,0,0,0,0,0,0,0,0
1018069,1,2,0,0,1,1,1,1,0,0,0,0,0,2,0,0,0,0,0,0,0,0,0,0,0,0,0,0
1018069,1,3,0,0,0,0,0,0,0,0,0,1,0,0,0,0,0,0,0,0,0,0,0,0,0,0,0,0
1018069,1,4,0,0,2,3,3,2,5,3,0,4,8,3,0,0,0,0,0,0,0,0,0,0,0,0,0,0
1018069,2,5,0,0,0,0,0,0,0,1,0,0,0,1,0,0,0,0,0,0,0,0,0,0,0,0,0,0
1018069,3,13,0,0,3,4,4,3,5,3,0,5,8,6,0,0,0,0,0,0,0,0,0,0,0,0,0,0
1024982,1,1,0,0,0,0,0,0,0,0,0,0,0,0,0,0,0,0,0,0,0,0,0,0,0,0,0,1
1024982,1,2,0,0,0,0,0,0,0,0,0,0,0,0,0,7,0,10,0,8,0,14,0,10,0,10,0,5
1024982,1,3,0,0,0,0,0,0,0,0,0,0,0,0,0,0,0,0,0,1,0,0,0,0,0,0,0,1
1024982,1,4,0,0,0,0,0,0,0,0,0,0,0,0,0,20,0,13,0,26,0,22,0,23,0,27,0,34
1024982,2,5,0,0,0,0,0,0,0,0,0,0,0,0,0,4,0,1,0,5,0,1,0,4,0,2,0,3
1024982,2,6,0,0,0,0,0,0,0,0,0,0,0,0,0,0,0,0,0,0,0,0,0,1,0,0,0,0
1024982,3,13,0,0,0,0,0,0,0,0,0,0,0,0,0,0,0,0,0,0,0,1,0,1,0,1,0,1
1045346,1,1,0,0,0,0,0,0,0,0,0,0,0,0,0,0,0,0,0,0,2,0,0,0,0,0,0,1
1045346,1,2,0,0,0,0,0,0,0,0,0,0,0,0,7,11,8,13,13,10,18,17,6,13,21,19,16,24
1045346,1,3,0,0,0,0,0,0,0,0,0,0,0,0,2,2,1,1,1,1,4,0,0,0,1,0,0,0
1045346,1,4,0,0,0,0,0,0,0,0,0,0,0,0,62,58,84,61,81,67,102,82,80,85,123,117,115,129
1045346,2,5,0,0,0,0,0,0,0,0,0,0,0,0,0,0,0,0,0,0,0,1,0,0,0,0,0,0
1045346,2,6,0,0,0,0,0,0,0,0,0,0,0,0,0,0,0,0,0,0,0,0,0,0,0,0,1,0
1045346,3,13,0,0,0,0,0,0,0,0,0,0,0,0,19,13,5,9,10,16,25,9,2,5,43,24,38,43
1066632,1,2,0,0,0,0,3,1,4,1,2,2,1,2,0,0,0,0,0,0,0,0,0,0,0,0,0,0
1066632,1,4,0,0,2,3,1,4,0,3,5,2,1,4,0,0,0,0,0,0,0,0,0,0,0,0,0,0
1068545,1,2,0,0,0,0,0,0,0,0,0,0,2,0,0,0,0,0,0,0,0,0,0,0,0,0,0,0
1068545,1,4,0,0,2,1,2,5,1,3,2,1,3,4,0,0,0,0,0,0,0,0,0,0,0,0,0,0
1081925,1,2,0,0,0,0,0,0,0,0,0,0,0,0,0,1,0,1,1,0,1,0,0,0,0,0,0,0
1081925,1,4,0,0,0,0,0,0,0,0,0,0,0,0,11,5,11,6,9,8,11,9,14,7,0,0,0,0
1081925,3,13,0,0,0,0,0,0,0,0,0,0,0,0,0,0,0,0,0,0,0,1,0,0,0,0,0,0
1085196,1,1,1,0,0,0,0,0,0,0,0,1,1,0,0,0,0,0,0,0,0,0,0,0,0,0,0,0
1085196,1,2,0,0,0,0,0,0,0,0,0,0,0,0,0,0,0,1,0,0,0,0,0,0,0,0,0,0
1085196,1,3,2,0,0,0,0,0,3,0,1,0,0,2,0,0,0,1,1,0,0,0,0,0,0,0,0,0
1085196,1,4,6,7,6,0,2,4,9,3,4,3,3,5,4,4,6,7,6,3,0,0,0,0,0,0,0,0
1085196,3,13,8,7,6,0,2,4,12,3,5,4,4,7,4,4,6,9,7,3,0,0,0,0,0,0,0,0
1086210,1,2,0,0,1,1,6,2,3,3,1,1,1,7,0,0,0,0,0,0,0,0,0,0,0,0,0,0
1086210,1,4,0,0,1,3,0,2,1,1,1,2,1,2,0,0,0,0,0,0,0,0,0,0,0,0,0,0
1092499,1,2,0,0,0,0,1,0,1,0,0,0,1,1,0,0,0,0,2,1,0,0,0,0,0,0,0,0
1092499,1,3,0,0,1,0,2,3,2,1,1,0,0,1,1,1,0,0,0,0,0,0,0,0,0,0,0,0
1092499,1,4,0,0,3,1,3,0,0,2,2,6,2,3,2,5,1,2,8,4,0,0,0,0,0,0,0,0
1092499,3,13,0,0,2,0,4,3,1,0,1,0,0,0,0,0,0,0,0,0,0,0,0,0,0,0,0,0
1096090,1,2,0,0,0,0,2,0,3,0,3,2,2,3,0,0,0,0,0,0,0,0,0,0,0,0,0,0
1096090,1,4,0,0,2,2,2,1,3,5,3,2,2,5,0,0,0,0,0,0,0,0,0,0,0,0,0,0
1096090,2,6,0,0,0,0,0,1,0,0,0,0,0,0,0,0,0,0,0,0,0,0,0,0,0,0,0,0
1096090,3,13,0,0,0,0,1,0,0,0,0,0,0,0,0,0,0,0,0,0,0,0,0,0,0,0,0,0
1096718,1,1,19,17,4,2,5,2,0,2,5,2,1,1,5,3,5,5,7,1,7,9,13,11,4,8,12,9
1096718,1,2,15,22,2,9,7,1,7,7,9,7,5,6,11,7,9,11,14,11,10,4,8,6,12,12,10,7
1096718,1,3,0,1,0,0,0,2,1,0,0,0,0,0,0,0,0,0,0,0,2,1,1,0,0,0,2,1
1096718,1,4,119,107,53,67,48,47,51,41,67,75,77,36,80,56,80,54,79,49,84,64,81,58,110,88,101,99
1096718,2,5,22,21,12,8,10,8,10,11,19,19,19,5,11,9,12,12,14,8,9,11,10,4,5,8,8,8
1096718,2,6,4,1,0,1,0,1,0,1,1,0,1,0,2,0,2,1,0,0,2,0,2,0,1,0,2,3
1096718,3,13,39,32,5,13,2,1,0,2,5,2,1,1,6,3,6,4,7,2,8,11,13,11,5,9,10,9
1098281,1,1,0,0,3,2,0,0,0,0,0,0,0,0,0,0,0,0,0,0,0,0,0,0,0,0,0,0
1098281,1,2,0,0,0,0,1,1,1,0,0,0,0,0,0,0,0,0,0,0,0,0,0,0,0,0,0,0
1098281,1,4,0,0,0,0,1,2,2,1,0,4,5,3,0,0,0,0,0,0,0,0,0,0,0,0,0,0
1098281,2,6,0,0,0,0,0,0,0,0,0,0,0,1,0,0,0,0,0,0,0,0,0,0,0,0,0,0
1099390,1,1,0,0,0,0,0,0,0,0,0,0,0,0,1,0,0,0,2,0,1,0,1,0,0,0,0,0
1099390,1,2,0,0,0,0,0,0,0,0,0,0,0,0,11,0,12,0,23,0,22,0,18,0,23,0,20,0
1099390,1,3,0,0,0,0,0,0,0,0,0,0,0,0,1,0,0,0,1,0,2,0,2,0,0,0,0,0
1099390,1,4,0,0,0,0,0,0,0,0,0,0,0,0,133,0,147,0,154,0,168,0,187,0,197,0,230,0
1099390,2,5,0,0,0,0,0,0,0,0,0,0,0,0,5,0,4,0,4,0,8,0,7,0,5,0,4,0
1099390,2,6,0,0,0,0,0,0,0,0,0,0,0,0,0,0,1,0,0,0,1,0,0,0,1,0,2,0
1099390,2,7,0,0,0,0,0,0,0,0,0,0,0,0,0,0,0,0,1,0,0,0,0,0,0,0,0,0
1099390,3,13,0,0,0,0,0,0,0,0,0,0,0,0,126,0,115,0,108,0,95,0,204,0,36,0,33,0
1110526,1,2,0,0,0,0,0,0,0,0,1,0,0,0,0,0,0,0,0,0,0,0,0,0,0,0,0,0
1110526,1,4,0,0,2,1,1,0,1,0,0,0,0,1,0,0,0,0,0,0,0,0,0,0,0,0,0,0
1112614,1,2,0,0,0,0,0,1,0,1,0,0,1,1,0,0,0,0,0,0,0,0,0,0,0,0,0,0
1112614,1,3,0,0,0,0,0,1,1,1,0,0,1,0,0,0,0,0,0,0,0,0,0,0,0,0,0,0
1112614,1,4,0,0,3,2,2,3,1,1,3,2,1,1,0,0,0,0,0,0,0,0,0,0,0,0,0,0
1112614,2,5,0,0,0,0,0,0,0,0,1,0,0,0,0,0,0,0,0,0,0,0,0,0,0,0,0,0
1112614,3,13,0,0,3,0,1,0,1,2,1,0,1,2,0,0,0,0,0,0,0,0,0,0,0,0,0,0
1118100,1,3,0,0,2,0,0,0,0,0,0,0,0,0,0,0,0,0,0,0,0,0,0,0,0,0,0,0
1118100,1,4,0,0,2,1,2,0,2,3,1,0,0,5,0,0,0,0,0,0,0,0,0,0,0,0,0,0
1119384,1,1,0,0,0,0,0,1,1,0,1,2,1,2,0,0,0,0,0,0,0,0,0,0,0,0,0,0
1119384,1,2,0,0,7,7,9,12,12,7,14,7,11,11,0,0,0,0,0,0,0,0,0,0,0,0,0,0
1119384,1,3,0,0,0,1,0,0,0,0,0,0,0,0,0,0,0,0,0,0,0,0,0,0,0,0,0,0
1119384,1,4,0,0,18,11,21,15,21,19,30,33,28,18,0,0,0,0,0,0,0,0,0,0,0,0,0,0
1119384,2,5,0,0,4,4,10,5,10,10,6,7,12,5,0,0,0,0,0,0,0,0,0,0,0,0,0,0
1119384,2,6,0,0,0,0,0,0,0,0,1,0,0,1,0,0,0,0,0,0,0,0,0,0,0,0,0,0
1119384,2,10,0,0,1,0,0,0,0,0,0,0,0,0,0,0,0,0,0,0,0,0,0,0,0,0,0,0
1119384,3,13,0,0,0,1,12,12,1,0,2,4,2,2,0,0,0,0,0,0,0,0,0,0,0,0,0,0
1123826,1,1,0,0,1,0,0,0,0,0,0,0,0,0,0,0,0,0,0,0,0,0,0,0,0,0,0,0
1123826,1,2,0,0,0,0,1,0,0,1,0,0,0,1,0,0,0,0,0,0,0,0,0,0,0,0,0,0
1123826,1,4,0,0,0,0,2,0,0,2,2,2,0,2,0,0,0,0,0,0,0,0,0,0,0,0,0,0
1123826,3,13,0,0,1,0,0,0,0,0,0,0,0,1,0,0,0,0,0,0,0,0,0,0,0,0,0,0
1132306,1,2,0,0,2,5,4,6,2,6,9,4,4,7,2,7,4,2,7,5,0,0,0,0,0,0,0,0
1132306,3,13,0,0,2,5,4,6,2,6,9,4,4,7,2,7,4,2,7,5,0,0,0,0,0,0,0,0
1133984,1,4,0,0,0,0,2,0,2,0,0,3,2,3,0,0,0,0,0,0,0,0,0,0,0,0,0,0
1135119,1,1,3,5,1,1,1,0,0,2,1,2,2,0,1,1,0,2,1,3,1,2,0,1,0,0,0,0
1135119,1,2,10,12,4,3,8,8,6,4,5,8,4,4,9,2,7,0,1,3,8,6,6,0,0,0,0,0
1135119,1,3,0,0,1,0,0,0,1,0,1,0,0,0,0,1,0,0,1,0,0,0,0,0,0,0,0,0
1135119,1,4,27,15,18,10,8,11,9,10,14,15,12,18,15,18,28,16,23,8,13,9,18,17,0,0,0,0
1135119,2,5,0,0,0,0,1,0,0,0,1,0,0,2,1,1,0,0,1,0,0,0,0,0,0,0,0,0
1135119,2,6,0,0,0,1,0,0,0,0,0,0,0,0,0,0,0,0,0,0,0,1,0,0,0,0,0,0
1135119,3,13,0,0,1,0,1,0,0,2,1,2,2,0,1,1,0,2,2,3,1,2,0,1,0,0,0,0
1135833,1,1,0,0,0,0,0,1,0,0,0,0,0,0,0,0,0,0,0,0,0,0,0,0,0,0,0,0
1135833,1,4,0,0,4,3,4,2,7,4,6,5,3,4,0,0,0,0,0,0,0,0,0,0,0,0,0,0
1137417,1,3,0,0,0,5,3,5,3,3,2,5,6,4,0,0,0,0,0,0,0,0,0,0,0,0,0,0
1137629,1,3,0,0,1,1,1,3,0,0,0,1,1,1,0,0,0,0,0,0,0,0,0,0,0,0,0,0
1137629,3,13,0,0,1,1,1,3,0,0,0,1,1,1,0,0,0,0,0,0,0,0,0,0,0,0,0,0
1138210,1,4,0,0,2,4,3,5,3,6,6,4,6,4,0,0,0,0,0,0,0,0,0,0,0,0,0,0
1138210,3,13,0,0,0,0,0,1,0,1,0,0,0,0,0,0,0,0,0,0,0,0,0,0,0,0,0,0
1141738,1,2,0,0,1,3,0,1,1,3,0,0,3,2,0,0,0,0,0,0,0,0,0,0,0,0,0,0
1141738,1,4,0,0,0,1,0,0,2,0,1,1,0,1,0,0,0,0,0,0,0,0,0,0,0,0,0,0
1144150,1,4,0,0,10,0,4,0,11,0,12,0,12,0,3,11,11,21,12,12,0,0,0,0,0,0,0,0
1144150,2,5,0,0,10,0,4,0,11,0,12,0,12,0,3,11,11,21,12,11,0,0,0,0,0,0,0,0
1144150,3,13,0,0,10,0,4,0,11,0,9,0,12,0,3,11,11,21,12,12,0,0,0,0,0,0,0,0
1152781,1,4,0,0,0,1,0,3,0,2,1,3,2,2,0,0,0,0,0,0,0,0,0,0,0,0,0,0
1152781,2,5,0,0,0,1,0,3,0,2,1,3,2,2,0,0,0,0,0,0,0,0,0,0,0,0,0,0
1155745,1,2,0,0,2,2,3,0,2,0,2,1,1,1,0,0,0,0,0,0,0,0,0,0,0,0,0,0
1155745,1,4,0,0,2,1,1,0,3,5,0,2,4,0,0,0,0,0,0,0,0,0,0,0,0,0,0,0
1155745,3,13,0,0,4,3,4,0,5,5,2,3,5,1,0,0,0,0,0,0,0,0,0,0,0,0,0,0
1161493,1,4,0,0,0,0,0,0,1,0,1,0,1,0,0,0,0,0,0,0,0,0,0,0,0,0,0,0
1167158,1,2,0,0,2,1,0,2,0,0,0,1,1,1,2,4,0,4,2,3,0,0,0,0,0,0,0,0
1167158,1,4,0,0,6,3,6,1,2,3,4,3,4,5,4,4,0,2,5,2,0,0,0,0,0,0,0,0
1167158,2,5,0,0,0,0,2,0,0,0,2,1,1,1,1,0,0,1,0,0,0,0,0,0,0,0,0,0
1167158,3,13,0,0,0,0,0,0,0,0,0,0,1,2,0,0,0,0,0,0,0,0,0,0,0,0,0,0
1167460,1,2,0,0,5,1,4,3,1,6,5,4,1,4,2,4,3,4,3,6,0,0,0,0,0,0,0,0
1167460,1,4,0,0,0,0,0,1,2,1,1,1,2,2,2,1,2,1,1,1,0,0,0,0,0,0,0,0
1167460,2,5,0,0,0,0,0,1,2,1,1,1,0,1,0,0,2,0,1,0,0,0,0,0,0,0,0,0
1167460,3,13,0,0,5,1,4,3,1,2,6,4,0,1,4,5,2,1,0,1,0,0,0,0,0,0,0,0
1179620,1,1,0,0,0,1,1,1,0,0,0,0,0,0,0,0,0,0,0,0,0,0,0,0,0,0,0,0
1179620,1,2,0,1,0,1,0,0,1,3,1,1,1,0,0,0,0,0,0,0,0,0,0,0,0,0,0,0
1179620,1,3,1,0,0,0,0,0,0,0,0,0,2,0,0,0,0,0,0,0,0,0,0,0,0,0,0,0
1179620,1,4,1,0,2,0,2,1,1,2,0,1,0,0,0,0,0,0,0,0,0,0,0,0,0,0,0,0
1179620,2,5,1,0,1,0,2,0,0,0,0,0,0,0,0,0,0,0,0,0,0,0,0,0,0,0,0,0
1179620,3,13,0,0,0,0,0,1,0,0,0,0,1,0,0,0,0,0,0,0,0,0,0,0,0,0,0,0
1180617,1,1,0,0,1,0,0,1,0,0,0,0,0,0,0,0,0,0,0,0,0,0,0,0,0,0,0,0
1180617,1,2,1,1,1,1,1,1,2,0,0,0,0,0,0,0,0,0,0,0,0,0,0,0,0,0,0,0
1180617,1,3,0,1,0,0,0,0,0,0,1,0,0,0,0,0,0,0,0,0,0,0,0,0,0,0,0,0
1180617,1,4,31,27,19,17,14,6,7,6,9,8,9,4,0,0,0,0,0,0,0,0,0,0,0,0,0,0
1180617,2,5,1,1,1,1,0,0,0,0,0,0,0,0,0,0,0,0,0,0,0,0,0,0,0,0,0,0
1180617,2,6,1,0,0,0,0,0,0,0,1,0,0,0,0,0,0,0,0,0,0,0,0,0,0,0,0,0
1180699,1,1,0,0,0,0,0,0,1,0,1,0,0,0,0,0,0,0,0,0,0,0,0,0,0,0,0,0
1180699,1,2,0,0,2,0,1,1,0,1,1,1,2,0,0,0,0,0,0,0,0,0,0,0,0,0,0,0
1180699,1,3,0,0,0,0,0,0,0,1,0,0,1,0,0,0,0,0,0,0,0,0,0,0,0,0,0,0
1180699,1,4,0,0,1,4,2,2,4,2,4,2,4,2,0,0,0,0,0,0,0,0,0,0,0,0,0,0
1180699,3,13,0,0,3,4,3,3,5,4,6,3,7,2,0,0,0,0,0,0,0,0,0,0,0,0,0,0
1191223,1,1,37,30,5,6,4,1,26,28,3,1,6,2,3,2,3,2,1,2,1,3,4,1,3,5,3,3
1191223,1,2,13,7,5,7,13,5,9,8,3,1,10,6,5,7,10,7,8,3,5,7,2,6,5,6,5,6
1191223,1,3,1,0,0,0,0,0,0,0,0,0,1,0,0,0,0,0,0,0,0,0,0,0,0,0,0,0
1191223,1,4,88,53,62,57,65,53,39,14,81,53,74,53,55,57,57,48,61,58,46,32,58,49,41,46,41,42
1191223,2,5,16,7,7,6,5,7,6,2,8,8,6,2,6,6,6,3,4,3,6,3,8,5,5,7,5,9
1191223,2,6,3,2,1,2,2,1,0,6,1,0,4,0,1,1,0,2,4,7,1,0,2,0,2,7,3,2
1191223,2,10,0,0,0,0,0,0,0,0,0,2,0,0,0,0,0,0,0,0,0,0,0,0,0,0,0,0
1191223,3,13,1,0,1,1,0,0,0,1,1,0,1,0,0,1,2,1,1,1,1,1,3,0,1,3,1,2
1195504,1,1,0,0,1,0,4,4,0,1,3,0,3,0,0,0,0,0,0,0,0,0,0,0,0,0,0,0
1195504,1,2,0,0,0,1,3,0,0,1,1,1,3,2,0,0,0,0,0,0,0,0,0,0,0,0,0,0
1195504,1,4,0,0,5,2,2,4,2,2,4,2,3,3,0,0,0,0,0,0,0,0,0,0,0,0,0,0
1195504,2,5,0,0,0,1,1,1,1,0,0,1,1,0,0,0,0,0,0,0,0,0,0,0,0,0,0,0
1195504,3,13,0,0,6,3,8,7,2,4,8,3,8,5,0,0,0,0,0,0,0,0,0,0,0,0,0,0
1197912,1,2,0,0,1,0,0,1,3,2,1,1,1,4,0,0,0,0,0,0,0,0,0,0,0,0,0,0
1197912,1,3,0,0,1,0,0,0,0,2,0,0,0,1,0,0,0,0,0,0,0,0,0,0,0,0,0,0
1197912,1,4,0,0,5,2,0,2,4,3,1,2,6,2,0,0,0,0,0,0,0,0,0,0,0,0,0,0
1197912,2,5,0,0,1,0,0,0,0,0,0,0,2,0,0,0,0,0,0,0,0,0,0,0,0,0,0,0
1197912,3,13,0,0,7,2,0,3,7,7,2,3,6,7,0,0,0,0,0,0,0,0,0,0,0,0,0,0
1202264,1,2,7,5,1,4,4,2,1,3,9,4,3,1,3,2,4,2,2,4,0,0,0,0,0,0,0,0
1202264,1,4,0,3,2,2,6,0,2,3,6,3,2,5,5,3,1,2,0,2,0,0,0,0,0,0,0,0
1202264,3,13,7,8,3,6,10,2,3,6,15,7,5,6,8,5,5,4,2,6,0,0,0,0,0,0,0,0
1206657,1,2,0,0,1,2,0,0,1,0,0,1,0,2,0,0,0,0,0,0,0,0,0,0,0,0,0,0
1206657,1,4,0,0,1,4,5,4,1,3,4,3,8,4,0,0,0,0,0,0,0,0,0,0,0,0,0,0
1206657,3,13,0,0,0,0,0,1,1,0,1,0,1,1,0,0,0,0,0,0,0,0,0,0,0,0,0,0
1208342,1,1,10,5,1,0,0,0,0,0,0,0,1,0,0,0,0,0,0,0,0,0,0,0,0,0,0,0
1208342,1,2,11,13,13,6,3,1,2,2,7,2,2,2,3,3,0,4,1,2,1,1,0,0,0,0,0,0
1208342,1,4,50,52,33,30,27,22,34,28,15,17,23,19,26,16,14,9,14,9,15,6,8,11,0,0,0,0
1208342,2,5,1,1,1,0,1,1,2,1,0,0,0,0,1,0,0,0,0,1,0,0,0,0,0,0,0,0
1208342,2,6,0,0,0,0,1,0,0,0,0,0,0,0,0,0,0,0,0,0,0,0,0,0,0,0,0,0
1210905,1,1,0,1,0,1,1,0,0,0,0,0,0,0,0,0,0,0,0,0,0,0,0,0,0,0,0,0
1210905,1,2,1,0,1,0,1,0,0,0,1,0,0,0,0,0,0,0,0,0,0,0,0,0,0,0,0,0
1210905,1,4,10,6,4,2,2,2,3,1,2,0,0,2,0,0,0,0,0,0,0,0,0,0,0,0,0,0
1212505,1,2,0,0,0,0,0,1,0,0,0,1,0,0,0,0,0,0,0,0,0,0,0,0,0,0,0,0
1212505,1,4,0,0,3,0,1,3,2,1,0,0,4,0,0,0,0,0,0,0,0,0,0,0,0,0,0,0
1212505,3,13,0,0,0,0,0,0,0,0,0,0,2,0,0,0,0,0,0,0,0,0,0,0,0,0,0,0
1212570,1,1,1,3,3,0,0,0,0,2,1,1,1,1,0,1,1,2,1,1,0,0,0,0,0,0,0,0
1212570,1,2,3,4,1,0,5,1,3,3,1,4,5,1,5,2,7,5,2,4,0,0,0,0,0,0,0,0
1212570,1,4,0,1,1,1,2,1,2,0,1,2,0,4,4,6,3,3,3,6,0,0,0,0,0,0,0,0
1212570,3,13,0,0,0,0,0,0,0,2,1,1,2,1,0,1,1,1,1,1,0,0,0,0,0,0,0,0
1212648,1,1,0,0,5,5,1,0,0,0,0,0,1,0,0,0,0,0,0,0,0,0,0,0,0,0,0,0
1212648,1,2,0,0,0,1,1,0,0,1,0,0,0,0,0,0,0,0,0,0,0,0,0,0,0,0,0,0
1212648,1,3,0,0,0,0,0,1,2,0,0,0,0,0,0,0,0,0,0,0,0,0,0,0,0,0,0,0
1212648,1,4,0,0,1,1,3,2,4,4,5,4,3,7,0,0,0,0,0,0,0,0,0,0,0,0,0,0
1212648,2,5,0,0,5,2,1,0,1,1,3,1,1,1,0,0,0,0,0,0,0,0,0,0,0,0,0,0
1212648,3,13,0,0,0,0,0,0,0,0,0,0,1,0,0,0,0,0,0,0,0,0,0,0,0,0,0,0
1229737,1,1,0,0,4,6,1,2,2,4,1,2,4,1,0,0,0,0,0,0,0,0,0,0,0,0,0,0
1229737,1,2,0,0,2,1,0,1,4,1,0,2,0,2,0,0,0,0,0,0,0,0,0,0,0,0,0,0
1229737,1,4,0,0,0,0,0,3,2,3,2,1,2,1,0,0,0,0,0,0,0,0,0,0,0,0,0,0
1229737,3,13,0,0,6,7,1,6,8,8,3,5,6,4,0,0,0,0,0,0,0,0,0,0,0,0,0,0
1235721,1,1,0,0,0,0,0,0,1,1,1,1,0,1,0,0,0,0,0,0,0,0,0,0,0,0,0,0
1235721,1,2,0,0,0,0,0,0,1,1,0,0,1,0,0,0,0,0,0,0,0,0,0,0,0,0,0,0
1235721,1,4,0,0,3,1,3,3,1,0,0,3,2,0,0,0,0,0,0,0,0,0,0,0,0,0,0,0
1235721,2,5,0,0,0,0,1,0,0,0,0,0,0,0,0,0,0,0,0,0,0,0,0,0,0,0,0,0
1235721,3,13,0,0,1,0,0,0,1,0,0,0,0,0,0,0,0,0,0,0,0,0,0,0,0,0,0,0
1240025,1,1,4,1,0,0,0,0,0,0,0,0,0,0,0,0,0,0,0,0,0,0,0,0,0,0,0,0
1240025,1,2,1,0,0,0,1,0,0,0,0,1,1,1,0,0,0,0,0,0,0,0,0,0,0,0,0,0
1240025,1,4,5,4,4,2,2,2,0,1,2,0,1,1,2,0,0,0,1,0,0,0,0,0,0,0,0,0
1240025,2,5,1,0,0,0,2,0,0,0,0,0,0,0,0,0,0,0,0,0,0,0,0,0,0,0,0,0
1241759,1,4,0,0,4,2,3,3,2,3,5,3,2,7,0,0,0,0,0,0,0,0,0,0,0,0,0,0
1241759,2,6,0,0,0,0,0,0,0,0,0,0,0,1,0,0,0,0,0,0,0,0,0,0,0,0,0,0
1245303,1,1,1,2,2,3,1,1,1,2,6,4,1,1,3,0,1,2,3,1,3,1,2,4,2,1,0,1
1245303,1,2,4,2,0,1,0,1,0,0,0,2,1,2,4,1,1,1,1,1,1,0,3,0,0,0,1,0
1245303,1,4,50,24,21,20,24,27,19,17,20,19,31,18,14,24,27,15,17,19,11,13,20,17,10,6,8,21
1245303,2,5,2,0,1,0,0,1,0,1,1,1,2,1,0,0,0,0,0,0,1,1,3,0,0,0,0,0
1245303,2,6,0,0,0,0,0,0,0,0,0,1,0,0,0,0,0,0,0,1,0,0,1,0,0,0,0,1
1245303,2,10,0,0,1,0,0,0,0,0,0,0,0,0,0,0,0,0,0,0,0,0,0,0,0,0,0,0
1245303,3,13,0,0,0,0,0,0,1,0,0,1,0,0,2,1,2,2,0,1,0,0,2,4,2,1,0,1
1245995,1,4,0,0,7,0,7,0,11,0,6,0,9,0,12,7,8,4,6,6,0,0,0,0,0,0,0,0
1245995,2,5,0,0,7,0,7,0,11,0,6,0,9,0,12,7,8,4,6,6,0,0,0,0,0,0,0,0
1245995,3,13,0,0,7,0,7,0,11,0,1,0,3,0,12,7,6,4,6,5,0,0,0,0,0,0,0,0
1256295,1,2,0,0,1,0,1,0,0,3,0,0,1,3,0,0,0,0,0,0,0,0,0,0,0,0,0,0
1256295,1,4,0,0,2,5,7,9,12,5,7,2,11,8,0,0,0,0,0,0,0,0,0,0,0,0,0,0
1279271,1,2,0,0,2,2,1,3,1,5,4,2,2,1,0,0,0,0,0,0,0,0,0,0,0,0,0,0
1279271,1,4,0,0,2,2,4,5,4,4,6,7,4,6,0,0,0,0,0,0,0,0,0,0,0,0,0,0
1279271,3,13,0,0,4,4,5,8,5,9,10,9,6,7,0,0,0,0,0,0,0,0,0,0,0,0,0,0
1279649,1,2,0,0,3,3,1,3,7,3,4,4,5,7,5,7,4,1,6,8,0,0,0,0,0,0,0,0
1279649,1,3,0,0,0,1,0,0,0,0,0,0,0,0,0,0,0,0,0,0,0,0,0,0,0,0,0,0
1279649,1,4,0,0,2,2,3,3,6,1,5,3,5,5,2,4,3,8,7,8,0,0,0,0,0,0,0,0
1279649,2,5,0,0,0,0,0,0,1,0,0,0,1,0,0,0,0,2,0,0,0,0,0,0,0,0,0,0
1279649,3,13,0,0,5,6,3,6,11,4,8,7,10,12,4,6,4,6,13,16,0,0,0,0,0,0,0,0
1281135,1,1,2,0,2,2,0,2,2,0,0,1,0,0,2,0,0,0,0,0,1,1,0,0,0,0,0,0
1281135,1,2,7,5,3,0,1,1,3,4,6,1,2,3,1,4,2,2,0,1,3,0,1,0,0,0,0,0
1281135,1,4,68,55,36,16,41,25,32,21,34,25,20,19,31,20,27,18,19,9,15,19,18,11,0,0,0,0
1281135,2,5,6,2,1,0,2,0,0,2,2,1,0,0,0,0,1,1,1,0,1,1,1,1,0,0,0,0
1281135,2,6,1,0,1,1,0,0,0,0,1,0,0,0,1,0,0,1,0,0,0,0,0,0,0,0,0,0
1281135,3,13,0,0,0,1,0,1,2,0,0,0,0,0,1,0,0,0,0,0,0,0,0,0,0,0,0,0
1281958,1,1,0,0,2,8,0,0,1,0,1,0,0,0,0,0,0,0,0,0,0,0,0,0,0,0,0,0
1281958,1,2,0,0,2,2,8,4,7,6,5,7,9,6,0,0,0,0,0,0,0,0,0,0,0,0,0,0
1281958,1,4,0,0,1,0,7,6,7,4,12,11,10,14,0,0,0,0,0,0,0,0,0,0,0,0,0,0
1281958,2,5,0,0,2,1,0,0,3,3,0,4,3,2,0,0,0,0,0,0,0,0,0,0,0,0,0,0
1281958,3,13,0,0,5,10,15,10,14,10,18,18,18,19,0,0,0,0,0,0,0,0,0,0,0,0,0,0
1283828,1,2,0,0,0,0,1,0,0,0,1,1,0,0,0,0,0,0,0,0,0,0,0,0,0,0,0,0
1283828,1,4,0,0,2,2,2,1,0,3,1,7,4,4,0,0,0,0,0,0,0,0,0,0,0,0,0,0
1283828,3,13,0,0,2,2,3,1,0,3,2,8,4,4,0,0,0,0,0,0,0,0,0,0,0,0,0,0
1294584,1,2,0,0,0,0,0,0,0,0,0,0,0,0,5,5,3,6,5,3,4,4,6,5,0,0,0,0
1294584,1,3,0,0,0,0,0,0,0,0,0,0,0,0,0,3,3,0,2,0,1,1,1,1,0,0,0,0
1294584,1,4,0,0,0,0,0,0,0,0,0,0,0,0,32,22,26,22,24,22,42,30,35,39,0,0,0,0
1294584,2,5,0,0,0,0,0,0,0,0,0,0,0,0,2,1,0,0,0,0,1,1,1,0,0,0,0,0
1294584,3,13,0,0,0,0,0,0,0,0,0,0,0,0,0,0,5,3,0,0,1,1,1,0,0,0,0,0
1297501,1,2,0,0,0,0,0,0,0,0,0,0,0,0,0,0,1,0,1,0,1,1,1,1,0,0,0,0
1297501,1,3,0,0,0,0,0,0,0,0,0,0,0,0,2,1,4,2,1,1,4,3,1,1,0,0,0,0
1297501,1,4,0,0,0,0,0,0,0,0,0,0,0,0,14,15,17,11,18,13,24,14,22,12,0,0,0,0
1297501,2,6,0,0,0,0,0,0,0,0,0,0,0,0,0,0,0,0,1,0,0,0,0,0,0,0,0,0
1297501,3,13,0,0,0,0,0,0,0,0,0,0,0,0,16,15,15,6,20,14,28,18,11,0,0,0,0,0
1298940,1,1,0,1,0,0,0,0,0,0,0,0,0,0,0,0,0,0,0,0,0,0,0,0,0,0,0,0
1298940,1,2,0,0,0,0,0,0,0,0,0,0,0,0,2,0,0,1,0,0,0,0,0,0,0,0,0,0
1298940,1,4,1,3,4,4,1,2,4,2,4,3,1,3,0,2,4,2,4,1,0,0,0,0,0,0,0,0
1298940,3,13,1,4,4,4,1,2,4,2,4,3,1,3,2,2,4,3,4,1,0,0,0,0,0,0,0,0
1300073,1,1,0,0,0,0,0,0,0,0,0,0,0,0,1,0,0,0,0,0,0,0,0,0,3,3,5,1
1300073,1,2,0,0,0,0,0,0,0,0,0,0,0,0,17,7,21,10,17,6,22,12,16,8,12,3,22,6
1300073,1,3,0,0,0,0,0,0,0,0,0,0,0,0,0,0,0,0,1,0,0,0,0,0,0,0,0,1
1300073,1,4,0,0,0,0,0,0,0,0,0,0,0,0,48,21,52,25,58,20,78,30,69,19,66,26,56,20
1300073,2,5,0,0,0,0,0,0,0,0,0,0,0,0,3,3,2,5,4,4,4,3,2,3,1,1,5,3
1300073,2,6,0,0,0,0,0,0,0,0,0,0,0,0,1,1,1,0,1,2,0,0,0,0,0,1,0,2
1300073,3,13,0,0,0,0,0,0,0,0,0,0,0,0,0,0,0,1,0,0,0,3,0,0,1,0,0,0
1301759,1,1,12,14,12,11,15,15,11,13,6,11,11,8,10,6,7,13,13,8,13,14,7,11,26,12,9,13
1301759,1,2,1,1,3,3,0,0,3,0,0,0,2,1,1,0,1,0,2,1,2,0,0,0,5,2,2,1
1301759,1,3,0,0,0,1,0,0,0,0,0,0,0,0,1,0,0,0,0,0,0,0,0,0,1,0,0,0
1301759,1,4,60,49,37,43,33,33,34,35,34,38,53,38,45,30,51,36,41,33,33,24,48,42,58,40,28,36
1301759,2,5,0,0,0,3,0,0,1,0,2,2,1,0,2,2,1,3,2,1,1,0,3,1,6,2,0,0
1301759,2,6,4,3,0,0,0,2,3,1,0,1,4,0,0,2,3,4,1,4,2,2,0,1,4,2,1,5
1301759,2,8,0,0,0,0,0,0,0,0,0,0,0,1,0,0,0,0,0,0,0,0,0,0,0,0,0,0
1301759,2,9,0,0,0,0,0,0,0,0,0,0,0,0,0,0,0,0,0,0,0,0,0,0,0,1,0,0
1301759,2,10,0,0,0,0,1,0,0,0,0,0,0,0,0,0,0,0,1,0,0,0,0,0,0,0,1,2
1301759,3,13,0,0,0,0,0,0,0,2,4,1,2,4,1,2,2,5,5,0,1,3,0,1,7,4,2,2
1304084,1,1,0,0,0,2,0,0,0,0,0,0,0,0,0,0,0,0,0,0,0,0,0,0,0,0,0,0
1304084,1,2,0,0,5,2,4,0,3,3,0,2,4,3,0,0,0,0,0,0,0,0,0,0,0,0,0,0
1304084,1,4,0,0,0,0,0,3,0,5,2,2,0,2,0,0,0,0,0,0,0,0,0,0,0,0,0,0
1304084,3,13,0,0,0,0,0,0,1,0,0,0,0,0,0,0,0,0,0,0,0,0,0,0,0,0,0,0
1305010,1,2,0,0,0,1,0,1,0,0,1,0,0,1,0,0,0,0,0,0,0,0,0,0,0,0,0,0
1305010,1,4,0,0,3,1,2,3,2,1,3,4,2,2,0,0,0,0,0,0,0,0,0,0,0,0,0,0
1305010,3,13,0,0,1,1,0,1,0,0,1,0,0,0,0,0,0,0,0,0,0,0,0,0,0,0,0,0
1310104,1,2,0,0,0,0,0,0,1,0,0,0,2,2,0,0,0,0,0,0,0,0,0,0,0,0,0,0
1310104,1,4,0,0,0,0,0,0,0,0,0,1,0,0,0,0,0,0,0,0,0,0,0,0,0,0,0,0
1319740,1,2,0,0,3,0,0,0,0,0,0,1,0,0,0,0,0,0,0,0,0,0,0,0,0,0,0,0
1319740,1,3,0,0,3,3,3,5,2,2,2,1,1,1,0,0,0,0,0,0,0,0,0,0,0,0,0,0
1319740,1,4,0,0,2,5,2,4,2,1,3,5,1,0,0,0,0,0,0,0,0,0,0,0,0,0,0,0
1319740,3,13,0,0,0,0,0,0,0,1,1,0,1,0,0,0,0,0,0,0,0,0,0,0,0,0,0,0
1324882,1,2,0,0,0,3,0,0,2,2,2,2,1,1,0,0,0,0,0,0,0,0,0,0,0,0,0,0
1324882,1,4,0,0,3,1,1,2,2,2,4,4,3,4,0,0,0,0,0,0,0,0,0,0,0,0,0,0
1324882,2,5,0,0,0,0,1,0,1,0,1,1,2,0,0,0,0,0,0,0,0,0,0,0,0,0,0,0
1328782,1,1,0,0,0,3,0,0,0,0,0,3,0,0,0,0,0,0,0,0,0,0,0,0,0,0,0,0
1328782,1,2,0,0,2,2,0,1,0,2,3,0,0,0,0,0,0,0,0,0,0,0,0,0,0,0,0,0
1328782,1,4,0,0,2,4,5,4,6,3,3,1,4,5,0,0,0,0,0,0,0,0,0,0,0,0,0,0
1328782,3,13,0,0,4,9,5,5,6,5,6,4,4,5,0,0,0,0,0,0,0,0,0,0,0,0,0,0
1338791,1,1,0,0,0,0,0,0,0,0,0,0,0,0,0,0,1,0,1,0,0,0,0,0,0,0,0,0
1338791,1,2,1,0,0,0,1,1,0,0,1,0,1,0,0,1,0,0,2,0,2,1,0,4,0,0,0,0
1338791,1,4,18,16,13,7,6,4,8,2,6,9,5,7,13,13,10,8,16,5,7,11,10,2,0,0,0,0
1338791,2,5,15,10,7,4,5,3,6,1,6,7,3,2,10,10,6,6,12,4,2,8,6,1,0,0,0,0
1338791,2,6,0,1,0,0,0,0,0,0,0,0,0,0,0,0,0,0,0,0,0,0,0,0,0,0,0,0
1338791,3,13,0,0,0,0,0,0,0,0,0,1,0,0,0,0,0,0,0,0,0,0,0,0,0,0,0,0
1345918,1,4,0,0,0,0,0,0,0,0,0,0,0,0,2,8,6,7,8,6,11,6,4,10,0,0,0,0
1345918,2,5,0,0,0,0,0,0,0,0,0,0,0,0,2,8,6,7,8,6,11,6,4,10,0,0,0,0
1345918,3,13,0,0,0,0,0,0,0,0,0,0,0,0,0,1,3,1,1,0,2,2,1,1,0,0,0,0
1347392,1,2,0,0,0,0,0,1,1,0,0,0,0,1,0,0,0,0,0,0,0,0,0,0,0,0,0,0
1347392,1,4,0,0,5,4,6,4,6,2,3,1,8,6,0,0,0,0,0,0,0,0,0,0,0,0,0,0
1347392,3,13,0,0,4,4,0,0,3,2,0,0,0,1,0,0,0,0,0,0,0,0,0,0,0,0,0,0
1350457,1,1,0,0,2,3,0,1,0,0,0,0,0,0,0,0,0,0,0,0,0,0,0,0,0,0,0,0
1350457,1,2,0,0,1,0,1,0,0,0,0,1,0,0,0,0,0,0,0,0,0,0,0,0,0,0,0,0
1350457,1,4,0,0,0,2,3,3,5,4,5,1,3,3,0,0,0,0,0,0,0,0,0,0,0,0,0,0
1350457,3,13,0,0,3,5,4,4,5,4,5,2,3,3,0,0,0,0,0,0,0,0,0,0,0,0,0,0
1363097,1,2,0,0,1,0,0,0,0,0,0,0,0,0,1,0,0,0,0,0,0,0,0,0,0,0,0,0
1363097,1,3,0,0,0,2,2,0,0,0,0,2,0,1,0,1,0,0,0,0,0,0,0,0,0,0,0,0
1363097,1,4,5,11,3,5,8,5,5,2,9,9,12,8,8,10,8,5,11,11,0,0,0,0,0,0,0,0
1363097,3,13,5,11,0,0,1,0,2,0,0,0,0,1,1,0,0,0,0,0,0,0,0,0,0,0,0,0
1364377,1,4,0,0,5,1,6,2,7,5,7,3,3,8,8,4,8,4,6,13,0,0,0,0,0,0,0,0
1364377,2,5,0,0,0,0,0,0,1,0,1,0,0,0,0,0,0,0,0,0,0,0,0,0,0,0,0,0
1364377,3,13,0,0,5,1,5,2,7,5,7,3,3,8,2,0,8,4,6,13,0,0,0,0,0,0,0,0
1374901,1,2,0,0,0,1,3,1,7,2,2,0,3,0,0,0,0,0,0,0,0,0,0,0,0,0,0,0
1374901,1,4,0,0,9,7,5,9,8,10,8,4,7,14,0,0,0,0,0,0,0,0,0,0,0,0,0,0
1376198,1,2,0,0,1,0,0,1,1,2,0,0,0,1,0,0,0,0,0,0,0,0,0,0,0,0,0,0
1376198,1,3,0,0,0,1,0,1,0,0,0,1,0,1,0,0,0,0,0,0,0,0,0,0,0,0,0,0
1376198,1,4,0,0,3,0,7,3,3,2,0,1,4,4,0,0,0,0,0,0,0,0,0,0,0,0,0,0
1376198,3,13,0,0,0,0,0,0,0,0,0,0,0,1,0,0,0,0,0,0,0,0,0,0,0,0,0,0
1376776,1,1,1,0,0,0,0,0,0,1,0,0,0,0,0,0,0,0,0,0,0,0,0,0,0,0,0,0
1376776,1,2,1,0,2,1,0,0,0,0,0,1,1,0,0,0,0,0,0,0,0,0,0,0,0,0,0,0
1376776,1,3,0,0,0,0,0,0,0,3,0,0,0,0,0,0,0,0,0,0,0,0,0,0,0,0,0,0
1376776,1,4,11,9,6,11,3,1,7,9,4,3,7,3,0,0,0,0,0,0,0,0,0,0,0,0,0,0
1376776,2,5,0,0,0,0,0,0,0,1,0,0,1,0,0,0,0,0,0,0,0,0,0,0,0,0,0,0
1376776,2,6,0,0,1,1,0,0,1,0,0,0,0,0,0,0,0,0,0,0,0,0,0,0,0,0,0,0
1376776,3,13,6,3,0,1,0,0,0,0,1,0,0,0,0,0,0,0,0,0,0,0,0,0,0,0,0,0
1378581,1,2,0,0,0,3,0,0,0,1,0,0,1,0,2,2,3,1,1,0,0,0,0,0,0,0,0,0
1378581,1,4,0,1,9,7,5,7,16,8,11,10,14,6,18,16,14,18,16,15,0,0,0,0,0,0,0,0
1378581,2,5,0,0,3,3,1,1,5,4,2,4,2,4,4,7,4,7,4,5,0,0,0,0,0,0,0,0
1378581,2,6,0,0,0,0,0,0,1,0,0,0,1,1,0,0,0,0,0,0,0,0,0,0,0,0,0,0
1378581,3,13,0,0,0,0,0,0,0,1,4,5,0,0,0,0,0,0,1,0,0,0,0,0,0,0,0,0
1383808,1,4,0,0,2,3,4,1,4,3,3,3,4,1,0,0,0,0,0,0,0,0,0,0,0,0,0,0
1383808,3,13,0,0,2,3,4,1,4,3,3,3,4,1,0,0,0,0,0,0,0,0,0,0,0,0,0,0
1386478,1,2,0,0,0,0,0,0,0,0,0,0,0,0,0,0,0,0,2,0,0,0,0,0,0,0,0,0
1386478,1,4,0,0,5,5,3,8,1,4,8,7,6,7,9,6,7,8,7,8,0,0,0,0,0,0,0,0
1392959,1,2,0,0,0,3,2,1,1,3,3,2,1,5,0,0,0,0,0,0,0,0,0,0,0,0,0,0
1392959,1,3,0,0,1,0,0,0,0,0,0,0,0,0,0,0,0,0,0,0,0,0,0,0,0,0,0,0
1392959,1,4,0,0,1,2,0,1,1,2,0,1,0,0,0,0,0,0,0,0,0,0,0,0,0,0,0,0
1392959,3,13,0,0,2,0,0,0,0,0,0,0,0,0,0,0,0,0,0,0,0,0,0,0,0,0,0,0
1395244,1,1,4,2,2,3,2,1,1,1,2,1,0,2,3,0,2,2,1,5,3,8,2,9,1,6,1,2
1395244,1,2,6,7,3,4,2,1,1,1,1,2,0,0,1,1,1,3,2,1,5,3,5,0,3,3,5,3
1395244,1,3,0,1,0,0,0,0,0,0,0,0,0,0,0,0,0,0,0,0,0,0,0,0,0,0,0,0
1395244,1,4,7,16,8,5,6,3,6,2,2,6,4,8,5,9,7,6,6,8,8,10,6,12,10,8,5,3
1395244,2,5,1,0,1,1,0,1,1,0,0,2,2,3,1,3,0,1,3,1,0,0,0,0,0,0,0,0
1395244,2,6,0,0,0,0,0,0,1,0,0,0,0,0,0,0,1,1,0,0,0,0,1,0,1,0,0,0
1395244,3,13,1,0,0,0,0,0,1,1,1,1,0,2,3,0,1,2,0,4,2,7,2,9,1,6,1,2
1406222,1,1,0,0,0,0,0,0,0,0,0,1,0,0,1,0,0,0,0,0,0,0,0,0,0,0,0,0
1406222,1,2,0,0,0,0,0,0,0,0,0,0,2,0,1,3,1,1,6,2,0,0,0,0,0,0,0,0
1406222,1,3,0,0,0,0,1,0,0,0,2,1,3,2,2,1,4,1,1,2,0,0,0,0,0,0,0,0
1406222,1,4,0,0,0,0,2,1,4,1,7,2,4,3,12,0,9,4,12,1,0,0,0,0,0,0,0,0
1406222,2,6,0,0,0,0,0,0,0,0,0,1,0,0,0,0,0,0,0,0,0,0,0,0,0,0,0,0
1406222,3,13,0,0,0,0,0,0,0,0,2,1,2,0,2,0,1,1,2,2,0,0,0,0,0,0,0,0
1406557,1,2,0,0,0,0,0,0,0,0,0,0,0,0,0,4,3,4,3,2,0,4,0,4,6,1,5,4
1406557,1,4,0,0,0,0,0,0,0,0,0,0,0,0,29,24,35,38,39,27,48,35,43,26,45,38,60,55
1406557,2,5,0,0,0,0,0,0,0,0,0,0,0,0,0,1,0,1,0,0,0,1,1,0,0,0,0,0
1406557,3,13,0,0,0,0,0,0,0,0,0,0,0,0,0,0,0,0,0,0,4,0,8,4,7,2,12,11
1408721,1,1,3,1,2,3,3,3,2,1,2,1,2,3,4,1,1,1,3,1,3,1,3,0,0,0,0,0
1408721,1,2,2,2,2,0,1,1,2,0,1,0,0,0,3,1,0,1,1,0,0,0,1,0,0,0,0,0
1408721,1,3,1,0,0,0,0,0,0,0,0,0,0,0,0,0,0,0,0,0,0,0,0,0,0,0,0,0
1408721,1,4,14,19,10,9,15,8,9,9,11,6,4,8,2,4,4,10,5,2,6,9,3,4,0,0,0,0
1408721,2,5,0,0,1,0,2,1,0,1,2,1,0,2,0,0,0,1,0,0,0,3,0,0,0,0,0,0
1408721,2,6,0,1,1,1,0,0,0,0,0,0,0,0,1,0,0,0,0,1,0,0,0,0,0,0,0,0
1408721,3,13,0,0,0,0,0,1,0,0,2,0,2,3,4,0,0,1,3,1,3,1,3,0,0,0,0,0
1411350,1,2,0,0,0,0,0,0,0,0,0,0,0,1,0,0,0,0,0,0,0,0,0,0,0,0,0,0
1411350,1,3,0,0,0,0,1,0,0,0,1,0,0,0,0,0,0,0,0,0,0,0,0,0,0,0,0,0
1411350,1,4,0,0,6,0,2,3,2,5,5,5,3,5,0,0,0,0,0,0,0,0,0,0,0,0,0,0
1411350,2,5,0,0,0,0,0,0,1,0,0,0,0,1,0,0,0,0,0,0,0,0,0,0,0,0,0,0
1411350,3,13,0,0,0,0,0,0,0,0,0,1,0,0,0,0,0,0,0,0,0,0,0,0,0,0,0,0
1411998,1,1,0,0,0,0,0,0,0,0,0,0,0,0,0,2,1,1,2,2,2,1,1,1,0,0,0,0
1411998,1,2,0,0,0,0,0,0,0,0,0,0,0,0,1,3,3,1,4,3,1,2,1,2,0,0,0,0
1411998,1,3,0,0,0,0,0,0,0,0,0,0,0,0,2,1,1,2,0,0,0,0,1,1,0,0,0,0
1411998,1,4,0,0,0,0,0,0,0,0,0,0,0,0,6,12,4,8,11,8,12,11,6,8,0,0,0,0
1411998,3,13,0,0,0,0,0,0,0,0,0,0,0,0,0,2,1,1,2,2,4,2,5,7,0,0,0,0
1418291,1,2,0,0,2,1,2,0,0,0,1,1,4,3,0,0,0,0,0,0,0,0,0,0,0,0,0,0
1418291,1,4,0,0,2,8,3,6,1,1,2,4,5,2,0,0,0,0,0,0,0,0,0,0,0,0,0,0
1426558,1,4,0,0,2,1,0,3,4,1,2,5,3,3,0,0,0,0,0,0,0,0,0,0,0,0,0,0
1426558,3,13,0,0,2,1,0,3,4,1,2,5,3,3,0,0,0,0,0,0,0,0,0,0,0,0,0,0
1428615,1,1,0,0,1,0,0,0,0,0,0,0,0,0,0,0,0,0,0,0,0,0,0,0,0,0,0,0
1428615,1,2,0,0,1,0,0,0,0,0,0,0,0,0,0,0,0,0,0,0,0,0,0,0,0,0,0,0
1428615,1,4,0,0,0,1,1,2,1,0,1,2,1,3,0,0,0,0,0,0,0,0,0,0,0,0,0,0
1428615,2,5,0,0,1,0,0,0,0,0,0,1,0,0,0,0,0,0,0,0,0,0,0,0,0,0,0,0
1428615,3,13,0,0,2,0,1,1,0,0,0,1,0,3,0,0,0,0,0,0,0,0,0,0,0,0,0,0
1429385,1,1,0,0,0,1,0,0,0,0,0,0,0,0,0,0,0,0,0,0,0,0,0,0,0,0,0,0
1429385,1,4,0,0,0,0,1,2,3,3,3,3,0,3,0,0,0,0,0,0,0,0,0,0,0,0,0,0
1429385,2,5,0,0,0,1,1,2,3,3,3,3,0,3,0,0,0,0,0,0,0,0,0,0,0,0,0,0
1429385,3,13,0,0,0,1,1,2,3,3,3,3,0,3,0,0,0,0,0,0,0,0,0,0,0,0,0,0
1434003,1,2,0,0,0,0,0,0,0,0,0,0,0,0,3,1,2,1,0,2,1,2,2,2,0,0,0,0
1434003,1,4,0,0,0,0,0,0,0,0,0,0,0,0,5,5,12,11,13,8,10,10,7,10,0,0,0,0
1434003,3,13,0,0,0,0,0,0,0,0,0,0,0,0,1,0,0,0,0,0,1,0,0,0,0,0,0,0
1436101,1,3,0,0,0,1,0,0,0,0,0,0,0,0,0,0,0,0,0,0,0,0,0,0,0,0,0,0
1436101,1,4,0,0,1,1,0,0,0,2,1,1,1,0,0,0,0,0,0,0,0,0,0,0,0,0,0,0
1436101,3,13,0,0,1,2,0,0,0,2,1,1,1,0,0,0,0,0,0,0,0,0,0,0,0,0,0,0
1436979,1,1,10,12,10,7,0,2,1,0,0,0,0,0,0,0,0,0,0,0,0,0,0,0,0,0,0,0
1436979,1,2,6,4,2,6,2,8,6,2,4,7,3,6,7,5,12,5,8,7,0,0,0,0,0,0,0,0
1436979,1,3,0,1,0,0,0,0,0,0,0,0,1,0,0,0,0,0,0,0,0,0,0,0,0,0,0,0
1436979,1,4,6,5,4,9,21,17,14,27,14,21,19,18,22,22,21,16,27,20,0,0,0,0,0,0,0,0
1436979,2,5,6,5,5,7,6,2,6,12,4,4,7,8,4,9,4,3,8,8,0,0,0,0,0,0,0,0
1436979,2,6,0,0,0,0,0,2,0,0,0,0,0,1,0,1,1,0,1,0,0,0,0,0,0,0,0,0
1436979,3,13,0,0,0,0,0,2,0,1,1,0,0,0,0,0,1,1,0,1,0,0,0,0,0,0,0,0
1440886,1,2,0,0,1,0,1,1,0,0,2,2,0,4,0,0,0,0,0,0,0,0,0,0,0,0,0,0
1440886,1,4,0,0,0,0,0,0,0,0,0,1,1,1,0,0,0,0,0,0,0,0,0,0,0,0,0,0
1440886,3,13,0,0,1,0,1,1,0,0,2,3,1,5,0,0,0,0,0,0,0,0,0,0,0,0,0,0
1444286,1,1,0,0,4,3,2,1,9,4,2,4,7,8,0,0,0,0,0,0,0,0,0,0,0,0,0,0
1444286,1,2,0,0,0,3,0,1,0,3,0,1,2,1,0,0,0,0,0,0,0,0,0,0,0,0,0,0
1444286,3,13,0,0,4,6,2,2,9,7,2,5,9,9,0,0,0,0,0,0,0,0,0,0,0,0,0,0
1446280,1,2,2,0,3,1,1,1,0,0,1,0,1,1,0,1,0,1,1,0,0,0,0,0,0,0,0,0
1446280,1,4,33,30,9,5,10,7,7,8,8,3,8,4,10,7,6,3,3,3,0,0,0,0,0,0,0,0
1446280,2,5,6,6,1,1,4,3,1,3,5,2,2,1,2,3,2,2,0,2,0,0,0,0,0,0,0,0
1452925,1,2,0,0,0,1,0,1,1,1,1,0,0,0,0,0,0,0,0,0,0,0,0,0,0,0,0,0
1452925,1,4,0,0,7,7,4,4,5,7,8,7,5,7,0,0,0,0,0,0,0,0,0,0,0,0,0,0
1452925,3,13,0,0,7,8,0,4,3,2,5,4,0,0,0,0,0,0,0,0,0,0,0,0,0,0,0,0
1460573,1,1,0,0,1,2,0,0,0,0,0,0,0,0,0,0,0,0,0,0,0,0,0,0,0,0,0,0
1460573,1,2,0,0,0,0,1,1,0,1,1,1,2,1,0,0,0,0,0,0,0,0,0,0,0,0,0,0
1460573,1,3,0,0,1,0,0,0,0,0,0,0,0,0,0,0,0,0,0,0,0,0,0,0,0,0,0,0
1460573,1,4,0,0,1,1,4,2,0,3,2,6,2,1,0,0,0,0,0,0,0,0,0,0,0,0,0,0
1463626,1,3,0,0,2,1,1,1,1,0,1,1,0,0,0,0,0,0,0,0,0,0,0,0,0,0,0,0
1463626,1,4,0,0,0,1,2,0,1,3,1,1,1,0,0,0,0,0,0,0,0,0,0,0,0,0,0,0
1463626,3,13,0,0,2,2,3,1,1,3,2,2,1,0,0,0,0,0,0,0,0,0,0,0,0,0,0,0
1463731,1,3,0,0,0,2,1,0,1,0,0,0,2,1,0,0,0,0,0,0,0,0,0,0,0,0,0,0
1463731,1,4,0,0,1,1,1,2,2,1,1,2,1,1,0,0,0,0,0,0,0,0,0,0,0,0,0,0
1471204,1,1,0,0,2,1,0,0,0,0,0,0,0,0,0,0,0,0,0,0,0,0,0,0,0,0,0,0
1471204,1,4,0,0,0,0,4,4,1,1,1,3,1,3,0,0,0,0,0,0,0,0,0,0,0,0,0,0
1471204,3,13,0,0,2,1,4,4,1,0,1,3,1,3,0,0,0,0,0,0,0,0,0,0,0,0,0,0
1484270,1,1,0,0,0,1,0,0,0,0,0,0,1,0,0,0,0,0,0,0,0,0,0,0,0,0,0,0
1484270,1,2,1,1,4,3,1,2,1,0,0,2,0,0,0,0,0,0,0,0,0,0,0,0,0,0,0,0
1484270,1,4,3,3,10,4,4,6,3,2,2,2,6,2,0,0,0,0,0,0,0,0,0,0,0,0,0,0
1484270,2,5,0,0,0,0,0,0,1,0,0,0,0,0,0,0,0,0,0,0,0,0,0,0,0,0,0,0
1484270,3,13,0,0,1,0,0,0,0,0,0,0,0,0,0,0,0,0,0,0,0,0,0,0,0,0,0,0
1485306,1,2,0,0,3,5,4,0,4,2,2,4,4,1,0,0,0,0,0,0,0,0,0,0,0,0,0,0
1485306,1,4,0,0,1,3,4,3,4,6,4,2,5,8,0,0,0,0,0,0,0,0,0,0,0,0,0,0
1485306,3,13,0,0,4,8,8,3,8,8,6,6,8,9,0,0,0,0,0,0,0,0,0,0,0,0,0,0
1488493,1,4,0,0,4,3,3,5,7,9,6,7,6,7,9,1,7,7,3,1,0,0,0,0,0,0,0,0
1488493,2,5,0,0,4,3,3,5,7,9,6,7,6,7,9,1,7,7,3,1,0,0,0,0,0,0,0,0
1488493,3,13,0,0,0,1,0,0,0,0,0,0,0,0,0,0,0,1,0,0,0,0,0,0,0,0,0,0
1493183,1,4,0,0,0,1,0,3,1,2,1,2,1,2,0,0,0,0,0,0,0,0,0,0,0,0,0,0
1498182,1,1,0,0,1,1,0,0,0,0,0,0,0,0,0,0,0,0,0,0,0,0,0,0,0,0,0,0
1498182,1,2,0,0,1,0,1,0,0,1,0,0,0,1,0,0,0,0,0,0,0,0,0,0,0,0,0,0
1498182,1,4,0,0,0,0,1,0,2,2,1,0,0,1,0,0,0,0,0,0,0,0,0,0,0,0,0,0
1507354,1,2,0,0,0,0,0,0,0,0,0,0,0,0,4,3,5,4,2,4,5,2,4,1,0,0,0,0
1507354,1,3,0,0,0,0,0,0,0,0,0,0,0,0,2,1,0,1,3,0,0,0,2,0,0,0,0,0
1507354,1,4,0,0,0,0,0,0,0,0,0,0,0,0,9,12,12,12,13,7,16,14,19,8,0,0,0,0
1507354,2,5,0,0,0,0,0,0,0,0,0,0,0,0,0,3,0,2,2,1,1,2,2,0,0,0,0,0
1507354,2,6,0,0,0,0,0,0,0,0,0,0,0,0,0,1,0,0,0,0,0,0,0,1,0,0,0,0
1507354,3,13,0,0,0,0,0,0,0,0,0,0,0,0,14,16,17,17,18,11,21,16,25,9,0,0,0,0
1508907,1,1,54,45,2,3,0,0,0,0,0,0,0,0,1,1,0,0,0,0,0,1,0,0,0,0,0,0
1508907,1,2,25,18,11,15,6,11,5,6,8,8,4,3,3,2,1,2,1,2,1,2,4,0,0,0,0,0
1508907,1,3,0,0,0,0,0,0,0,0,0,1,0,0,0,0,0,0,0,0,0,0,0,0,0,0,0,0
1508907,1,4,33,38,35,39,17,20,27,26,23,12,16,16,10,18,7,8,8,4,4,6,4,3,0,0,0,0
1508907,2,5,1,3,0,3,0,1,0,0,0,1,2,1,1,2,0,0,0,0,0,1,1,0,0,0,0,0
1508907,3,13,9,9,0,0,0,0,0,0,0,0,0,0,0,0,0,0,0,0,0,0,0,0,0,0,0,0
1508948,1,1,9,4,18,9,14,14,7,6,6,9,14,11,0,0,0,0,0,0,0,0,0,0,0,0,0,0
1508948,1,2,1,1,5,2,6,2,1,2,2,4,4,0,0,0,0,0,0,0,0,0,0,0,0,0,0,0
1508948,1,3,0,0,0,0,0,0,0,1,2,0,0,0,0,0,0,0,0,0,0,0,0,0,0,0,0,0
1508948,1,4,84,78,74,53,40,50,59,42,50,43,39,30,0,0,0,0,0,0,0,0,0,0,0,0,0,0
1508948,2,5,4,8,2,1,3,4,6,1,1,3,4,1,0,0,0,0,0,0,0,0,0,0,0,0,0,0
1508948,2,6,1,0,2,1,0,1,1,2,2,2,1,1,0,0,0,0,0,0,0,0,0,0,0,0,0,0
1508948,3,13,0,0,1,0,1,5,4,1,4,2,7,8,0,0,0,0,0,0,0,0,0,0,0,0,0,0
1509056,1,2,0,0,0,1,0,0,1,3,0,0,0,0,0,0,0,0,0,0,0,0,0,0,0,0,0,0
1509056,1,4,0,0,0,2,0,2,0,1,0,3,1,3,0,0,0,0,0,0,0,0,0,0,0,0,0,0
1509056,3,13,0,0,0,3,0,2,1,4,0,3,1,3,0,0,0,0,0,0,0,0,0,0,0,0,0,0
1512635,1,2,0,0,1,0,0,0,1,1,0,0,2,0,0,0,0,0,0,0,0,0,0,0,0,0,0,0
1512635,1,4,0,0,0,1,0,0,1,0,1,1,1,1,0,0,0,0,0,0,0,0,0,0,0,0,0,0
1512635,2,5,0,0,0,1,0,0,0,0,0,0,0,0,0,0,0,0,0,0,0,0,0,0,0,0,0,0
1512635,3,13,0,0,1,1,0,0,1,1,1,1,3,1,0,0,0,0,0,0,0,0,0,0,0,0,0,0
1512701,1,1,0,0,1,0,0,0,0,0,1,0,0,0,0,0,0,0,0,0,0,0,1,0,0,0,0,0
1512701,1,2,2,3,4,2,0,1,3,0,0,2,2,0,1,1,1,1,1,3,1,2,1,2,2,4,2,0
1512701,1,4,74,43,34,24,31,24,24,21,41,22,34,24,45,26,37,14,45,23,35,25,31,16,34,18,41,21
1512701,2,5,0,0,1,0,1,1,1,1,0,1,3,0,3,1,2,0,2,0,2,2,1,0,0,0,0,0
1512701,2,6,0,0,0,0,0,0,0,0,0,0,0,0,0,0,0,0,0,1,0,0,0,0,0,0,0,0
1512701,3,13,58,37,39,26,31,24,26,21,41,22,36,23,41,23,38,15,46,26,36,27,33,18,36,22,43,21
1513086,1,4,0,0,1,4,3,3,3,3,0,2,6,2,0,0,0,0,0,0,0,0,0,0,0,0,0,0
1513086,3,13,0,0,1,4,3,3,3,3,0,2,6,2,0,0,0,0,0,0,0,0,0,0,0,0,0,0
1515022,1,2,0,0,0,0,2,0,0,0,0,0,0,1,0,0,0,0,0,0,0,0,0,0,0,0,0,0
1515022,1,4,0,0,4,2,4,3,5,2,4,1,6,5,0,0,0,0,0,0,0,0,0,0,0,0,0,0
1515022,3,13,0,0,2,1,0,0,0,0,0,0,0,1,0,0,0,0,0,0,0,0,0,0,0,0,0,0
1518665,1,4,0,0,2,0,4,1,2,1,1,2,3,1,0,0,0,0,0,0,0,0,0,0,0,0,0,0
1518665,3,13,0,0,1,0,0,0,0,0,1,2,1,1,0,0,0,0,0,0,0,0,0,0,0,0,0,0
1531258,1,3,0,0,1,0,1,1,2,2,0,2,2,3,0,0,0,0,0,0,0,0,0,0,0,0,0,0
1536380,1,1,0,0,1,0,0,0,0,0,0,0,0,0,0,0,0,0,0,0,0,0,0,0,0,0,0,0
1536380,1,3,0,0,2,1,0,3,1,0,4,4,1,0,0,0,0,0,0,0,0,0,0,0,0,0,0,0
1536380,1,4,0,0,4,4,6,9,4,6,5,4,9,4,0,0,0,0,0,0,0,0,0,0,0,0,0,0
1536380,2,6,0,0,0,0,0,1,0,0,0,0,0,0,0,0,0,0,0,0,0,0,0,0,0,0,0,0
1536380,3,13,0,0,2,0,5,10,1,3,9,8,10,4,0,0,0,0,0,0,0,0,0,0,0,0,0,0
1540619,1,2,0,0,1,0,1,2,1,0,1,0,6,3,0,0,0,0,0,0,0,0,0,0,0,0,0,0
1540619,1,4,0,0,1,5,4,0,2,2,3,2,6,1,0,0,0,0,0,0,0,0,0,0,0,0,0,0
1540619,3,13,0,0,2,5,5,2,3,2,4,2,12,4,0,0,0,0,0,0,0,0,0,0,0,0,0,0
1543902,1,1,0,0,1,2,0,0,0,0,0,0,0,0,0,0,0,0,0,0,0,0,0,0,0,0,0,0
1543902,1,2,0,0,0,0,0,0,0,0,0,1,0,0,0,0,0,0,0,0,0,0,0,0,0,0,0,0
1543902,1,4,0,0,1,0,2,1,1,6,4,4,2,4,0,0,0,0,0,0,0,0,0,0,0,0,0,0
1543902,3,13,0,0,2,2,2,1,1,6,4,5,2,4,0,0,0,0,0,0,0,0,0,0,0,0,0,0
1548431,1,1,0,0,0,0,0,1,0,1,4,0,1,1,0,0,0,0,0,0,0,0,0,0,0,0,0,0
1548431,1,2,0,0,8,3,8,7,5,7,3,5,5,6,0,0,0,0,0,0,0,0,0,0,0,0,0,0
1548431,1,3,0,0,0,1,0,0,0,0,0,0,0,0,0,0,0,0,0,0,0,0,0,0,0,0,0,0
1548431,1,4,0,0,10,15,11,13,14,13,30,10,15,14,0,0,0,0,0,0,0,0,0,0,0,0,0,0
1548431,2,5,0,0,3,1,2,3,0,3,7,1,0,4,0,0,0,0,0,0,0,0,0,0,0,0,0,0
1548431,2,6,0,0,0,0,1,0,3,0,2,0,2,0,0,0,0,0,0,0,0,0,0,0,0,0,0,0
1548431,3,13,0,0,3,5,1,1,1,0,3,0,2,1,0,0,0,0,0,0,0,0,0,0,0,0,0,0
1552695,1,2,0,0,0,0,0,0,0,0,0,0,0,1,0,0,0,0,0,0,0,0,0,0,0,0,0,0
1552695,1,4,0,0,1,1,1,3,6,5,4,5,5,4,8,8,10,9,11,6,0,0,0,0,0,0,0,0
1552695,3,13,0,0,1,1,1,3,5,5,3,5,4,4,7,8,10,9,11,6,0,0,0,0,0,0,0,0
1569666,1,2,0,0,1,0,0,1,1,0,4,0,0,2,0,0,0,0,0,0,0,0,0,0,0,0,0,0
1569666,1,4,0,0,4,6,13,9,10,9,16,19,10,11,0,0,0,0,0,0,0,0,0,0,0,0,0,0
1569666,2,5,0,0,0,0,1,0,0,0,0,0,0,0,0,0,0,0,0,0,0,0,0,0,0,0,0,0
1569666,3,13,0,0,5,6,13,10,11,9,20,19,10,13,0,0,0,0,0,0,0,0,0,0,0,0,0,0
1587516,1,4,0,0,1,2,2,1,2,3,0,1,0,1,0,0,0,0,0,0,0,0,0,0,0,0,0,0
1587516,3,13,0,0,1,2,2,1,2,3,0,1,0,1,0,0,0,0,0,0,0,0,0,0,0,0,0,0
1590579,1,1,0,0,0,0,0,0,0,0,0,0,0,0,0,1,0,1,0,5,0,4,0,1,0,3,0,6
1590579,1,2,0,0,0,0,0,0,0,0,0,0,0,0,0,13,0,20,0,14,0,38,0,37,0,47,0,47
1590579,1,3,0,0,0,0,0,0,0,0,0,0,0,0,0,0,0,0,0,0,0,1,0,1,0,1,0,1
1590579,1,4,0,0,0,0,0,0,0,0,0,0,0,0,0,92,0,109,0,112,0,256,0,247,0,389,0,336
1590579,2,5,0,0,0,0,0,0,0,0,0,0,0,0,0,10,0,14,0,15,0,13,0,11,0,20,0,9
1590579,2,6,0,0,0,0,0,0,0,0,0,0,0,0,0,2,0,2,0,5,0,0,0,3,0,3,0,4
1590579,3,13,0,0,0,0,0,0,0,0,0,0,0,0,0,5,0,4,0,8,0,23,0,28,0,24,0,45
1593724,1,1,0,0,0,0,0,0,0,0,0,0,0,1,0,0,0,0,0,0,0,0,0,0,0,0,0,0
1593724,1,2,0,0,0,0,0,0,1,0,0,1,1,0,0,0,0,0,0,0,0,0,0,0,0,0,0,0
1593724,1,4,0,0,15,10,19,16,11,7,10,9,9,16,0,0,0,0,0,0,0,0,0,0,0,0,0,0
1593724,3,13,0,0,13,9,17,16,12,7,10,10,10,17,0,0,0,0,0,0,0,0,0,0,0,0,0,0
1593807,1,3,0,0,3,2,0,1,0,1,1,2,1,0,0,0,0,0,0,1,0,0,0,0,0,0,0,0
1593807,1,4,0,0,13,8,11,9,10,10,6,12,7,6,10,10,7,9,15,15,0,0,0,0,0,0,0,0
1593807,3,13,0,0,16,10,11,10,10,11,7,13,8,6,10,10,7,8,14,15,0,0,0,0,0,0,0,0
1599904,1,1,0,0,0,0,0,0,1,0,0,0,0,0,0,0,0,0,0,0,0,0,0,0,0,0,0,0
1599904,1,2,7,4,2,2,5,1,0,1,2,1,0,0,0,0,0,0,0,0,0,0,0,0,0,0,0,0
1599904,1,4,51,42,32,19,17,18,15,9,6,4,4,10,0,0,0,0,0,0,0,0,0,0,0,0,0,0
1599904,2,5,2,0,2,0,0,1,3,3,1,0,1,1,0,0,0,0,0,0,0,0,0,0,0,0,0,0
1599904,2,6,1,0,0,0,0,0,0,0,0,1,0,0,0,0,0,0,0,0,0,0,0,0,0,0,0,0
1599904,3,13,28,21,0,1,0,0,0,0,0,0,0,0,0,0,0,0,0,0,0,0,0,0,0,0,0,0
1605680,1,2,0,0,1,0,0,0,2,0,1,1,0,0,0,0,0,0,0,0,0,0,0,0,0,0,0,0
1605680,1,3,0,0,1,0,0,0,0,0,0,0,0,0,0,0,0,0,0,0,0,0,0,0,0,0,0,0
1605680,1,4,0,0,2,3,3,1,3,3,2,1,4,3,0,0,0,0,0,0,0,0,0,0,0,0,0,0
1605680,3,13,0,0,1,1,3,1,5,2,2,2,4,2,0,0,0,0,0,0,0,0,0,0,0,0,0,0
1607185,1,1,0,0,0,2,0,1,0,0,0,0,0,0,0,0,0,0,0,0,0,0,0,0,0,0,0,0
1607185,1,2,0,0,2,1,4,1,0,1,0,2,0,2,0,0,0,0,0,0,0,0,0,0,0,0,0,0
1607185,1,4,0,0,4,5,6,3,1,3,6,5,3,10,0,0,0,0,0,0,0,0,0,0,0,0,0,0
1607185,2,5,0,0,0,0,0,0,0,0,0,0,0,1,0,0,0,0,0,0,0,0,0,0,0,0,0,0
1607185,3,13,0,0,1,1,0,0,0,0,0,0,0,0,0,0,0,0,0,0,0,0,0,0,0,0,0,0
1609974,1,1,0,0,0,0,1,0,0,0,0,0,0,0,0,0,2,1,0,0,0,0,0,0,0,0,0,0
1609974,1,2,0,0,0,2,0,0,0,0,3,0,0,2,1,2,1,0,0,2,0,0,0,0,0,0,0,0
1609974,1,4,0,0,1,0,4,0,2,1,5,4,5,1,6,6,5,3,6,9,0,0,0,0,0,0,0,0
1609974,2,5,0,0,0,0,0,0,0,0,0,0,1,0,0,0,0,0,0,0,0,0,0,0,0,0,0,0
1609974,2,6,0,0,0,0,1,0,1,0,0,0,0,0,0,0,0,0,0,0,0,0,0,0,0,0,0,0
1609974,3,13,0,0,0,0,0,0,0,0,1,0,0,0,3,3,1,0,2,0,0,0,0,0,0,0,0,0
1623074,1,2,0,0,1,0,0,1,0,0,0,0,0,0,0,0,0,0,0,0,0,0,0,0,0,0,0,0
1623074,1,4,0,0,3,2,2,4,6,2,6,6,0,4,0,0,0,0,0,0,0,0,0,0,0,0,0,0
1623074,3,13,0,0,1,2,1,5,5,1,6,5,0,3,0,0,0,0,0,0,0,0,0,0,0,0,0,0
1624201,1,2,10,8,7,7,2,3,7,5,4,6,4,1,4,12,8,4,5,5,0,0,0,0,0,0,0,0
1624201,1,3,0,0,0,0,0,0,1,0,0,0,2,0,1,1,0,0,1,1,0,0,0,0,0,0,0,0
1624201,1,4,8,5,4,2,3,2,2,3,1,3,4,4,2,3,5,3,1,1,0,0,0,0,0,0,0,0
1624201,2,5,0,0,1,0,0,0,0,0,0,0,0,0,0,0,0,0,0,0,0,0,0,0,0,0,0,0
1624201,3,13,18,13,11,9,5,5,10,8,4,9,10,5,7,16,13,7,7,7,0,0,0,0,0,0,0,0
1637006,1,2,0,0,0,0,0,0,0,0,1,0,2,0,0,0,0,0,0,0,0,0,0,0,0,0,0,0
1637006,1,4,0,0,2,0,2,2,3,3,0,4,2,1,0,0,0,0,0,0,0,0,0,0,0,0,0,0
1643342,1,2,0,0,4,2,2,3,2,11,4,5,4,8,0,0,0,0,0,0,0,0,0,0,0,0,0,0
1643342,3,13,0,0,0,1,0,0,0,0,2,3,4,5,0,0,0,0,0,0,0,0,0,0,0,0,0,0
1645218,1,4,0,0,6,2,3,3,0,4,3,0,5,7,0,0,0,0,0,0,0,0,0,0,0,0,0,0
1645218,2,5,0,0,0,0,0,2,0,0,2,0,1,2,0,0,0,0,0,0,0,0,0,0,0,0,0,0
1645218,3,13,0,0,0,0,1,0,0,3,1,0,2,3,0,0,0,0,0,0,0,0,0,0,0,0,0,0
1645222,1,2,0,0,0,0,0,1,1,0,0,1,1,0,0,0,0,0,0,0,0,0,0,0,0,0,0,0
1645222,1,4,0,0,3,2,2,2,1,2,1,0,2,5,0,0,0,0,0,0,0,0,0,0,0,0,0,0
1645222,2,5,0,0,0,0,0,0,0,0,0,0,1,0,0,0,0,0,0,0,0,0,0,0,0,0,0,0
1653827,1,1,0,0,0,0,1,0,1,0,0,0,0,0,0,0,0,0,0,0,0,0,0,0,0,0,0,0
1653827,1,2,0,0,1,0,0,0,0,1,0,0,0,0,0,0,0,0,0,0,0,0,0,0,0,0,0,0
1653827,1,4,0,0,4,3,9,3,5,3,7,8,9,5,0,0,0,0,0,0,0,0,0,0,0,0,0,0
1653827,3,13,0,0,5,3,10,3,6,4,7,8,9,5,0,0,0,0,0,0,0,0,0,0,0,0,0,0
1654525,1,2,0,0,0,2,0,1,0,1,1,0,0,0,0,0,0,0,0,0,0,0,0,0,0,0,0,0
1654525,1,3,0,0,0,0,1,0,0,0,0,0,0,0,0,0,0,0,0,0,0,0,0,0,0,0,0,0
1654525,1,4,0,0,2,5,1,1,2,1,5,2,2,1,0,0,0,0,0,0,0,0,0,0,0,0,0,0
1654525,3,13,0,0,2,7,2,2,2,2,6,2,2,1,0,0,0,0,0,0,0,0,0,0,0,0,0,0
1655615,1,2,0,0,0,0,0,0,0,1,0,0,0,2,0,0,0,1,0,0,0,0,0,0,0,0,0,0
1655615,1,3,0,0,1,0,2,2,0,0,4,0,0,1,3,0,0,1,0,0,0,0,0,0,0,0,0,0
1655615,1,4,0,0,1,0,3,3,0,1,1,2,2,4,1,3,3,2,4,2,0,0,0,0,0,0,0,0
1655615,3,13,0,0,2,0,0,0,0,0,0,0,0,0,0,0,0,0,0,0,0,0,0,0,0,0,0,0
1667297,1,1,0,0,0,0,0,1,0,0,1,0,0,0,0,0,0,0,0,0,0,0,0,0,0,0,0,0
1667297,1,2,0,0,3,4,6,4,9,0,10,1,4,4,0,0,0,0,0,0,0,0,0,0,0,0,0,0
1667297,1,3,0,0,1,0,0,0,0,0,0,0,0,0,0,0,0,0,0,0,0,0,0,0,0,0,0,0
1667297,1,4,0,0,16,18,10,28,11,25,16,9,17,18,0,0,0,0,0,0,0,0,0,0,0,0,0,0
1667297,2,5,0,0,3,3,1,8,3,9,5,2,3,5,0,0,0,0,0,0,0,0,0,0,0,0,0,0
1667297,2,6,0,0,0,2,1,1,1,0,0,0,1,1,0,0,0,0,0,0,0,0,0,0,0,0,0,0
1667297,3,13,0,0,20,22,16,33,15,16,25,9,21,22,0,0,0,0,0,0,0,0,0,0,0,0,0,0
1673345,1,1,12,15,0,0,0,1,0,0,0,0,2,0,0,0,0,3,0,0,0,0,0,1,0,0,0,0
1673345,1,2,1,1,0,1,0,2,0,1,0,1,1,0,0,1,0,2,1,1,0,0,1,2,0,0,0,0
1673345,1,4,6,5,9,7,3,4,3,7,4,7,7,8,6,6,4,6,1,8,3,5,2,6,0,0,0,0
1673345,2,5,5,3,3,1,0,1,1,1,0,1,1,2,2,1,0,3,0,1,1,1,0,2,0,0,0,0
1673345,2,6,0,0,0,0,0,0,0,0,0,0,0,0,0,0,0,1,0,0,0,0,0,0,0,0,0,0
1673345,3,13,0,0,0,0,0,0,0,0,0,0,1,0,0,0,0,1,0,0,0,0,0,1,0,0,0,0
1676820,1,1,0,0,1,0,0,0,0,0,0,0,0,0,0,0,0,0,0,0,0,0,0,0,0,0,0,0
1676820,1,2,0,0,2,2,1,7,3,5,2,3,3,2,0,0,0,0,0,0,0,0,0,0,0,0,0,0
1676820,1,4,0,0,1,0,2,2,1,3,0,3,4,1,0,0,0,0,0,0,0,0,0,0,0,0,0,0
1676820,2,5,0,0,0,0,0,0,1,0,0,1,0,0,0,0,0,0,0,0,0,0,0,0,0,0,0,0
1678634,1,1,4,0,1,0,0,0,2,1,2,1,0,1,3,0,2,1,3,2,1,1,0,1,2,2,4,0
1678634,1,2,15,16,9,6,11,6,10,8,11,8,17,8,9,7,11,7,16,11,15,17,14,7,8,12,7,8
1678634,1,3,0,0,0,0,0,2,0,0,1,0,0,0,1,0,2,0,4,1,0,0,2,0,1,0,0,0
1678634,1,4,76,44,54,32,50,30,46,31,41,26,49,40,54,35,63,33,66,29,58,28,76,36,52,58,57,31
1678634,2,5,0,0,0,1,1,1,2,0,1,1,4,2,3,0,3,1,1,1,1,2,2,0,0,1,2,2
1678634,2,6,0,0,0,3,0,0,0,3,1,0,1,1,0,0,0,2,0,2,0,0,1,1,2,2,0,0
1678634,3,13,0,0,1,0,0,0,1,0,0,2,0,0,1,0,0,0,2,1,2,1,0,1,2,2,2,0
1679866,1,1,0,0,2,0,0,0,0,0,1,0,0,0,0,0,0,0,0,0,0,0,0,0,0,0,0,0
1679866,1,2,0,0,0,0,0,0,0,0,1,0,0,0,0,0,0,0,0,0,0,0,0,0,0,0,0,0
1679866,1,4,0,0,1,0,2,1,1,1,0,2,1,0,0,0,0,0,0,0,0,0,0,0,0,0,0,0
1679866,2,5,0,0,1,0,0,0,1,1,0,0,0,0,0,0,0,0,0,0,0,0,0,0,0,0,0,0
1679866,2,7,0,0,0,0,0,0,0,0,0,1,0,0,0,0,0,0,0,0,0,0,0,0,0,0,0,0
1679866,3,13,0,0,0,0,2,1,1,0,0,1,1,0,0,0,0,0,0,0,0,0,0,0,0,0,0,0
1683402,1,2,0,0,0,0,0,0,0,0,0,0,1,0,0,0,0,0,0,0,0,0,0,0,0,0,0,0
1683402,1,4,0,0,4,3,4,3,2,5,3,3,6,6,0,0,0,0,0,0,0,0,0,0,0,0,0,0
1683402,3,13,0,0,4,3,4,3,2,5,3,3,7,6,0,0,0,0,0,0,0,0,0,0,0,0,0,0
1685564,1,1,0,0,0,2,0,0,0,0,0,0,0,0,0,0,0,0,0,0,0,0,0,0,0,0,0,0
1685564,1,2,0,0,2,1,2,2,2,2,1,1,3,5,0,0,0,0,0,0,0,0,0,0,0,0,0,0
1685564,1,3,0,0,0,0,0,0,0,0,0,1,0,0,0,0,0,0,0,0,0,0,0,0,0,0,0,0
1685564,1,4,0,0,0,1,2,4,0,1,5,1,2,2,0,0,0,0,0,0,0,0,0,0,0,0,0,0
1685564,2,5,0,0,0,1,0,0,0,0,0,0,0,0,0,0,0,0,0,0,0,0,0,0,0,0,0,0
1686012,1,2,0,0,6,1,1,2,3,1,4,3,2,0,0,0,0,0,0,0,0,0,0,0,0,0,0,0
1686012,1,3,0,0,1,0,1,1,3,0,0,0,1,1,0,0,0,0,0,0,0,0,0,0,0,0,0,0
1686012,1,4,0,0,5,0,1,0,2,0,3,2,2,1,0,0,0,0,0,0,0,0,0,0,0,0,0,0
1686012,3,13,0,0,9,1,1,0,0,0,0,0,0,0,0,0,0,0,0,0,0,0,0,0,0,0,0,0
1691317,1,4,0,0,2,4,2,1,3,2,4,7,7,8,0,0,0,0,0,0,0,0,0,0,0,0,0,0
1694174,1,1,0,0,4,2,0,0,0,0,0,0,0,0,0,0,0,0,0,0,0,0,0,0,0,0,0,0
1694174,1,4,0,0,0,0,4,1,3,8,4,5,4,4,0,0,0,0,0,0,0,0,0,0,0,0,0,0
1694174,2,5,0,0,4,2,4,1,3,8,4,5,4,4,0,0,0,0,0,0,0,0,0,0,0,0,0,0
1700888,1,1,0,0,0,0,0,0,0,0,0,0,0,0,0,0,0,0,4,0,7,2,2,6,9,8,7,7
1700888,1,2,0,0,0,0,0,0,0,0,0,0,0,0,0,0,0,0,0,2,2,0,2,2,2,3,4,4
1700888,1,3,0,0,0,0,0,0,0,0,0,0,0,0,0,0,0,0,0,0,0,0,0,0,1,0,0,0
1700888,1,4,0,0,0,0,0,0,0,0,0,0,0,0,0,0,0,0,19,11,22,5,21,16,19,22,38,20
1700888,2,5,0,0,0,0,0,0,0,0,0,0,0,0,0,0,0,0,1,3,0,1,0,0,0,2,5,1
1700888,2,6,0,0,0,0,0,0,0,0,0,0,0,0,0,0,0,0,0,0,0,0,0,1,2,0,2,0
1700888,3,13,0,0,0,0,0,0,0,0,0,0,0,0,0,0,0,0,1,1,0,1,3,5,1,2,1,1
1704339,1,2,0,0,1,1,2,1,0,4,6,2,2,3,0,0,0,0,0,0,0,0,0,0,0,0,0,0
1704339,1,4,0,0,0,0,0,0,0,0,0,1,0,0,0,0,0,0,0,0,0,0,0,0,0,0,0,0
1704339,2,5,0,0,0,0,0,0,0,0,0,1,0,0,0,0,0,0,0,0,0,0,0,0,0,0,0,0
1711664,1,1,0,0,0,0,0,0,0,0,0,0,0,0,1,0,0,0,0,0,3,1,0,1,0,0,0,0
1711664,1,2,0,0,0,0,0,0,0,0,0,0,0,0,0,1,0,0,1,0,2,3,6,1,0,0,0,0
1711664,1,3,0,0,0,0,0,0,0,0,0,0,0,0,0,0,0,0,0,1,1,0,0,0,0,0,0,0
1711664,1,4,0,0,0,0,0,0,0,0,0,0,0,0,2,2,3,4,1,3,23,10,19,11,0,0,0,0
1711664,2,5,0,0,0,0,0,0,0,0,0,0,0,0,1,0,1,2,1,0,1,3,2,2,0,0,0,0
1711664,3,13,0,0,0,0,0,0,0,0,0,0,0,0,3,2,2,3,2,2,25,14,25,13,0,0,0,0
1713450,1,1,0,0,0,0,1,0,0,0,0,0,0,0,0,0,0,0,0,0,0,0,0,0,0,0,0,0
1713450,1,3,0,0,0,0,0,0,0,0,1,0,0,1,0,0,0,0,0,0,0,0,0,0,0,0,0,0
1713450,1,4,0,0,0,0,0,0,0,0,0,1,0,1,0,0,0,0,0,0,0,0,0,0,0,0,0,0
1713450,3,13,0,0,0,0,1,0,0,0,1,1,0,2,0,0,0,0,0,0,0,0,0,0,0,0,0,0
1720505,1,2,0,1,0,0,0,1,0,0,0,0,0,0,0,0,0,0,0,0,0,0,0,0,0,0,0,0
1720505,1,4,10,5,5,0,4,2,1,1,2,0,1,0,0,0,0,0,0,0,0,0,0,0,0,0,0,0
1720505,2,5,2,2,0,0,1,0,0,1,2,0,0,0,0,0,0,0,0,0,0,0,0,0,0,0,0,0
1729768,1,1,0,0,0,0,0,0,1,0,0,0,0,0,0,0,0,0,0,0,0,0,0,0,0,0,0,0
1729768,1,4,0,0,2,8,5,4,3,14,3,8,1,7,1,10,0,7,1,6,0,0,0,0,0,0,0,0
1729768,2,5,0,0,2,8,5,4,4,14,3,8,1,7,1,10,0,7,1,6,0,0,0,0,0,0,0,0
1729768,3,13,0,0,2,8,5,4,3,14,3,8,1,7,1,10,0,7,0,6,0,0,0,0,0,0,0,0
1732748,1,1,0,0,0,0,2,0,0,0,0,1,1,1,0,0,0,0,0,0,0,0,0,0,0,0,0,0
1732748,1,2,0,0,0,1,0,1,0,0,1,0,0,0,0,0,0,0,0,0,0,0,0,0,0,0,0,0
1732748,1,4,0,0,2,1,1,1,0,1,1,0,2,1,0,0,0,0,0,0,0,0,0,0,0,0,0,0
1732748,2,5,0,0,1,1,0,0,0,0,0,0,1,1,0,0,0,0,0,0,0,0,0,0,0,0,0,0
1732748,3,13,0,0,2,2,1,1,0,1,2,1,2,2,0,0,0,0,0,0,0,0,0,0,0,0,0,0
1733339,1,1,0,0,3,2,0,0,0,0,0,0,0,0,0,0,0,0,0,0,0,0,0,0,0,0,0,0
1733339,1,2,0,0,0,0,0,0,0,2,0,0,0,1,0,0,0,0,0,0,0,0,0,0,0,0,0,0
1733339,1,4,0,0,0,0,1,3,5,2,5,2,3,3,0,0,0,0,0,0,0,0,0,0,0,0,0,0
1737959,1,1,0,0,0,1,0,0,0,1,0,1,0,1,0,0,0,0,0,0,0,0,0,0,0,0,0,0
1737959,1,2,0,0,4,0,1,3,2,2,2,4,1,1,0,0,0,0,0,0,0,0,0,0,0,0,0,0
1737959,1,3,0,0,0,0,1,0,0,0,0,0,0,0,0,0,0,0,0,0,0,0,0,0,0,0,0,0
1737959,1,4,0,0,1,1,0,1,1,0,1,0,1,0,0,0,0,0,0,0,0,0,0,0,0,0,0,0
1737959,3,13,0,0,5,2,1,4,3,3,3,5,2,2,0,0,0,0,0,0,0,0,0,0,0,0,0,0
1738829,1,4,0,0,0,0,0,0,2,1,0,0,2,1,0,0,0,0,0,0,0,0,0,0,0,0,0,0
1738829,3,13,0,0,0,0,0,0,2,1,0,0,2,1,0,0,0,0,0,0,0,0,0,0,0,0,0,0
1739518,1,2,0,0,0,0,0,0,0,0,0,0,0,0,0,2,0,3,0,4,0,0,0,0,0,0,0,0
1739518,1,3,0,0,0,0,0,0,0,0,0,0,0,0,0,2,0,4,0,7,0,0,0,0,0,0,0,0
1739518,1,4,0,0,0,0,0,0,0,0,0,0,0,0,0,17,0,37,0,27,0,0,0,0,0,0,0,0
1739518,2,5,0,0,0,0,0,0,0,0,0,0,0,0,0,0,0,1,0,0,0,0,0,0,0,0,0,0
1739518,2,6,0,0,0,0,0,0,0,0,0,0,0,0,0,1,0,1,0,0,0,0,0,0,0,0,0,0
1739518,3,13,0,0,0,0,0,0,0,0,0,0,0,0,0,4,0,1,0,2,0,0,0,0,0,0,0,0
1743821,1,4,0,0,0,0,0,0,0,0,0,0,0,0,10,4,10,11,15,15,17,13,10,8,0,0,0,0
1743821,3,13,0,0,0,0,0,0,0,0,0,0,0,0,1,1,1,0,0,0,0,1,1,0,0,0,0,0
1744618,1,4,0,0,4,7,12,2,4,5,6,3,12,3,0,0,0,0,0,0,0,0,0,0,0,0,0,0
1744618,3,13,0,0,4,7,10,1,4,5,6,3,12,3,0,0,0,0,0,0,0,0,0,0,0,0,0,0
1745729,1,4,0,0,6,4,1,2,4,5,4,8,1,4,0,0,0,0,0,0,0,0,0,0,0,0,0,0
1747492,1,3,0,0,0,1,0,1,2,1,0,0,0,2,0,0,0,0,0,0,0,0,0,0,0,0,0,0
1747492,1,4,0,0,5,3,3,0,2,3,3,2,4,4,0,0,0,0,0,0,0,0,0,0,0,0,0,0
1758805,1,1,68,63,0,0,1,0,0,0,0,0,0,1,1,1,0,0,0,4,1,1,7,0,5,1,3,1
1758805,1,2,48,38,23,25,25,10,14,23,19,20,31,16,30,22,32,16,26,22,25,23,32,18,35,24,24,19
1758805,1,3,0,2,0,1,0,0,0,0,0,0,0,0,0,0,2,1,4,1,1,1,3,2,2,1,2,0
1758805,1,4,128,113,111,104,109,55,86,60,99,70,103,91,110,77,129,72,162,95,155,74,155,105,144,91,143,115
1758805,2,5,7,3,4,5,11,3,2,0,2,2,4,4,3,4,7,4,7,2,5,1,5,4,5,3,3,5
1758805,2,6,1,0,0,0,0,0,0,0,0,0,0,0,1,0,0,0,0,0,2,1,0,1,0,2,0,4
1758805,3,13,1,0,0,0,0,1,0,0,0,0,0,0,0,1,0,0,1,1,2,0,0,1,3,1,3,0
1762476,1,4,0,0,2,4,0,1,5,2,3,7,5,5,0,0,0,0,0,0,0,0,0,0,0,0,0,0
1762476,2,5,0,0,1,0,0,0,0,0,0,0,0,0,0,0,0,0,0,0,0,0,0,0,0,0,0,0
1762476,3,13,0,0,2,4,0,1,5,2,3,7,5,5,0,0,0,0,0,0,0,0,0,0,0,0,0,0
1767960,1,1,7,5,0,1,2,0,0,1,1,1,2,0,2,1,0,3,0,2,0,0,0,0,0,0,0,0
1767960,1,2,0,0,0,0,2,0,3,2,1,0,1,1,1,0,1,0,2,0,0,0,0,0,0,0,0,0
1767960,1,4,1,1,6,4,6,4,5,5,4,6,3,3,3,5,1,2,6,3,0,0,0,0,0,0,0,0
1767960,2,5,0,0,0,0,0,0,0,0,0,1,1,0,0,0,0,0,0,0,0,0,0,0,0,0,0,0
1767960,2,6,0,0,0,0,0,0,0,0,0,0,0,1,0,0,0,0,0,0,0,0,0,0,0,0,0,0
1767960,3,13,4,5,0,1,2,1,1,1,1,1,2,0,2,1,0,3,0,2,0,0,0,0,0,0,0,0
1775688,1,2,0,0,0,0,0,0,0,0,0,0,0,0,3,2,1,1,0,0,0,2,0,3,0,0,0,0
1775688,1,3,0,0,0,0,0,0,0,0,0,0,0,0,2,0,0,1,0,0,0,0,0,0,0,0,0,0
1775688,1,4,0,0,0,0,0,0,0,0,0,0,0,0,12,13,23,19,22,28,18,17,23,24,0,0,0,0
1775688,2,5,0,0,0,0,0,0,0,0,0,0,0,0,10,5,11,11,16,14,9,7,16,10,0,0,0,0
1775688,3,13,0,0,0,0,0,0,0,0,0,0,0,0,0,0,0,0,0,0,9,8,2,6,0,0,0,0
1780330,1,2,0,0,3,1,6,3,5,4,4,2,6,3,0,0,0,0,0,0,0,0,0,0,0,0,0,0
1780330,3,13,0,0,2,1,5,3,5,4,4,2,6,3,0,0,0,0,0,0,0,0,0,0,0,0,0,0
1781539,1,4,0,0,3,7,3,3,1,5,4,1,2,5,0,0,0,0,0,0,0,0,0,0,0,0,0,0
1781933,1,2,1,1,1,0,0,0,0,0,0,1,0,0,0,0,0,0,0,0,0,0,0,0,0,0,0,0
1781933,1,4,14,6,4,8,1,1,0,1,3,0,0,0,0,0,0,0,0,0,0,0,0,0,0,0,0,0
1781933,3,13,1,0,0,0,0,0,0,0,0,0,0,0,0,0,0,0,0,0,0,0,0,0,0,0,0,0
1787487,1,1,0,0,1,0,0,0,0,0,0,0,0,0,0,0,0,0,0,0,0,0,0,0,0,0,0,0
1787487,1,2,0,1,0,0,0,0,0,0,0,0,0,0,0,0,0,0,0,0,0,0,0,0,0,0,0,0
1787487,1,4,10,9,5,2,4,4,1,1,1,1,2,2,0,0,0,0,0,0,0,0,0,0,0,0,0,0
1787487,2,5,1,1,0,0,0,0,0,0,0,0,0,0,0,0,0,0,0,0,0,0,0,0,0,0,0,0
1787487,2,6,0,0,0,0,0,0,0,0,0,0,0,1,0,0,0,0,0,0,0,0,0,0,0,0,0,0
1801518,1,4,0,0,4,1,3,6,7,2,2,5,5,4,0,0,0,0,0,0,0,0,0,0,0,0,0,0
1809547,1,1,0,0,0,0,0,0,0,0,1,0,0,0,0,0,0,0,0,0,0,0,0,0,0,0,0,0
1809547,1,2,0,0,0,1,0,0,0,0,0,0,0,0,0,0,0,0,0,0,0,0,0,0,0,0,0,0
1809547,1,4,0,0,0,3,2,2,1,2,2,2,2,3,0,0,0,0,0,0,0,0,0,0,0,0,0,0
1810182,1,2,0,0,0,0,1,0,1,0,0,1,0,1,0,0,0,0,0,0,0,0,0,0,0,0,0,0
1810182,1,4,0,0,0,0,1,0,0,0,0,0,0,0,0,0,0,0,0,0,0,0,0,0,0,0,0,0
1810182,3,13,0,0,0,0,2,0,1,0,0,1,0,1,0,0,0,0,0,0,0,0,0,0,0,0,0,0
1810946,1,1,0,0,2,2,2,3,2,0,1,0,0,3,2,1,0,3,2,2,0,0,0,0,0,0,0,0
1810946,1,2,0,0,1,2,2,2,8,0,1,2,1,6,7,7,4,6,1,3,0,0,0,0,0,0,0,0
1810946,1,3,0,0,0,1,0,0,0,0,0,0,0,0,0,0,0,0,0,0,0,0,0,0,0,0,0,0
1810946,1,4,0,0,7,9,7,8,16,21,9,17,15,9,15,14,10,17,7,13,0,0,0,0,0,0,0,0
1810946,2,5,0,0,4,3,1,3,5,5,1,9,4,2,3,6,2,3,3,2,0,0,0,0,0,0,0,0
1810946,2,6,0,0,0,0,0,0,1,0,0,0,2,0,0,0,0,0,0,0,0,0,0,0,0,0,0,0
1810946,3,13,0,0,10,14,11,13,26,21,11,19,16,18,24,22,14,26,10,18,0,0,0,0,0,0,0,0
1814927,1,2,0,0,0,1,1,0,0,0,1,1,0,0,0,0,0,0,0,0,0,0,0,0,0,0,0,0
1814927,1,4,0,0,0,0,0,0,0,0,1,0,0,1,0,0,0,0,0,0,0,0,0,0,0,0,0,0
1817718,1,1,0,0,1,0,0,0,0,0,0,0,0,0,0,0,0,0,0,0,0,0,0,0,0,0,0,0
1817718,1,4,0,0,2,2,7,3,5,4,5,4,6,8,0,0,0,0,0,0,0,0,0,0,0,0,0,0
1822262,1,2,0,0,5,4,2,5,4,3,2,1,4,8,0,0,0,0,0,0,0,0,0,0,0,0,0,0
1822262,1,4,0,0,4,5,3,6,2,5,7,5,4,11,0,0,0,0,0,0,0,0,0,0,0,0,0,0
1822262,2,5,0,0,2,0,1,0,0,1,2,0,1,2,0,0,0,0,0,0,0,0,0,0,0,0,0,0
1822262,3,13,0,0,0,1,1,0,0,0,0,1,0,2,0,0,0,0,0,0,0,0,0,0,0,0,0,0
1830682,1,2,0,0,0,0,0,1,0,0,0,0,2,0,0,0,0,0,0,0,0,0,0,0,0,0,0,0
1830682,1,3,0,0,0,1,0,0,0,0,0,0,0,0,0,0,0,0,0,0,0,0,0,0,0,0,0,0
1830682,1,4,0,0,0,0,0,0,2,0,0,0,0,2,0,0,0,0,0,0,0,0,0,0,0,0,0,0
1830682,3,13,0,0,0,1,0,1,2,0,0,0,2,1,0,0,0,0,0,0,0,0,0,0,0,0,0,0
1834284,1,1,0,0,0,0,0,0,1,0,0,0,0,0,0,0,0,0,0,0,0,0,0,0,0,0,0,0
1834284,1,2,0,0,1,4,2,0,4,0,1,1,2,2,0,4,0,3,5,3,0,0,0,0,0,0,0,0
1834284,1,3,0,0,1,1,0,0,2,1,1,0,0,1,3,4,2,2,3,2,0,0,0,0,0,0,0,0
1834284,1,4,0,0,2,3,3,3,3,5,2,4,3,8,4,5,5,9,8,8,0,0,0,0,0,0,0,0
1834284,3,13,0,0,0,0,1,1,6,4,3,5,5,10,5,12,2,7,4,3,0,0,0,0,0,0,0,0
1839701,1,1,29,23,9,10,6,9,2,5,8,6,5,2,6,5,4,3,0,1,3,3,5,2,0,0,0,0
1839701,1,2,7,5,4,1,2,0,5,1,2,1,2,3,2,2,1,1,2,1,1,0,1,0,0,0,0,0
1839701,1,4,1,0,1,0,0,1,0,0,0,0,0,0,0,0,1,0,0,0,0,1,0,0,0,0,0,0
1839701,2,5,0,0,0,0,1,0,0,0,2,0,0,0,0,0,0,0,0,0,0,0,0,0,0,0,0,0
1839701,2,6,1,0,0,0,0,0,0,0,0,1,0,0,0,0,0,0,0,0,0,0,0,0,0,0,0,0
1839984,1,1,0,0,2,0,0,2,4,1,4,2,2,3,0,0,0,0,0,0,0,0,0,0,0,0,0,0
1839984,1,2,0,0,1,0,1,0,0,0,0,1,1,0,0,0,0,0,0,0,0,0,0,0,0,0,0,0
1839984,1,4,0,0,1,1,2,2,3,4,0,5,3,2,0,0,0,0,0,0,0,0,0,0,0,0,0,0
1839984,2,5,0,0,0,0,0,0,0,1,0,1,1,0,0,0,0,0,0,0,0,0,0,0,0,0,0,0
1839984,3,13,0,0,2,1,0,0,4,1,4,2,2,3,0,0,0,0,0,0,0,0,0,0,0,0,0,0
1842981,1,2,0,0,0,1,2,0,0,0,0,2,2,0,0,0,0,0,0,0,0,0,0,0,0,0,0,0
1842981,1,4,0,0,1,0,0,0,1,1,1,1,1,0,0,0,0,0,0,0,0,0,0,0,0,0,0,0
1842981,3,13,0,0,1,1,2,0,1,1,1,3,2,0,0,0,0,0,0,0,0,0,0,0,0,0,0,0
1845580,1,1,0,0,0,1,0,0,0,0,0,0,0,0,0,0,0,0,0,0,0,0,0,0,0,0,0,0
1845580,1,2,0,0,2,0,0,0,1,1,0,0,0,1,0,0,0,0,0,0,0,0,0,0,0,0,0,0
1845580,1,4,0,0,0,0,1,1,0,0,1,0,1,0,0,0,0,0,0,0,0,0,0,0,0,0,0,0
1845580,3,13,0,0,2,1,1,1,1,1,1,0,0,1,0,0,0,0,0,0,0,0,0,0,0,0,0,0
1855483,1,2,0,0,1,0,0,1,0,0,0,0,0,0,0,0,0,0,0,0,0,0,0,0,0,0,0,0
1855483,1,4,0,0,10,7,9,3,5,11,11,3,9,16,0,0,0,0,0,0,0,0,0,0,0,0,0,0
1855483,2,5,0,0,1,0,0,0,0,0,1,0,0,0,0,0,0,0,0,0,0,0,0,0,0,0,0,0
1855483,3,13,0,0,0,2,1,0,0,0,0,0,0,0,0,0,0,0,0,0,0,0,0,0,0,0,0,0
1858191,1,2,0,0,0,2,0,0,0,0,0,2,1,2,0,1,1,2,0,1,0,0,0,0,0,0,0,0
1858191,1,4,0,0,0,1,2,1,0,2,1,0,0,2,0,0,3,4,1,2,0,0,0,0,0,0,0,0
1858191,3,13,0,0,0,0,0,0,0,0,0,0,0,0,0,0,3,3,0,0,0,0,0,0,0,0,0,0
1868745,1,1,0,0,0,0,0,0,1,1,2,0,0,0,0,0,0,0,0,0,0,0,0,0,0,0,0,0
1868745,1,2,0,0,2,3,0,0,1,0,0,0,0,0,0,0,0,0,0,0,0,0,0,0,0,0,0,0
1868745,1,4,0,0,0,1,0,0,0,0,0,0,0,0,0,0,0,0,0,0,0,0,0,0,0,0,0,0
1868745,3,13,0,0,2,4,0,0,1,1,2,0,0,0,0,0,0,0,0,0,0,0,0,0,0,0,0,0
1870664,1,2,0,0,0,1,1,0,0,1,2,0,2,0,0,0,0,0,0,0,0,0,0,0,0,0,0,0
1870664,1,3,0,0,0,0,1,0,0,1,0,0,0,1,0,0,0,0,0,0,0,0,0,0,0,0,0,0
1870664,1,4,0,0,2,1,7,11,5,11,8,19,8,6,0,0,0,0,0,0,0,0,0,0,0,0,0,0
1870664,2,5,0,0,1,0,1,2,1,1,1,3,0,1,0,0,0,0,0,0,0,0,0,0,0,0,0,0
1870664,3,13,0,0,0,0,0,0,0,0,1,3,1,1,0,0,0,0,0,0,0,0,0,0,0,0,0,0
1872654,1,1,0,0,0,0,0,0,0,0,0,1,0,0,0,0,0,0,0,0,0,0,0,0,0,0,0,0
1872654,1,2,0,0,0,5,3,0,1,0,0,7,0,0,0,0,0,0,0,0,0,0,0,0,0,0,0,0
1872654,1,3,0,0,0,0,0,0,0,0,1,0,3,0,0,0,0,0,0,0,0,0,0,0,0,0,0,0
1872654,1,4,0,0,6,4,3,7,5,8,6,7,7,7,0,0,0,0,0,0,0,0,0,0,0,0,0,0
1872654,2,5,0,0,1,0,1,1,1,3,1,2,4,1,0,0,0,0,0,0,0,0,0,0,0,0,0,0
1872654,2,6,0,0,0,0,0,0,0,0,0,2,0,0,0,0,0,0,0,0,0,0,0,0,0,0,0,0
1872654,3,13,0,0,0,0,1,1,0,0,0,1,0,0,0,0,0,0,0,0,0,0,0,0,0,0,0,0
1873768,1,1,7,5,5,4,5,6,11,7,8,10,20,9,14,18,11,5,11,7,8,8,13,11,8,7,10,6
1873768,1,2,2,1,5,7,1,3,1,0,3,1,5,2,2,5,6,2,5,0,2,0,3,1,5,1,2,2
1873768,1,3,0,0,0,0,0,0,0,1,0,0,0,0,1,0,0,0,0,0,0,0,0,0,0,0,0,0
1873768,1,4,18,19,42,38,29,41,34,33,33,36,33,36,19,21,33,35,27,31,43,30,40,32,14,16,24,34
1873768,2,5,1,0,0,0,0,0,0,0,0,0,0,1,0,0,0,0,0,0,0,0,1,0,0,0,0,0
1873768,2,6,0,0,0,0,0,0,0,0,0,0,3,0,0,0,0,0,0,0,0,1,0,1,0,0,0,0
1873768,3,13,0,0,0,0,0,1,0,1,3,4,13,6,10,10,10,3,10,6,8,8,13,10,8,7,8,6
1876780,1,1,0,0,1,0,0,0,0,1,1,0,0,0,0,0,0,0,0,0,0,0,0,0,0,0,0,0
1876780,1,2,0,0,2,0,0,0,0,0,1,1,1,0,0,0,2,1,0,2,0,0,0,0,0,0,0,0
1876780,1,4,0,0,0,0,0,1,1,1,0,0,3,1,5,4,3,0,4,1,0,0,0,0,0,0,0,0
1876780,2,5,0,0,0,0,0,0,0,0,0,0,1,0,0,0,0,0,1,0,0,0,0,0,0,0,0,0
1887993,1,1,0,0,1,0,0,0,0,0,0,0,0,0,0,0,0,0,0,0,0,0,0,0,0,0,0,0
1887993,1,2,0,0,0,1,0,0,0,0,0,0,0,0,0,0,0,0,0,0,0,0,0,0,0,0,0,0
1887993,2,5,0,0,1,0,0,0,0,0,0,0,0,0,0,0,0,0,0,0,0,0,0,0,0,0,0,0
1887993,3,13,0,0,0,1,0,0,0,0,0,0,0,0,0,0,0,0,0,0,0,0,0,0,0,0,0,0
1890538,1,2,7,7,5,10,7,4,4,3,5,6,1,3,4,1,4,3,3,2,1,2,0,1,1,0,0,2
1890538,1,4,38,47,36,30,36,24,34,22,28,28,33,16,17,16,10,12,12,8,14,10,14,10,11,0,10,6
1890538,2,5,0,0,0,0,0,1,0,1,0,1,0,0,0,0,0,0,0,0,1,0,0,1,0,0,0,0
1890538,2,10,1,2,0,0,0,0,0,0,0,0,0,0,0,0,0,0,0,0,0,0,0,0,0,0,0,0
1890538,3,13,2,1,1,1,1,0,0,0,0,0,1,0,0,0,0,0,0,0,0,0,1,2,1,0,3,0
1892389,1,2,1,0,0,0,1,0,0,0,0,1,0,0,0,0,0,1,0,0,0,0,0,0,0,0,0,0
1892389,1,3,0,0,0,0,0,1,0,0,1,0,0,0,0,0,0,0,0,0,0,0,0,0,0,0,0,0
1892389,1,4,15,5,4,8,4,3,9,11,7,7,7,9,14,8,10,6,11,13,0,0,0,0,0,0,0,0
1892389,2,5,0,0,0,0,0,0,0,0,0,0,0,0,0,0,0,1,0,0,0,0,0,0,0,0,0,0
1892389,3,13,4,2,0,0,0,0,0,1,0,0,0,0,0,0,0,0,0,0,0,0,0,0,0,0,0,0
1894693,1,2,0,0,1,0,0,0,0,0,0,1,0,0,0,0,0,0,0,0,0,0,0,0,0,0,0,0
1894693,1,4,0,0,6,1,6,3,4,5,4,6,6,9,0,0,0,0,0,0,0,0,0,0,0,0,0,0
1897750,1,2,0,0,0,0,0,0,0,0,0,0,1,0,0,0,0,0,0,0,0,0,0,0,0,0,0,0
1897750,1,4,0,0,1,2,1,1,1,5,1,4,1,1,0,0,0,0,0,0,0,0,0,0,0,0,0,0
1897750,3,13,0,0,1,2,1,1,1,5,1,4,2,1,0,0,0,0,0,0,0,0,0,0,0,0,0,0
1899621,1,2,0,0,0,0,0,0,0,0,0,0,0,0,4,7,9,0,7,6,5,7,6,5,0,0,0,0
1899621,1,4,0,0,0,0,0,0,0,0,0,0,0,0,3,3,7,4,3,6,9,8,7,8,0,0,0,0
1899621,3,13,0,0,0,0,0,0,0,0,0,0,0,0,0,0,3,0,0,0,1,0,1,1,0,0,0,0
1899967,1,4,0,0,0,2,2,3,1,6,2,2,2,6,0,0,0,0,0,0,0,0,0,0,0,0,0,0
1899967,3,13,0,0,0,2,2,3,1,6,2,2,2,6,0,0,0,0,0,0,0,0,0,0,0,0,0,0
1902111,1,4,0,0,3,5,3,2,6,6,2,5,1,1,0,0,0,0,0,0,0,0,0,0,0,0,0,0
1902274,1,1,0,0,0,0,0,1,1,0,0,0,0,1,0,0,0,0,0,0,0,0,0,0,0,0,0,0
1902274,1,2,0,0,4,2,3,1,0,2,1,2,2,0,0,0,0,0,0,0,0,0,0,0,0,0,0,0
1902274,1,3,0,0,1,0,0,1,0,0,0,0,0,0,0,0,0,0,0,0,0,0,0,0,0,0,0,0
1902274,1,4,0,0,0,0,2,0,2,2,0,0,1,1,0,0,0,0,0,0,0,0,0,0,0,0,0,0
1902274,3,13,0,0,5,2,0,2,1,0,0,1,0,1,0,0,0,0,0,0,0,0,0,0,0,0,0,0
1906312,1,1,0,0,0,0,0,0,0,0,0,0,0,2,0,0,0,0,0,0,0,0,0,0,0,0,0,0
1906312,1,2,0,0,2,2,0,2,3,3,1,2,3,1,0,0,0,0,0,0,0,0,0,0,0,0,0,0
1906312,1,4,0,0,4,2,0,4,4,3,3,1,4,4,0,0,0,0,0,0,0,0,0,0,0,0,0,0
1906312,2,5,0,0,0,0,0,1,0,0,0,0,1,0,0,0,0,0,0,0,0,0,0,0,0,0,0,0
1906312,3,13,0,0,0,0,0,0,0,0,0,0,0,2,0,0,0,0,0,0,0,0,0,0,0,0,0,0
1919042,1,1,0,0,0,0,0,0,0,0,0,0,0,1,0,0,0,0,0,0,0,0,0,0,0,0,0,0
1919042,1,2,0,0,0,0,4,2,1,0,2,2,1,2,0,0,0,0,0,0,0,0,0,0,0,0,0,0
1919042,1,4,0,0,14,11,7,10,11,16,15,18,15,10,0,0,0,0,0,0,0,0,0,0,0,0,0,0
1919042,2,5,0,0,5,4,1,1,1,7,3,5,2,2,0,0,0,0,0,0,0,0,0,0,0,0,0,0
1919042,2,6,0,0,0,1,0,0,0,0,0,0,1,0,0,0,0,0,0,0,0,0,0,0,0,0,0,0
1919042,3,13,0,0,14,11,11,12,12,16,17,20,15,13,0,0,0,0,0,0,0,0,0,0,0,0,0,0
1931312,1,1,3,5,0,2,1,1,2,0,1,1,0,6,1,4,1,2,0,2,5,2,1,6,3,3,2,2
1931312,1,2,2,3,1,3,4,5,1,3,2,1,5,1,5,1,2,1,2,5,4,1,3,4,2,1,2,0
1931312,1,4,21,19,12,9,8,6,9,4,8,8,11,10,18,11,6,7,11,6,11,7,8,18,6,11,5,7
1931312,2,5,4,5,5,2,1,0,0,2,0,1,5,5,3,2,0,1,1,2,1,1,0,6,1,2,0,0
1931312,2,6,0,3,1,0,0,0,0,0,0,0,0,0,0,0,0,0,0,0,0,0,0,1,2,0,1,0
1931312,3,13,0,0,0,1,0,1,2,0,1,1,0,6,1,4,1,2,0,1,4,2,1,7,4,3,2,2
1934540,1,2,0,0,0,1,0,0,0,1,0,0,1,0,0,0,0,0,0,0,0,0,0,0,0,0,0,0
1934540,1,4,0,0,3,3,1,1,2,1,1,2,1,0,0,0,0,0,0,0,0,0,0,0,0,0,0,0
1934540,3,13,0,0,0,0,0,1,0,0,0,0,0,0,0,0,0,0,0,0,0,0,0,0,0,0,0,0
1938287,1,2,0,0,3,1,2,0,2,1,2,4,3,1,0,0,0,0,0,0,0,0,0,0,0,0,0,0
1938287,1,4,0,0,0,1,2,0,0,0,0,1,0,2,0,0,0,0,0,0,0,0,0,0,0,0,0,0
1938287,3,13,0,0,0,0,0,0,0,0,1,0,0,0,0,0,0,0,0,0,0,0,0,0,0,0,0,0
1945395,1,1,0,0,0,2,0,0,0,0,0,0,0,0,1,0,0,0,0,0,0,0,0,0,0,0,0,0
1945395,1,2,0,0,0,1,0,0,0,0,2,1,2,0,3,5,1,3,3,1,0,0,0,0,0,0,0,0
1945395,1,4,0,0,0,0,2,1,4,1,3,2,3,2,7,9,5,12,6,1,0,0,0,0,0,0,0,0
1945395,3,13,0,0,0,3,2,1,2,1,4,3,5,2,10,13,6,15,8,2,0,0,0,0,0,0,0,0
1949912,1,2,0,0,3,0,2,1,0,2,1,3,1,1,0,0,0,0,0,0,0,0,0,0,0,0,0,0
1949912,1,4,0,0,5,7,7,6,8,15,8,7,12,14,0,0,0,0,0,0,0,0,0,0,0,0,0,0
1949912,2,5,0,0,0,1,2,1,1,5,1,1,3,3,0,0,0,0,0,0,0,0,0,0,0,0,0,0
1949912,3,13,0,0,0,0,0,0,1,0,1,0,1,1,0,0,0,0,0,0,0,0,0,0,0,0,0,0
1953160,1,2,0,0,0,0,2,0,1,1,1,0,2,1,0,0,2,0,2,4,0,0,0,0,0,0,0,0
1953160,1,3,0,0,1,2,1,1,0,1,3,2,0,1,0,0,3,1,1,1,0,0,0,0,0,0,0,0
1953160,1,4,0,0,0,1,1,2,1,2,1,1,0,1,1,1,3,0,0,2,0,0,0,0,0,0,0,0
1953160,3,13,0,0,0,0,0,0,0,0,0,0,0,0,0,0,0,0,1,0,0,0,0,0,0,0,0,0
1971247,1,1,58,57,3,7,2,0,2,1,3,4,1,0,1,3,1,2,3,3,2,0,2,3,4,5,5,5
1971247,1,2,13,13,6,1,5,1,4,1,1,2,2,5,0,2,3,2,5,1,2,2,1,2,2,3,1,2
1971247,1,3,5,3,0,0,0,0,0,0,0,0,0,0,0,0,0,0,0,0,0,0,0,0,0,0,0,0
1971247,1,4,122,68,37,34,35,30,36,36,37,30,34,20,36,24,20,25,22,28,28,21,13,11,29,20,18,15
1971247,2,5,20,14,5,4,5,4,6,7,6,3,6,3,8,2,3,4,3,2,5,3,3,1,7,4,3,2
1971247,2,6,0,1,0,0,0,0,0,0,0,0,1,0,0,0,0,0,0,1,0,0,1,0,0,0,0,1
1971247,2,7,0,0,0,1,0,0,0,0,0,0,0,0,0,0,0,0,0,0,0,0,0,0,0,0,0,0
1971247,2,8,0,0,1,0,0,0,0,0,0,0,0,0,0,0,0,0,0,0,0,0,0,0,0,0,0,0
1971247,2,9,0,0,1,0,0,0,0,0,0,0,0,0,0,0,0,0,0,0,0,0,0,0,0,0,0,0
1971247,2,10,2,2,0,0,0,0,0,0,0,0,0,0,0,1,0,0,0,0,0,0,0,0,0,0,0,0
1971247,3,13,1,1,0,0,1,0,1,1,1,4,1,0,1,3,1,0,2,3,3,0,1,3,3,5,5,4
1974064,1,1,0,0,0,0,0,0,0,0,0,0,0,0,1,2,0,1,0,0,2,2,0,1,0,0,0,0
1974064,1,2,0,0,0,0,0,0,0,0,0,0,0,0,7,9,9,9,8,8,10,7,7,10,0,0,0,0
1974064,1,4,0,0,0,0,0,0,0,0,0,0,0,0,13,14,21,11,9,13,29,19,19,18,0,0,0,0
1974064,2,5,0,0,0,0,0,0,0,0,0,0,0,0,1,0,1,0,0,1,1,0,1,0,0,0,0,0
1974064,2,6,0,0,0,0,0,0,0,0,0,0,0,0,2,1,2,1,1,1,3,3,2,0,0,0,0,0
1974064,3,13,0,0,0,0,0,0,0,0,0,0,0,0,20,25,29,20,17,21,38,27,13,19,0,0,0,0
1974505,1,2,0,0,0,1,0,1,0,0,1,0,0,0,0,0,0,0,0,0,0,0,0,0,0,0,0,0
1974505,1,3,0,0,0,1,0,0,1,0,0,1,1,1,0,0,0,0,0,0,0,0,0,0,0,0,0,0
1974505,1,4,0,0,0,1,2,3,0,0,1,1,1,3,0,0,0,0,0,0,0,0,0,0,0,0,0,0
1980303,1,4,0,0,2,3,3,2,3,2,4,3,2,6,0,0,0,0,0,0,0,0,0,0,0,0,0,0
1980303,3,13,0,0,2,3,0,0,1,0,0,0,2,5,0,0,0,0,0,0,0,0,0,0,0,0,0,0
1985859,1,2,0,0,2,1,4,0,1,3,1,1,2,1,0,0,0,0,0,0,0,0,0,0,0,0,0,0
1985859,1,3,0,0,0,0,0,0,0,0,0,1,0,0,0,0,0,0,0,0,0,0,0,0,0,0,0,0
1985859,1,4,0,0,1,0,1,0,0,2,2,1,2,0,0,0,0,0,0,0,0,0,0,0,0,0,0,0
1985859,3,13,0,0,2,1,1,0,0,0,1,0,0,0,0,0,0,0,0,0,0,0,0,0,0,0,0,0
1992073,1,1,0,0,48,38,41,33,28,20,36,22,24,21,21,18,18,25,16,20,16,15,17,11,34,35,22,15
1992073,1,2,0,0,12,8,9,5,4,9,11,3,6,4,6,2,3,4,3,3,1,3,1,1,2,8,5,3
1992073,1,3,0,0,0,0,1,1,2,0,2,0,1,1,0,0,0,1,0,0,0,0,0,1,0,1,0,1
1992073,1,4,0,0,104,89,96,92,91,70,85,58,62,55,49,43,45,41,60,36,36,38,19,37,71,67,52,45
1992073,2,5,0,0,5,9,2,6,3,4,3,1,2,3,0,2,6,3,1,1,4,1,1,2,6,2,0,2
1992073,2,6,0,0,2,3,1,1,2,3,4,3,0,3,0,1,1,0,2,0,2,1,1,2,2,4,2,5
1992073,2,10,0,0,0,1,1,0,0,0,0,0,0,0,0,0,0,1,0,0,0,0,0,0,0,0,0,0
1992073,3,13,0,0,1,3,1,0,1,0,11,7,1,2,15,4,10,16,7,9,7,6,11,7,20,20,16,8
1992074,1,1,0,0,0,2,1,0,2,2,0,1,2,4,0,0,0,0,0,0,0,0,0,0,0,0,0,0
1992074,1,2,0,0,3,5,3,3,3,8,3,2,5,2,0,0,0,0,0,0,0,0,0,0,0,0,0,0
1992074,1,3,0,0,1,0,0,0,1,1,0,0,0,0,0,0,0,0,0,0,0,0,0,0,0,0,0,0
1992074,1,4,0,0,19,19,13,12,7,19,24,16,28,16,0,0,0,0,0,0,0,0,0,0,0,0,0,0
1992074,2,5,0,0,1,3,2,1,0,1,1,0,0,2,0,0,0,0,0,0,0,0,0,0,0,0,0,0
1992074,2,6,0,0,0,0,2,1,1,0,1,0,0,0,0,0,0,0,0,0,0,0,0,0,0,0,0,0
1992074,2,10,0,0,0,1,0,0,0,0,0,0,0,0,0,0,0,0,0,0,0,0,0,0,0,0,0,0
1992074,3,13,0,0,23,26,17,15,13,29,27,19,35,21,0,0,0,0,0,0,0,0,0,0,0,0,0,0
2000121,1,1,4,1,0,0,0,0,0,0,0,0,0,0,0,0,0,0,0,0,0,0,0,0,0,0,0,0
2000121,1,2,5,4,4,2,1,2,4,1,2,3,1,1,4,4,2,1,2,1,1,4,3,2,0,0,0,0
2000121,1,3,2,0,0,0,0,0,0,0,0,0,0,0,0,0,0,0,0,0,0,0,0,0,0,0,0,0
2000121,1,4,84,75,34,27,25,17,19,16,15,9,15,10,23,26,22,12,26,10,13,7,11,3,0,0,0,0
2000121,2,5,4,0,0,0,1,0,1,1,0,0,0,0,3,4,4,2,7,2,2,1,0,0,0,0,0,0
2000121,2,6,0,0,0,0,0,0,0,0,0,0,0,0,0,0,1,0,0,0,0,0,0,0,0,0,0,0
2000121,2,10,2,1,0,0,0,0,0,0,0,0,0,0,0,0,0,0,0,0,0,0,0,0,0,0,0,0
2000982,1,2,0,0,0,1,0,0,0,0,1,0,0,0,1,0,0,1,0,0,0,0,0,0,0,0,0,0
2000982,1,4,0,0,3,3,3,4,3,6,5,8,3,6,5,2,7,7,6,4,0,0,0,0,0,0,0,0
2000982,3,13,0,0,3,4,3,4,3,6,6,7,2,6,5,2,7,8,6,4,0,0,0,0,0,0,0,0
2001501,1,1,6,3,4,5,5,2,2,2,3,3,2,5,1,1,2,4,2,3,4,2,5,3,3,2,2,9
2001501,1,2,4,3,1,3,3,3,3,5,3,7,6,2,3,0,3,3,3,1,5,0,4,4,3,1,2,5
2001501,1,3,0,1,1,0,0,0,0,0,0,0,0,1,0,0,0,0,0,0,0,0,2,0,0,1,0,0
2001501,1,4,32,30,19,9,22,15,10,8,10,17,16,15,12,11,14,14,14,10,19,11,15,18,14,11,13,13
2001501,2,5,0,2,0,0,0,1,1,0,0,0,2,1,0,0,0,0,0,0,0,0,2,0,0,0,0,1
2001501,2,6,0,1,0,1,0,0,0,0,0,1,0,1,1,0,1,0,0,0,0,0,0,0,0,1,0,0
2001501,2,7,0,0,0,0,0,0,0,0,0,1,0,0,0,0,0,0,0,0,0,0,0,0,0,0,0,0
2001501,3,13,0,0,0,0,1,1,0,1,2,2,2,3,1,0,2,3,2,1,4,2,4,2,3,2,2,9
2007314,1,2,0,0,0,1,0,0,0,1,0,0,0,1,0,0,0,0,0,0,0,0,0,0,0,0,0,0
2007314,1,4,0,0,1,1,4,1,4,4,5,3,8,0,0,0,0,0,0,0,0,0,0,0,0,0,0,0
2007314,3,13,0,0,0,2,1,0,0,0,2,0,0,0,0,0,0,0,0,0,0,0,0,0,0,0,0,0
2009492,1,2,3,7,2,2,3,0,4,5,3,2,5,1,0,0,0,0,0,0,0,0,0,0,0,0,0,0
2009492,1,3,0,0,1,0,0,0,0,0,0,0,2,0,0,0,0,0,0,0,0,0,0,0,0,0,0,0
2009492,1,4,75,47,23,20,17,19,32,18,31,17,19,11,0,0,0,0,0,0,0,0,0,0,0,0,0,0
2009492,2,5,3,1,0,0,0,1,0,0,1,1,0,0,0,0,0,0,0,0,0,0,0,0,0,0,0,0
2013199,1,2,0,0,0,0,0,0,0,0,0,0,0,0,1,4,3,4,1,5,6,4,7,3,0,0,0,0
2013199,1,3,0,0,0,0,0,0,0,0,0,0,0,0,1,1,2,1,1,4,2,3,5,1,0,0,0,0
2013199,1,4,0,0,0,0,0,0,0,0,0,0,0,0,7,7,10,3,15,6,10,8,11,9,0,0,0,0
2013199,3,13,0,0,0,0,0,0,0,0,0,0,0,0,9,12,15,8,16,14,17,13,22,13,0,0,0,0
2017166,1,1,0,0,0,1,8,5,4,1,0,2,3,1,7,5,3,7,3,9,8,2,6,5,0,1,5,3
2017166,1,2,0,0,0,1,0,0,1,1,2,0,0,0,0,0,3,2,0,2,1,0,1,3,0,1,0,1
2017166,1,3,0,0,0,0,0,0,0,0,0,0,0,0,0,0,0,0,0,1,0,0,0,0,0,0,0,0
2017166,1,4,0,0,22,19,20,11,25,19,23,14,14,11,15,10,17,10,15,10,17,16,29,26,7,10,13,17
2017166,2,5,0,0,0,0,1,0,0,1,1,0,1,0,1,0,1,1,1,1,1,1,1,2,4,1,1,0
2017166,2,6,0,0,1,1,0,1,0,1,1,0,0,0,1,0,0,0,1,1,1,0,2,1,1,1,1,1
2017166,3,13,0,0,0,0,0,0,1,0,1,3,1,0,4,5,0,0,2,5,6,3,7,2,0,0,0,1
2017282,1,4,0,0,0,4,4,2,3,1,3,3,2,7,0,0,0,0,0,0,0,0,0,0,0,0,0,0
2017282,3,13,0,0,0,4,4,2,3,1,3,3,2,7,0,0,0,0,0,0,0,0,0,0,0,0,0,0
2018104,1,4,0,0,0,0,1,1,2,2,0,2,0,4,0,0,0,0,0,0,0,0,0,0,0,0,0,0
2018104,3,13,0,0,0,0,1,1,1,1,0,0,0,3,0,0,0,0,0,0,0,0,0,0,0,0,0,0
2021558,1,2,0,0,2,4,0,1,3,0,2,1,2,0,0,0,0,0,0,0,0,0,0,0,0,0,0,0
2021558,1,4,0,0,6,10,8,14,5,8,12,10,9,13,0,0,0,0,0,0,0,0,0,0,0,0,0,0
2021558,2,5,0,0,3,7,5,11,3,6,8,5,8,8,0,0,0,0,0,0,0,0,0,0,0,0,0,0
2021558,3,13,0,0,0,0,0,1,0,0,0,0,0,0,0,0,0,0,0,0,0,0,0,0,0,0,0,0
2027310,1,1,0,0,2,3,0,0,0,0,0,1,0,0,0,0,0,0,0,0,0,0,0,0,0,0,0,0
2027310,1,2,0,0,3,3,2,7,2,8,1,11,2,9,0,0,0,0,0,0,0,0,0,0,0,0,0,0
2027310,1,4,0,0,1,4,2,3,3,4,3,4,2,1,0,0,0,0,0,0,0,0,0,0,0,0,0,0
2027310,2,10,0,0,0,1,0,0,0,0,0,0,0,0,0,0,0,0,0,0,0,0,0,0,0,0,0,0
2027310,3,13,0,0,6,10,4,6,2,2,2,1,0,3,0,0,0,0,0,0,0,0,0,0,0,0,0,0
2033268,1,4,0,0,1,0,1,0,2,5,2,2,4,2,0,0,0,0,0,0,0,0,0,0,0,0,0,0
2033268,3,13,0,0,0,0,0,0,0,0,1,0,0,0,0,0,0,0,0,0,0,0,0,0,0,0,0,0
2038423,1,1,1,0,0,0,0,0,1,0,0,0,0,0,0,0,0,0,0,0,0,0,0,0,0,0,0,0
2038423,1,2,1,2,0,1,0,0,0,1,1,0,0,0,0,0,0,0,0,0,0,0,0,0,0,0,0,0
2038423,1,4,12,8,9,3,4,4,5,7,1,1,6,4,0,0,0,0,0,0,0,0,0,0,0,0,0,0
2038423,2,5,3,2,2,3,1,0,0,0,1,0,1,0,0,0,0,0,0,0,0,0,0,0,0,0,0,0
2038423,3,13,0,0,0,0,0,0,1,0,0,0,0,0,0,0,0,0,0,0,0,0,0,0,0,0,0,0
2042711,1,1,0,0,1,0,0,0,0,0,0,0,0,0,0,0,0,0,0,0,0,0,0,0,0,0,0,0
2042711,1,2,0,0,0,0,0,0,1,0,0,0,0,0,0,0,0,0,0,0,0,0,0,0,0,0,0,0
2042711,1,4,0,0,1,2,2,2,2,0,1,1,2,2,0,0,0,0,0,0,0,0,0,0,0,0,0,0
2042711,3,13,0,0,2,2,0,0,1,0,1,0,0,0,0,0,0,0,0,0,0,0,0,0,0,0,0,0
2051356,1,3,0,0,0,0,1,0,0,0,0,0,2,0,0,0,0,0,0,0,0,0,0,0,0,0,0,0
2051356,3,13,0,0,0,0,1,0,0,0,0,0,1,0,0,0,0,0,0,0,0,0,0,0,0,0,0,0
2053210,1,2,0,0,0,0,0,0,0,0,0,0,0,0,9,3,6,6,12,5,12,7,8,6,0,0,0,0
2053210,1,3,0,0,0,0,0,0,0,0,0,0,0,0,0,1,0,0,0,0,0,0,0,0,0,0,0,0
2053210,1,4,0,0,0,0,0,0,0,0,0,0,0,0,24,14,24,15,22,14,34,20,16,26,0,0,0,0
2053210,2,5,0,0,0,0,0,0,0,0,0,0,0,0,2,0,3,1,1,2,2,0,1,0,0,0,0,0
2053210,3,13,0,0,0,0,0,0,0,0,0,0,0,0,3,0,1,1,2,1,3,5,6,3,0,0,0,0
2058169,1,1,0,0,0,0,0,0,0,1,1,0,1,0,0,2,0,0,1,0,0,0,0,0,0,0,0,0
2058169,1,2,0,0,1,3,2,2,0,2,2,0,1,1,4,1,5,7,5,5,0,0,0,0,0,0,0,0
2058169,1,3,0,0,0,0,0,0,0,0,0,1,1,1,0,0,0,1,1,0,0,0,0,0,0,0,0,0
2058169,1,4,0,0,0,0,0,0,2,3,1,0,3,3,5,4,6,9,3,7,0,0,0,0,0,0,0,0
2058169,2,5,0,0,0,0,0,0,0,0,0,0,0,0,1,0,0,2,0,0,0,0,0,0,0,0,0,0
2058169,3,13,0,0,1,3,2,2,2,6,4,1,6,5,9,7,11,17,10,12,0,0,0,0,0,0,0,0
2058491,1,2,3,7,0,0,0,0,0,1,0,0,0,0,0,0,0,0,0,0,0,0,0,0,0,0,0,0
2058491,1,3,0,0,0,1,0,0,0,0,0,0,0,0,0,0,0,0,0,0,0,0,0,0,0,0,0,0
2058491,1,4,30,21,12,10,11,8,12,7,14,4,6,3,0,0,0,0,0,0,0,0,0,0,0,0,0,0
2058491,2,5,0,0,0,0,0,0,0,0,0,0,1,0,0,0,0,0,0,0,0,0,0,0,0,0,0,0
2058491,2,6,4,3,5,1,3,6,3,1,5,0,1,0,0,0,0,0,0,0,0,0,0,0,0,0,0,0
2058491,3,13,33,28,12,11,11,8,11,7,14,4,5,3,0,0,0,0,0,0,0,0,0,0,0,0,0,0
2061095,1,2,0,0,1,2,3,1,3,1,0,2,1,5,0,0,0,0,0,0,0,0,0,0,0,0,0,0
2061095,1,3,0,0,0,0,0,0,0,0,0,0,1,0,0,0,0,0,0,0,0,0,0,0,0,0,0,0
2061095,1,4,0,0,3,2,2,1,4,5,4,2,2,3,0,0,0,0,0,0,0,0,0,0,0,0,0,0
2061095,2,5,0,0,0,0,0,0,0,0,1,0,0,0,0,0,0,0,0,0,0,0,0,0,0,0,0,0
2061095,3,13,0,0,0,2,4,1,7,4,4,4,4,8,0,0,0,0,0,0,0,0,0,0,0,0,0,0
2061659,1,2,0,0,0,0,0,0,0,0,0,0,0,0,3,2,3,2,3,4,2,3,1,1,0,0,0,0
2061659,1,3,0,0,0,0,0,0,0,0,0,0,0,0,0,0,1,0,0,0,1,0,0,0,0,0,0,0
2061659,1,4,0,0,0,0,0,0,0,0,0,0,0,0,7,13,14,12,18,15,10,16,15,13,0,0,0,0
2061659,2,5,0,0,0,0,0,0,0,0,0,0,0,0,0,0,0,0,1,0,0,0,0,0,0,0,0,0
2063306,1,2,0,0,0,0,0,0,0,0,0,0,0,0,1,1,2,1,3,2,5,1,4,0,0,3,2,2
2063306,1,4,0,0,0,0,0,0,0,0,0,0,0,0,37,15,25,20,26,14,33,14,22,14,31,20,37,17
2063306,2,5,0,0,0,0,0,0,0,0,0,0,0,0,3,1,2,2,0,0,1,2,1,0,1,0,3,0
2063306,3,13,0,0,0,0,0,0,0,0,0,0,0,0,0,0,0,0,0,0,1,0,0,0,0,0,0,0
2064243,1,2,0,0,0,0,0,0,0,0,2,1,1,0,1,0,0,0,0,0,0,0,0,0,0,0,0,0
2064243,1,4,0,0,6,8,7,5,7,3,7,7,3,7,12,7,9,8,10,11,0,0,0,0,0,0,0,0
2064243,3,13,0,0,1,0,0,0,5,3,0,0,1,1,13,7,2,2,1,3,0,0,0,0,0,0,0,0
2070201,1,2,0,0,1,2,1,0,2,1,5,1,2,2,0,0,0,0,0,0,0,0,0,0,0,0,0,0
2070201,3,13,0,0,1,2,1,0,2,1,5,1,2,2,0,0,0,0,0,0,0,0,0,0,0,0,0,0
2078945,1,2,0,0,2,3,4,3,1,1,0,3,0,0,0,0,0,0,0,0,0,0,0,0,0,0,0,0
2078945,1,3,0,0,0,0,0,1,2,0,0,0,2,1,0,0,0,0,0,0,0,0,0,0,0,0,0,0
2078945,1,4,0,0,0,0,0,0,1,1,0,1,4,2,0,0,0,0,0,0,0,0,0,0,0,0,0,0
2078945,2,5,0,0,0,0,0,0,0,0,0,0,1,0,0,0,0,0,0,0,0,0,0,0,0,0,0,0
2078945,3,13,0,0,0,0,0,0,0,0,0,0,0,1,0,0,0,0,0,0,0,0,0,0,0,0,0,0
2082044,1,1,0,0,0,0,0,0,1,0,0,0,0,1,0,0,0,0,0,0,0,0,0,0,0,0,0,0
2082044,1,2,0,0,1,1,0,1,0,1,1,1,1,3,0,0,0,0,0,0,0,0,0,0,0,0,0,0
2082044,1,4,0,0,3,2,3,3,2,3,3,0,0,2,0,0,0,0,0,0,0,0,0,0,0,0,0,0
2082044,3,13,0,0,0,0,0,0,0,0,0,0,0,1,0,0,0,0,0,0,0,0,0,0,0,0,0,0
2083912,1,1,0,3,0,0,0,0,1,0,0,0,0,0,0,0,0,0,0,0,0,0,0,0,0,0,0,0
2083912,1,2,0,0,0,0,1,0,0,0,1,0,0,0,0,0,0,0,0,0,0,0,0,0,0,0,0,0
2083912,1,4,4,4,2,4,2,4,1,1,2,1,4,2,0,0,0,0,0,0,0,0,0,0,0,0,0,0
2083912,2,5,0,0,0,0,0,0,1,0,0,0,0,0,0,0,0,0,0,0,0,0,0,0,0,0,0,0
2086837,1,1,0,0,0,0,0,0,0,0,0,0,0,0,1,0,0,0,0,0,0,0,0,0,0,0,0,0
2086837,1,2,0,0,0,0,0,0,0,0,0,0,0,0,14,16,17,15,10,13,16,20,11,17,0,0,0,0
2086837,1,4,0,0,0,0,0,0,0,0,0,0,0,0,7,11,3,7,6,5,2,16,9,6,0,0,0,0
2086837,3,13,0,0,0,0,0,0,0,0,0,0,0,0,22,27,19,22,16,18,18,35,20,23,0,0,0,0
2104729,1,1,0,0,0,0,0,0,0,0,0,0,0,0,3,0,0,0,2,0,0,0,1,0,4,2,1,5
2104729,1,2,0,0,0,0,0,0,0,0,0,0,0,0,13,0,9,3,17,4,32,8,11,12,29,44,22,20
2104729,1,3,0,0,0,0,0,0,0,0,0,0,0,0,2,0,5,2,1,2,6,0,6,0,6,1,4,8
2104729,1,4,0,0,0,0,0,0,0,0,0,0,0,0,16,0,25,14,19,18,55,34,37,42,55,78,45,81
2104729,2,5,0,0,0,0,0,0,0,0,0,0,0,0,3,0,2,5,1,2,1,0,0,3,2,4,1,3
2104729,2,6,0,0,0,0,0,0,0,0,0,0,0,0,0,0,0,0,0,0,0,1,0,0,2,1,1,2
2104729,3,13,0,0,0,0,0,0,0,0,0,0,0,0,1,0,10,1,24,24,70,36,16,17,27,20,19,26
2105132,1,4,0,0,3,3,3,3,3,4,3,5,3,1,0,0,0,0,0,0,0,0,0,0,0,0,0,0
2105132,2,5,0,0,3,3,2,3,3,4,3,5,3,1,0,0,0,0,0,0,0,0,0,0,0,0,0,0
2105132,3,13,0,0,3,3,3,3,3,4,3,5,3,1,0,0,0,0,0,0,0,0,0,0,0,0,0,0
2107542,1,1,0,0,0,0,0,0,0,0,1,0,0,0,0,0,0,0,0,0,0,0,0,0,0,0,0,0
2107542,1,2,0,0,4,2,5,2,1,3,5,10,5,3,0,0,0,0,0,0,0,0,0,0,0,0,0,0
2107542,3,13,0,0,4,2,5,2,1,3,6,10,4,3,0,0,0,0,0,0,0,0,0,0,0,0,0,0
2108674,1,4,0,0,7,1,2,2,2,3,5,2,8,1,0,0,0,0,0,0,0,0,0,0,0,0,0,0
2110626,1,1,0,0,2,5,0,0,0,0,0,0,1,0,0,0,0,0,0,0,0,0,0,0,0,0,0,0
2110626,1,2,0,0,2,4,3,1,7,3,2,0,4,1,0,0,0,0,0,0,0,0,0,0,0,0,0,0
2110626,1,4,0,0,0,1,5,1,1,2,3,8,1,8,0,0,0,0,0,0,0,0,0,0,0,0,0,0
2110626,2,5,0,0,0,1,2,0,0,0,1,4,1,3,0,0,0,0,0,0,0,0,0,0,0,0,0,0
2110626,3,13,0,0,4,10,8,2,8,5,5,7,5,9,0,0,0,0,0,0,0,0,0,0,0,0,0,0
2118647,1,1,0,0,0,1,0,0,0,0,0,0,0,0,0,0,0,0,0,0,0,0,0,0,0,0,0,0
2118647,1,2,1,0,0,2,1,0,1,0,0,0,1,0,0,0,0,0,0,0,0,0,0,0,0,0,0,0
2118647,1,4,6,3,7,4,1,3,4,1,1,0,3,3,0,0,0,0,0,0,0,0,0,0,0,0,0,0
2118647,2,5,1,2,3,1,0,1,1,1,0,0,0,0,0,0,0,0,0,0,0,0,0,0,0,0,0,0
2118647,2,6,0,0,0,0,0,0,0,0,0,0,0,1,0,0,0,0,0,0,0,0,0,0,0,0,0,0
2118647,3,13,1,0,0,0,0,0,0,0,0,0,0,0,0,0,0,0,0,0,0,0,0,0,0,0,0,0
2125573,1,2,0,0,0,0,0,0,1,0,0,0,0,0,0,0,0,0,0,0,0,0,0,0,0,0,0,0
2125573,1,4,0,0,7,1,1,3,6,3,2,3,6,4,0,0,0,0,0,0,0,0,0,0,0,0,0,0
2125573,2,5,0,0,0,0,0,1,1,2,0,0,3,1,0,0,0,0,0,0,0,0,0,0,0,0,0,0
2132835,1,2,0,0,0,2,0,4,0,0,2,0,0,0,0,0,0,0,0,0,0,0,0,0,0,0,0,0
2132835,1,4,0,0,5,4,2,2,4,5,1,5,8,2,0,0,0,0,0,0,0,0,0,0,0,0,0,0
2132835,2,5,0,0,1,0,1,0,0,0,0,0,0,0,0,0,0,0,0,0,0,0,0,0,0,0,0,0
2132835,3,13,0,0,5,6,0,0,0,0,0,0,1,0,0,0,0,0,0,0,0,0,0,0,0,0,0,0
2142704,1,1,23,29,0,0,0,0,0,0,1,1,1,2,2,0,1,1,1,2,2,0,1,1,0,2,0,1
2142704,1,2,6,2,3,3,2,0,6,4,1,1,4,0,2,3,4,1,2,1,6,3,7,1,8,7,1,4
2142704,1,3,0,0,0,0,0,0,0,0,0,0,0,0,0,0,0,0,0,0,0,0,0,0,1,0,0,1
2142704,1,4,16,16,12,15,18,14,27,11,26,19,27,19,34,21,37,15,33,23,34,14,26,16,48,39,31,27
2142704,2,5,0,0,0,0,1,0,3,0,3,1,6,1,2,3,3,1,5,1,2,1,3,0,4,3,6,1
2142704,2,6,0,0,0,0,0,0,0,0,0,0,0,0,0,0,0,0,0,1,0,0,1,0,0,0,1,0
2142704,3,13,0,0,0,0,0,0,0,0,0,0,0,0,1,0,1,0,0,0,2,0,1,1,0,1,0,1
2158708,1,2,0,0,0,0,0,0,0,0,0,0,0,0,1,1,0,0,1,0,0,3,1,0,0,0,0,0
2158708,1,4,0,0,0,0,0,0,0,0,0,0,0,0,5,3,6,5,14,7,10,8,12,10,0,0,0,0
2158708,3,13,0,0,0,0,0,0,0,0,0,0,0,0,6,4,6,5,15,7,10,11,12,9,0,0,0,0
2172647,1,1,0,0,1,0,0,0,0,0,1,0,0,0,0,0,0,0,0,0,0,0,0,0,0,0,0,0
2172647,1,2,0,0,2,1,2,0,2,2,1,2,2,1,0,0,0,0,0,0,0,0,0,0,0,0,0,0
2172647,1,3,0,0,1,0,0,0,0,0,0,0,0,0,0,0,0,0,0,0,0,0,0,0,0,0,0,0
2172647,1,4,0,0,5,2,6,6,10,2,2,7,7,5,0,0,0,0,0,0,0,0,0,0,0,0,0,0
2172647,2,5,0,0,1,1,2,0,2,0,0,0,2,0,0,0,0,0,0,0,0,0,0,0,0,0,0,0
2172647,2,6,0,0,0,0,0,1,0,0,1,0,0,0,0,0,0,0,0,0,0,0,0,0,0,0,0,0
2172647,3,13,0,0,9,3,8,6,12,4,4,8,7,5,0,0,0,0,0,0,0,0,0,0,0,0,0,0
2177868,1,2,0,0,1,0,0,0,0,0,0,0,0,2,0,0,0,0,0,0,0,0,0,0,0,0,0,0
2177868,1,3,0,0,4,0,3,3,2,1,4,4,3,2,0,0,0,0,0,0,0,0,0,0,0,0,0,0
2177868,1,4,0,0,0,0,0,0,0,0,1,1,0,1,0,0,0,0,0,0,0,0,0,0,0,0,0,0
2177868,3,13,0,0,5,0,3,3,2,1,5,5,3,5,0,0,0,0,0,0,0,0,0,0,0,0,0,0
2191091,1,2,0,0,0,0,1,0,0,0,0,0,1,0,0,0,0,0,0,0,0,0,0,0,0,0,0,0
2191091,1,3,0,0,2,0,1,7,0,4,3,3,0,4,0,0,0,0,0,0,0,0,0,0,0,0,0,0
2191091,1,4,0,0,2,1,7,4,8,2,4,3,3,3,0,0,0,0,0,0,0,0,0,0,0,0,0,0
2205410,1,2,0,0,1,0,1,1,0,0,2,0,0,0,0,0,0,0,0,0,0,0,0,0,0,0,0,0
2205410,1,4,0,0,3,2,3,3,0,2,3,3,0,2,0,0,0,0,0,0,0,0,0,0,0,0,0,0
2205410,2,5,0,0,0,0,0,0,0,0,1,0,0,0,0,0,0,0,0,0,0,0,0,0,0,0,0,0
2205410,3,13,0,0,4,2,0,1,0,0,0,0,0,0,0,0,0,0,0,0,0,0,0,0,0,0,0,0
2209053,1,2,0,0,8,4,6,4,3,2,7,3,2,3,0,0,0,0,0,0,0,0,0,0,0,0,0,0
2209053,1,4,0,0,0,1,0,1,0,1,1,1,0,1,0,0,0,0,0,0,0,0,0,0,0,0,0,0
2209053,3,13,0,0,8,5,6,5,3,3,8,4,2,4,0,0,0,0,0,0,0,0,0,0,0,0,0,0
2215236,1,2,0,0,0,0,0,0,0,0,0,0,0,0,0,0,0,0,0,0,1,1,0,0,0,0,0,0
2215236,1,4,0,0,0,0,0,0,0,0,0,0,0,0,5,6,5,7,5,10,14,13,6,8,0,0,0,0
2215236,3,13,0,0,0,0,0,0,0,0,0,0,0,0,0,0,0,1,0,1,2,2,3,0,0,0,0,0
2216108,1,1,0,0,0,0,0,0,0,0,0,0,1,1,0,0,0,1,0,0,0,0,0,0,0,0,0,0
2216108,1,2,0,0,5,2,1,6,3,3,2,3,2,0,1,0,4,0,2,1,0,0,0,0,0,0,0,0
2216108,1,4,0,0,2,3,8,4,7,4,4,5,5,6,12,9,9,7,10,6,0,0,0,0,0,0,0,0
2216108,3,13,0,0,6,5,0,0,1,0,0,2,1,2,1,1,0,1,1,1,0,0,0,0,0,0,0,0
2218982,1,4,0,0,2,6,7,3,9,7,11,5,14,7,0,0,0,0,0,0,0,0,0,0,0,0,0,0
2218982,3,13,0,0,2,6,6,3,9,7,11,5,14,7,0,0,0,0,0,0,0,0,0,0,0,0,0,0
2221071,1,2,0,0,0,0,0,0,0,0,1,1,0,1,0,0,1,1,0,0,0,0,0,0,0,0,0,0
2221071,1,4,0,0,2,1,4,4,12,5,9,8,4,11,10,11,2,5,11,7,0,0,0,0,0,0,0,0
2221071,3,13,0,0,2,1,4,4,12,5,10,9,4,12,10,11,3,6,11,7,0,0,0,0,0,0,0,0
2223773,1,2,0,0,0,2,0,0,0,1,1,1,3,2,0,0,0,0,0,0,0,0,0,0,0,0,0,0
2223773,1,4,0,0,1,1,0,2,0,1,1,0,3,3,0,0,0,0,0,0,0,0,0,0,0,0,0,0
2223773,3,13,0,0,0,0,0,0,0,0,0,0,0,1,0,0,0,0,0,0,0,0,0,0,0,0,0,0
2226222,1,3,0,0,0,1,0,0,1,0,0,0,0,0,0,0,0,0,0,0,0,0,0,0,0,0,0,0
2226222,1,4,0,0,3,2,3,1,5,6,4,4,6,3,0,0,0,0,0,0,0,0,0,0,0,0,0,0
2226222,3,13,0,0,0,0,0,0,1,0,0,0,0,0,0,0,0,0,0,0,0,0,0,0,0,0,0,0
2228897,1,2,0,0,2,4,6,4,1,3,8,4,2,4,9,3,5,1,4,4,0,0,0,0,0,0,0,0
2228897,1,3,0,0,0,0,0,0,0,0,1,0,0,0,0,0,0,1,0,0,0,0,0,0,0,0,0,0
2228897,1,4,0,0,2,0,0,1,2,1,0,0,3,2,2,1,2,3,6,3,0,0,0,0,0,0,0,0
2228897,3,13,0,0,0,0,0,1,0,0,0,0,0,0,0,0,1,0,0,0,0,0,0,0,0,0,0,0
2228971,1,2,0,0,0,0,0,0,0,0,0,0,0,0,2,1,1,0,0,1,1,0,1,0,0,0,0,0
2228971,1,3,0,0,0,0,0,0,0,0,0,0,0,0,4,6,2,6,6,5,5,2,2,1,0,0,0,0
2228971,1,4,0,0,0,0,0,0,0,0,0,0,0,0,1,3,3,2,5,2,3,8,8,4,0,0,0,0
2228971,3,13,0,0,0,0,0,0,0,0,0,0,0,0,0,0,0,0,0,1,0,1,0,0,0,0,0,0
2231383,1,2,0,0,2,0,0,0,1,1,0,0,0,0,0,0,0,0,0,0,0,0,0,0,0,0,0,0
2231383,1,4,0,0,5,3,5,8,2,6,7,1,2,2,0,0,0,0,0,0,0,0,0,0,0,0,0,0
2231383,2,5,0,0,0,0,1,1,0,1,3,0,0,0,0,0,0,0,0,0,0,0,0,0,0,0,0,0
2242344,1,2,0,0,2,1,2,1,3,2,2,2,2,3,0,0,0,0,0,0,0,0,0,0,0,0,0,0
2242344,1,4,0,0,0,1,1,1,0,0,1,1,0,0,0,0,0,0,0,0,0,0,0,0,0,0,0,0
2242344,3,13,0,0,2,2,1,0,0,0,0,0,0,0,0,0,0,0,0,0,0,0,0,0,0,0,0,0
2243407,1,2,0,0,0,0,2,0,0,0,0,1,1,0,0,0,0,0,0,0,0,0,0,0,0,0,0,0
2243407,1,4,0,0,7,7,4,7,8,3,8,3,6,8,0,0,0,0,0,0,0,0,0,0,0,0,0,0
2243407,3,13,0,0,0,1,0,0,2,1,1,1,0,1,0,0,0,0,0,0,0,0,0,0,0,0,0,0
2243733,1,2,0,0,2,2,1,1,0,2,1,2,3,0,0,0,0,0,0,0,0,0,0,0,0,0,0,0
2243733,1,4,0,0,2,5,5,4,7,8,8,7,4,6,0,0,0,0,0,0,0,0,0,0,0,0,0,0
2245908,1,2,0,0,0,0,1,1,0,0,1,2,0,1,0,0,0,0,0,0,0,0,0,0,0,0,0,0
2245908,1,3,0,0,0,1,0,0,0,0,0,0,0,0,0,0,0,0,0,0,0,0,0,0,0,0,0,0
2245908,1,4,0,0,1,1,1,2,1,3,1,1,3,1,0,0,0,0,0,0,0,0,0,0,0,0,0,0
2245908,3,13,0,0,1,2,2,3,1,3,2,3,3,2,0,0,0,0,0,0,0,0,0,0,0,0,0,0
2247989,1,2,0,0,0,0,1,0,0,0,0,1,1,0,0,0,0,0,0,0,0,0,0,0,0,0,0,0
2247989,1,4,0,0,1,1,2,2,3,3,3,2,0,0,0,0,0,0,0,0,0,0,0,0,0,0,0,0
2247989,3,13,0,0,1,1,3,2,3,3,3,3,1,0,0,0,0,0,0,0,0,0,0,0,0,0,0,0
2251153,1,1,5,4,7,4,3,1,6,2,2,1,7,5,1,0,0,0,0,0,2,0,1,1,0,0,0,0
2251153,1,2,8,4,3,3,4,4,1,2,4,4,3,0,7,3,3,0,1,4,1,5,1,2,0,0,0,0
2251153,1,4,20,18,13,9,15,6,11,8,4,14,12,7,9,4,13,11,11,9,12,4,8,11,0,0,0,0
2251153,2,5,2,2,3,2,4,1,3,0,1,3,3,1,2,1,2,2,2,4,4,0,0,1,0,0,0,0
2251153,2,6,1,1,0,1,0,0,0,0,0,1,0,0,0,0,1,1,0,0,1,1,0,0,0,0,0,0
2251153,2,10,1,0,0,0,0,0,0,0,0,0,0,0,0,0,0,0,0,0,0,0,0,0,0,0,0,0
2251153,3,13,0,1,1,0,1,1,3,2,2,0,1,0,1,0,0,1,0,0,0,0,1,0,0,0,0,0
2259231,1,1,122,68,40,35,20,16,14,19,27,24,30,29,34,31,28,27,54,43,41,28,38,32,46,42,32,36
2259231,1,2,30,23,20,22,18,16,25,16,18,20,19,22,12,14,18,11,14,24,28,18,14,25,16,12,11,6
2259231,1,3,2,1,2,2,2,2,1,0,1,0,0,0,3,0,1,0,0,2,1,2,2,1,2,0,1,0
2259231,1,4,321,327,235,241,231,224,239,173,259,212,263,223,234,242,247,217,209,191,196,175,216,195,136,145,149,138
2259231,2,5,6,8,2,4,6,3,2,4,6,2,5,6,6,5,3,2,6,5,10,3,4,8,7,4,5,5
2259231,2,6,9,8,3,6,5,3,1,4,2,0,2,4,2,1,2,3,4,6,5,0,1,3,4,4,4,6
2259231,2,8,0,0,0,0,1,0,0,0,0,0,0,0,0,0,0,0,0,0,0,0,0,0,0,0,0,0
2259231,2,10,0,0,0,0,0,0,0,0,0,0,0,0,1,0,0,0,1,0,1,0,0,0,0,0,0,1
2259231,3,13,0,2,1,4,8,2,7,6,14,10,31,34,20,22,22,21,24,23,37,29,28,31,29,32,20,32
2262477,1,1,0,0,0,0,0,0,1,0,1,0,0,0,0,0,0,0,0,0,0,0,0,0,0,0,0,0
2262477,1,2,0,0,1,2,2,4,2,1,2,3,3,1,0,0,0,0,0,0,0,0,0,0,0,0,0,0
2262477,1,4,0,0,1,0,0,0,0,1,0,0,1,0,0,0,0,0,0,0,0,0,0,0,0,0,0,0
2262477,3,13,0,0,2,2,2,4,3,2,3,3,3,1,0,0,0,0,0,0,0,0,0,0,0,0,0,0
2267246,1,2,0,0,0,2,1,1,0,1,0,0,1,1,0,0,0,0,0,0,0,0,0,0,0,0,0,0
2267246,1,4,0,0,0,3,6,4,4,3,5,7,5,2,0,0,0,0,0,0,0,0,0,0,0,0,0,0
2267246,2,5,0,0,0,0,0,1,0,1,0,0,0,0,0,0,0,0,0,0,0,0,0,0,0,0,0,0
2267246,3,13,0,0,0,5,7,5,4,4,5,7,6,3,0,0,0,0,0,0,0,0,0,0,0,0,0,0
2273123,1,1,0,0,1,1,1,0,1,0,1,0,1,1,0,2,3,0,1,3,0,1,2,1,1,2,2,1
2273123,1,2,23,28,7,11,8,5,9,9,11,9,8,4,17,10,14,6,14,6,13,10,25,11,34,21,17,22
2273123,1,3,2,0,0,0,1,0,0,1,1,0,0,1,1,0,0,1,0,0,3,3,2,1,4,3,6,2
2273123,1,4,244,199,119,109,117,91,107,87,120,93,128,88,155,108,177,103,232,125,281,171,264,176,306,242,292,223
2273123,2,5,7,7,7,2,3,5,1,1,6,3,2,4,4,4,4,3,7,3,6,5,5,8,7,11,10,3
2273123,2,6,1,0,3,0,1,0,4,3,0,0,2,1,0,1,5,3,1,2,2,2,2,2,2,5,11,5
2273123,3,13,0,0,1,0,1,0,1,0,1,0,0,0,1,1,2,0,1,1,2,3,3,1,4,2,2,1
2273492,1,2,0,0,0,1,0,0,0,1,0,1,0,0,0,0,0,0,0,0,0,0,0,0,0,0,0,0
2273492,1,4,0,0,1,3,2,2,0,1,4,3,0,1,0,0,0,0,0,0,0,0,0,0,0,0,0,0
2274311,1,2,0,0,2,2,0,0,3,0,0,0,0,0,0,0,0,0,0,0,0,0,0,0,0,0,0,0
2274311,1,4,0,0,1,1,2,0,1,1,2,1,1,1,0,0,0,0,0,0,0,0,0,0,0,0,0,0
2274311,3,13,0,0,3,3,2,0,4,1,2,1,1,1,0,0,0,0,0,0,0,0,0,0,0,0,0,0
2279265,1,2,0,0,3,3,2,1,2,2,2,1,3,0,0,0,0,0,0,0,0,0,0,0,0,0,0,0
2279265,1,4,0,0,0,4,1,2,4,1,0,4,5,1,0,0,0,0,0,0,0,0,0,0,0,0,0,0
2279265,3,13,0,0,2,7,0,0,0,0,0,0,0,0,0,0,0,0,0,0,0,0,0,0,0,0,0,0
2288378,1,1,3,2,1,1,3,2,3,3,4,2,1,1,2,2,1,4,3,3,1,2,3,2,4,7,2,0
2288378,1,2,15,17,13,9,15,2,10,9,14,6,10,12,20,6,12,2,11,7,6,9,7,7,8,12,11,16
2288378,1,3,0,1,0,1,0,0,0,0,0,0,0,0,0,0,1,0,0,0,4,0,0,0,1,0,0,1
2288378,1,4,86,73,44,28,40,21,42,23,38,30,44,33,53,33,29,36,38,22,45,21,35,25,42,30,33,28
2288378,2,5,15,13,6,6,3,2,7,3,9,3,4,5,10,3,3,8,6,3,3,1,7,4,6,4,1,4
2288378,2,6,2,2,1,2,0,0,1,0,1,0,2,1,0,1,2,1,1,0,1,0,0,0,2,1,1,0
2288378,2,7,0,0,0,0,0,0,0,0,0,0,0,0,0,0,1,0,0,0,0,0,0,0,0,0,0,0
2288378,2,10,1,0,0,0,0,0,0,0,0,0,0,0,0,0,0,0,0,0,0,0,0,0,0,0,0,0
2288378,3,13,0,0,0,0,1,0,1,2,3,0,1,1,1,2,1,2,4,3,2,2,3,1,4,7,2,0
2288532,1,1,0,0,0,0,0,0,0,0,0,1,0,0,0,0,0,0,0,0,0,0,0,0,0,0,0,0
2288532,1,4,0,0,0,20,0,12,0,15,0,14,0,19,0,0,0,0,0,0,0,0,0,0,0,0,0,0
2288532,2,5,0,0,0,20,0,12,0,15,0,15,0,19,0,0,0,0,0,0,0,0,0,0,0,0,0,0
2288532,3,13,0,0,0,19,0,12,0,15,0,15,0,11,0,0,0,0,0,0,0,0,0,0,0,0,0,0
2293502,1,1,70,50,2,1,0,1,0,0,1,0,3,0,0,0,0,1,7,3,2,0,2,2,0,1,0,1
2293502,1,2,9,12,10,8,5,2,5,3,5,6,5,0,2,2,3,4,1,6,6,2,4,3,2,2,3,0
2293502,1,3,1,0,1,0,0,0,0,0,0,0,0,0,0,0,0,0,0,0,0,0,0,0,0,0,0,0
2293502,1,4,94,91,75,55,38,36,18,25,55,38,43,44,47,32,43,35,39,28,46,22,40,28,32,35,34,30
2293502,2,5,17,22,10,9,13,9,3,4,17,5,10,12,13,4,4,5,6,8,9,3,3,8,3,4,6,3
2293502,2,6,1,0,0,0,0,0,0,0,1,0,0,0,0,0,0,0,0,1,0,0,1,0,0,1,0,0
2293502,3,13,0,0,0,0,0,0,0,1,0,0,1,0,0,0,1,0,0,0,1,0,2,1,0,3,0,1
2306581,1,1,11,8,2,0,2,3,0,1,2,2,3,0,1,0,0,2,1,0,0,0,1,1,0,0,0,0
2306581,1,2,13,5,0,1,1,5,1,3,3,4,2,1,3,0,2,1,2,0,0,0,0,1,0,0,0,0
2306581,1,3,0,0,3,0,0,0,0,0,0,0,0,0,0,0,1,0,0,0,0,0,0,0,0,0,0,0
2306581,1,4,68,46,22,19,22,13,11,9,12,9,15,9,12,8,6,9,5,0,3,5,8,5,0,0,0,0
2306581,2,5,10,1,1,3,4,3,1,3,0,0,1,1,0,0,0,0,0,0,0,0,0,0,0,0,0,0
2306581,2,6,1,3,4,2,3,0,1,1,1,0,2,1,0,1,0,1,2,0,0,0,0,0,0,0,0,0
2306581,2,7,0,0,0,0,0,0,0,0,0,0,1,0,0,0,0,0,0,0,0,0,0,0,0,0,0,0
2306581,3,13,0,0,1,0,2,3,0,0,2,2,0,0,1,0,0,2,1,0,0,0,1,1,0,0,0,0
2311679,1,1,0,0,0,0,0,0,0,0,0,1,0,0,0,0,0,0,0,0,0,0,0,0,0,0,0,0
2311679,1,2,0,0,1,2,0,1,1,4,2,1,0,1,0,0,0,0,0,0,0,0,0,0,0,0,0,0
2311679,1,3,0,0,3,1,2,2,1,3,1,2,3,1,0,0,0,0,0,0,0,0,0,0,0,0,0,0
2311679,1,4,0,0,1,2,5,3,1,6,2,1,2,1,0,0,0,0,0,0,0,0,0,0,0,0,0,0
2311679,3,13,0,0,5,5,2,3,2,12,5,5,5,3,0,0,0,0,0,0,0,0,0,0,0,0,0,0
2313446,1,2,0,0,0,0,1,0,0,0,0,0,1,0,0,0,0,0,0,0,0,0,0,0,0,0,0,0
2313446,1,4,0,0,2,7,7,6,7,5,9,5,8,6,0,0,0,0,0,0,0,0,0,0,0,0,0,0
2320426,1,2,0,0,0,0,0,0,0,0,0,0,0,0,2,0,0,0,1,0,0,0,0,0,0,0,0,0
2320426,1,4,0,0,6,3,7,6,9,5,4,4,8,2,8,4,5,9,11,11,0,0,0,0,0,0,0,0
2320426,3,13,0,0,0,0,0,0,0,0,0,0,0,0,0,0,0,0,1,0,0,0,0,0,0,0,0,0
2327967,1,4,0,0,4,2,1,0,9,3,4,7,1,4,0,0,0,0,0,0,0,0,0,0,0,0,0,0
2327967,2,5,0,0,4,2,1,0,9,3,4,7,1,4,0,0,0,0,0,0,0,0,0,0,0,0,0,0
2327967,3,13,0,0,3,2,1,0,9,3,4,7,1,4,0,0,0,0,0,0,0,0,0,0,0,0,0,0
2328435,1,1,8,7,3,1,4,3,3,0,1,2,0,2,0,0,0,0,0,0,0,0,0,0,0,0,0,0
2328435,1,2,3,1,2,2,1,0,0,0,0,0,0,0,0,0,0,0,0,0,0,0,0,0,0,0,0,0
2328435,1,4,0,0,0,0,0,0,0,0,0,0,1,0,0,0,0,0,0,0,0,0,0,0,0,0,0,0
2328435,2,5,2,1,0,0,1,0,0,0,0,0,0,0,0,0,0,0,0,0,0,0,0,0,0,0,0,0
2328435,2,6,1,1,0,0,0,0,0,0,0,0,0,0,0,0,0,0,0,0,0,0,0,0,0,0,0,0
2329434,1,2,0,0,0,0,0,0,0,0,0,0,0,0,12,10,8,13,16,12,20,17,9,9,23,18,14,15
2329434,1,4,0,0,0,0,0,0,0,0,0,0,0,0,8,16,14,8,20,14,25,19,28,19,16,24,19,28
2329434,2,5,0,0,0,0,0,0,0,0,0,0,0,0,0,2,1,0,2,1,0,2,1,0,0,0,0,0
2329434,3,13,0,0,0,0,0,0,0,0,0,0,0,0,2,5,0,1,2,0,11,6,4,2,0,2,2,3
2330852,1,2,0,0,0,0,0,0,1,0,0,1,1,0,2,0,0,2,1,1,0,0,0,0,0,0,0,0
2330852,1,3,0,0,0,0,0,0,0,0,0,1,0,1,0,2,0,0,0,1,0,0,0,0,0,0,0,0
2330852,1,4,0,0,0,1,3,2,5,4,2,4,5,3,5,6,3,3,8,4,0,0,0,0,0,0,0,0
2330852,3,13,0,0,0,1,3,2,6,4,2,6,6,4,7,8,3,5,9,6,0,0,0,0,0,0,0,0
2333892,1,1,0,0,1,2,0,1,1,0,1,0,0,0,0,0,0,0,0,0,0,0,0,0,0,0,0,0
2333892,1,4,0,0,0,0,3,3,1,1,2,3,2,1,1,2,1,1,5,1,0,0,0,0,0,0,0,0
2333892,2,5,0,0,1,2,3,4,2,1,3,3,2,1,1,2,1,1,5,1,0,0,0,0,0,0,0,0
2333892,3,13,0,0,0,0,0,0,0,0,1,0,0,0,0,0,0,0,0,0,0,0,0,0,0,0,0,0
2348330,1,2,5,3,5,6,3,6,3,1,4,12,4,0,1,4,4,4,3,2,0,0,0,0,0,0,0,0
2348330,1,4,3,2,5,4,4,3,3,5,3,3,6,3,4,3,6,6,5,4,0,0,0,0,0,0,0,0
2348330,3,13,8,5,9,10,6,4,6,5,6,13,9,2,5,3,9,10,8,6,0,0,0,0,0,0,0,0
2352282,1,3,0,0,0,0,0,0,0,0,0,0,0,0,3,1,1,3,1,4,2,1,1,3,0,0,0,0
2352282,1,4,0,0,0,0,0,0,0,0,0,0,0,0,12,10,9,6,7,15,14,5,7,6,0,0,0,0
2352282,2,5,0,0,0,0,0,0,0,0,0,0,0,0,7,0,1,3,3,3,2,1,0,1,0,0,0,0
2352282,3,13,0,0,0,0,0,0,0,0,0,0,0,0,0,0,0,1,0,1,0,0,0,0,0,0,0,0
2355141,1,2,0,0,0,0,0,0,0,0,1,0,1,0,0,0,0,0,0,0,0,0,0,0,0,0,0,0
2355141,1,4,0,0,3,7,4,5,6,2,5,6,9,7,0,0,0,0,0,0,0,0,0,0,0,0,0,0
2355141,3,13,0,0,3,7,4,5,6,2,6,5,10,7,0,0,0,0,0,0,0,0,0,0,0,0,0,0
2366615,1,2,0,0,1,0,0,1,1,2,1,1,0,1,0,0,0,0,0,0,0,0,0,0,0,0,0,0
2366615,1,3,0,0,0,0,1,0,0,1,0,1,0,0,0,0,0,0,0,0,0,0,0,0,0,0,0,0
2366615,1,4,0,0,5,10,3,2,9,9,16,6,17,13,0,0,0,0,0,0,0,0,0,0,0,0,0,0
2366615,2,5,0,0,0,1,0,0,0,0,2,0,1,0,0,0,0,0,0,0,0,0,0,0,0,0,0,0
2366615,2,6,0,0,3,5,3,0,6,4,4,4,5,4,0,0,0,0,0,0,0,0,0,0,0,0,0,0
2366615,3,13,0,0,0,0,0,0,0,1,0,0,0,1,0,0,0,0,0,0,0,0,0,0,0,0,0,0
2387135,1,3,0,0,0,0,0,0,0,0,0,1,0,0,0,0,0,0,0,0,0,0,0,0,0,0,0,0
2387135,1,4,0,0,1,5,9,5,9,5,3,10,10,7,10,9,6,7,13,12,0,0,0,0,0,0,0,0
2387135,3,13,0,0,1,5,9,5,1,0,0,1,0,1,0,1,1,0,1,1,0,0,0,0,0,0,0,0
2390889,1,4,0,0,4,1,0,1,2,3,3,1,3,6,1,1,1,2,2,6,0,0,0,0,0,0,0,0
2390889,3,13,0,0,1,1,0,1,1,3,3,1,3,5,1,0,1,1,1,3,0,0,0,0,0,0,0,0
2402838,1,2,0,0,1,1,3,0,0,1,1,0,2,1,0,0,1,0,0,0,0,0,0,0,0,0,0,0
2402838,1,4,0,0,9,6,6,7,12,12,4,5,9,8,12,6,6,11,15,9,0,0,0,0,0,0,0,0
2402838,3,13,0,0,10,7,1,2,1,3,5,5,11,9,12,6,7,11,15,9,0,0,0,0,0,0,0,0
2411203,1,2,0,0,0,0,0,0,0,0,0,0,1,0,0,0,0,0,0,0,0,0,0,0,0,0,0,0
2411203,1,3,0,0,0,0,0,0,0,0,0,1,0,0,0,0,0,0,0,0,0,0,0,0,0,0,0,0
2411203,1,4,0,0,4,4,0,0,3,1,5,2,2,2,0,0,0,0,0,0,0,0,0,0,0,0,0,0
2411203,3,13,0,0,0,0,0,0,1,0,1,0,2,2,0,0,0,0,0,0,0,0,0,0,0,0,0,0
2421492,1,1,0,0,0,0,0,0,0,0,0,1,0,0,0,0,0,0,0,0,0,0,0,0,0,0,0,0
2421492,1,4,0,0,7,5,6,9,12,7,7,8,10,19,0,0,0,0,0,0,0,0,0,0,0,0,0,0
2428989,1,2,0,0,2,6,2,1,1,2,0,1,1,0,0,0,0,0,0,0,0,0,0,0,0,0,0,0
2442433,1,1,5,6,3,7,7,7,5,4,4,8,3,1,5,1,2,0,4,4,7,1,1,4,0,2,1,4
2442433,1,2,1,1,0,1,1,2,1,1,0,0,3,0,0,1,2,0,0,0,0,0,2,0,0,0,0,1
2442433,1,3,0,0,0,0,0,0,0,0,1,0,0,0,0,0,1,0,0,0,0,0,0,0,0,0,0,0
2442433,1,4,29,25,22,13,15,10,16,20,17,14,21,18,25,26,20,18,20,23,15,21,17,18,0,9,4,6
2442433,2,5,0,0,0,0,0,0,0,1,1,2,2,0,0,2,0,1,2,0,0,2,0,2,0,0,0,0
2442433,2,6,0,0,0,0,1,0,0,0,1,2,2,0,0,0,0,0,0,1,1,1,0,0,0,0,0,0
2442433,3,13,0,0,0,0,0,0,0,0,0,0,0,0,0,0,0,0,0,0,0,0,1,0,0,2,0,2
2444103,1,4,0,0,2,3,0,2,4,2,2,1,2,4,0,0,0,0,0,0,0,0,0,0,0,0,0,0
2444103,3,13,0,0,2,3,0,0,1,0,0,0,1,1,0,0,0,0,0,0,0,0,0,0,0,0,0,0
2444992,1,2,0,0,0,0,0,0,0,0,0,0,0,0,1,2,3,1,6,3,6,0,5,4,3,5,3,3
2444992,1,4,0,0,0,0,0,0,0,0,0,0,0,0,10,13,15,15,14,9,17,17,23,18,29,16,27,13
2444992,2,5,0,0,0,0,0,0,0,0,0,0,0,0,0,0,2,0,0,0,0,0,2,1,7,0,4,0
2444992,2,6,0,0,0,0,0,0,0,0,0,0,0,0,0,0,0,0,1,0,0,0,0,0,1,0,0,0
2444992,3,13,0,0,0,0,0,0,0,0,0,0,0,0,0,0,0,0,0,0,0,0,5,7,1,1,7,0
2448191,1,1,0,0,0,0,0,0,0,0,0,0,0,0,1,0,0,0,0,0,1,1,0,0,0,0,0,0
2448191,1,2,0,0,0,0,0,0,0,0,0,0,0,0,0,1,8,1,3,5,3,1,0,1,3,1,5,2
2448191,1,3,0,0,0,0,0,0,0,0,0,0,0,0,0,0,0,0,1,0,0,0,0,0,0,0,0,0
2448191,1,4,0,0,0,0,0,0,0,0,0,0,0,0,35,28,30,32,30,29,38,30,42,25,28,20,23,27
2448191,2,5,0,0,0,0,0,0,0,0,0,0,0,0,0,0,0,0,1,0,0,0,2,0,1,0,0,0
2448191,2,6,0,0,0,0,0,0,0,0,0,0,0,0,0,0,0,0,1,0,0,0,0,1,0,0,0,0
2448191,3,13,0,0,0,0,0,0,0,0,0,0,0,0,4,3,2,1,22,28,3,4,1,3,1,1,4,0
2453583,1,3,0,0,2,3,1,2,0,2,1,2,3,3,2,7,2,0,0,1,0,0,0,0,0,0,0,0
2453583,1,4,0,0,8,7,9,8,8,10,10,8,9,5,8,5,5,8,6,10,0,0,0,0,0,0,0,0
2453583,3,13,0,0,10,10,6,8,5,10,11,5,6,6,10,11,7,8,6,8,0,0,0,0,0,0,0,0
2466377,1,2,0,0,0,0,0,0,0,0,0,0,0,0,3,2,3,7,2,0,8,3,5,5,0,0,0,0
2466377,1,4,0,0,0,0,0,0,0,0,0,0,0,0,13,5,9,14,12,4,17,22,17,19,0,0,0,0
2466377,2,5,0,0,0,0,0,0,0,0,0,0,0,0,0,0,1,0,0,1,2,1,0,0,0,0,0,0
2466377,3,13,0,0,0,0,0,0,0,0,0,0,0,0,0,0,0,0,0,0,0,1,1,1,0,0,0,0
2468310,1,1,0,0,0,0,0,0,1,0,2,0,0,0,0,0,0,0,0,0,0,0,0,0,0,0,0,0
2468310,1,2,0,0,4,6,4,2,3,4,3,6,5,6,0,0,0,0,0,0,0,0,0,0,0,0,0,0
2468310,1,3,0,0,1,2,1,2,1,0,1,1,1,2,0,0,0,0,0,0,0,0,0,0,0,0,0,0
2468310,1,4,0,0,10,7,10,12,10,13,14,9,12,11,0,0,0,0,0,0,0,0,0,0,0,0,0,0
2468310,2,5,0,0,0,0,1,1,1,1,4,0,2,0,0,0,0,0,0,0,0,0,0,0,0,0,0,0
2468310,3,13,0,0,0,0,0,0,1,1,1,0,0,0,0,0,0,0,0,0,0,0,0,0,0,0,0,0
2472551,1,2,0,0,0,0,0,0,0,1,1,0,2,0,0,1,0,0,1,0,0,0,0,0,0,0,0,0
2472551,1,3,0,0,0,2,0,0,0,0,0,1,0,0,0,0,0,0,0,0,0,0,0,0,0,0,0,0
2472551,1,4,0,0,8,3,3,5,3,9,6,5,7,4,7,2,10,5,8,8,0,0,0,0,0,0,0,0
2472551,3,13,0,0,0,0,0,0,0,0,0,0,0,1,0,0,1,0,0,0,0,0,0,0,0,0,0,0
2474930,1,2,0,0,0,0,1,0,0,0,0,0,0,0,0,0,0,0,0,0,0,0,0,0,0,0,0,0
2474930,1,4,0,0,3,2,1,2,5,1,1,6,2,4,0,0,0,0,0,0,0,0,0,0,0,0,0,0
2484547,1,1,0,0,0,0,0,0,0,0,0,0,0,0,1,0,0,0,0,0,0,0,0,0,0,0,0,0
2484547,1,2,0,0,0,1,1,1,0,2,1,0,0,0,1,1,0,0,0,1,0,0,0,0,0,0,0,0
2484547,1,3,0,0,3,3,1,3,1,0,1,1,2,2,1,0,0,2,2,1,0,0,0,0,0,0,0,0
2484547,1,4,0,0,4,2,3,3,0,2,3,3,4,3,2,1,5,5,3,5,0,0,0,0,0,0,0,0
2484547,2,6,0,0,0,0,0,0,0,0,0,0,0,0,0,0,1,0,0,0,0,0,0,0,0,0,0,0
2484547,3,13,0,0,7,6,5,7,1,4,5,4,6,5,4,2,5,7,5,7,0,0,0,0,0,0,0,0
2486679,1,2,0,0,2,0,0,4,3,1,1,2,0,1,0,0,0,0,0,0,0,0,0,0,0,0,0,0
2486679,1,3,0,0,1,1,0,1,2,0,0,1,0,1,0,0,0,0,0,0,0,0,0,0,0,0,0,0
2486679,1,4,0,0,1,0,0,0,2,2,0,1,2,2,0,0,0,0,0,0,0,0,0,0,0,0,0,0
2486679,3,13,0,0,0,0,0,1,0,0,0,0,0,0,0,0,0,0,0,0,0,0,0,0,0,0,0,0
2487503,1,1,0,0,0,1,0,0,0,0,0,0,0,0,0,0,0,0,0,0,0,0,0,0,0,0,0,0
2487503,1,2,8,3,5,4,4,0,1,2,1,1,1,0,3,1,1,0,3,1,4,4,1,1,1,2,1,0
2487503,1,3,1,0,1,0,0,0,0,0,0,0,0,0,0,0,0,0,0,0,1,0,0,0,0,0,0,0
2487503,1,4,93,69,39,29,31,29,40,35,34,26,33,25,35,26,43,24,41,28,27,19,26,18,23,12,15,17
2487503,2,5,4,1,2,0,2,1,1,1,1,1,1,1,2,1,1,1,0,0,2,0,1,0,0,0,1,0
2487503,3,13,0,0,0,0,0,0,0,0,0,0,0,0,0,0,0,0,0,0,2,0,0,0,0,0,0,0
2487917,1,1,0,0,0,0,0,0,0,0,0,0,0,0,3,0,4,0,3,0,5,0,6,0,3,0,5,0
2487917,1,2,0,0,0,0,0,0,0,0,0,0,0,0,27,0,36,0,25,0,64,0,57,0,95,0,113,0
2487917,1,3,0,0,0,0,0,0,0,0,0,0,0,0,0,0,3,0,2,0,4,0,4,0,10,0,8,0
2487917,1,4,0,0,0,0,0,0,0,0,0,0,0,0,83,0,87,0,89,0,171,0,175,0,253,0,242,0
2487917,2,5,0,0,0,0,0,0,0,0,0,0,0,0,9,0,19,0,11,0,13,0,13,0,14,0,13,0
2487917,2,6,0,0,0,0,0,0,0,0,0,0,0,0,1,0,1,0,2,0,1,0,2,0,0,0,0,0
2487917,3,13,0,0,0,0,0,0,0,0,0,0,0,0,7,0,8,0,7,0,29,0,29,0,24,0,22,0
2488708,1,4,0,0,1,0,0,0,1,4,2,0,2,2,0,0,0,0,0,0,0,0,0,0,0,0,0,0
2488708,3,13,0,0,1,0,0,0,0,2,2,0,1,0,0,0,0,0,0,0,0,0,0,0,0,0,0,0
2494696,1,2,0,0,0,0,0,0,1,0,1,0,0,0,0,0,0,0,0,0,0,0,0,0,0,0,0,0
2494696,1,4,0,0,3,7,3,6,9,4,5,5,4,6,0,0,0,0,0,0,0,0,0,0,0,0,0,0
2494696,3,13,0,0,0,0,0,0,0,0,0,2,0,0,0,0,0,0,0,0,0,0,0,0,0,0,0,0
2497331,1,1,5,4,2,0,0,0,0,0,0,0,0,0,0,0,0,0,0,0,0,0,0,0,0,0,0,0
2497331,1,2,0,1,0,0,2,1,1,0,0,0,1,0,0,0,0,0,0,0,0,0,0,0,0,0,0,0
2497331,1,4,15,15,10,3,5,3,2,1,0,4,4,1,0,0,0,0,0,0,0,0,0,0,0,0,0,0
2497331,2,5,0,0,1,0,0,0,0,0,0,0,0,0,0,0,0,0,0,0,0,0,0,0,0,0,0,0
2497331,2,10,0,1,0,0,0,0,0,0,0,0,0,0,0,0,0,0,0,0,0,0,0,0,0,0,0,0
2510933,1,1,3,5,0,0,0,0,0,0,0,0,0,0,0,0,0,0,0,0,0,0,0,0,0,0,0,0
2510933,1,2,1,1,2,3,1,1,0,0,1,2,0,0,0,0,0,0,0,0,0,0,0,0,0,0,0,0
2510933,1,3,0,0,1,0,0,0,0,0,0,0,0,0,0,0,0,0,0,0,0,0,0,0,0,0,0,0
2510933,1,4,14,9,10,10,5,3,8,9,7,2,3,2,0,0,0,0,0,0,0,0,0,0,0,0,0,0
2510933,2,5,0,1,0,0,0,0,0,0,0,0,0,0,0,0,0,0,0,0,0,0,0,0,0,0,0,0
2510933,2,6,6,4,3,1,1,1,2,6,3,1,1,1,0,0,0,0,0,0,0,0,0,0,0,0,0,0
2510933,2,8,1,0,0,0,0,0,0,0,0,0,0,0,0,0,0,0,0,0,0,0,0,0,0,0,0,0
2510933,2,10,1,0,0,0,0,0,0,0,0,0,0,0,0,0,0,0,0,0,0,0,0,0,0,0,0,0
2510933,3,13,0,0,0,0,0,0,0,0,1,0,0,0,0,0,0,0,0,0,0,0,0,0,0,0,0,0
2511859,1,1,0,0,2,1,0,0,0,0,0,0,0,0,0,0,0,0,0,0,0,0,0,0,0,0,0,0
2511859,1,4,0,0,0,0,2,3,7,0,2,3,3,4,0,0,0,0,0,0,0,0,0,0,0,0,0,0
2516163,1,2,0,0,2,1,0,1,3,2,1,1,0,0,0,0,0,0,0,0,0,0,0,0,0,0,0,0
2516163,1,4,0,0,0,0,0,0,1,0,0,0,1,0,0,0,0,0,0,0,0,0,0,0,0,0,0,0
2516163,3,13,0,0,2,1,0,1,4,2,1,1,1,0,0,0,0,0,0,0,0,0,0,0,0,0,0,0
2543877,1,1,2,3,1,1,2,2,2,0,1,1,1,0,3,2,2,0,2,1,1,1,3,3,0,0,0,0
2543877,1,2,9,15,12,7,10,4,4,2,9,6,6,3,4,3,3,11,7,5,5,3,0,5,0,0,0,0
2543877,1,3,0,0,0,0,0,0,0,1,1,0,1,0,0,0,0,0,0,0,0,0,0,0,0,0,0,0
2543877,1,4,51,38,19,28,33,22,17,17,33,23,28,30,28,21,27,26,28,16,13,15,18,20,0,0,0,0
2543877,2,5,0,2,0,2,0,0,0,1,1,1,0,0,0,0,0,1,1,3,1,2,1,0,0,0,0,0
2543877,2,6,7,1,1,1,1,1,0,1,1,0,2,0,3,2,1,0,1,1,0,1,1,2,0,0,0,0
2543877,3,13,0,0,1,0,0,0,1,0,1,0,1,1,2,1,1,0,2,1,0,0,2,3,0,0,0,0
2545695,1,4,0,0,8,5,6,6,2,6,8,5,8,5,0,0,0,0,0,0,0,0,0,0,0,0,0,0
2545695,2,6,0,0,0,0,0,0,0,0,0,0,0,1,0,0,0,0,0,0,0,0,0,0,0,0,0,0
2545695,3,13,0,0,0,0,6,6,2,6,7,5,8,5,0,0,0,0,0,0,0,0,0,0,0,0,0,0
2549767,1,1,0,0,0,0,0,1,0,0,0,0,0,0,0,0,0,0,0,0,0,0,0,0,0,0,0,0
2549767,1,2,3,3,1,1,0,2,2,1,0,1,1,0,0,0,0,0,0,0,0,0,0,0,0,0,0,0
2549767,1,3,0,0,0,0,0,0,0,1,0,0,0,0,0,0,0,0,0,0,0,0,0,0,0,0,0,0
2549767,1,4,48,42,14,20,19,10,8,6,9,5,7,7,0,0,0,0,0,0,0,0,0,0,0,0,0,0
2549767,2,5,6,5,1,1,2,0,0,0,0,0,0,0,0,0,0,0,0,0,0,0,0,0,0,0,0,0
2551645,1,2,0,0,0,0,0,0,0,0,0,0,0,0,4,5,1,3,3,3,7,4,2,3,0,0,0,0
2551645,1,3,0,0,0,0,0,0,0,0,0,0,0,0,0,2,2,0,0,0,1,0,0,0,0,0,0,0
2551645,1,4,0,0,0,0,0,0,0,0,0,0,0,0,6,5,3,3,8,9,6,8,11,3,0,0,0,0
2551645,2,5,0,0,0,0,0,0,0,0,0,0,0,0,1,0,0,0,0,0,0,0,0,0,0,0,0,0
2551645,3,13,0,0,0,0,0,0,0,0,0,0,0,0,1,3,1,0,1,1,8,7,1,0,0,0,0,0
2551705,1,2,0,0,0,1,0,0,0,1,0,0,0,0,0,0,0,0,0,0,0,0,0,0,0,0,0,0
2551705,1,3,0,0,1,1,0,0,0,0,0,0,0,0,0,0,0,0,0,0,0,0,0,0,0,0,0,0
2551705,1,4,0,0,5,4,3,3,5,2,7,1,6,4,0,0,0,0,0,0,0,0,0,0,0,0,0,0
2551705,3,13,0,0,6,6,3,3,5,3,7,1,6,4,0,0,0,0,0,0,0,0,0,0,0,0,0,0
2552229,1,2,0,0,2,0,1,1,0,2,3,1,1,0,0,0,0,0,0,0,0,0,0,0,0,0,0,0
2552229,1,3,0,0,0,0,0,1,0,0,0,1,0,0,0,0,0,0,0,0,0,0,0,0,0,0,0,0
2552229,1,4,0,0,8,7,4,5,6,11,8,12,15,10,0,0,0,0,0,0,0,0,0,0,0,0,0,0
2552229,2,6,0,0,0,0,0,0,0,0,0,0,1,0,0,0,0,0,0,0,0,0,0,0,0,0,0,0
2552229,3,13,0,0,0,0,0,0,0,0,1,0,0,0,0,0,0,0,0,0,0,0,0,0,0,0,0,0
2553210,1,2,0,0,0,0,0,0,0,0,0,0,1,0,0,0,0,0,0,0,0,0,0,0,0,0,0,0
2553210,1,4,0,0,5,4,0,7,11,8,8,4,4,5,0,0,0,0,0,0,0,0,0,0,0,0,0,0
2553210,3,13,0,0,5,4,0,7,11,8,8,4,5,5,0,0,0,0,0,0,0,0,0,0,0,0,0,0
2554839,1,1,0,0,4,3,0,2,2,0,1,0,0,0,0,0,0,0,0,0,0,0,0,0,0,0,0,0
2554839,1,2,0,0,0,3,3,2,2,6,2,4,4,2,0,0,0,0,0,0,0,0,0,0,0,0,0,0
2554839,1,3,0,0,1,0,0,0,0,0,0,0,0,0,0,0,0,0,0,0,0,0,0,0,0,0,0,0
2554839,1,4,0,0,1,1,3,1,3,1,2,3,7,6,0,0,0,0,0,0,0,0,0,0,0,0,0,0
2554839,2,5,0,0,0,0,1,0,0,1,0,0,1,0,0,0,0,0,0,0,0,0,0,0,0,0,0,0
2554839,2,6,0,0,0,0,0,0,0,0,0,0,1,0,0,0,0,0,0,0,0,0,0,0,0,0,0,0
2554839,3,13,0,0,0,0,0,2,1,0,1,0,0,0,0,0,0,0,0,0,0,0,0,0,0,0,0,0
2558344,1,3,0,0,0,1,0,1,1,0,0,1,0,0,0,0,0,0,0,0,0,0,0,0,0,0,0,0
2558344,1,4,0,0,4,5,4,1,5,1,4,5,5,4,0,0,0,0,0,0,0,0,0,0,0,0,0,0
2558344,3,13,0,0,0,1,0,0,0,0,0,0,0,0,0,0,0,0,0,0,0,0,0,0,0,0,0,0
2568650,1,1,0,0,0,0,0,1,0,0,0,0,0,0,0,0,0,0,0,0,0,0,0,0,0,0,0,0
2568650,1,2,0,0,1,2,1,1,0,3,0,1,1,1,2,2,5,5,1,6,0,0,0,0,0,0,0,0
2568650,1,4,0,0,1,4,2,1,3,7,8,5,7,3,10,9,8,8,15,15,0,0,0,0,0,0,0,0
2568650,3,13,0,0,0,0,1,1,0,5,1,0,0,2,2,1,2,3,0,0,0,0,0,0,0,0,0,0
2575129,1,2,0,0,0,1,0,0,0,0,0,0,0,0,0,0,0,0,0,0,0,0,0,0,0,0,0,0
2575129,1,4,0,0,1,1,2,1,2,0,1,0,0,2,0,0,0,0,0,0,0,0,0,0,0,0,0,0
2575129,3,13,0,0,1,2,2,1,2,0,1,0,0,2,0,0,0,0,0,0,0,0,0,0,0,0,0,0
2577004,1,4,0,0,1,3,3,4,3,7,7,2,5,4,0,0,0,0,0,0,0,0,0,0,0,0,0,0
2577004,3,13,0,0,1,3,1,0,2,2,2,0,0,0,0,0,0,0,0,0,0,0,0,0,0,0,0,0
2579854,1,4,0,0,2,1,1,3,1,4,3,2,2,2,0,0,0,0,0,0,0,0,0,0,0,0,0,0
2579854,2,5,0,0,2,1,1,3,1,4,3,2,2,2,0,0,0,0,0,0,0,0,0,0,0,0,0,0
2579854,3,13,0,0,0,0,0,0,0,0,1,1,0,0,0,0,0,0,0,0,0,0,0,0,0,0,0,0
2583271,1,2,0,0,0,0,1,0,0,1,0,0,0,0,0,0,0,0,0,0,0,0,0,0,0,0,0,0
2583271,1,4,0,0,1,1,0,1,1,0,4,2,0,1,0,0,0,0,0,0,0,0,0,0,0,0,0,0
2583271,3,13,0,0,1,1,1,1,1,1,4,2,0,1,0,0,0,0,0,0,0,0,0,0,0,0,0,0
2584221,1,2,0,0,3,5,2,2,1,3,5,1,0,2,1,2,4,1,5,4,0,0,0,0,0,0,0,0
2584221,1,3,0,0,0,0,0,0,0,1,3,1,0,0,0,3,0,2,0,0,0,0,0,0,0,0,0,0
2584221,1,4,0,0,2,1,0,3,1,0,3,3,1,3,5,3,2,0,1,7,0,0,0,0,0,0,0,0
2584221,3,13,0,0,0,0,2,3,0,0,0,0,0,1,1,1,3,3,0,0,0,0,0,0,0,0,0,0
2586588,1,1,0,0,0,1,0,0,0,0,0,0,0,0,0,0,0,0,0,0,0,0,0,0,0,0,0,0
2586588,1,2,0,0,0,0,0,0,0,0,1,0,1,0,0,0,0,0,0,0,0,0,0,0,0,0,0,0
2586588,1,4,0,0,5,4,1,3,4,4,4,1,3,8,0,0,0,0,0,0,0,0,0,0,0,0,0,0
2586588,3,13,0,0,5,4,1,3,4,3,5,1,4,7,0,0,0,0,0,0,0,0,0,0,0,0,0,0
2587914,1,2,0,0,0,0,0,0,0,1,1,1,3,0,1,2,2,1,1,2,0,0,0,0,0,0,0,0
2587914,1,3,0,0,1,0,0,0,1,1,0,0,0,0,0,1,1,0,0,0,0,0,0,0,0,0,0,0
2587914,1,4,0,0,5,4,4,7,3,4,3,7,3,2,8,3,4,7,8,5,0,0,0,0,0,0,0,0
2587914,3,13,0,0,0,0,0,0,0,0,0,0,0,0,0,1,0,0,0,0,0,0,0,0,0,0,0,0
2588959,1,2,0,0,6,8,8,7,8,9,5,3,6,3,0,0,0,0,0,0,0,0,0,0,0,0,0,0
2588959,1,3,0,0,1,0,1,1,0,2,1,0,0,0,0,0,0,0,0,0,0,0,0,0,0,0,0,0
2588959,1,4,0,0,4,6,4,9,4,6,9,8,5,4,0,0,0,0,0,0,0,0,0,0,0,0,0,0
2588959,3,13,0,0,10,14,10,17,12,17,13,11,11,7,0,0,0,0,0,0,0,0,0,0,0,0,0,0
2599611,1,2,0,0,1,0,0,0,1,0,1,2,0,0,0,0,0,0,0,0,0,0,0,0,0,0,0,0
2599611,1,3,0,0,0,0,0,1,0,0,0,1,0,0,0,0,0,0,0,0,0,0,0,0,0,0,0,0
2599611,1,4,0,0,12,6,6,13,9,9,10,7,11,8,0,0,0,0,0,0,0,0,0,0,0,0,0,0
2599611,2,5,0,0,1,0,0,3,3,0,4,1,1,0,0,0,0,0,0,0,0,0,0,0,0,0,0,0
2605911,1,1,0,0,0,0,0,0,0,0,0,0,0,0,0,0,1,0,0,0,1,0,1,0,0,0,0,0
2605911,1,2,0,0,0,0,0,0,0,0,0,0,0,0,17,0,10,0,8,0,21,0,23,0,33,0,31,0
2605911,1,3,0,0,0,0,0,0,0,0,0,0,0,0,0,0,2,0,0,0,0,0,0,0,2,0,0,0
2605911,1,4,0,0,0,0,0,0,0,0,0,0,0,0,36,0,46,0,56,0,63,0,76,0,115,0,130,0
2605911,2,5,0,0,0,0,0,0,0,0,0,0,0,0,1,0,5,0,5,0,2,0,6,0,3,0,4,0
2605911,2,6,0,0,0,0,0,0,0,0,0,0,0,0,0,0,0,0,0,0,0,0,2,0,0,0,0,0
2605911,3,13,0,0,0,0,0,0,0,0,0,0,0,0,3,0,7,0,0,0,4,0,2,0,3,0,13,0
2606910,1,1,19,12,2,1,0,0,0,0,0,1,0,0,0,1,0,0,0,0,0,0,0,0,0,0,0,0
2606910,1,2,0,3,0,0,4,2,1,2,2,4,2,1,7,5,3,4,6,5,6,5,0,0,0,0,0,0
2606910,1,3,0,0,0,0,1,0,0,0,0,0,0,0,0,0,0,0,0,0,0,1,0,0,0,0,0,0
2606910,1,4,12,9,21,19,12,19,25,14,27,20,47,29,55,40,57,31,61,22,61,36,0,0,0,0,0,0
2606910,2,5,0,1,1,1,1,1,0,1,0,0,3,0,2,3,2,1,6,0,4,0,0,0,0,0,0,0
2606910,2,6,1,0,1,0,0,1,4,1,1,2,1,0,4,8,2,0,3,2,6,0,0,0,0,0,0,0
2606910,2,8,0,0,0,0,0,0,0,0,1,0,0,0,0,0,0,0,0,0,0,0,0,0,0,0,0,0
2606910,3,13,0,0,0,0,0,0,0,0,0,1,0,0,0,0,0,0,0,0,0,1,0,0,0,0,0,0
2610339,1,1,0,0,1,0,0,0,0,0,0,0,0,0,0,0,0,0,0,0,0,0,0,0,0,0,0,0
2610339,1,2,0,0,0,0,0,0,0,0,0,0,2,0,0,0,0,0,0,0,0,0,0,0,0,0,0,0
2610339,1,4,0,0,5,2,4,0,3,3,1,3,3,4,0,0,0,0,0,0,0,0,0,0,0,0,0,0
2610339,2,5,0,0,0,0,0,0,0,0,0,1,0,1,0,0,0,0,0,0,0,0,0,0,0,0,0,0
2610339,3,13,0,0,5,2,4,0,2,2,0,3,4,2,0,0,0,0,0,0,0,0,0,0,0,0,0,0
2625046,1,2,0,0,0,0,0,0,0,0,0,0,0,0,0,2,1,1,0,1,3,1,1,2,0,0,0,0
2625046,1,3,0,0,0,0,0,0,0,0,0,0,0,0,0,0,0,1,0,0,0,1,0,0,0,0,0,0
2625046,1,4,0,0,0,0,0,0,0,0,0,0,0,0,14,21,22,16,23,20,20,17,37,26,0,0,0,0
2625046,2,6,0,0,0,0,0,0,0,0,0,0,0,0,1,1,0,0,0,2,0,0,0,1,0,0,0,0
2625046,3,13,0,0,0,0,0,0,0,0,0,0,0,0,7,12,22,17,16,18,23,19,28,19,0,0,0,0
2635758,1,2,0,0,0,0,1,0,1,0,1,0,0,0,0,0,0,0,0,0,0,0,0,0,0,0,0,0
2635758,1,3,0,0,2,4,3,4,4,4,1,3,0,5,0,0,0,0,0,0,0,0,0,0,0,0,0,0
2635758,1,4,0,0,2,2,4,0,2,3,4,1,6,5,0,0,0,0,0,0,0,0,0,0,0,0,0,0
2638114,1,4,0,0,1,4,2,1,3,1,1,1,3,2,0,0,0,0,0,0,0,0,0,0,0,0,0,0
2638114,2,5,0,0,1,4,2,1,3,1,1,1,3,2,0,0,0,0,0,0,0,0,0,0,0,0,0,0
2638114,3,13,0,0,1,4,2,1,3,1,1,1,3,2,0,0,0,0,0,0,0,0,0,0,0,0,0,0
2638502,1,2,0,0,1,0,0,1,0,1,0,0,0,1,0,0,0,0,0,0,0,0,0,0,0,0,0,0
2638502,1,4,0,0,0,0,0,0,0,1,2,0,2,4,0,0,0,0,0,0,0,0,0,0,0,0,0,0
2638502,3,13,0,0,1,0,0,1,0,2,0,0,1,0,0,0,0,0,0,0,0,0,0,0,0,0,0,0
2640172,1,1,12,10,0,0,0,0,0,0,0,0,2,0,1,0,1,0,1,0,0,0,1,0,0,0,0,0
2640172,1,2,5,0,1,1,2,1,1,1,0,1,2,1,1,2,0,1,0,0,1,0,0,1,0,1,0,0
2640172,1,4,27,29,22,16,16,23,19,12,18,16,9,13,18,7,12,5,11,7,5,6,11,7,11,6,7,1
2640172,2,5,1,2,0,0,0,0,1,0,2,0,0,0,0,0,1,0,2,0,0,0,1,0,0,0,0,0
2640172,2,6,1,5,0,0,1,0,0,0,0,1,0,0,0,0,0,0,0,0,0,0,0,0,0,3,0,0
2640172,3,13,0,0,0,0,0,0,0,0,0,0,2,0,0,0,0,0,1,0,0,0,0,0,0,0,0,0
2647175,1,4,0,0,2,6,0,6,2,2,1,6,5,2,0,0,0,0,0,0,0,0,0,0,0,0,0,0
2647175,3,13,0,0,2,6,0,6,2,1,1,6,4,1,0,0,0,0,0,0,0,0,0,0,0,0,0,0
2656279,1,2,0,0,0,0,1,0,0,0,2,0,0,0,0,0,0,0,0,0,0,0,0,0,0,0,0,0
2656279,1,4,0,0,3,6,3,2,3,8,6,7,4,3,0,0,0,0,0,0,0,0,0,0,0,0,0,0
2656279,3,13,0,0,3,6,4,2,3,8,8,7,4,3,0,0,0,0,0,0,0,0,0,0,0,0,0,0
2657951,1,1,0,0,0,0,1,0,0,0,0,0,0,0,0,0,0,0,0,0,0,0,0,0,0,0,0,0
2657951,1,2,0,0,1,0,3,0,2,2,0,1,0,1,0,0,0,0,0,0,0,0,0,0,0,0,0,0
2657951,1,4,0,0,2,3,2,5,1,1,4,1,3,1,0,0,0,0,0,0,0,0,0,0,0,0,0,0
2657951,3,13,0,0,0,1,0,0,0,0,0,0,0,0,0,0,0,0,0,0,0,0,0,0,0,0,0,0
2659388,1,2,0,0,1,1,2,1,0,2,3,3,1,0,0,0,0,0,0,0,0,0,0,0,0,0,0,0
2659388,1,4,0,0,5,1,3,2,6,3,1,0,2,3,0,0,0,0,0,0,0,0,0,0,0,0,0,0
2659388,3,13,0,0,4,2,1,0,0,1,3,3,1,0,0,0,0,0,0,0,0,0,0,0,0,0,0,0
2663348,1,4,0,0,5,1,1,3,1,2,0,1,2,0,0,0,0,0,0,0,0,0,0,0,0,0,0,0
2663348,2,5,0,0,5,1,1,3,1,2,0,1,2,0,0,0,0,0,0,0,0,0,0,0,0,0,0,0
2664444,1,4,0,0,2,0,2,1,1,1,1,1,2,2,0,0,0,0,0,0,0,0,0,0,0,0,0,0
2664444,3,13,0,0,0,0,1,1,0,0,0,0,0,2,0,0,0,0,0,0,0,0,0,0,0,0,0,0
2666911,1,1,0,0,0,0,0,0,0,0,0,0,0,0,2,1,0,2,1,0,1,0,0,1,0,0,0,0
2666911,1,2,0,0,0,0,0,0,0,0,0,0,0,0,5,8,9,5,14,3,12,2,11,2,0,0,0,0
2666911,1,4,0,0,0,0,0,0,0,0,0,0,0,0,13,8,16,14,17,16,20,18,17,19,0,0,0,0
2666911,2,5,0,0,0,0,0,0,0,0,0,0,0,0,1,0,1,1,1,1,1,2,3,0,0,0,0,0
2666911,2,6,0,0,0,0,0,0,0,0,0,0,0,0,0,0,0,0,0,0,0,0,1,0,0,0,0,0
2666911,3,13,0,0,0,0,0,0,0,0,0,0,0,0,19,17,24,21,32,19,33,20,28,21,0,0,0,0
2668013,1,1,64,59,5,5,0,2,2,1,1,1,0,0,1,0,0,0,0,0,0,0,0,1,0,0,0,0
2668013,1,2,4,3,5,2,2,3,2,1,7,1,2,1,1,1,1,2,2,0,1,0,0,0,0,0,0,0
2668013,1,4,30,18,52,29,51,27,37,51,38,27,33,31,17,18,23,22,19,15,16,8,5,10,0,0,0,0
2668013,2,5,4,0,3,0,2,1,3,1,3,1,1,2,1,0,0,0,0,1,0,0,0,0,0,0,0,0
2668013,2,6,0,0,0,0,0,0,0,0,0,0,0,0,3,0,0,0,0,0,0,0,0,0,0,0,0,0
2668013,2,8,0,0,1,0,0,0,0,0,0,0,0,0,0,0,0,1,0,0,0,0,0,0,0,0,0,0
2668013,3,13,0,0,0,0,0,0,0,0,1,0,0,0,0,0,0,0,0,0,0,0,0,1,0,0,0,0
2670157,1,1,0,0,1,0,0,0,0,0,0,0,0,0,0,0,0,0,0,0,0,0,0,0,0,0,0,0
2670157,1,2,0,0,2,3,5,1,3,3,5,9,4,10,0,0,0,0,0,0,0,0,0,0,0,0,0,0
2670157,1,4,0,0,1,0,1,0,1,1,2,1,2,1,0,0,0,0,0,0,0,0,0,0,0,0,0,0
2670157,3,13,0,0,1,0,0,0,0,0,1,1,0,0,0,0,0,0,0,0,0,0,0,0,0,0,0,0
2678135,1,2,0,0,0,2,2,3,1,3,4,1,6,2,0,0,0,0,0,0,0,0,0,0,0,0,0,0
2678135,3,13,0,0,0,2,2,3,1,3,4,1,5,2,0,0,0,0,0,0,0,0,0,0,0,0,0,0
2679566,1,2,0,0,13,9,10,8,13,15,13,8,15,11,0,0,0,0,0,0,0,0,0,0,0,0,0,0
2679566,1,3,0,0,7,1,3,6,2,2,3,3,4,2,0,0,0,0,0,0,0,0,0,0,0,0,0,0
2679566,1,4,0,0,6,2,3,5,7,6,6,10,5,5,0,0,0,0,0,0,0,0,0,0,0,0,0,0
2679566,2,5,0,0,0,0,0,0,0,0,0,0,1,0,0,0,0,0,0,0,0,0,0,0,0,0,0,0
2679847,1,1,0,0,0,0,0,0,0,0,0,0,0,0,0,0,1,0,0,0,0,0,1,0,0,0,0,0
2679847,1,2,0,0,0,0,0,0,0,0,0,0,0,0,35,23,23,25,40,18,36,16,19,12,0,0,0,0
2679847,1,3,0,0,0,0,0,0,0,0,0,0,0,0,0,0,1,2,0,0,0,0,0,0,0,0,0,0
2679847,1,4,0,0,0,0,0,0,0,0,0,0,0,0,34,24,43,19,45,33,36,11,62,27,0,0,0,0
2679847,2,5,0,0,0,0,0,0,0,0,0,0,0,0,8,4,11,2,10,4,7,1,13,2,0,0,0,0
2679847,2,6,0,0,0,0,0,0,0,0,0,0,0,0,6,2,5,3,4,5,4,1,7,4,0,0,0,0
2679847,3,13,0,0,0,0,0,0,0,0,0,0,0,0,48,29,66,45,68,32,71,22,22,8,0,0,0,0
2683106,1,2,0,0,0,0,0,0,1,0,0,0,0,0,0,0,0,0,0,0,0,0,0,0,0,0,0,0
2683106,1,4,0,0,4,2,1,1,3,2,6,0,2,2,0,0,0,0,0,0,0,0,0,0,0,0,0,0
2683106,3,13,0,0,4,2,1,1,4,2,6,0,2,2,0,0,0,0,0,0,0,0,0,0,0,0,0,0
2689061,1,1,15,25,12,8,10,4,5,7,6,8,9,3,0,0,0,0,0,0,0,0,0,0,0,0,0,0
2689061,1,2,9,6,10,11,11,10,13,13,10,10,16,14,0,0,0,0,0,0,0,0,0,0,0,0,0,0
2689061,1,3,1,1,0,1,1,0,0,0,1,0,1,0,0,0,0,0,0,0,0,0,0,0,0,0,0,0
2689061,1,4,10,7,20,24,31,28,30,26,42,31,32,36,0,0,0,0,0,0,0,0,0,0,0,0,0,0
2689061,2,5,1,2,3,4,3,4,3,1,2,1,2,3,0,0,0,0,0,0,0,0,0,0,0,0,0,0
2689061,2,6,0,2,1,0,0,2,1,1,4,3,2,1,0,0,0,0,0,0,0,0,0,0,0,0,0,0
2689061,2,7,0,0,0,0,0,0,0,0,0,0,1,0,0,0,0,0,0,0,0,0,0,0,0,0,0,0
2689061,3,13,0,0,1,2,2,1,2,5,4,7,9,1,0,0,0,0,0,0,0,0,0,0,0,0,0,0
2689761,1,4,0,0,1,3,5,4,5,2,2,3,2,1,0,0,0,0,0,0,0,0,0,0,0,0,0,0
2689761,2,5,0,0,0,0,0,0,1,0,0,0,0,0,0,0,0,0,0,0,0,0,0,0,0,0,0,0
2689761,2,6,0,0,0,0,1,0,0,0,0,0,0,0,0,0,0,0,0,0,0,0,0,0,0,0,0,0
2690188,1,1,0,0,0,0,0,1,1,0,0,0,0,0,0,0,0,0,0,0,0,0,0,0,0,0,0,0
2690188,1,2,0,0,0,2,1,1,0,0,1,1,0,0,0,0,0,0,0,0,0,0,0,0,0,0,0,0
2690188,1,4,0,0,7,3,4,1,5,5,3,8,5,6,0,0,0,0,0,0,0,0,0,0,0,0,0,0
2690188,2,5,0,0,3,0,1,0,1,1,2,1,3,3,0,0,0,0,0,0,0,0,0,0,0,0,0,0
2690188,2,6,0,0,0,0,1,0,0,0,0,0,0,0,0,0,0,0,0,0,0,0,0,0,0,0,0,0
2690188,3,13,0,0,7,5,5,3,6,5,4,9,4,6,0,0,0,0,0,0,0,0,0,0,0,0,0,0
2690410,1,4,0,0,2,2,3,3,2,2,0,3,3,2,0,0,0,0,0,0,0,0,0,0,0,0,0,0
2690410,3,13,0,0,2,2,0,0,0,0,0,0,0,0,0,0,0,0,0,0,0,0,0,0,0,0,0,0
2693700,1,2,0,0,0,0,1,0,1,0,0,0,0,1,0,0,0,1,1,0,0,0,0,0,0,0,0,0
2693700,1,4,0,0,3,8,7,5,8,8,8,12,6,8,10,5,5,5,9,9,0,0,0,0,0,0,0,0
2693700,3,13,0,0,0,0,0,0,0,0,0,0,0,0,0,0,0,0,1,0,0,0,0,0,0,0,0,0
2693972,1,2,0,0,2,1,4,3,2,2,1,1,1,0,0,0,0,0,0,0,0,0,0,0,0,0,0,0
2693972,1,4,0,0,1,2,1,2,2,2,1,1,2,1,0,0,0,0,0,0,0,0,0,0,0,0,0,0
2693972,2,5,0,0,0,0,0,2,1,1,0,0,1,1,0,0,0,0,0,0,0,0,0,0,0,0,0,0
2693972,2,6,0,0,0,1,0,0,0,0,0,0,0,0,0,0,0,0,0,0,0,0,0,0,0,0,0,0
2693972,3,13,0,0,0,0,0,1,0,0,0,0,1,0,0,0,0,0,0,0,0,0,0,0,0,0,0,0
2694620,1,2,0,0,0,0,0,1,0,2,0,0,0,0,0,0,0,0,0,0,0,0,0,0,0,0,0,0
2694620,1,4,0,0,3,2,6,2,4,1,6,3,7,6,0,0,0,0,0,0,0,0,0,0,0,0,0,0
2694620,3,13,0,0,0,0,1,0,0,0,0,0,0,0,0,0,0,0,0,0,0,0,0,0,0,0,0,0
2695264,1,2,0,0,0,0,0,1,2,0,0,0,2,2,0,0,0,0,0,0,0,0,0,0,0,0,0,0
2695264,1,4,0,0,1,4,1,6,2,4,3,0,2,5,0,0,0,0,0,0,0,0,0,0,0,0,0,0
2695264,3,13,0,0,1,4,1,7,4,4,3,0,4,7,0,0,0,0,0,0,0,0,0,0,0,0,0,0
2696681,1,4,0,0,2,3,4,3,7,2,1,1,3,2,0,0,0,0,0,0,0,0,0,0,0,0,0,0
2696681,3,13,0,0,2,3,1,2,0,0,0,0,0,0,0,0,0,0,0,0,0,0,0,0,0,0,0,0
2697425,1,2,0,0,0,0,0,0,0,0,0,0,0,0,2,0,1,0,0,0,0,1,0,0,0,0,0,0
2697425,1,3,0,0,0,0,0,0,0,0,0,0,0,0,1,0,0,0,0,0,1,0,0,0,0,0,0,0
2697425,1,4,0,0,0,0,0,0,0,0,0,0,0,0,8,7,5,1,7,6,24,12,15,14,0,0,0,0
2697425,3,13,0,0,0,0,0,0,0,0,0,0,0,0,2,0,0,0,0,1,10,2,8,3,0,0,0,0
2709794,1,1,0,0,0,0,0,0,0,0,0,0,0,0,0,0,0,0,0,0,0,0,0,0,1,0,0,0
2709794,1,2,0,0,0,0,0,0,0,0,0,0,0,0,1,0,8,0,4,0,15,0,11,0,28,0,22,0
2709794,1,3,0,0,0,0,0,0,0,0,0,0,0,0,0,0,0,0,1,0,1,0,1,0,2,0,4,0
2709794,1,4,0,0,0,0,0,0,0,0,0,0,0,0,18,0,18,0,18,0,64,0,41,0,90,0,90,0
2709794,2,5,0,0,0,0,0,0,0,0,0,0,0,0,8,0,6,0,4,0,27,0,13,0,17,0,8,0
2709794,2,6,0,0,0,0,0,0,0,0,0,0,0,0,0,0,0,0,0,0,1,0,0,0,1,0,0,0
2709794,3,13,0,0,0,0,0,0,0,0,0,0,0,0,1,0,2,0,1,0,5,0,0,0,6,0,17,0
2717079,1,2,0,0,2,1,0,1,0,1,0,0,4,2,0,0,0,0,0,0,0,0,0,0,0,0,0,0
2717079,3,13,0,0,2,1,0,1,0,1,0,0,4,2,0,0,0,0,0,0,0,0,0,0,0,0,0,0
2720737,1,2,0,0,1,0,0,1,0,3,0,0,2,0,0,0,0,0,0,0,0,0,0,0,0,0,0,0
2720737,1,3,0,0,0,0,0,1,0,0,0,0,0,0,0,0,0,0,0,0,0,0,0,0,0,0,0,0
2720737,1,4,0,0,2,11,6,7,6,4,9,8,11,7,0,0,0,0,0,0,0,0,0,0,0,0,0,0
2720737,2,5,0,0,0,4,3,3,0,1,6,5,6,2,0,0,0,0,0,0,0,0,0,0,0,0,0,0
2720737,2,6,0,0,0,0,0,0,0,0,1,0,0,0,0,0,0,0,0,0,0,0,0,0,0,0,0,0
2720737,3,13,0,0,0,0,0,0,0,1,0,0,1,1,0,0,0,0,0,0,0,0,0,0,0,0,0,0
2726601,1,1,0,0,2,2,0,0,0,1,1,0,0,0,0,0,0,0,0,0,0,0,0,0,0,0,0,0
2726601,1,2,0,0,2,0,0,0,0,2,2,1,3,2,0,0,0,0,0,0,0,0,0,0,0,0,0,0
2726601,1,3,0,0,2,0,1,1,3,0,2,0,6,1,0,0,0,0,0,0,0,0,0,0,0,0,0,0
2726601,1,4,0,0,5,4,4,10,12,8,15,17,30,12,0,0,0,0,0,0,0,0,0,0,0,0,0,0
2726601,2,5,0,0,0,0,0,1,0,0,0,2,0,0,0,0,0,0,0,0,0,0,0,0,0,0,0,0
2726601,2,6,0,0,2,0,1,0,2,1,3,3,5,1,0,0,0,0,0,0,0,0,0,0,0,0,0,0
2726601,3,13,0,0,1,0,1,0,1,1,0,1,1,2,0,0,0,0,0,0,0,0,0,0,0,0,0,0
2728138,1,1,0,0,2,3,1,0,4,1,5,5,2,2,0,0,0,0,0,0,0,0,0,0,0,0,0,0
2728138,1,2,0,0,0,0,0,0,0,1,0,0,0,0,0,0,0,0,0,0,0,0,0,0,0,0,0,0
2728138,1,3,0,0,0,0,0,0,0,1,0,0,0,0,0,0,0,0,0,0,0,0,0,0,0,0,0,0
2728138,1,4,0,0,0,1,2,0,0,0,0,0,0,0,0,0,0,0,0,0,0,0,0,0,0,0,0,0
2728138,3,13,0,0,0,0,0,0,0,1,0,0,1,0,0,0,0,0,0,0,0,0,0,0,0,0,0,0
2733282,1,2,0,0,1,0,0,0,0,0,0,0,0,0,0,0,0,0,0,0,0,0,0,0,0,0,0,0
2733282,1,4,13,23,3,5,4,2,5,4,3,2,6,3,0,0,0,0,0,0,0,0,0,0,0,0,0,0
2733282,2,5,8,9,1,3,1,2,1,2,2,1,2,2,0,0,0,0,0,0,0,0,0,0,0,0,0,0
2733282,3,13,0,1,0,0,0,0,0,0,0,0,0,0,0,0,0,0,0,0,0,0,0,0,0,0,0,0
2736593,1,1,0,0,1,1,0,0,0,0,0,0,0,0,0,0,0,0,0,0,0,0,0,0,0,0,0,0
2736593,1,2,0,0,0,0,1,0,0,1,2,2,2,1,0,0,0,0,0,0,0,0,0,0,0,0,0,0
2736593,1,4,0,0,0,2,1,1,0,1,1,0,1,4,0,0,0,0,0,0,0,0,0,0,0,0,0,0
2736593,2,5,0,0,0,0,0,0,0,0,0,0,0,1,0,0,0,0,0,0,0,0,0,0,0,0,0,0
2736593,3,13,0,0,0,0,0,0,0,0,0,0,2,0,0,0,0,0,0,0,0,0,0,0,0,0,0,0
2743052,1,2,0,0,2,0,0,0,0,0,2,1,0,0,0,0,0,0,0,0,0,0,0,0,0,0,0,0
2743052,1,3,0,0,0,0,0,0,0,0,1,0,0,0,0,0,0,0,0,0,0,0,0,0,0,0,0,0
2743052,1,4,0,0,2,2,4,4,1,4,4,4,2,4,0,0,0,0,0,0,0,0,0,0,0,0,0,0
2743052,2,5,0,0,0,0,0,0,0,1,0,0,0,0,0,0,0,0,0,0,0,0,0,0,0,0,0,0
2746332,1,2,0,0,1,1,0,1,2,1,1,1,2,2,3,3,1,2,2,2,0,0,0,0,0,0,0,0
2746332,1,4,0,0,1,0,4,3,4,3,6,2,4,7,2,3,3,5,2,4,0,0,0,0,0,0,0,0
2750783,1,1,1,0,0,0,0,0,0,0,0,0,0,0,0,0,1,0,0,0,0,0,0,0,0,0,0,0
2750783,1,2,18,6,4,5,2,0,4,0,6,6,6,5,5,3,3,2,2,3,2,2,0,3,1,0,0,1
2750783,1,3,0,0,0,1,0,0,0,0,0,0,0,0,0,0,0,0,0,0,0,0,0,0,0,0,0,0
2750783,1,4,93,61,42,41,45,28,36,22,27,32,39,17,32,15,27,31,26,20,16,17,17,13,14,15,9,13
2750783,2,5,1,0,0,0,2,0,1,0,0,0,1,2,0,1,0,1,0,0,0,0,0,0,0,0,0,0
2750783,3,13,0,0,0,0,0,0,1,0,0,0,0,0,0,0,0,0,0,1,0,0,1,0,1,0,0,0
2754475,1,2,0,0,0,0,0,0,2,0,0,0,1,0,0,0,0,0,0,0,0,0,0,0,0,0,0,0
2754475,1,4,0,0,0,6,5,2,1,3,4,3,5,6,0,0,0,0,0,0,0,0,0,0,0,0,0,0
2754475,3,13,0,0,0,6,0,0,0,0,0,0,0,0,0,0,0,0,0,0,0,0,0,0,0,0,0,0
2756928,1,1,0,0,0,1,0,1,1,0,0,1,0,0,0,0,0,0,0,0,0,0,0,0,0,0,0,0
2756928,1,2,0,0,2,1,0,2,0,0,1,1,1,1,0,0,0,0,0,0,0,0,0,0,0,0,0,0
2756928,1,4,0,0,1,6,2,4,3,2,4,6,2,5,0,0,0,0,0,0,0,0,0,0,0,0,0,0
2756928,2,5,0,0,0,0,0,0,0,0,1,0,0,0,0,0,0,0,0,0,0,0,0,0,0,0,0,0
2756928,2,6,0,0,1,0,0,0,0,0,0,0,1,0,0,0,0,0,0,0,0,0,0,0,0,0,0,0
2756928,3,13,0,0,0,0,0,0,1,0,1,1,0,0,0,0,0,0,0,0,0,0,0,0,0,0,0,0
2770426,1,1,0,0,0,0,0,0,0,0,0,0,0,0,1,3,1,1,2,2,1,0,0,1,0,0,0,0
2770426,1,2,0,0,0,0,0,0,0,0,0,0,0,0,5,8,7,6,5,4,2,5,5,6,0,0,0,0
2770426,1,4,0,0,0,0,0,0,0,0,0,0,0,0,12,7,14,7,8,9,9,8,7,4,0,0,0,0
2770426,2,5,0,0,0,0,0,0,0,0,0,0,0,0,3,1,0,1,3,1,2,3,1,1,0,0,0,0
2770426,3,13,0,0,0,0,0,0,0,0,0,0,0,0,0,1,0,0,0,1,0,0,0,1,0,0,0,0
2774803,1,2,0,0,0,0,0,0,0,0,0,0,0,0,2,0,3,5,3,5,3,4,2,2,2,4,1,3
2774803,1,4,0,0,0,0,0,0,0,0,0,0,0,0,32,27,46,18,43,24,44,24,39,35,62,42,46,60
2774803,2,5,0,0,0,0,0,0,0,0,0,0,0,0,0,1,1,0,0,0,0,0,0,0,0,1,0,0
2774803,2,6,0,0,0,0,0,0,0,0,0,0,0,0,0,0,0,0,0,0,0,0,0,1,0,0,0,0
2774803,3,13,0,0,0,0,0,0,0,0,0,0,0,0,1,0,26,12,26,11,21,15,0,0,51,42,22,23
2779628,1,2,0,0,1,2,0,0,1,2,2,1,2,2,0,0,0,0,0,0,0,0,0,0,0,0,0,0
2779628,1,4,0,0,1,0,1,0,0,0,0,1,0,0,0,0,0,0,0,0,0,0,0,0,0,0,0,0
2779628,3,13,0,0,2,2,1,0,1,2,1,2,2,2,0,0,0,0,0,0,0,0,0,0,0,0,0,0
2782833,1,4,10,5,2,5,5,2,9,2,5,2,1,5,3,4,3,7,4,3,0,0,0,0,0,0,0,0
2782905,1,1,0,0,2,3,0,0,0,0,0,0,0,0,0,0,0,0,0,0,0,0,0,0,0,0,0,0
2782905,1,2,0,0,1,3,1,0,3,0,1,0,2,0,0,0,0,0,0,0,0,0,0,0,0,0,0,0
2782905,1,4,0,0,1,2,4,2,6,9,2,3,4,2,0,0,0,0,0,0,0,0,0,0,0,0,0,0
2782905,3,13,0,0,0,0,0,0,0,1,0,0,0,0,0,0,0,0,0,0,0,0,0,0,0,0,0,0
2786179,1,3,0,0,1,4,4,1,0,3,1,1,2,1,0,0,0,0,0,0,0,0,0,0,0,0,0,0
2786179,1,4,0,0,1,1,0,1,2,2,1,0,1,1,0,0,0,0,0,0,0,0,0,0,0,0,0,0
2786179,2,5,0,0,0,0,0,0,0,0,0,0,0,1,0,0,0,0,0,0,0,0,0,0,0,0,0,0
2786179,3,13,0,0,2,5,4,2,2,5,2,1,3,2,0,0,0,0,0,0,0,0,0,0,0,0,0,0
2809002,1,1,0,0,0,0,0,0,0,0,0,0,0,0,0,0,0,0,0,2,0,0,0,3,0,0,0,1
2809002,1,2,0,0,0,0,0,0,0,0,0,0,0,0,0,16,0,16,0,14,0,24,0,18,0,53,0,24
2809002,1,3,0,0,0,0,0,0,0,0,0,0,0,0,0,1,0,2,0,0,0,1,0,0,0,0,0,0
2809002,1,4,0,0,0,0,0,0,0,0,0,0,0,0,0,71,0,60,0,73,0,116,0,109,0,190,0,164
2809002,2,5,0,0,0,0,0,0,0,0,0,0,0,0,0,24,0,13,0,17,0,23,0,31,0,55,0,37
2809002,2,6,0,0,0,0,0,0,0,0,0,0,0,0,0,0,0,0,0,0,0,0,0,0,0,1,0,0
2809002,3,13,0,0,0,0,0,0,0,0,0,0,0,0,0,5,0,4,0,6,0,3,0,12,0,39,0,12
2815994,1,1,0,0,0,0,0,0,0,0,0,0,0,0,0,0,0,0,1,0,0,0,0,0,0,0,0,0
2815994,1,2,0,0,0,0,0,0,2,0,1,0,1,0,1,1,2,0,2,0,0,0,0,0,0,0,0,0
2815994,1,4,0,0,8,1,4,10,9,6,11,13,12,7,10,10,16,12,20,13,0,0,0,0,0,0,0,0
2815994,2,5,0,0,0,0,0,0,0,0,0,0,0,0,1,0,1,0,2,0,0,0,0,0,0,0,0,0
2815994,3,13,0,0,8,1,4,10,11,6,12,13,13,7,11,11,18,12,21,12,0,0,0,0,0,0,0,0
2816424,1,4,0,0,3,4,3,1,2,3,5,4,4,6,0,0,0,0,0,0,0,0,0,0,0,0,0,0
2818029,1,2,0,0,2,0,0,0,0,0,1,0,1,0,1,0,0,0,1,2,0,0,0,0,0,0,0,0
2818029,1,3,0,0,1,1,0,0,0,0,0,0,0,0,0,0,1,0,0,0,0,0,0,0,0,0,0,0
2818029,1,4,7,11,6,4,4,5,3,7,5,8,7,4,8,6,8,7,0,11,0,0,0,0,0,0,0,0
2818029,3,13,1,0,0,0,0,0,0,0,0,0,0,0,0,0,3,3,0,1,0,0,0,0,0,0,0,0
2827011,1,2,0,0,1,1,0,0,1,3,0,0,1,0,0,0,0,0,0,0,0,0,0,0,0,0,0,0
2827011,1,3,0,0,1,2,1,0,0,0,0,0,1,1,0,0,0,0,0,0,0,0,0,0,0,0,0,0
2827011,1,4,0,0,2,4,6,3,5,2,2,5,4,2,0,0,0,0,0,0,0,0,0,0,0,0,0,0
2827011,3,13,0,0,4,7,7,3,3,5,2,5,6,3,0,0,0,0,0,0,0,0,0,0,0,0,0,0
2837400,1,1,0,0,0,1,0,0,0,0,2,1,1,1,0,0,0,0,0,0,0,0,0,0,0,0,0,0
2837400,1,4,0,0,0,0,1,1,2,2,1,1,0,1,0,0,0,0,0,0,0,0,0,0,0,0,0,0
2837400,2,5,0,0,0,0,0,1,0,1,0,0,0,0,0,0,0,0,0,0,0,0,0,0,0,0,0,0
2846159,1,2,4,1,5,1,0,0,2,0,1,0,1,0,0,0,0,0,0,0,0,0,0,0,0,0,0,0
2846159,1,4,21,18,12,5,2,1,4,1,6,3,4,0,0,0,0,0,0,0,0,0,0,0,0,0,0,0
2846159,2,5,0,0,1,0,0,0,0,0,1,0,0,0,0,0,0,0,0,0,0,0,0,0,0,0,0,0
2855043,1,1,3,3,2,0,1,2,1,0,0,1,0,1,0,0,0,0,0,0,0,0,0,0,0,0,0,0
2855043,1,2,6,5,2,1,2,1,0,2,2,1,3,3,0,0,0,0,0,0,0,0,0,0,0,0,0,0
2855043,1,3,0,0,0,0,1,0,0,0,0,0,0,0,0,0,0,0,0,0,0,0,0,0,0,0,0,0
2855043,1,4,17,18,7,5,8,7,6,4,4,6,5,8,0,0,0,0,0,0,0,0,0,0,0,0,0,0
2855043,2,5,0,3,1,1,0,0,1,3,1,2,1,0,0,0,0,0,0,0,0,0,0,0,0,0,0,0
2855043,2,6,0,0,0,0,0,0,0,0,0,0,0,1,0,0,0,0,0,0,0,0,0,0,0,0,0,0
2855043,3,13,1,1,0,0,1,2,0,0,0,2,1,0,0,0,0,0,0,0,0,0,0,0,0,0,0,0
2861114,1,4,0,0,1,6,3,7,2,5,9,2,1,7,0,0,0,0,0,0,0,0,0,0,0,0,0,0
2862821,1,1,0,0,1,0,0,0,0,0,0,0,0,0,0,0,0,0,0,0,0,0,0,0,0,0,0,0
2862821,1,2,0,0,0,1,0,0,0,0,0,0,0,0,0,0,0,0,0,0,0,0,0,0,0,0,0,0
2862821,1,4,0,0,10,12,6,9,12,11,5,3,7,12,0,0,0,0,0,0,0,0,0,0,0,0,0,0
2863647,1,1,3,4,0,4,2,1,1,0,0,1,0,0,0,0,0,0,0,0,0,0,0,0,0,0,0,0
2863647,1,2,12,5,2,4,1,3,0,1,1,2,1,1,0,0,0,0,0,0,0,0,0,0,0,0,0,0
2863647,1,3,1,0,0,0,0,0,0,1,0,0,1,0,0,0,0,0,0,0,0,0,0,0,0,0,0,0
2863647,1,4,52,45,11,10,11,16,9,5,7,7,7,7,0,0,0,0,0,0,0,0,0,0,0,0,0,0
2863647,2,5,0,1,0,0,0,0,0,0,0,1,0,0,0,0,0,0,0,0,0,0,0,0,0,0,0,0
2863647,2,6,1,0,0,0,0,0,0,0,0,0,1,0,0,0,0,0,0,0,0,0,0,0,0,0,0,0
2863647,3,13,0,0,0,1,1,0,0,0,0,1,0,0,0,0,0,0,0,0,0,0,0,0,0,0,0,0
2866217,1,4,0,0,1,2,1,3,2,3,2,5,4,3,0,0,0,0,0,0,0,0,0,0,0,0,0,0
2866217,2,6,0,0,0,0,0,0,0,0,0,0,1,0,0,0,0,0,0,0,0,0,0,0,0,0,0,0
2866217,3,13,0,0,1,2,1,3,2,1,1,1,2,0,0,0,0,0,0,0,0,0,0,0,0,0,0,0
2873999,1,1,7,7,1,0,0,0,0,1,0,0,0,0,0,0,0,0,0,0,0,0,0,0,0,0,0,0
2873999,1,2,6,8,3,4,4,3,2,2,1,0,5,0,0,0,0,0,0,0,0,0,0,0,0,0,0,0
2873999,1,4,7,10,5,6,3,3,4,6,2,0,2,1,0,0,0,0,0,0,0,0,0,0,0,0,0,0
2873999,2,5,3,7,4,1,1,1,2,1,1,0,0,1,0,0,0,0,0,0,0,0,0,0,0,0,0,0
2873999,2,6,1,2,1,0,1,0,0,0,0,0,0,0,0,0,0,0,0,0,0,0,0,0,0,0,0,0
2873999,3,13,3,0,0,0,0,0,0,0,1,0,0,0,0,0,0,0,0,0,0,0,0,0,0,0,0,0
2880089,1,2,0,0,0,3,0,2,1,1,0,3,3,0,0,0,0,0,0,0,0,0,0,0,0,0,0,0
2880089,1,4,0,0,1,3,0,4,1,1,1,2,2,5,0,0,0,0,0,0,0,0,0,0,0,0,0,0
2880089,3,13,0,0,1,6,0,5,2,2,1,5,5,5,0,0,0,0,0,0,0,0,0,0,0,0,0,0
2880816,1,2,0,0,0,0,0,0,0,0,0,0,0,0,3,4,2,4,4,4,6,6,9,5,0,0,0,0
2880816,1,3,0,0,0,0,0,0,0,0,0,0,0,0,0,0,0,1,0,0,0,1,1,1,0,0,0,0
2880816,1,4,0,0,0,0,0,0,0,0,0,0,0,0,26,23,17,12,16,26,29,26,31,30,0,0,0,0
2880816,3,13,0,0,0,0,0,0,0,0,0,0,0,0,1,1,1,0,0,1,1,2,1,2,0,0,0,0
2893463,1,4,0,0,5,4,3,5,8,12,7,6,6,4,0,0,0,0,0,0,0,0,0,0,0,0,0,0
2893463,3,13,0,0,5,4,3,4,8,12,6,6,6,4,0,0,0,0,0,0,0,0,0,0,0,0,0,0
2901078,1,1,0,0,0,0,0,0,0,0,0,0,0,0,1,1,2,0,1,0,2,0,2,1,0,0,0,0
2901078,1,2,0,0,0,0,0,0,0,0,0,0,0,0,5,7,14,6,10,12,12,13,9,3,0,0,0,0
2901078,1,3,0,0,0,0,0,0,0,0,0,0,0,0,0,1,0,0,0,0,0,0,0,0,0,0,0,0
2901078,1,4,0,0,0,0,0,0,0,0,0,0,0,0,29,21,18,33,31,36,20,20,25,17,0,0,0,0
2901078,2,5,0,0,0,0,0,0,0,0,0,0,0,0,6,6,5,8,5,6,5,1,4,1,0,0,0,0
2901078,3,13,0,0,0,0,0,0,0,0,0,0,0,0,1,1,2,1,1,0,3,2,4,6,0,0,0,0
2901366,1,4,0,0,2,3,2,1,5,4,3,4,0,5,0,0,0,0,0,0,0,0,0,0,0,0,0,0
2901366,3,13,0,0,2,3,2,1,5,4,3,4,0,5,0,0,0,0,0,0,0,0,0,0,0,0,0,0
2912833,1,2,0,0,2,1,0,1,0,0,0,0,0,0,0,0,0,0,0,0,0,0,0,0,0,0,0,0
2912833,1,4,0,0,0,3,0,1,4,1,0,0,1,0,0,0,0,0,0,0,0,0,0,0,0,0,0,0
2912833,3,13,0,0,1,1,0,0,0,0,0,0,0,0,0,0,0,0,0,0,0,0,0,0,0,0,0,0
2914123,1,1,0,0,0,1,0,0,0,0,0,0,0,0,0,0,0,0,0,0,0,0,0,0,0,0,0,0
2914123,1,4,0,0,7,12,13,6,10,7,11,14,6,6,0,0,0,0,0,0,0,0,0,0,0,0,0,0
2914123,3,13,0,0,0,1,0,0,0,0,0,0,0,0,0,0,0,0,0,0,0,0,0,0,0,0,0,0
2921314,1,4,0,0,6,3,4,6,2,8,7,12,6,6,0,0,0,0,0,0,0,0,0,0,0,0,0,0
2921634,1,1,2,0,3,2,2,1,2,1,1,2,1,2,6,7,3,0,0,7,0,0,0,0,0,0,0,0
2921634,1,2,6,8,14,10,19,11,18,16,17,22,14,14,23,15,18,9,24,8,0,0,0,0,0,0,0,0
2921634,1,3,0,0,2,0,1,1,2,0,0,0,1,0,1,1,0,0,0,1,0,0,0,0,0,0,0,0
2921634,1,4,19,22,31,33,48,22,49,53,51,47,70,55,93,62,75,61,79,33,0,0,0,0,0,0,0,0
2921634,2,5,3,1,10,9,17,9,13,16,14,13,14,18,27,23,23,25,27,10,0,0,0,0,0,0,0,0
2921634,2,6,0,0,0,1,0,0,0,1,1,0,0,0,3,0,3,0,1,0,0,0,0,0,0,0,0,0
2921634,3,13,9,13,4,2,27,12,10,16,3,12,19,20,81,56,16,5,89,47,0,0,0,0,0,0,0,0
2928841,1,2,0,0,1,0,0,1,0,0,1,0,0,0,0,0,0,0,0,0,0,0,0,0,0,0,0,0
2928841,1,4,0,0,6,4,3,7,3,7,6,9,14,11,0,0,0,0,0,0,0,0,0,0,0,0,0,0
2928841,3,13,0,0,7,4,3,8,3,7,7,9,14,11,0,0,0,0,0,0,0,0,0,0,0,0,0,0
2931203,1,1,0,1,0,0,0,0,0,0,0,0,0,0,0,0,1,0,0,0,0,0,0,0,0,0,0,0
2931203,1,2,0,2,0,0,2,1,1,0,4,1,0,0,0,4,1,0,0,0,1,0,0,0,1,2,0,0
2931203,1,4,51,49,22,18,14,17,9,13,15,17,17,10,16,14,20,11,16,14,13,6,16,5,10,9,10,10
2931203,2,5,10,10,5,5,3,5,2,1,4,4,4,1,4,3,5,4,3,3,1,0,1,0,2,1,2,3
2931203,2,6,0,1,0,0,0,0,0,0,0,0,0,0,0,0,0,0,0,0,0,0,0,0,0,0,0,1
2931203,3,13,0,0,0,0,0,0,0,0,0,0,0,0,0,0,1,0,0,0,0,0,0,0,0,0,0,0
2934483,1,1,0,0,1,2,0,0,0,0,0,0,0,0,0,0,0,0,0,0,0,0,0,0,0,0,0,0
2934483,1,2,0,0,1,2,4,8,1,4,8,2,4,7,0,0,0,0,0,0,0,0,0,0,0,0,0,0
2934483,1,3,0,0,1,0,0,0,0,0,1,0,0,0,0,0,0,0,0,0,0,0,0,0,0,0,0,0
2934483,1,4,0,0,16,13,19,11,13,23,28,28,26,29,0,0,0,0,0,0,0,0,0,0,0,0,0,0
2934483,2,5,0,0,5,6,6,5,5,8,8,8,8,8,0,0,0,0,0,0,0,0,0,0,0,0,0,0
2934483,2,6,0,0,0,0,0,0,0,0,0,0,1,0,0,0,0,0,0,0,0,0,0,0,0,0,0,0
2934483,3,13,0,0,19,17,23,18,14,27,34,25,2,2,0,0,0,0,0,0,0,0,0,0,0,0,0,0
2935659,1,4,0,0,1,0,1,0,0,1,0,0,0,0,0,0,0,0,0,0,0,0,0,0,0,0,0,0
2935659,3,13,0,0,1,0,1,0,0,1,0,0,0,0,0,0,0,0,0,0,0,0,0,0,0,0,0,0
2943316,1,4,0,0,1,4,1,3,2,4,3,7,7,3,0,0,0,0,0,0,0,0,0,0,0,0,0,0
2943316,3,13,0,0,1,4,1,3,2,4,3,7,7,3,0,0,0,0,0,0,0,0,0,0,0,0,0,0
2945686,1,2,0,0,0,0,0,1,0,0,0,1,0,0,0,0,0,0,0,0,0,0,0,0,0,0,0,0
2945686,1,4,0,0,4,3,2,3,4,4,6,5,8,6,0,0,0,0,0,0,0,0,0,0,0,0,0,0
2945686,3,13,0,0,0,0,0,0,0,0,0,1,0,0,0,0,0,0,0,0,0,0,0,0,0,0,0,0
2947274,1,2,0,0,0,0,0,0,1,0,0,1,2,0,0,0,0,0,0,0,0,0,0,0,0,0,0,0
2947274,1,4,0,0,1,2,2,0,2,1,2,2,2,1,0,0,0,0,0,0,0,0,0,0,0,0,0,0
2947274,3,13,0,0,1,2,2,0,3,0,2,3,2,1,0,0,0,0,0,0,0,0,0,0,0,0,0,0
2950738,1,1,0,0,0,0,0,0,0,0,0,0,0,0,1,1,2,2,1,3,5,2,6,0,4,3,6,8
2950738,1,2,0,0,0,0,0,0,0,0,0,0,0,0,29,10,31,13,20,7,53,10,38,14,63,29,39,21
2950738,1,3,0,0,0,0,0,0,0,0,0,0,0,0,1,0,1,0,1,0,1,1,1,0,0,2,1,1
2950738,1,4,0,0,0,0,0,0,0,0,0,0,0,0,83,49,96,54,107,44,212,69,192,73,196,110,177,89
2950738,2,5,0,0,0,0,0,0,0,0,0,0,0,0,9,6,15,3,16,4,26,9,19,8,31,14,18,5
2950738,2,6,0,0,0,0,0,0,0,0,0,0,0,0,2,4,3,2,5,2,8,3,5,4,9,2,5,4
2950738,3,13,0,0,0,0,0,0,0,0,0,0,0,0,4,0,4,4,3,5,14,3,16,5,7,5,15,8
2954910,1,3,0,0,5,3,1,1,3,4,2,1,0,3,0,0,0,0,0,0,0,0,0,0,0,0,0,0
2954910,1,4,0,0,1,1,0,1,1,1,0,0,1,0,0,0,0,0,0,0,0,0,0,0,0,0,0,0
2954910,3,13,0,0,6,4,1,2,4,5,2,1,1,3,0,0,0,0,0,0,0,0,0,0,0,0,0,0
2956800,1,1,0,1,0,0,1,0,0,0,0,0,1,0,0,0,0,2,2,0,0,0,8,1,4,6,4,5
2956800,1,2,17,9,3,2,2,3,3,3,3,4,2,7,2,4,5,8,4,2,5,3,5,3,7,3,7,1
2956800,1,3,0,1,0,1,0,0,0,0,0,1,1,0,0,0,0,0,1,0,0,0,1,1,0,0,0,0
2956800,1,4,81,83,42,38,31,24,38,20,48,22,34,30,55,27,56,35,52,20,52,43,62,40,67,50,65,41
2956800,2,5,1,1,1,1,1,0,2,4,3,1,2,0,0,2,6,1,3,0,0,1,2,3,3,5,3,1
2956800,2,6,0,1,0,0,2,0,1,0,1,0,0,0,0,0,0,0,0,0,0,0,0,0,0,0,1,0
2956800,3,13,0,0,0,0,1,0,0,0,1,0,1,0,0,1,3,2,7,0,1,0,11,0,5,6,2,3
2958858,1,2,0,0,0,0,2,0,0,0,1,1,0,1,0,0,0,0,0,0,0,0,0,0,0,0,0,0
2958858,1,4,0,0,1,0,1,0,1,2,0,0,5,1,0,0,0,0,0,0,0,0,0,0,0,0,0,0
2965282,1,2,0,0,1,0,2,0,1,1,1,2,1,1,0,0,0,0,0,0,0,0,0,0,0,0,0,0
2965282,1,4,0,0,2,0,0,0,0,0,1,0,0,0,0,0,0,0,0,0,0,0,0,0,0,0,0,0
2965282,3,13,0,0,0,0,0,0,1,1,0,2,1,0,0,0,0,0,0,0,0,0,0,0,0,0,0,0
2968146,1,4,0,0,4,5,3,3,2,4,3,6,4,3,0,0,0,0,0,0,0,0,0,0,0,0,0,0
2968146,3,13,0,0,4,5,3,3,2,4,3,6,4,3,0,0,0,0,0,0,0,0,0,0,0,0,0,0
2972840,1,4,0,0,0,3,2,2,5,4,4,4,4,4,0,0,0,0,0,0,0,0,0,0,0,0,0,0
2972840,3,13,0,0,0,3,2,2,5,4,4,4,4,4,0,0,0,0,0,0,0,0,0,0,0,0,0,0
2976796,1,1,52,36,9,15,10,6,11,10,6,6,7,5,8,5,7,11,10,9,8,11,7,5,1,4,3,5
2976796,1,2,1,1,3,2,3,2,4,3,4,4,3,0,4,1,0,1,5,3,8,4,3,2,2,3,1,3
2976796,1,3,0,1,0,0,1,0,0,0,0,0,0,0,0,0,0,1,0,0,0,0,0,0,0,0,1,0
2976796,1,4,26,17,33,22,29,16,20,18,26,19,33,20,22,15,28,23,23,19,24,12,22,24,24,18,18,22
2976796,2,5,1,0,0,0,1,1,0,1,1,1,0,1,1,0,0,1,2,1,0,1,1,0,0,1,0,0
2976796,2,6,0,0,2,1,0,1,0,0,2,0,1,0,0,0,1,1,1,1,1,0,1,1,1,2,0,2
2976796,2,7,0,0,0,0,0,0,0,0,0,0,0,0,0,0,0,0,0,1,0,0,0,0,0,0,0,0
2976796,3,13,0,0,0,0,1,1,3,1,3,4,3,1,5,3,6,8,7,5,6,9,7,5,1,2,1,4
2984969,1,4,0,0,1,4,2,1,3,1,2,4,0,6,0,0,0,0,0,0,0,0,0,0,0,0,0,0
2990273,1,1,2,2,0,1,3,2,1,0,1,0,0,3,0,0,0,0,0,0,0,0,0,0,0,0,0,0
2990273,1,2,15,7,4,5,4,7,2,6,7,8,7,7,0,0,0,0,0,0,0,0,0,0,0,0,0,0
2990273,1,3,2,0,1,2,1,1,0,0,1,2,1,1,0,0,0,0,0,0,0,0,0,0,0,0,0,0
2990273,1,4,10,19,12,8,10,12,14,11,21,17,21,16,0,0,0,0,0,0,0,0,0,0,0,0,0,0
2990273,2,5,5,6,3,4,3,0,0,3,2,2,3,0,0,0,0,0,0,0,0,0,0,0,0,0,0,0
2990273,2,6,0,0,1,1,0,0,0,0,0,0,0,1,0,0,0,0,0,0,0,0,0,0,0,0,0,0
2990273,3,13,0,0,0,0,3,1,0,0,1,1,2,1,0,0,0,0,0,0,0,0,0,0,0,0,0,0
2990737,1,2,0,0,0,0,0,0,0,0,0,0,0,0,3,4,2,2,4,8,6,5,5,6,0,0,0,0
2990737,1,4,0,0,0,0,0,0,0,0,0,0,0,0,9,6,5,11,7,4,9,4,10,7,0,0,0,0
2991921,1,2,0,0,0,0,0,0,0,0,0,0,0,0,4,4,2,1,0,4,2,3,0,1,0,0,0,0
2991921,1,4,0,0,0,0,0,0,0,0,0,0,0,0,3,4,2,4,4,2,2,3,5,4,0,0,0,0
2991921,2,5,0,0,0,0,0,0,0,0,0,0,0,0,1,0,0,0,0,0,0,0,0,0,0,0,0,0
2991921,3,13,0,0,0,0,0,0,0,0,0,0,0,0,1,2,0,0,0,1,0,0,0,0,0,0,0,0
2993046,1,4,0,0,0,2,3,0,3,1,2,1,0,3,0,0,0,0,0,0,0,0,0,0,0,0,0,0
2993046,3,13,0,0,0,2,3,0,3,1,2,1,0,3,0,0,0,0,0,0,0,0,0,0,0,0,0,0
2994464,1,1,0,0,0,0,0,0,2,0,0,0,0,1,1,1,0,0,0,1,0,0,0,0,0,0,0,0
2994464,1,2,0,0,0,0,0,1,1,0,0,0,1,0,1,1,0,0,1,1,0,0,0,0,0,0,0,0
2994464,1,4,0,0,2,5,1,0,1,0,0,1,1,1,4,3,6,2,4,3,0,0,0,0,0,0,0,0
2994464,3,13,0,0,2,5,1,1,4,0,0,0,1,2,6,5,4,2,5,4,0,0,0,0,0,0,0,0
3005756,1,4,0,0,0,0,0,2,0,2,2,0,2,2,0,0,0,0,0,0,0,0,0,0,0,0,0,0
3005756,2,6,0,0,0,0,0,2,0,2,2,0,2,2,0,0,0,0,0,0,0,0,0,0,0,0,0,0
3010782,1,1,0,0,0,0,0,0,0,0,0,0,0,0,0,0,0,0,0,0,1,0,0,0,0,0,0,0
3010782,1,2,0,0,0,0,0,0,0,0,0,0,0,0,6,6,4,4,8,3,10,7,9,9,7,12,9,5
3010782,1,4,0,0,0,0,0,0,0,0,0,0,0,0,48,44,49,29,52,50,81,81,84,79,78,94,77,94
3010782,2,5,0,0,0,0,0,0,0,0,0,0,0,0,1,0,0,1,0,0,3,0,2,0,0,1,1,2
3010782,3,13,0,0,0,0,0,0,0,0,0,0,0,0,3,6,14,5,2,6,9,3,7,2,3,2,68,72
3014670,1,1,0,0,0,0,0,0,0,0,0,0,0,0,0,1,0,0,0,0,0,0,0,0,0,0,0,0
3014670,1,2,10,10,2,8,4,3,4,2,5,2,3,1,3,0,2,2,1,0,1,2,1,2,0,0,0,0
3014670,1,3,3,0,0,1,1,0,1,1,0,1,1,0,0,0,0,1,0,0,0,0,0,0,0,0,0,0
3014670,1,4,47,35,23,19,10,12,20,11,21,14,14,9,12,16,14,6,10,7,6,4,1,7,0,0,0,0
3014670,2,5,3,3,2,3,3,2,4,3,2,2,1,3,0,2,1,1,3,1,1,1,0,2,0,0,0,0
3014670,2,6,0,0,1,0,0,0,1,0,0,0,0,0,0,0,0,0,0,0,0,0,0,0,0,0,0,0
3014670,3,13,0,0,0,0,0,0,0,0,0,0,0,0,0,0,1,0,0,0,0,0,0,0,0,0,0,0
3024831,1,2,0,0,2,2,3,1,1,2,2,0,1,2,0,0,0,0,0,0,0,0,0,0,0,0,0,0
3024831,1,4,0,0,0,0,2,1,0,3,0,0,1,2,0,0,0,0,0,0,0,0,0,0,0,0,0,0
3024831,3,13,0,0,2,2,1,0,0,1,0,0,0,2,0,0,0,0,0,0,0,0,0,0,0,0,0,0
3029750,1,1,3,6,2,1,4,4,2,1,2,0,3,0,3,1,2,1,3,3,0,0,1,2,0,0,0,0
3029750,1,2,5,3,5,3,3,3,2,2,4,0,2,2,0,2,0,1,2,2,0,0,1,0,0,0,0,0
3029750,1,3,0,0,0,1,0,0,0,0,0,0,0,0,0,0,0,0,0,0,0,0,0,0,0,0,0,0
3029750,1,4,42,25,17,15,29,20,17,10,20,9,12,18,21,10,9,13,14,7,4,4,9,1,0,0,0,0
3029750,2,5,4,4,0,2,3,4,2,3,6,0,0,1,3,1,2,1,0,2,0,0,0,0,0,0,0,0
3029750,2,6,3,2,4,4,6,1,4,0,3,1,1,4,3,5,1,3,1,1,0,1,1,0,0,0,0,0
3029750,3,13,22,9,2,0,3,4,1,1,2,0,6,1,3,1,2,1,3,5,0,0,0,2,0,0,0,0
3034174,1,1,11,5,5,5,4,4,2,3,3,5,4,5,0,0,0,0,0,0,0,0,0,0,0,0,0,0
3034174,1,2,0,2,0,1,3,0,2,0,2,1,3,1,0,0,0,0,0,0,0,0,0,0,0,0,0,0
3034174,1,3,0,0,0,0,0,0,0,0,2,0,0,0,0,0,0,0,0,0,0,0,0,0,0,0,0,0
3034174,1,4,25,24,7,10,10,12,11,2,11,14,14,13,0,0,0,0,0,0,0,0,0,0,0,0,0,0
3034174,2,5,0,1,1,0,0,0,0,0,0,0,0,0,0,0,0,0,0,0,0,0,0,0,0,0,0,0
3034174,2,6,1,0,0,0,1,1,0,0,0,0,0,0,0,0,0,0,0,0,0,0,0,0,0,0,0,0
3034174,2,7,0,0,0,0,0,0,0,0,0,0,1,0,0,0,0,0,0,0,0,0,0,0,0,0,0,0
3034174,3,13,0,0,3,3,4,4,2,3,3,4,3,5,0,0,0,0,0,0,0,0,0,0,0,0,0,0
3039109,1,2,5,2,2,0,1,1,1,2,0,1,2,1,2,2,1,2,2,2,0,0,0,0,0,0,0,0
3039109,1,4,7,2,3,6,1,5,8,2,4,4,6,7,5,8,5,7,0,6,0,0,0,0,0,0,0,0
3049338,1,2,0,0,0,0,0,0,0,0,0,0,0,0,1,2,1,1,3,4,3,2,3,4,0,0,0,0
3049338,1,4,0,0,0,0,0,0,0,0,0,0,0,0,17,13,14,22,22,19,25,24,19,37,0,0,0,0
3049338,2,5,0,0,0,0,0,0,0,0,0,0,0,0,14,11,12,16,21,16,22,18,16,29,0,0,0,0
3049338,3,13,0,0,0,0,0,0,0,0,0,0,0,0,18,15,15,22,24,23,26,24,21,39,0,0,0,0
3050701,1,4,0,0,1,1,0,1,0,1,1,0,1,1,0,0,0,0,0,0,0,0,0,0,0,0,0,0
3056556,1,4,0,0,2,6,0,1,0,2,1,3,2,0,0,0,0,0,0,0,0,0,0,0,0,0,0,0
3056556,3,13,0,0,0,0,0,0,0,0,0,0,1,0,0,0,0,0,0,0,0,0,0,0,0,0,0,0
3065032,1,1,27,22,0,1,0,0,0,0,0,0,0,0,0,0,0,0,0,0,0,0,0,0,0,0,0,0
3065032,1,2,10,6,2,4,2,3,2,0,2,1,1,2,0,0,0,0,0,0,0,0,0,0,0,0,0,0
3065032,1,3,0,0,0,0,0,0,0,0,0,0,1,0,0,0,0,0,0,0,0,0,0,0,0,0,0,0
3065032,1,4,14,18,16,13,11,8,9,4,8,9,14,9,0,0,0,0,0,0,0,0,0,0,0,0,0,0
3065032,2,5,15,18,10,6,4,2,5,2,4,5,5,4,0,0,0,0,0,0,0,0,0,0,0,0,0,0
3065032,2,6,0,0,0,1,0,0,0,0,0,0,1,0,0,0,0,0,0,0,0,0,0,0,0,0,0,0
3065032,3,13,6,6,0,1,0,0,0,0,0,0,0,0,0,0,0,0,0,0,0,0,0,0,0,0,0,0
3067709,1,4,0,0,1,5,1,2,4,4,0,4,4,4,0,0,0,0,0,0,0,0,0,0,0,0,0,0
3067709,2,5,0,0,1,4,1,2,4,4,0,4,4,4,0,0,0,0,0,0,0,0,0,0,0,0,0,0
3067709,3,13,0,0,0,1,0,0,0,0,0,0,0,2,0,0,0,0,0,0,0,0,0,0,0,0,0,0
3068402,1,2,0,0,0,0,0,0,0,0,0,0,0,0,2,7,6,3,7,6,2,9,6,2,0,0,0,0
3068402,1,3,0,0,0,0,0,0,0,0,0,0,0,0,0,0,0,0,0,0,2,0,0,0,0,0,0,0
3068402,1,4,0,0,0,0,0,0,0,0,0,0,0,0,33,28,27,17,33,25,25,28,22,30,0,0,0,0
3068402,2,5,0,0,0,0,0,0,0,0,0,0,0,0,0,0,0,0,1,0,1,0,0,0,0,0,0,0
3068402,3,13,0,0,0,0,0,0,0,0,0,0,0,0,3,7,1,0,0,0,6,15,0,3,0,0,0,0
3073247,1,3,0,0,0,0,0,0,1,0,1,1,2,0,0,0,0,0,0,0,0,0,0,0,0,0,0,0
3073247,1,4,0,0,2,1,3,1,1,0,1,2,2,2,0,0,0,0,0,0,0,0,0,0,0,0,0,0
3073247,3,13,0,0,2,1,3,1,2,0,2,3,4,2,0,0,0,0,0,0,0,0,0,0,0,0,0,0
3078906,1,1,0,0,1,2,0,0,0,0,0,0,0,0,0,0,0,0,0,0,0,0,0,0,0,0,0,0
3078906,1,2,0,0,11,22,23,19,25,25,11,28,16,18,0,0,0,0,0,0,0,0,0,0,0,0,0,0
3078906,1,3,0,0,0,1,2,0,1,2,2,0,0,2,0,0,0,0,0,0,0,0,0,0,0,0,0,0
3078906,1,4,0,0,0,3,4,3,3,2,2,2,0,6,0,0,0,0,0,0,0,0,0,0,0,0,0,0
3078906,2,5,0,0,0,0,1,1,0,0,0,0,0,1,0,0,0,0,0,0,0,0,0,0,0,0,0,0
3078906,3,13,0,0,12,27,25,19,29,29,15,30,16,26,0,0,0,0,0,0,0,0,0,0,0,0,0,0
3080682,1,2,0,0,0,1,0,0,0,1,1,0,1,0,0,0,0,0,0,0,0,0,0,0,0,0,0,0
3080682,1,4,0,0,2,1,1,1,2,3,3,2,1,4,0,0,0,0,0,0,0,0,0,0,0,0,0,0
3080682,2,5,0,0,0,0,0,1,1,1,2,1,0,2,0,0,0,0,0,0,0,0,0,0,0,0,0,0
3080682,3,13,0,0,2,2,1,1,2,4,4,2,2,4,0,0,0,0,0,0,0,0,0,0,0,0,0,0
3083903,1,4,0,0,9,7,4,6,8,8,9,5,6,11,0,0,0,0,0,0,0,0,0,0,0,0,0,0
3083903,3,13,0,0,9,6,4,6,8,8,9,5,6,11,0,0,0,0,0,0,0,0,0,0,0,0,0,0
3086098,1,4,0,0,1,2,1,2,2,1,2,2,1,1,0,0,0,0,0,0,0,0,0,0,0,0,0,0
3089822,1,2,0,0,0,2,0,1,0,0,0,1,0,1,0,0,0,0,0,0,0,0,0,0,0,0,0,0
3089822,1,3,0,0,1,0,1,0,1,0,0,0,1,0,0,0,0,0,0,0,0,0,0,0,0,0,0,0
3089822,1,4,0,0,2,4,2,0,3,1,1,2,3,2,0,0,0,0,0,0,0,0,0,0,0,0,0,0
3089822,3,13,0,0,3,6,3,1,4,1,1,3,4,3,0,0,0,0,0,0,0,0,0,0,0,0,0,0
3092332,1,2,0,0,1,0,0,0,2,0,1,1,0,0,0,0,0,0,0,0,0,0,0,0,0,0,0,0
3092332,1,4,0,0,4,1,2,6,1,1,3,2,4,3,0,0,0,0,0,0,0,0,0,0,0,0,0,0
3105037,1,1,0,0,1,1,0,0,2,4,2,0,0,0,0,0,0,0,0,0,0,0,0,0,0,0,0,0
3105037,1,2,0,0,0,0,0,0,0,0,2,0,0,0,0,0,0,0,0,0,0,0,0,0,0,0,0,0
3105037,2,5,0,0,0,0,0,0,0,2,1,0,0,0,0,0,0,0,0,0,0,0,0,0,0,0,0,0
3105037,3,13,0,0,0,0,0,0,1,4,2,0,0,0,0,0,0,0,0,0,0,0,0,0,0,0,0,0
3114428,1,1,0,0,1,2,4,1,1,0,3,2,0,0,0,0,0,0,0,0,0,0,0,0,0,0,0,0
3114428,1,2,0,0,0,0,0,0,0,0,0,1,0,0,0,0,0,0,0,0,0,0,0,0,0,0,0,0
3114428,1,4,0,0,0,0,2,1,0,0,1,2,0,2,0,0,0,0,0,0,0,0,0,0,0,0,0,0
3114428,3,13,0,0,0,0,0,0,0,0,0,1,0,0,0,0,0,0,0,0,0,0,0,0,0,0,0,0
3120597,1,2,0,0,1,1,2,2,1,1,2,2,2,0,0,1,1,2,0,0,0,0,0,0,0,0,0,0
3120597,1,4,0,0,1,0,1,0,0,1,1,0,0,1,0,1,0,1,0,0,0,0,0,0,0,0,0,0
3120597,3,13,0,0,0,0,1,1,0,0,0,0,0,0,0,0,1,0,0,0,0,0,0,0,0,0,0,0
3130017,1,1,0,0,0,0,0,0,0,1,0,0,0,0,0,0,0,0,0,0,0,0,0,0,0,0,0,0
3130017,1,2,0,0,3,0,0,2,0,1,0,1,0,0,0,0,0,0,0,0,0,0,0,0,0,0,0,0
3130017,1,3,0,0,2,1,2,0,4,1,1,2,2,3,0,0,0,0,0,0,0,0,0,0,0,0,0,0
3130017,1,4,0,0,0,0,0,0,1,1,1,2,0,1,0,0,0,0,0,0,0,0,0,0,0,0,0,0
3130017,3,13,0,0,2,1,2,2,4,4,2,5,2,4,0,0,0,0,0,0,0,0,0,0,0,0,0,0
3134825,1,2,0,0,0,0,0,0,0,0,0,0,0,0,5,9,9,8,6,12,13,9,8,9,13,14,12,24
3134825,1,3,0,0,0,0,0,0,0,0,0,0,0,0,0,2,0,0,0,0,0,0,0,0,0,2,1,3
3134825,1,4,0,0,0,0,0,0,0,0,0,0,0,0,6,5,5,10,13,7,10,9,10,6,10,22,9,18
3134825,3,13,0,0,0,0,0,0,0,0,0,0,0,0,0,0,3,0,0,0,0,0,0,0,0,0,0,1
3135112,1,2,1,4,2,0,4,0,0,0,0,0,0,1,0,0,0,0,0,0,0,0,0,0,0,0,0,0
3135112,1,3,0,0,0,1,0,0,1,0,0,0,0,0,0,0,0,0,0,0,0,0,0,0,0,0,0,0
3135112,1,4,25,22,18,11,16,13,11,5,5,3,2,1,0,0,0,0,0,0,0,0,0,0,0,0,0,0
3135112,2,6,0,1,1,3,5,5,2,2,2,1,0,0,0,0,0,0,0,0,0,0,0,0,0,0,0,0
3135112,3,13,0,0,0,0,0,0,0,0,0,1,0,0,0,0,0,0,0,0,0,0,0,0,0,0,0,0
3137247,1,4,0,0,1,4,2,2,5,1,1,4,3,3,0,0,0,0,0,0,0,0,0,0,0,0,0,0
3137247,3,13,0,0,1,4,2,2,5,1,1,4,3,3,0,0,0,0,0,0,0,0,0,0,0,0,0,0
3137428,1,1,0,0,0,0,0,1,0,1,0,0,0,3,0,0,0,2,0,2,0,0,0,0,0,0,0,0
3137428,1,2,0,1,2,2,2,0,0,3,0,2,0,1,1,2,2,4,1,2,0,0,0,0,0,0,0,0
3137428,1,3,0,0,0,0,0,1,0,0,0,0,0,2,0,0,0,0,0,0,0,0,0,0,0,0,0,0
3137428,1,4,2,8,4,7,1,1,5,2,5,7,4,7,1,6,6,4,2,4,0,0,0,0,0,0,0,0
3137428,2,5,0,0,1,0,0,0,1,0,1,1,1,1,0,1,0,0,0,0,0,0,0,0,0,0,0,0
3137428,2,6,0,0,0,0,0,0,0,0,0,0,0,0,0,0,1,0,0,0,0,0,0,0,0,0,0,0
3137428,3,13,2,7,6,9,3,2,5,5,5,9,4,10,2,8,8,8,3,6,0,0,0,0,0,0,0,0
3138199,1,1,0,0,1,0,1,0,0,0,1,0,0,0,0,0,0,0,0,0,0,0,0,0,0,0,0,0
3138199,1,2,0,0,1,0,0,3,4,1,3,1,1,1,0,0,0,0,0,0,0,0,0,0,0,0,0,0
3138199,1,4,0,0,1,0,3,2,3,1,1,1,1,1,0,0,0,0,0,0,0,0,0,0,0,0,0,0
3138199,2,5,0,0,1,0,1,0,0,0,0,1,0,0,0,0,0,0,0,0,0,0,0,0,0,0,0,0
3138199,3,13,0,0,0,0,3,1,6,2,3,2,1,1,0,0,0,0,0,0,0,0,0,0,0,0,0,0
3140846,1,2,0,0,0,0,0,0,0,0,0,0,0,0,2,2,0,0,1,0,6,7,4,4,5,3,4,7
3140846,1,3,0,0,0,0,0,0,0,0,0,0,0,0,0,0,1,0,0,0,0,0,0,0,0,0,0,0
3140846,1,4,0,0,0,0,0,0,0,0,0,0,0,0,29,13,21,21,32,35,42,38,48,50,45,48,52,34
3140846,2,5,0,0,0,0,0,0,0,0,0,0,0,0,0,0,0,0,0,0,0,0,1,0,0,0,0,0
3140846,3,13,0,0,0,0,0,0,0,0,0,0,0,0,29,13,4,3,0,2,24,24,30,25,42,34,48,36
3145548,1,1,0,0,9,11,9,9,11,6,6,12,11,7,16,14,9,9,9,4,0,0,0,0,0,0,0,0
3145548,1,2,0,0,4,10,5,10,9,7,4,6,3,10,12,9,10,13,12,12,0,0,0,0,0,0,0,0
3145548,1,3,0,0,0,0,0,2,3,2,1,0,0,3,2,0,2,0,2,2,0,0,0,0,0,0,0,0
3145548,1,4,0,0,23,29,28,29,31,36,30,28,32,38,69,40,52,44,32,41,0,0,0,0,0,0,0,0
3145548,2,5,0,0,3,2,0,0,1,5,1,0,4,0,7,4,3,2,2,1,0,0,0,0,0,0,0,0
3145548,2,6,0,0,1,1,0,1,0,0,0,1,0,3,0,1,0,0,1,1,0,0,0,0,0,0,0,0
3145548,3,13,0,0,33,44,42,48,48,45,40,46,45,57,97,62,72,65,50,59,0,0,0,0,0,0,0,0
3155756,1,2,0,0,7,3,4,0,2,3,7,4,2,0,0,0,0,0,0,0,0,0,0,0,0,0,0,0
3155756,1,4,0,0,8,4,8,5,4,5,7,6,3,7,0,0,0,0,0,0,0,0,0,0,0,0,0,0
3155756,3,13,0,0,15,7,0,0,6,8,7,5,5,7,0,0,0,0,0,0,0,0,0,0,0,0,0,0
3161746,1,3,0,0,0,0,0,0,0,0,0,1,1,0,0,0,0,0,0,0,0,0,0,0,0,0,0,0
3161746,1,4,0,0,6,4,9,4,10,4,8,2,3,7,0,0,0,0,0,0,0,0,0,0,0,0,0,0
3161746,3,13,0,0,0,0,0,0,0,0,0,1,0,0,0,0,0,0,0,0,0,0,0,0,0,0,0,0
3164261,1,1,0,0,0,0,0,0,0,0,0,0,0,0,2,0,1,1,1,1,2,3,26,12,4,3,0,1
3164261,1,2,0,0,0,0,0,0,0,0,0,0,0,0,12,6,17,13,20,8,25,20,13,14,22,21,21,12
3164261,1,3,0,0,0,0,0,0,0,0,0,0,0,0,2,4,1,2,3,3,1,2,2,0,1,2,0,1
3164261,1,4,0,0,0,0,0,0,0,0,0,0,0,0,67,37,91,42,104,61,130,94,121,45,143,92,93,75
3164261,2,5,0,0,0,0,0,0,0,0,0,0,0,0,1,0,0,0,0,1,0,0,1,2,4,0,3,1
3164261,2,6,0,0,0,0,0,0,0,0,0,0,0,0,3,9,10,4,7,7,8,13,16,5,15,10,11,11
3164261,3,13,0,0,0,0,0,0,0,0,0,0,0,0,2,0,3,3,2,1,8,3,3,1,6,5,0,1
3164631,1,2,0,0,2,0,0,0,0,0,0,0,0,0,0,0,0,0,0,0,0,0,0,0,0,0,0,0
3164631,1,4,0,0,1,3,1,2,2,5,0,2,8,8,0,0,0,0,0,0,0,0,0,0,0,0,0,0
3164631,3,13,0,0,3,3,1,2,2,5,0,1,7,7,0,0,0,0,0,0,0,0,0,0,0,0,0,0
3167536,1,2,0,0,1,2,1,2,0,1,0,1,1,0,0,0,0,0,0,0,0,0,0,0,0,0,0,0
3167536,1,4,0,0,4,3,1,2,6,4,4,4,8,2,0,0,0,0,0,0,0,0,0,0,0,0,0,0
3167536,3,13,0,0,5,5,1,4,6,5,4,5,9,2,0,0,0,0,0,0,0,0,0,0,0,0,0,0
3170050,1,1,0,0,0,1,0,0,0,0,0,0,0,0,0,0,0,0,0,0,0,0,0,0,0,0,0,0
3170050,1,2,0,0,4,3,0,1,1,1,2,1,1,1,0,0,0,0,0,0,0,0,0,0,0,0,0,0
3170050,1,4,0,0,1,0,1,3,4,0,1,2,2,0,0,0,0,0,0,0,0,0,0,0,0,0,0,0
3172432,1,2,4,9,4,3,5,5,5,2,1,1,1,4,5,3,4,4,4,1,0,0,0,0,0,0,0,0
3172432,1,4,0,0,1,0,0,0,0,0,2,0,0,0,2,0,1,3,1,3,0,0,0,0,0,0,0,0
3172432,3,13,4,9,5,3,5,5,5,2,3,1,1,4,6,3,5,7,5,4,0,0,0,0,0,0,0,0
3175139,1,1,0,0,0,0,0,0,0,0,0,0,0,0,0,0,1,0,0,0,0,0,0,0,0,0,0,0
3175139,1,2,0,0,1,1,1,1,0,2,1,1,2,2,1,0,3,1,4,1,0,0,0,0,0,0,0,0
3175139,1,3,0,0,0,0,0,0,0,1,1,1,0,1,0,2,0,0,0,0,0,0,0,0,0,0,0,0
3175139,1,4,0,0,5,5,5,3,12,7,12,12,14,10,27,21,13,24,19,15,0,0,0,0,0,0,0,0
3175139,2,5,0,0,0,0,0,0,0,0,0,0,0,0,0,0,0,1,0,0,0,0,0,0,0,0,0,0
3175139,3,13,0,0,3,2,3,1,8,2,10,8,9,5,20,19,10,14,16,10,0,0,0,0,0,0,0,0
3176229,1,4,0,0,5,0,5,2,1,3,2,2,3,1,0,0,0,0,0,0,0,0,0,0,0,0,0,0
3176704,1,1,0,0,0,0,0,0,0,0,0,0,0,0,1,0,0,0,0,1,1,0,0,1,0,0,0,0
3176704,1,2,0,0,0,0,0,0,0,0,0,0,0,0,6,11,8,6,18,3,14,12,17,13,0,0,0,0
3176704,1,3,0,0,0,0,0,0,0,0,0,0,0,0,0,0,0,0,0,0,1,0,0,0,0,0,0,0
3176704,1,4,0,0,0,0,0,0,0,0,0,0,0,0,50,30,61,26,60,30,76,40,98,23,0,0,0,0
3176704,2,5,0,0,0,0,0,0,0,0,0,0,0,0,13,5,20,5,12,4,13,7,13,8,0,0,0,0
3176704,2,6,0,0,0,0,0,0,0,0,0,0,0,0,0,0,0,1,0,0,0,1,0,0,0,0,0,0
3176704,3,13,0,0,0,0,0,0,0,0,0,0,0,0,0,2,2,0,3,0,4,10,6,3,0,0,0,0
3183356,1,1,0,0,0,0,0,0,0,0,0,0,0,0,0,0,0,1,0,0,0,0,0,0,0,0,0,0
3183356,1,2,0,0,0,0,0,0,0,0,0,0,0,0,0,45,0,56,0,51,0,51,0,42,0,39,0,41
3183356,1,3,0,0,0,0,0,0,0,0,0,0,0,0,0,0,0,0,0,0,0,0,0,0,0,1,0,1
3183356,1,4,0,0,0,0,0,0,0,0,0,0,0,0,0,266,0,263,0,266,0,231,0,222,0,245,0,244
3183356,2,5,0,0,0,0,0,0,0,0,0,0,0,0,0,23,0,32,0,26,0,25,0,16,0,17,0,14
3183356,2,6,0,0,0,0,0,0,0,0,0,0,0,0,0,10,0,6,0,9,0,8,0,2,0,4,0,7
3183356,3,13,0,0,0,0,0,0,0,0,0,0,0,0,0,4,0,2,0,1,0,1,0,0,0,3,0,0
3190556,1,4,0,0,2,3,1,4,5,1,3,5,1,4,0,0,0,0,0,0,0,0,0,0,0,0,0,0
3190556,3,13,0,0,1,1,1,2,5,1,3,4,1,0,0,0,0,0,0,0,0,0,0,0,0,0,0,0
3197189,1,2,0,0,0,1,0,0,0,0,0,0,0,1,0,0,0,0,0,0,0,0,0,0,0,0,0,0
3197189,1,4,0,0,5,1,6,3,2,2,6,4,8,5,0,0,0,0,0,0,0,0,0,0,0,0,0,0
3202322,1,2,0,0,4,3,6,1,4,6,3,3,6,3,0,0,0,0,0,0,0,0,0,0,0,0,0,0
3202322,1,4,0,0,1,3,3,2,3,3,4,5,6,4,0,0,0,0,0,0,0,0,0,0,0,0,0,0
3202322,2,5,0,0,1,1,3,1,1,1,0,2,2,1,0,0,0,0,0,0,0,0,0,0,0,0,0,0
3202322,3,13,0,0,5,3,2,2,5,7,4,6,7,2,0,0,0,0,0,0,0,0,0,0,0,0,0,0
3202720,1,2,0,0,0,1,0,0,0,0,0,0,0,0,0,0,0,0,0,0,0,0,0,0,0,0,0,0
3202720,1,3,0,0,2,3,1,1,1,2,0,1,1,3,0,0,0,0,0,0,0,0,0,0,0,0,0,0
3202720,1,4,0,0,1,2,1,1,1,2,1,3,1,2,0,0,0,0,0,0,0,0,0,0,0,0,0,0
3202720,3,13,0,0,1,5,2,2,2,4,0,4,1,4,0,0,0,0,0,0,0,0,0,0,0,0,0,0
3204460,1,2,0,0,0,0,0,0,0,0,0,0,1,0,0,0,0,0,0,0,0,0,0,0,0,0,0,0
3204460,1,4,0,0,0,1,1,2,0,0,0,0,0,0,0,0,0,0,0,0,0,0,0,0,0,0,0,0
3204460,3,13,0,0,0,1,1,1,0,0,0,0,0,0,0,0,0,0,0,0,0,0,0,0,0,0,0,0
3225224,1,2,0,0,2,0,4,3,0,3,2,2,6,1,0,0,0,0,0,0,0,0,0,0,0,0,0,0
3225224,1,3,0,0,0,0,0,1,0,2,1,0,1,0,0,0,0,0,0,0,0,0,0,0,0,0,0,0
3225224,1,4,0,0,1,1,1,1,0,0,2,2,1,0,0,0,0,0,0,0,0,0,0,0,0,0,0,0
3225224,2,5,0,0,0,0,0,0,0,0,0,0,1,0,0,0,0,0,0,0,0,0,0,0,0,0,0,0
3225224,3,13,0,0,0,0,0,0,0,0,1,0,1,0,0,0,0,0,0,0,0,0,0,0,0,0,0,0
3229743,1,2,0,0,0,0,0,0,0,0,0,0,0,0,20,28,25,26,22,23,18,28,22,27,23,19,21,19
3229743,1,3,0,0,0,0,0,0,0,0,0,0,0,0,2,0,1,2,1,1,1,0,0,0,0,1,0,1
3229743,1,4,0,0,0,0,0,0,0,0,0,0,0,0,4,5,3,8,8,5,5,9,18,9,4,12,10,4
3229743,2,5,0,0,0,0,0,0,0,0,0,0,0,0,0,0,0,2,1,0,0,1,1,0,0,0,1,0
3229743,3,13,0,0,0,0,0,0,0,0,0,0,0,0,3,1,11,14,2,1,0,1,17,14,1,1,4,2
3229906,1,1,0,0,0,0,0,0,0,0,0,0,0,0,1,0,0,0,2,0,2,0,1,0,5,0,2,0
3229906,1,2,0,0,0,0,0,0,0,0,0,0,0,0,11,0,21,0,5,0,13,0,26,0,34,0,32,0
3229906,1,3,0,0,0,0,0,0,0,0,0,0,0,0,0,0,0,0,0,0,0,0,0,0,0,0,1,0
3229906,1,4,0,0,0,0,0,0,0,0,0,0,0,0,76,0,75,0,100,0,223,0,191,0,247,0,203,0
3229906,2,5,0,0,0,0,0,0,0,0,0,0,0,0,12,0,10,0,9,0,11,0,7,0,8,0,7,0
3229906,2,6,0,0,0,0,0,0,0,0,0,0,0,0,2,0,0,0,2,0,1,0,0,0,1,0,2,0
3229906,3,13,0,0,0,0,0,0,0,0,0,0,0,0,3,0,8,0,10,0,17,0,28,0,15,0,22,0
3237652,1,2,0,0,0,1,0,2,1,0,3,1,3,1,0,0,0,0,0,0,0,0,0,0,0,0,0,0
3237652,1,3,0,0,1,0,0,0,0,0,0,0,1,1,0,0,0,0,0,0,0,0,0,0,0,0,0,0
3237652,1,4,0,0,7,3,4,5,2,2,2,8,2,1,0,0,0,0,0,0,0,0,0,0,0,0,0,0
3237652,2,5,0,0,1,0,2,0,0,0,0,1,0,0,0,0,0,0,0,0,0,0,0,0,0,0,0,0
3237652,3,13,0,0,1,1,0,0,0,1,0,0,0,1,0,0,0,0,0,0,0,0,0,0,0,0,0,0
3241806,1,1,0,0,2,1,0,0,0,1,0,0,1,0,0,0,0,0,0,0,0,0,0,0,0,0,0,0
3241806,1,2,0,0,2,1,3,3,0,1,2,3,3,3,0,0,0,0,0,0,0,0,0,0,0,0,0,0
3241806,1,4,0,0,3,3,4,2,3,4,3,4,5,7,0,0,0,0,0,0,0,0,0,0,0,0,0,0
3241806,2,5,0,0,0,0,1,0,0,0,0,0,0,0,0,0,0,0,0,0,0,0,0,0,0,0,0,0
3241806,3,13,0,0,7,5,7,5,2,5,5,7,9,10,0,0,0,0,0,0,0,0,0,0,0,0,0,0
3242703,1,2,0,0,0,0,0,0,0,0,0,0,1,0,0,0,0,0,0,0,0,0,0,0,0,0,0,0
3242703,1,4,0,0,1,0,1,0,1,0,0,0,1,1,0,0,0,0,0,0,0,0,0,0,0,0,0,0
3242703,3,13,0,0,1,0,1,0,1,0,0,0,2,1,0,0,0,0,0,0,0,0,0,0,0,0,0,0
3243204,1,2,0,0,8,7,12,7,16,11,9,7,14,10,0,0,0,0,0,0,0,0,0,0,0,0,0,0
3243204,1,3,0,0,0,0,0,0,1,1,0,0,0,0,0,0,0,0,0,0,0,0,0,0,0,0,0,0
3243204,1,4,0,0,0,0,2,0,1,1,0,0,0,0,0,0,0,0,0,0,0,0,0,0,0,0,0,0
3243204,2,5,0,0,0,0,0,0,1,0,0,0,0,0,0,0,0,0,0,0,0,0,0,0,0,0,0,0
3243204,3,13,0,0,6,6,14,6,18,13,9,6,13,9,0,0,0,0,0,0,0,0,0,0,0,0,0,0
3246961,1,1,1,0,2,0,0,0,0,0,1,0,0,0,0,0,0,0,0,0,0,0,0,0,0,0,0,0
3246961,1,2,0,1,2,3,2,3,0,1,5,3,2,1,1,4,1,1,3,1,1,2,2,0,3,2,1,0
3246961,1,4,128,91,52,40,36,36,32,25,64,38,52,31,73,36,64,24,45,28,51,30,44,24,29,28,41,43
3246961,2,5,0,0,0,0,0,0,1,0,0,0,1,1,2,1,0,0,0,0,1,0,1,0,0,2,2,1
3246961,2,6,0,0,0,0,0,0,1,0,0,0,1,0,0,0,0,1,0,0,0,0,0,0,0,0,0,0
3246961,2,10,1,0,0,0,0,0,0,0,0,0,0,0,0,0,0,0,0,0,0,0,0,0,0,0,0,0
3246961,3,13,0,0,1,0,0,0,0,0,0,0,0,0,0,0,1,0,0,0,0,0,1,0,0,0,0,0
3251382,1,1,1,0,0,0,1,1,0,1,0,0,1,0,0,2,2,1,1,1,0,0,3,0,2,0,0,2
3251382,1,2,21,23,7,9,3,5,8,7,4,7,4,2,8,6,11,5,11,5,11,5,9,4,8,5,10,2
3251382,1,3,0,0,0,0,0,0,0,0,0,0,0,1,0,0,0,0,0,0,1,1,0,0,0,0,0,0
3251382,1,4,172,155,43,35,36,35,36,29,53,34,47,18,81,33,77,40,48,29,57,23,57,22,57,31,53,30
3251382,2,5,37,22,10,9,12,10,11,9,15,6,9,3,18,10,20,6,7,10,17,8,15,4,15,8,18,9
3251382,2,6,3,2,0,0,0,0,1,1,1,0,0,0,5,1,1,2,1,0,2,1,3,0,0,0,1,3
3251382,3,13,0,0,0,0,0,1,0,1,0,0,1,0,0,2,2,0,0,1,1,0,3,0,3,1,0,2
3254180,1,1,0,0,5,3,0,0,0,0,1,0,0,0,0,0,0,0,0,0,0,0,0,0,0,0,0,0
3254180,1,4,0,0,0,0,2,8,3,3,1,5,7,0,0,0,0,0,0,0,0,0,0,0,0,0,0,0
3254180,3,13,0,0,5,3,2,8,3,3,2,5,7,0,0,0,0,0,0,0,0,0,0,0,0,0,0,0
3258820,1,2,0,0,5,3,1,3,3,0,1,5,3,3,0,0,0,0,0,0,0,0,0,0,0,0,0,0
3258820,1,4,0,0,6,2,3,2,2,4,4,2,4,5,0,0,0,0,0,0,0,0,0,0,0,0,0,0
3261263,1,1,0,0,0,0,0,0,1,0,0,0,0,0,0,0,0,0,0,0,0,0,0,0,0,0,0,0
3261263,1,2,0,0,2,0,0,0,1,1,3,3,1,3,0,0,0,0,0,0,0,0,0,0,0,0,0,0
3261263,1,4,0,0,1,1,2,2,2,1,1,2,2,1,0,0,0,0,0,0,0,0,0,0,0,0,0,0
3261263,3,13,0,0,3,1,2,2,4,2,4,5,3,4,0,0,0,0,0,0,0,0,0,0,0,0,0,0
3267553,1,1,0,0,2,0,0,0,0,0,0,0,0,0,0,0,0,0,0,0,0,0,0,0,0,0,0,0
3267553,1,2,0,0,0,0,2,0,0,1,0,3,2,0,1,1,3,2,2,1,0,0,0,0,0,0,0,0
3267553,1,3,0,0,0,0,1,0,0,0,1,0,0,0,0,0,0,0,0,0,0,0,0,0,0,0,0,0
3267553,1,4,0,0,2,3,6,7,8,10,13,5,16,5,13,10,10,8,12,17,0,0,0,0,0,0,0,0
3267553,2,5,0,0,0,0,0,1,0,1,0,0,1,1,0,1,1,0,0,0,0,0,0,0,0,0,0,0
3267553,3,13,0,0,0,0,0,0,0,0,0,0,0,0,0,1,0,0,0,0,0,0,0,0,0,0,0,0
3269327,1,1,0,0,0,0,1,0,0,1,1,0,0,0,0,0,0,0,0,0,0,0,0,0,0,0,0,0
3269327,1,2,0,0,2,1,0,4,1,0,0,0,2,1,0,0,0,0,0,0,0,0,0,0,0,0,0,0
3269327,1,4,0,0,3,0,2,0,0,3,0,1,2,1,0,0,0,0,0,0,0,0,0,0,0,0,0,0
3269327,3,13,0,0,1,1,0,0,0,1,1,0,2,1,0,0,0,0,0,0,0,0,0,0,0,0,0,0
3271524,1,2,0,0,1,2,2,1,1,1,0,3,1,1,0,0,0,0,0,0,0,0,0,0,0,0,0,0
3271524,1,4,0,0,2,0,1,1,1,0,1,1,1,0,0,0,0,0,0,0,0,0,0,0,0,0,0,0
3271524,3,13,0,0,1,0,0,1,0,0,0,1,0,0,0,0,0,0,0,0,0,0,0,0,0,0,0,0
3280945,1,2,0,0,0,0,1,0,0,0,1,1,0,0,0,0,0,0,0,0,0,0,0,0,0,0,0,0
3280945,1,4,0,0,3,5,2,3,9,4,7,7,8,8,0,0,0,0,0,0,0,0,0,0,0,0,0,0
3280945,3,13,0,0,0,0,0,1,0,0,0,0,0,0,0,0,0,0,0,0,0,0,0,0,0,0,0,0
3292105,1,2,0,0,0,0,1,0,0,0,0,1,0,0,2,2,1,1,2,0,0,0,0,0,0,0,0,0
3292105,1,4,4,4,6,4,4,7,3,4,6,2,9,12,8,8,9,11,7,8,0,0,0,0,0,0,0,0
3292105,2,5,0,0,0,0,0,0,0,0,0,0,0,0,0,1,1,0,1,0,0,0,0,0,0,0,0,0
3292105,3,13,0,0,0,0,0,0,0,0,0,0,1,1,0,0,0,0,0,0,0,0,0,0,0,0,0,0
3297443,1,4,0,0,2,3,2,3,0,4,3,4,3,3,0,0,0,0,0,0,0,0,0,0,0,0,0,0
3297443,3,13,0,0,2,3,2,3,0,4,3,4,2,3,0,0,0,0,0,0,0,0,0,0,0,0,0,0
3303708,1,2,0,0,3,1,1,1,2,0,0,0,0,0,0,0,0,0,0,0,0,0,0,0,0,0,0,0
3303708,1,4,0,0,3,9,2,4,2,0,2,2,2,0,0,0,0,0,0,0,0,0,0,0,0,0,0,0
3303708,2,5,0,0,0,0,1,2,0,0,1,1,0,0,0,0,0,0,0,0,0,0,0,0,0,0,0,0
3303708,3,13,0,0,6,10,3,5,4,0,2,2,2,0,0,0,0,0,0,0,0,0,0,0,0,0,0,0
3306921,1,4,0,0,0,3,2,4,4,5,3,4,3,8,0,0,0,0,0,0,0,0,0,0,0,0,0,0
3306921,3,13,0,0,0,3,2,4,4,5,3,4,3,8,0,0,0,0,0,0,0,0,0,0,0,0,0,0
3309821,1,2,0,0,0,0,0,0,0,0,0,0,1,0,0,0,0,0,0,1,0,0,0,0,0,0,0,0
3309821,1,4,0,0,3,0,3,2,6,2,5,5,0,4,4,10,5,1,11,6,0,0,0,0,0,0,0,0
3309821,2,5,0,0,2,0,2,1,2,0,2,0,0,2,0,2,1,0,2,1,0,0,0,0,0,0,0,0
3309821,3,13,0,0,1,0,0,0,1,1,0,1,0,0,0,2,0,0,3,2,0,0,0,0,0,0,0,0
3310329,1,2,0,0,0,1,0,0,0,1,0,0,0,0,0,0,0,0,0,0,0,0,0,0,0,0,0,0
3310329,1,4,0,0,0,5,1,1,1,0,1,2,1,1,0,0,0,0,0,0,0,0,0,0,0,0,0,0
3310329,3,13,0,0,0,6,1,1,1,1,1,2,1,1,0,0,0,0,0,0,0,0,0,0,0,0,0,0
3318845,1,1,7,7,2,0,0,0,0,0,0,0,0,0,0,0,0,0,0,0,0,0,1,0,0,0,0,0
3318845,1,2,6,13,4,6,5,2,2,6,3,2,5,4,1,0,2,0,0,0,0,1,2,0,0,0,0,0
3318845,1,3,2,2,0,0,0,0,0,0,0,0,0,0,0,0,0,0,0,0,0,0,0,0,0,0,0,0
3318845,1,4,33,30,21,12,12,10,8,15,7,6,2,5,8,5,8,5,4,3,8,4,4,3,0,0,0,0
3318845,2,5,4,5,1,2,5,1,2,3,1,1,0,1,0,0,1,3,0,0,2,1,0,0,0,0,0,0
3318845,2,6,1,0,0,0,0,0,0,0,0,0,0,0,0,1,0,0,0,0,1,0,0,0,0,0,0,0
3318845,3,13,0,0,0,0,0,0,0,0,0,0,0,0,0,0,0,0,0,0,0,0,1,0,0,0,0,0
3323113,1,1,0,0,5,1,0,0,5,2,1,3,1,2,0,0,0,0,0,0,0,0,0,0,0,0,0,0
3323113,1,2,0,0,2,2,0,4,3,3,2,2,4,6,0,0,0,0,0,0,0,0,0,0,0,0,0,0
3323113,1,4,0,0,6,11,11,4,11,8,9,9,14,9,0,0,0,0,0,0,0,0,0,0,0,0,0,0
3323113,2,5,0,0,3,2,3,0,2,1,2,0,0,1,0,0,0,0,0,0,0,0,0,0,0,0,0,0
3323113,3,13,0,0,10,14,8,7,14,10,10,13,14,11,0,0,0,0,0,0,0,0,0,0,0,0,0,0
3325636,1,4,0,0,2,3,2,1,4,4,2,2,4,2,0,0,0,0,0,0,0,0,0,0,0,0,0,0
3325636,3,13,0,0,2,3,2,1,4,4,1,0,0,0,0,0,0,0,0,0,0,0,0,0,0,0,0,0
3331254,1,2,0,0,0,4,2,0,3,1,4,0,0,2,3,1,1,0,2,0,0,0,0,0,0,0,0,0
3331254,1,3,0,0,0,0,1,1,0,0,0,0,0,0,0,1,0,0,0,0,0,0,0,0,0,0,0,0
3331254,1,4,0,0,5,7,3,6,5,5,5,8,4,5,4,5,7,7,4,4,0,0,0,0,0,0,0,0
3331254,3,13,0,0,4,11,5,6,8,6,4,7,3,4,7,5,7,6,6,4,0,0,0,0,0,0,0,0
3332939,1,1,0,0,0,0,0,0,0,0,0,0,0,1,0,0,0,0,0,0,0,0,0,0,0,0,0,0
3332939,1,2,0,0,0,0,2,1,0,0,1,0,1,0,0,0,0,0,0,0,0,0,0,0,0,0,0,0
3332939,1,4,0,0,4,5,4,0,3,2,3,5,5,4,2,14,10,12,9,8,0,0,0,0,0,0,0,0
3332939,3,13,0,0,0,1,0,0,1,1,1,0,1,0,1,5,3,4,2,1,0,0,0,0,0,0,0,0
3359707,1,1,0,0,0,0,0,0,0,0,0,0,1,0,0,0,0,0,0,0,0,0,0,0,0,0,0,0
3359707,1,2,0,0,0,0,0,0,0,1,0,0,0,0,0,0,1,0,0,0,0,0,0,0,0,0,0,0
3359707,1,3,0,1,0,0,0,0,0,0,0,0,0,0,0,0,0,0,0,0,0,0,0,0,0,0,0,0
3359707,1,4,2,0,2,3,1,0,0,1,2,0,2,1,1,0,0,1,1,2,0,0,0,0,0,0,0,0
3359707,2,5,0,0,0,0,0,0,0,1,0,0,0,0,1,0,0,0,0,0,0,0,0,0,0,0,0,0
3359707,2,6,0,1,0,0,0,0,0,0,0,0,0,0,0,0,0,0,1,0,0,0,0,0,0,0,0,0
3359707,3,13,0,0,0,0,0,0,0,0,0,0,1,0,0,0,0,0,0,0,0,0,0,0,0,0,0,0
3360644,1,2,0,0,0,0,0,0,0,0,0,0,0,0,8,8,7,2,5,6,5,6,9,4,0,0,0,0
3360644,1,4,0,0,0,0,0,0,0,0,0,0,0,0,1,0,0,1,1,0,0,0,0,0,0,0,0,0
3360644,3,13,0,0,0,0,0,0,0,0,0,0,0,0,1,0,0,0,0,0,0,0,1,0,0,0,0,0
3363057,1,2,0,0,0,0,0,0,0,0,0,1,0,0,0,0,0,0,0,0,0,0,0,0,0,0,0,0
3363057,1,4,0,0,0,3,1,1,1,1,3,2,2,1,0,0,0,0,0,0,0,0,0,0,0,0,0,0
3363057,2,5,0,0,0,0,0,0,0,1,0,0,0,0,0,0,0,0,0,0,0,0,0,0,0,0,0,0
3363057,3,13,0,0,0,3,1,1,1,1,3,3,2,1,0,0,0,0,0,0,0,0,0,0,0,0,0,0
3373632,1,1,0,0,0,0,1,1,0,1,1,0,0,1,1,0,0,0,0,0,0,0,0,0,0,0,0,0
3373632,1,2,0,0,1,0,1,1,0,1,0,0,0,2,1,0,0,0,0,0,0,0,0,0,0,0,0,0
3373632,1,4,0,0,0,0,1,1,2,0,2,0,2,1,2,1,0,0,1,0,0,0,0,0,0,0,0,0
3373632,3,13,0,0,0,0,0,0,0,1,1,0,0,1,1,0,0,0,0,0,0,0,0,0,0,0,0,0
3380209,1,4,0,0,2,2,1,3,2,3,1,2,0,5,0,0,0,0,0,0,0,0,0,0,0,0,0,0
3380209,3,13,0,0,2,2,1,3,2,3,1,2,0,5,0,0,0,0,0,0,0,0,0,0,0,0,0,0
3386974,1,2,0,0,0,0,0,1,0,0,0,1,0,0,0,0,0,0,0,0,0,0,0,0,0,0,0,0
3386974,1,3,0,0,1,1,0,1,1,0,1,1,0,0,2,0,0,0,0,0,0,0,0,0,0,0,0,0
3386974,1,4,0,0,3,1,3,7,4,3,10,7,9,2,12,3,8,8,12,10,0,0,0,0,0,0,0,0
3386974,2,6,0,0,0,0,0,0,0,0,0,0,0,0,0,0,1,0,0,0,0,0,0,0,0,0,0,0
3386974,3,13,0,0,0,0,0,0,0,0,0,0,0,0,0,0,1,0,0,1,0,0,0,0,0,0,0,0
3392492,1,1,0,0,0,0,0,0,0,0,0,0,1,0,0,0,0,0,0,0,0,0,0,0,0,0,0,0
3392492,1,2,0,0,1,0,1,0,1,1,1,2,0,0,0,0,0,0,0,0,0,0,0,0,0,0,0,0
3392492,1,4,0,0,3,4,2,3,1,2,5,1,4,4,0,0,0,0,0,0,0,0,0,0,0,0,0,0
3392492,3,13,0,0,0,0,0,0,0,0,0,0,1,0,0,0,0,0,0,0,0,0,0,0,0,0,0,0
3393004,1,2,0,0,0,0,0,0,0,0,0,0,0,0,5,4,5,5,5,6,5,3,4,4,7,8,5,5
3393004,1,4,0,0,0,0,0,0,0,0,0,0,0,0,8,6,7,7,15,9,9,13,11,11,9,8,14,12
3393004,2,5,0,0,0,0,0,0,0,0,0,0,0,0,1,3,0,1,2,0,0,1,0,0,0,0,2,3
3393004,3,13,0,0,0,0,0,0,0,0,0,0,0,0,13,8,11,10,20,15,14,15,7,9,16,16,19,16
3394759,1,1,0,0,2,1,0,0,0,0,0,0,0,0,0,0,0,0,0,0,0,0,0,0,0,0,0,0
3394759,1,2,0,0,0,3,2,1,0,1,0,0,1,1,0,0,0,0,0,0,0,0,0,0,0,0,0,0
3394759,1,3,0,0,0,0,0,0,0,0,0,0,1,0,0,0,0,0,0,0,0,0,0,0,0,0,0,0
3394759,1,4,0,0,0,5,2,3,4,3,5,3,1,4,0,0,0,0,0,0,0,0,0,0,0,0,0,0
3394759,3,13,0,0,0,7,3,4,4,4,4,2,3,5,0,0,0,0,0,0,0,0,0,0,0,0,0,0
3397857,1,1,5,7,0,0,0,0,0,0,0,0,0,1,0,0,0,0,0,0,0,0,0,0,0,1,0,0
3397857,1,2,22,19,10,8,11,4,4,2,5,2,5,5,2,2,4,5,3,1,5,2,1,0,4,1,7,3
3397857,1,3,1,0,0,0,0,0,0,0,0,0,0,0,0,0,0,0,0,0,0,0,0,0,0,1,0,0
3397857,1,4,111,121,29,31,24,12,27,10,11,19,16,12,18,7,14,8,13,8,12,13,12,12,50,26,60,23
3397857,2,5,6,6,0,0,1,0,0,0,0,0,0,0,0,0,0,0,0,0,0,0,1,0,0,0,4,0
3397857,2,6,1,1,0,0,0,1,1,0,0,0,0,0,0,0,0,0,0,0,1,0,0,0,1,0,1,0
3397857,3,13,0,1,0,0,0,0,0,0,0,0,0,1,0,1,0,0,1,0,0,0,0,0,1,4,0,0
3398815,1,4,0,0,8,4,2,7,7,6,5,5,8,5,0,0,0,0,0,0,0,0,0,0,0,0,0,0
3398815,2,5,0,0,4,2,1,5,4,2,2,3,6,2,0,0,0,0,0,0,0,0,0,0,0,0,0,0
3398815,3,13,0,0,0,0,0,0,0,0,0,0,1,0,0,0,0,0,0,0,0,0,0,0,0,0,0,0
3399180,1,4,0,0,1,2,3,7,6,3,6,4,2,3,2,11,2,5,4,5,0,0,0,0,0,0,0,0
3399180,2,5,0,0,1,2,3,7,6,3,6,4,2,3,2,11,2,5,4,5,0,0,0,0,0,0,0,0
3399180,3,13,0,0,1,2,2,4,5,3,5,4,2,3,1,10,2,5,2,5,0,0,0,0,0,0,0,0
3403542,1,1,0,0,0,3,1,0,0,0,0,0,0,0,0,0,0,0,0,0,0,0,0,0,0,0,0,0
3403542,1,2,0,0,0,0,2,1,2,0,1,0,0,0,0,0,0,0,0,0,0,0,0,0,0,0,0,0
3403542,1,4,0,0,0,0,1,0,2,1,1,1,1,1,0,0,0,0,0,0,0,0,0,0,0,0,0,0
3403542,3,13,0,0,0,3,4,1,4,1,2,1,1,1,0,0,0,0,0,0,0,0,0,0,0,0,0,0
3411897,1,1,39,28,16,14,15,5,13,19,10,6,9,3,0,0,0,0,0,0,0,0,0,0,0,0,0,0
3411897,1,2,6,3,2,0,0,3,2,1,3,0,0,1,0,0,0,0,0,0,0,0,0,0,0,0,0,0
3411897,1,4,0,3,3,0,1,2,3,1,2,0,0,1,0,0,0,0,0,0,0,0,0,0,0,0,0,0
3411897,2,5,3,3,1,3,1,2,2,5,0,1,1,1,0,0,0,0,0,0,0,0,0,0,0,0,0,0
3411897,2,6,0,0,0,0,0,0,0,0,0,0,1,0,0,0,0,0,0,0,0,0,0,0,0,0,0,0
3411897,3,13,0,0,1,0,0,1,0,0,1,0,1,0,0,0,0,0,0,0,0,0,0,0,0,0,0,0
3413074,1,2,3,7,0,3,0,1,1,1,1,0,1,0,0,2,0,0,0,0,0,0,0,0,0,0,0,0
3413074,1,4,23,26,11,4,3,9,6,7,2,3,4,3,2,3,2,0,0,0,0,0,0,0,0,0,0,0
3413074,2,5,3,3,0,0,1,1,1,3,1,1,0,0,0,1,0,0,0,0,0,0,0,0,0,0,0,0
3413074,2,6,5,2,3,1,0,2,1,1,0,2,1,2,2,0,2,0,0,0,0,0,0,0,0,0,0,0
3413074,3,13,6,5,1,0,0,1,0,0,0,0,1,0,1,0,0,0,0,0,0,0,0,0,0,0,0,0
3414499,1,1,0,0,0,0,0,0,0,0,0,0,0,0,0,0,0,1,1,4,0,0,3,0,0,0,0,0
3414499,1,2,0,0,0,0,0,0,0,0,0,0,0,0,8,14,16,15,10,10,10,15,7,10,0,0,0,0
3414499,1,4,0,0,0,0,0,0,0,0,0,0,0,0,40,36,48,28,45,33,31,27,30,30,0,0,0,0
3414499,2,5,0,0,0,0,0,0,0,0,0,0,0,0,6,12,8,6,7,4,5,7,4,2,0,0,0,0
3414499,2,6,0,0,0,0,0,0,0,0,0,0,0,0,0,0,0,0,1,0,0,0,0,2,0,0,0,0
3414499,3,13,0,0,0,0,0,0,0,0,0,0,0,0,48,50,64,44,56,46,41,42,40,40,0,0,0,0
3418172,1,2,0,0,0,0,0,0,1,0,0,0,1,0,0,0,0,0,0,0,0,0,0,0,0,0,0,0
3418172,1,4,0,0,0,0,1,0,1,0,1,0,0,0,0,0,0,0,0,0,0,0,0,0,0,0,0,0
3419723,1,2,0,0,0,0,0,0,0,0,0,0,0,0,1,3,1,0,0,2,3,0,2,0,0,0,0,0
3419723,1,4,0,0,0,0,0,0,0,0,0,0,0,0,22,20,12,21,11,9,19,12,17,13,0,0,0,0
3419723,3,13,0,0,0,0,0,0,0,0,0,0,0,0,14,20,12,21,11,10,21,12,18,13,0,0,0,0
3425762,1,2,0,0,0,0,1,1,0,0,0,0,0,0,0,0,0,0,0,0,0,0,0,0,0,0,0,0
3425762,1,4,0,0,4,2,3,6,4,9,5,2,3,11,0,0,0,0,0,0,0,0,0,0,0,0,0,0
3425762,2,5,0,0,0,0,0,0,0,0,1,0,0,0,0,0,0,0,0,0,0,0,0,0,0,0,0,0
3425762,3,13,0,0,1,0,3,6,2,6,2,2,1,7,0,0,0,0,0,0,0,0,0,0,0,0,0,0
3431525,1,2,0,0,4,0,2,0,2,1,1,3,2,1,0,0,0,0,0,0,0,0,0,0,0,0,0,0
3431525,1,4,0,0,1,1,0,1,0,0,0,0,0,0,0,0,0,0,0,0,0,0,0,0,0,0,0,0
3431525,3,13,0,0,5,1,2,1,2,1,1,3,2,1,0,0,0,0,0,0,0,0,0,0,0,0,0,0
3431728,1,1,0,0,1,2,0,0,0,0,0,0,0,0,0,0,0,0,0,0,0,0,0,0,0,0,0,0
3431728,1,2,0,0,1,1,1,1,0,0,0,0,0,0,0,0,0,0,0,0,0,0,0,0,0,0,0,0
3431728,1,4,0,0,0,1,2,2,3,1,4,2,5,0,0,0,0,0,0,0,0,0,0,0,0,0,0,0
3431728,3,13,0,0,1,3,3,3,3,1,4,2,5,0,0,0,0,0,0,0,0,0,0,0,0,0,0,0
3435303,1,2,8,8,7,2,3,4,9,8,7,3,5,9,8,4,8,11,4,6,0,0,0,0,0,0,0,0
3435303,1,3,0,0,0,0,1,0,2,0,2,1,0,0,1,1,0,0,0,0,0,0,0,0,0,0,0,0
3435303,1,4,0,0,0,0,0,1,0,0,0,0,0,0,0,0,0,0,0,0,0,0,0,0,0,0,0,0
3435303,2,6,0,0,0,0,0,1,0,0,0,0,0,0,0,0,0,0,0,0,0,0,0,0,0,0,0,0
3441967,1,2,0,0,3,0,0,1,0,0,0,1,2,0,0,0,0,0,0,0,0,0,0,0,0,0,0,0
3441967,1,4,0,0,0,0,0,3,0,3,0,6,0,4,0,0,0,0,0,0,0,0,0,0,0,0,0,0
3441967,3,13,0,0,2,0,0,4,0,3,0,7,2,4,0,0,0,0,0,0,0,0,0,0,0,0,0,0
3442810,1,2,0,0,1,0,2,0,1,3,1,0,4,2,0,0,0,0,0,0,0,0,0,0,0,0,0,0
3442810,1,4,0,0,2,2,5,3,3,6,12,5,3,7,0,0,0,0,0,0,0,0,0,0,0,0,0,0
3442810,2,5,0,0,0,1,0,0,0,1,2,0,0,0,0,0,0,0,0,0,0,0,0,0,0,0,0,0
3442810,2,6,0,0,0,0,0,0,0,0,0,0,0,1,0,0,0,0,0,0,0,0,0,0,0,0,0,0
3444756,1,2,0,0,0,0,0,0,0,0,0,0,0,0,16,12,12,7,22,10,8,11,18,7,0,0,0,0
3444756,1,3,0,0,0,0,0,0,0,0,0,0,0,0,2,0,0,0,0,0,0,0,0,0,0,0,0,0
3444756,1,4,0,0,0,0,0,0,0,0,0,0,0,0,0,0,0,0,1,1,2,0,0,1,0,0,0,0
3448449,1,2,0,0,0,0,0,2,1,0,0,1,0,1,0,0,0,0,0,0,0,0,0,0,0,0,0,0
3448449,1,4,0,0,2,0,3,6,4,3,5,0,1,4,0,0,0,0,0,0,0,0,0,0,0,0,0,0
3448449,3,13,0,0,0,0,0,1,0,0,0,0,0,0,0,0,0,0,0,0,0,0,0,0,0,0,0,0
3449363,1,1,0,0,0,1,0,0,0,0,0,0,0,0,0,0,0,0,0,0,0,0,0,0,0,0,0,0
3449363,1,2,0,0,0,4,2,1,4,0,0,2,1,3,0,0,0,0,0,0,0,0,0,0,0,0,0,0
3449363,1,4,0,0,0,0,0,0,1,1,0,0,0,1,0,0,0,0,0,0,0,0,0,0,0,0,0,0
3451277,1,1,0,0,0,0,0,0,2,2,0,1,1,1,0,0,0,0,0,0,0,0,0,0,0,0,0,0
3451277,1,2,0,0,2,1,2,2,1,2,0,1,3,4,0,0,0,0,0,0,0,0,0,0,0,0,0,0
3451277,1,4,0,0,10,8,13,6,6,11,10,14,15,9,0,0,0,0,0,0,0,0,0,0,0,0,0,0
3451277,2,5,0,0,1,1,4,2,3,4,2,4,3,3,0,0,0,0,0,0,0,0,0,0,0,0,0,0
3451277,2,6,0,0,0,1,0,1,0,0,0,0,0,0,0,0,0,0,0,0,0,0,0,0,0,0,0,0
3451277,3,13,0,0,10,7,9,6,5,7,8,15,14,10,0,0,0,0,0,0,0,0,0,0,0,0,0,0
3455220,1,2,0,0,0,0,0,1,0,0,0,0,0,1,0,0,0,0,0,0,0,0,0,0,0,0,0,0
3455220,1,4,0,0,9,14,8,9,10,10,13,14,11,16,0,0,0,0,0,0,0,0,0,0,0,0,0,0
3455220,2,5,0,0,0,0,0,0,0,1,0,0,0,1,0,0,0,0,0,0,0,0,0,0,0,0,0,0
3455220,3,13,0,0,8,10,1,0,0,0,0,0,0,0,0,0,0,0,0,0,0,0,0,0,0,0,0,0
3463147,1,1,0,0,8,9,1,3,0,1,0,1,2,2,0,0,0,0,0,0,0,0,0,0,0,0,0,0
3463147,1,2,0,0,2,7,7,6,4,9,8,4,6,13,0,0,0,0,0,0,0,0,0,0,0,0,0,0
3463147,1,3,0,0,2,0,0,1,0,1,0,1,0,0,0,0,0,0,0,0,0,0,0,0,0,0,0,0
3463147,1,4,0,0,1,0,9,7,6,12,8,9,5,9,0,0,0,0,0,0,0,0,0,0,0,0,0,0
3463147,2,5,0,0,5,1,0,1,1,3,1,2,0,2,0,0,0,0,0,0,0,0,0,0,0,0,0,0
3463147,3,13,0,0,4,6,0,0,0,0,1,2,2,0,0,0,0,0,0,0,0,0,0,0,0,0,0,0
3464329,1,2,0,0,1,1,0,1,1,2,0,1,1,3,0,0,0,0,0,0,0,0,0,0,0,0,0,0
3464329,1,4,0,0,2,4,5,4,4,7,4,6,4,3,0,0,0,0,0,0,0,0,0,0,0,0,0,0
3464329,3,13,0,0,2,5,5,5,5,8,4,7,3,5,0,0,0,0,0,0,0,0,0,0,0,0,0,0
3469754,1,4,0,0,5,7,4,2,2,7,6,5,8,7,0,0,0,0,0,0,0,0,0,0,0,0,0,0
3469754,2,6,0,0,0,0,0,0,0,0,0,1,0,0,0,0,0,0,0,0,0,0,0,0,0,0,0,0
3469754,3,13,0,0,5,7,4,2,2,7,6,5,8,7,0,0,0,0,0,0,0,0,0,0,0,0,0,0
3469769,1,3,0,0,1,1,2,3,0,1,0,2,1,2,0,0,0,0,0,0,0,0,0,0,0,0,0,0
3469769,1,4,0,0,0,0,1,1,1,1,0,1,0,2,0,0,0,0,0,0,0,0,0,0,0,0,0,0
3469769,3,13,0,0,0,0,0,0,0,1,0,0,0,0,0,0,0,0,0,0,0,0,0,0,0,0,0,0
3475395,1,2,0,0,1,2,0,1,2,0,3,0,0,1,0,0,0,0,0,0,0,0,0,0,0,0,0,0
3475395,1,3,0,0,0,0,0,0,0,0,1,0,0,0,0,0,0,0,0,0,0,0,0,0,0,0,0,0
3475395,1,4,0,0,1,2,2,1,3,1,1,0,3,3,0,0,0,0,0,0,0,0,0,0,0,0,0,0
3475395,3,13,0,0,2,4,2,2,5,1,5,0,3,4,0,0,0,0,0,0,0,0,0,0,0,0,0,0
3475476,1,2,0,0,1,2,0,1,0,3,1,3,1,0,0,0,0,0,0,0,0,0,0,0,0,0,0,0
3475476,1,4,0,0,5,4,3,3,10,7,5,4,4,6,0,0,0,0,0,0,0,0,0,0,0,0,0,0
3475476,3,13,0,0,0,1,1,2,3,5,2,3,1,1,0,0,0,0,0,0,0,0,0,0,0,0,0,0
3479034,1,1,0,0,0,0,0,0,0,0,0,0,0,0,0,2,3,2,0,3,1,1,1,1,0,0,0,0
3479034,1,2,0,0,0,0,0,0,0,0,0,0,0,0,4,0,5,3,3,3,7,9,1,2,0,0,0,0
3479034,1,3,0,0,0,0,0,0,0,0,0,0,0,0,1,0,0,0,1,0,0,0,2,0,0,0,0,0
3479034,1,4,0,0,0,0,0,0,0,0,0,0,0,0,18,22,14,18,23,19,19,23,30,11,0,0,0,0
3479034,2,5,0,0,0,0,0,0,0,0,0,0,0,0,0,0,1,0,1,1,1,0,1,0,0,0,0,0
3479034,2,6,0,0,0,0,0,0,0,0,0,0,0,0,0,0,0,0,0,0,1,0,0,0,0,0,0,0
3479034,3,13,0,0,0,0,0,0,0,0,0,0,0,0,0,2,5,2,0,5,4,8,1,3,0,0,0,0
3491210,1,1,0,0,1,0,0,0,0,2,0,0,0,0,0,0,0,0,0,0,0,0,0,0,0,0,0,0
3491210,1,2,0,0,3,2,1,4,7,1,3,4,2,4,0,0,0,0,0,0,0,0,0,0,0,0,0,0
3491210,1,4,0,0,6,5,8,9,8,11,11,13,20,9,0,0,0,0,0,0,0,0,0,0,0,0,0,0
3491210,2,5,0,0,0,0,0,1,0,0,0,1,0,0,0,0,0,0,0,0,0,0,0,0,0,0,0,0
3491210,2,6,0,0,0,0,0,0,0,0,1,0,0,0,0,0,0,0,0,0,0,0,0,0,0,0,0,0
3491210,3,13,0,0,10,7,9,13,15,14,14,17,22,13,0,0,0,0,0,0,0,0,0,0,0,0,0,0
3492387,1,1,0,0,0,0,0,0,0,0,0,0,0,0,1,0,0,0,1,0,1,0,0,0,0,1,2,0
3492387,1,2,0,0,0,0,0,0,0,0,0,0,0,0,7,8,10,7,10,11,14,10,9,7,10,17,16,17
3492387,1,3,0,0,0,0,0,0,0,0,0,0,0,0,0,0,1,0,2,1,0,2,0,1,1,1,0,0
3492387,1,4,0,0,0,0,0,0,0,0,0,0,0,0,15,18,18,18,14,30,29,43,40,48,35,55,33,49
3492387,2,5,0,0,0,0,0,0,0,0,0,0,0,0,0,2,2,0,2,0,0,4,0,2,1,2,1,0
3492387,3,13,0,0,0,0,0,0,0,0,0,0,0,0,1,0,0,1,0,1,13,23,4,5,3,5,4,7
3502346,1,2,0,0,3,5,5,7,9,8,9,5,9,7,0,0,0,0,0,0,0,0,0,0,0,0,0,0
3502346,1,4,0,0,0,0,0,0,1,1,0,1,1,0,0,0,0,0,0,0,0,0,0,0,0,0,0,0
3502346,2,5,0,0,0,0,0,0,1,0,0,1,0,0,0,0,0,0,0,0,0,0,0,0,0,0,0,0
3512964,1,1,0,0,1,0,1,0,0,0,0,1,0,1,0,1,1,0,2,0,0,0,0,0,0,0,0,0
3512964,1,2,0,0,8,2,5,0,2,6,5,2,4,4,2,8,4,5,5,7,0,0,0,0,0,0,0,0
3512964,1,3,0,0,0,0,0,0,0,0,0,0,0,0,0,1,0,0,0,0,0,0,0,0,0,0,0,0
3512964,1,4,0,0,7,7,1,5,5,5,7,5,2,6,4,9,1,7,8,2,0,0,0,0,0,0,0,0
3512964,2,5,0,0,0,1,0,0,0,1,0,0,0,0,0,0,0,0,0,0,0,0,0,0,0,0,0,0
3512964,3,13,0,0,16,9,7,5,7,11,12,8,6,11,6,19,6,12,15,9,0,0,0,0,0,0,0,0
3514103,1,1,0,0,0,1,0,0,0,0,0,0,0,0,0,0,0,0,0,0,0,0,0,0,0,0,0,0
3514103,1,2,0,0,0,0,0,2,0,1,0,1,0,0,0,0,0,0,0,0,0,0,0,0,0,0,0,0
3514103,1,4,0,0,0,0,3,2,1,3,4,1,4,3,0,0,0,0,0,0,0,0,0,0,0,0,0,0
3514969,1,3,0,0,0,0,3,1,0,0,0,1,0,1,0,0,0,0,0,0,0,0,0,0,0,0,0,0
3514969,1,4,0,0,1,1,2,1,0,2,3,1,2,0,0,0,0,0,0,0,0,0,0,0,0,0,0,0
3514969,3,13,0,0,0,0,1,0,0,0,0,0,0,0,0,0,0,0,0,0,0,0,0,0,0,0,0,0
3516715,1,1,0,0,3,5,0,0,0,0,0,0,0,0,0,0,0,0,0,0,0,0,0,0,0,0,0,0
3516715,1,4,0,0,1,1,2,1,0,2,3,6,1,2,0,0,0,0,0,0,0,0,0,0,0,0,0,0
3523164,1,2,0,0,0,0,0,0,0,0,0,0,0,0,5,3,8,4,5,4,5,5,6,10,9,8,9,11
3523164,1,4,0,0,0,0,0,0,0,0,0,0,0,0,6,4,4,8,4,12,7,13,6,14,5,8,9,9
3523164,2,5,0,0,0,0,0,0,0,0,0,0,0,0,0,0,0,1,1,0,0,0,1,2,0,0,1,0
3523164,3,13,0,0,0,0,0,0,0,0,0,0,0,0,0,0,0,0,1,0,5,10,1,3,2,2,1,4
3536217,1,2,0,0,0,1,0,0,0,0,0,0,0,0,0,0,0,0,0,0,0,0,0,0,0,0,0,0
3536217,1,4,0,0,7,9,5,3,6,2,8,3,8,4,0,0,0,0,0,0,0,0,0,0,0,0,0,0
3536217,3,13,0,0,7,10,5,3,6,2,8,3,8,4,0,0,0,0,0,0,0,0,0,0,0,0,0,0
3542515,1,4,0,0,4,4,0,4,3,5,4,3,3,2,0,0,0,0,0,0,0,0,0,0,0,0,0,0
3542515,3,13,0,0,4,4,0,4,3,5,4,3,3,2,0,0,0,0,0,0,0,0,0,0,0,0,0,0
3543389,1,1,0,0,0,0,2,0,0,0,0,0,0,0,0,0,0,0,0,0,0,0,0,0,0,0,0,0
3543389,1,2,0,0,0,0,0,0,1,0,0,0,1,0,0,0,0,0,0,0,0,0,0,0,0,0,0,0
3543389,1,3,0,0,1,0,0,0,0,0,0,1,0,2,0,0,0,0,0,0,0,0,0,0,0,0,0,0
3543389,1,4,0,0,2,2,2,4,2,0,2,2,2,2,0,0,0,0,0,0,0,0,0,0,0,0,0,0
3543389,3,13,0,0,0,0,1,0,0,0,0,0,0,0,0,0,0,0,0,0,0,0,0,0,0,0,0,0
3547977,1,1,12,9,2,0,0,0,0,0,0,0,0,1,0,0,0,0,0,0,0,0,0,0,0,0,0,0
3547977,1,4,3,3,6,10,9,2,3,8,4,3,4,3,0,0,0,0,0,0,0,0,0,0,0,0,0,0
3547977,2,5,15,12,8,10,9,2,3,8,4,3,4,4,0,0,0,0,0,0,0,0,0,0,0,0,0,0
3547977,3,13,0,0,0,0,0,0,0,0,0,0,0,1,0,0,0,0,0,0,0,0,0,0,0,0,0,0
3549117,1,4,0,0,1,1,4,1,1,2,1,2,2,1,0,0,0,0,0,0,0,0,0,0,0,0,0,0
3549117,2,6,0,0,0,0,2,0,0,0,1,1,1,1,0,0,0,0,0,0,0,0,0,0,0,0,0,0
3549117,3,13,0,0,1,1,4,1,1,2,1,2,2,1,0,0,0,0,0,0,0,0,0,0,0,0,0,0
3550543,1,2,0,0,0,0,0,0,0,0,0,0,0,0,1,0,0,0,0,0,0,0,0,0,0,0,0,0
3550543,1,4,0,0,0,0,0,0,0,0,0,0,0,0,10,6,7,12,9,12,7,10,10,11,0,0,0,0
3550543,3,13,0,0,0,0,0,0,0,0,0,0,0,0,9,5,7,12,9,12,7,10,10,11,0,0,0,0
3567670,1,4,0,0,9,8,6,11,8,12,7,6,6,6,4,4,10,6,3,11,0,0,0,0,0,0,0,0
3567670,2,5,0,0,9,8,6,11,8,12,7,6,6,6,4,4,10,6,3,11,0,0,0,0,0,0,0,0
3567670,3,13,0,0,1,0,0,1,0,2,1,2,3,5,3,0,2,1,2,2,0,0,0,0,0,0,0,0
3573073,1,4,0,0,1,3,4,3,7,2,3,5,3,5,5,1,1,5,4,5,0,0,0,0,0,0,0,0
3573073,2,5,0,0,1,3,4,3,7,2,3,5,3,4,5,1,1,5,4,5,0,0,0,0,0,0,0,0
3573073,3,13,0,0,1,3,4,3,7,2,3,5,3,5,5,1,1,5,4,5,0,0,0,0,0,0,0,0
3578039,1,2,0,0,1,3,0,0,1,1,1,1,2,1,1,1,1,2,0,1,0,0,0,0,0,0,0,0
3578039,1,4,0,0,0,2,1,2,0,2,1,3,4,3,3,4,5,3,4,2,0,0,0,0,0,0,0,0
3578039,3,13,0,0,0,0,1,0,0,0,0,0,0,0,0,0,0,0,0,0,0,0,0,0,0,0,0,0
3583322,1,1,1,1,0,1,0,1,0,0,1,0,0,3,1,0,0,2,0,0,2,0,0,1,1,0,1,1
3583322,1,2,7,6,3,5,2,1,1,1,2,2,4,3,0,1,2,1,0,2,2,1,2,0,1,2,0,0
3583322,1,3,0,0,0,0,0,0,0,0,0,1,0,0,0,0,0,0,0,0,0,0,0,0,0,0,0,0
3583322,1,4,55,30,9,14,15,11,9,5,12,9,11,5,16,7,13,10,9,7,11,8,14,6,11,0,4,8
3583322,2,5,4,0,1,1,6,3,0,1,2,2,0,1,2,1,1,1,1,1,2,1,0,1,0,0,0,2
3583322,2,6,1,0,0,0,0,0,0,0,0,0,0,0,0,0,0,1,0,0,0,0,0,0,0,0,0,0
3583322,3,13,1,0,0,1,0,1,0,0,1,0,0,3,1,0,0,2,0,0,2,0,0,1,1,0,1,1
3587134,1,2,0,0,2,1,1,2,0,0,2,2,4,2,0,0,0,0,0,0,0,0,0,0,0,0,0,0
3587134,1,4,0,0,5,5,5,6,5,8,6,6,2,3,0,0,0,0,0,0,0,0,0,0,0,0,0,0
3587134,2,6,0,0,1,0,0,0,0,0,0,0,0,0,0,0,0,0,0,0,0,0,0,0,0,0,0,0
3587134,3,13,0,0,0,0,0,0,0,0,5,6,1,0,0,0,0,0,0,0,0,0,0,0,0,0,0,0
3588406,1,2,0,0,1,0,0,0,0,0,2,1,0,1,0,0,0,0,0,0,0,0,0,0,0,0,0,0
3588406,1,4,0,0,0,2,1,1,0,2,2,0,1,0,0,0,0,0,0,0,0,0,0,0,0,0,0,0
3588406,3,13,0,0,1,2,1,1,0,2,4,1,1,1,0,0,0,0,0,0,0,0,0,0,0,0,0,0
3591677,1,2,0,0,0,0,0,0,0,0,0,0,0,0,0,0,0,2,1,0,4,3,3,1,0,0,0,0
3591677,1,3,0,0,0,0,0,0,0,0,0,0,0,0,7,7,1,3,5,7,1,3,0,1,0,0,0,0
3591677,1,4,0,0,0,0,0,0,0,0,0,0,0,0,10,8,13,12,15,7,34,27,18,22,0,0,0,0
3591677,3,13,0,0,0,0,0,0,0,0,0,0,0,0,0,0,0,0,0,1,0,0,0,0,0,0,0,0
3599505,1,4,0,0,0,1,5,4,5,1,3,8,2,3,7,2,9,1,7,12,0,0,0,0,0,0,0,0
3601324,1,1,0,0,4,7,4,3,4,6,1,0,3,2,0,0,0,0,0,0,0,0,0,0,0,0,0,0
3601324,1,2,0,0,2,0,0,0,0,0,1,1,0,1,0,0,0,0,0,0,0,0,0,0,0,0,0,0
3601324,1,3,0,0,0,0,0,0,1,0,0,0,0,0,0,0,0,0,0,0,0,0,0,0,0,0,0,0
3601324,1,4,0,0,1,2,1,0,1,2,2,1,1,0,0,0,0,0,0,0,0,0,0,0,0,0,0,0
3601324,2,5,0,0,0,0,0,0,0,0,1,0,1,0,0,0,0,0,0,0,0,0,0,0,0,0,0,0
3601324,2,6,0,0,1,0,0,0,1,0,0,0,0,0,0,0,0,0,0,0,0,0,0,0,0,0,0,0
3601324,3,13,0,0,0,0,1,0,3,4,0,0,2,1,0,0,0,0,0,0,0,0,0,0,0,0,0,0
3612022,1,2,0,0,1,5,7,6,3,2,3,6,3,3,0,0,0,0,0,0,0,0,0,0,0,0,0,0
3612022,1,4,0,0,2,0,0,0,1,1,4,0,2,1,0,0,0,0,0,0,0,0,0,0,0,0,0,0
3612022,3,13,0,0,3,5,7,6,4,3,7,6,5,4,0,0,0,0,0,0,0,0,0,0,0,0,0,0
3625152,1,2,0,0,0,1,0,0,0,0,1,0,0,0,0,0,0,0,0,0,0,0,0,0,0,0,0,0
3625152,1,4,0,0,2,2,4,7,2,6,8,6,9,4,0,0,0,0,0,0,0,0,0,0,0,0,0,0
3625152,2,6,0,0,1,0,0,0,0,0,0,0,0,0,0,0,0,0,0,0,0,0,0,0,0,0,0,0
3625152,3,13,0,0,0,0,0,0,0,0,0,0,1,1,0,0,0,0,0,0,0,0,0,0,0,0,0,0
3627687,1,1,2,7,1,0,0,0,0,0,0,0,0,0,0,0,0,0,0,0,0,0,0,0,0,0,0,0
3627687,1,2,0,0,0,2,1,1,2,0,1,1,1,3,2,3,2,3,3,0,0,0,0,0,0,0,0,0
3627687,1,4,1,0,1,4,4,7,6,6,8,6,5,3,5,9,14,9,4,9,0,0,0,0,0,0,0,0
3627687,2,5,0,0,0,0,0,0,0,0,0,0,1,0,0,0,1,0,0,1,0,0,0,0,0,0,0,0
3627687,3,13,3,7,2,6,5,8,8,6,9,7,6,6,6,12,15,12,6,9,0,0,0,0,0,0,0,0
3628548,1,4,0,0,3,2,2,3,2,2,5,4,2,1,0,0,0,0,0,0,0,0,0,0,0,0,0,0
3628548,3,13,0,0,3,2,2,3,2,2,5,4,2,1,0,0,0,0,0,0,0,0,0,0,0,0,0,0
3632448,1,2,0,0,0,0,0,1,1,1,1,1,2,0,0,0,0,0,0,0,0,0,0,0,0,0,0,0
3632448,1,3,0,0,4,7,5,8,7,4,7,1,6,1,0,0,0,0,0,0,0,0,0,0,0,0,0,0
3632448,1,4,0,0,2,1,1,1,1,0,1,2,0,4,0,0,0,0,0,0,0,0,0,0,0,0,0,0
3632448,3,13,0,0,0,0,0,0,0,0,1,1,1,0,0,0,0,0,0,0,0,0,0,0,0,0,0,0
3638121,1,2,0,0,0,1,0,0,0,0,0,0,0,0,0,0,0,0,0,0,0,0,0,0,0,0,0,0
3638121,1,3,0,0,0,3,3,2,0,2,0,1,3,0,0,0,0,0,0,0,0,0,0,0,0,0,0,0
3638121,1,4,0,0,3,4,6,9,4,6,8,2,7,9,0,0,0,0,0,0,0,0,0,0,0,0,0,0
3638121,3,13,0,0,3,8,9,11,4,8,8,3,10,9,0,0,0,0,0,0,0,0,0,0,0,0,0,0
3644551,1,1,0,0,0,0,0,0,0,0,0,0,0,0,0,0,0,1,0,3,0,5,0,3,0,0,0,0
3644551,1,2,0,0,0,0,0,0,0,0,0,0,0,0,0,11,0,21,0,22,0,37,0,32,0,0,0,0
3644551,1,3,0,0,0,0,0,0,0,0,0,0,0,0,0,0,0,1,0,0,0,1,0,0,0,0,0,0
3644551,1,4,0,0,0,0,0,0,0,0,0,0,0,0,0,77,0,76,0,75,0,127,0,111,0,0,0,0
3644551,2,5,0,0,0,0,0,0,0,0,0,0,0,0,0,13,0,17,0,10,0,24,0,13,0,0,0,0
3644551,2,6,0,0,0,0,0,0,0,0,0,0,0,0,0,0,0,0,0,0,0,1,0,1,0,0,0,0
3644551,3,13,0,0,0,0,0,0,0,0,0,0,0,0,0,82,0,68,0,70,0,161,0,109,0,0,0,0
3653564,1,2,0,0,0,0,0,0,2,0,1,0,0,0,0,0,0,0,0,0,0,0,0,0,0,0,0,0
3653564,1,4,0,0,5,3,4,4,2,4,4,3,1,6,0,0,0,0,0,0,0,0,0,0,0,0,0,0
3653564,3,13,0,0,5,3,4,4,4,4,5,3,1,6,0,0,0,0,0,0,0,0,0,0,0,0,0,0
3656130,1,2,0,0,0,0,1,0,0,2,0,2,0,2,0,0,0,0,0,0,0,0,0,0,0,0,0,0
3656130,1,4,0,0,5,3,5,3,5,3,4,7,5,7,0,0,0,0,0,0,0,0,0,0,0,0,0,0
3656130,2,5,0,0,1,0,0,0,0,0,1,1,0,0,0,0,0,0,0,0,0,0,0,0,0,0,0,0
3656130,3,13,0,0,4,2,3,3,1,3,0,0,0,0,0,0,0,0,0,0,0,0,0,0,0,0,0,0
3657227,1,1,0,0,1,0,0,0,0,0,0,0,0,0,0,0,0,0,0,0,0,0,0,0,0,0,0,0
3657227,1,4,0,0,0,0,0,3,1,4,2,1,2,2,0,0,0,0,0,0,0,0,0,0,0,0,0,0
3657227,2,5,0,0,0,0,0,1,0,0,0,0,0,0,0,0,0,0,0,0,0,0,0,0,0,0,0,0
3657227,3,13,0,0,1,0,0,3,0,4,2,1,2,2,0,0,0,0,0,0,0,0,0,0,0,0,0,0
3666067,1,1,3,3,2,1,1,1,0,1,1,0,1,3,0,0,0,2,0,0,0,0,0,0,0,0,0,0
3666067,1,2,3,1,2,2,0,2,1,0,1,1,0,0,0,0,0,0,0,0,0,0,0,0,0,0,0,0
3666067,1,4,20,20,14,15,17,14,18,12,15,8,19,9,8,3,5,8,2,3,0,0,0,0,0,0,0,0
3666067,2,5,0,0,0,0,0,0,1,0,0,0,0,0,0,0,0,0,1,0,0,0,0,0,0,0,0,0
3666067,2,6,0,0,0,0,0,2,0,0,0,0,0,1,0,0,0,0,0,0,0,0,0,0,0,0,0,0
3666067,3,13,0,0,0,0,0,0,0,0,0,0,0,1,0,0,0,1,0,0,0,0,0,0,0,0,0,0
3668877,1,2,0,0,0,0,0,0,0,0,0,0,0,0,4,4,9,4,1,3,5,1,6,6,0,0,0,0
3668877,1,3,0,0,0,0,0,0,0,0,0,0,0,0,0,2,2,2,3,2,2,3,0,2,0,0,0,0
3668877,1,4,0,0,0,0,0,0,0,0,0,0,0,0,3,4,3,9,4,5,6,4,4,5,0,0,0,0
3668877,2,5,0,0,0,0,0,0,0,0,0,0,0,0,0,0,0,0,0,0,1,0,0,0,0,0,0,0
3668877,3,13,0,0,0,0,0,0,0,0,0,0,0,0,1,1,3,4,0,1,0,0,0,0,0,0,0,0
3672667,1,2,0,0,0,0,0,0,0,0,0,0,0,0,2,2,3,2,1,3,1,0,2,1,0,0,0,0
3672667,1,4,0,0,0,0,0,0,0,0,0,0,0,0,3,14,7,19,9,10,15,10,11,13,0,0,0,0
3672667,3,13,0,0,0,0,0,0,0,0,0,0,0,0,0,0,0,0,1,0,0,0,0,0,0,0,0,0
3673926,1,1,0,0,0,0,0,0,1,1,0,0,0,0,0,0,0,0,0,0,0,0,0,0,0,0,0,0
3673926,1,2,0,0,1,1,0,2,1,1,3,1,1,1,2,0,1,5,2,2,0,0,0,0,0,0,0,0
3673926,1,4,0,0,6,4,10,7,3,8,11,7,7,4,7,3,7,11,5,7,0,0,0,0,0,0,0,0
3673926,2,5,0,0,3,1,5,1,2,8,8,6,6,3,5,3,6,9,4,5,0,0,0,0,0,0,0,0
3673926,3,13,0,0,0,0,0,1,1,1,1,0,1,2,1,2,0,2,0,1,0,0,0,0,0,0,0,0
3674020,1,3,0,0,0,0,1,1,1,0,0,3,2,0,0,0,0,0,0,0,0,0,0,0,0,0,0,0
3674020,1,4,0,0,1,1,1,3,0,1,2,0,0,0,0,0,0,0,0,0,0,0,0,0,0,0,0,0
3678199,1,1,36,24,7,5,7,3,15,9,16,16,15,9,6,9,9,6,7,3,6,2,1,3,3,3,3,4
3678199,1,2,8,9,3,3,6,4,6,1,4,5,8,6,4,3,4,0,8,3,8,3,7,2,5,0,4,7
3678199,1,3,0,1,0,0,0,0,0,0,0,0,1,2,1,0,0,0,0,0,0,0,1,0,0,0,0,0
3678199,1,4,64,41,53,41,78,40,33,41,36,35,41,34,53,32,39,31,53,45,49,37,48,38,31,21,39,26
3678199,2,5,3,0,2,0,4,5,1,1,1,1,2,0,5,0,3,2,4,2,6,3,6,0,2,2,9,3
3678199,2,6,1,1,5,3,0,1,3,2,5,2,3,1,1,1,2,0,2,0,2,0,1,5,1,1,2,1
3678199,2,7,0,0,0,0,1,0,0,0,1,1,0,3,0,0,1,0,0,0,0,0,0,0,0,0,0,0
3678199,2,8,0,0,0,0,0,0,0,0,0,2,2,0,0,0,0,0,0,0,0,0,0,0,0,0,1,1
3678199,2,9,0,0,0,0,0,0,0,0,0,2,0,2,0,0,0,0,0,0,0,0,0,0,0,0,0,0
3678199,2,10,1,0,0,0,1,0,0,0,0,0,2,0,0,0,0,0,0,0,0,0,0,0,0,0,0,0
3678199,3,13,1,0,0,0,0,0,1,0,5,1,7,7,4,7,2,1,1,1,3,0,0,1,3,2,0,2
3687177,1,1,0,0,1,0,0,0,0,0,0,0,0,0,0,0,0,0,0,0,0,0,0,0,0,0,0,0
3687177,1,2,0,0,0,0,0,0,1,0,0,0,0,0,0,0,0,0,0,0,0,0,0,0,0,0,0,0
3687177,1,3,0,0,0,0,0,0,0,0,1,1,0,1,0,0,0,0,0,0,0,0,0,0,0,0,0,0
3687177,1,4,0,0,0,0,2,2,7,2,2,2,2,4,3,2,6,3,2,4,0,0,0,0,0,0,0,0
3687177,2,5,0,0,0,0,0,0,0,0,0,1,0,0,1,0,0,0,0,1,0,0,0,0,0,0,0,0
3689193,1,2,0,0,2,3,0,2,1,2,1,2,1,0,0,0,0,0,0,0,0,0,0,0,0,0,0,0
3689193,1,4,0,0,4,6,3,2,6,3,3,3,9,7,0,0,0,0,0,0,0,0,0,0,0,0,0,0
3689193,3,13,0,0,6,9,3,4,7,5,4,5,10,7,0,0,0,0,0,0,0,0,0,0,0,0,0,0
3692303,1,4,0,0,0,0,0,1,1,0,0,1,1,1,0,0,0,0,0,0,0,0,0,0,0,0,0,0
3692816,1,2,0,0,0,0,0,0,0,0,0,0,0,0,4,2,2,4,1,3,3,2,2,5,0,0,0,0
3692816,1,3,0,0,0,0,0,0,0,0,0,0,0,0,0,0,0,0,1,0,0,1,1,0,0,0,0,0
3692816,1,4,0,0,0,0,0,0,0,0,0,0,0,0,10,7,14,5,8,6,12,0,9,5,0,0,0,0
3692816,3,13,0,0,0,0,0,0,0,0,0,0,0,0,0,0,0,0,0,0,0,0,3,1,0,0,0,0
3693413,1,2,0,0,0,0,0,0,0,0,0,0,0,0,0,5,0,2,0,6,0,4,0,3,0,0,0,0
3693413,1,3,0,0,0,0,0,0,0,0,0,0,0,0,0,0,0,0,0,0,0,1,0,1,0,0,0,0
3693413,1,4,0,0,0,0,0,0,0,0,0,0,0,0,0,8,0,14,0,12,0,9,0,19,0,0,0,0
3693413,3,13,0,0,0,0,0,0,0,0,0,0,0,0,0,7,0,14,0,18,0,14,0,23,0,0,0,0
3702237,1,1,0,0,1,0,0,0,0,0,0,0,0,0,0,0,0,0,0,0,0,0,0,0,0,0,0,0
3702237,1,2,0,0,0,1,0,0,0,0,2,0,0,0,0,0,0,0,0,0,0,0,0,0,0,0,0,0
3702237,1,4,0,0,0,1,4,0,1,2,3,1,1,2,0,0,0,0,0,0,0,0,0,0,0,0,0,0
3704816,1,1,0,0,1,3,0,0,0,0,0,0,0,0,0,0,0,0,0,0,0,0,0,0,0,0,0,0
3704816,1,4,0,0,0,0,3,0,0,3,2,3,1,4,0,0,0,0,0,0,0,0,0,0,0,0,0,0
3704816,3,13,0,0,0,0,0,0,0,0,0,0,1,0,0,0,0,0,0,0,0,0,0,0,0,0,0,0
3712750,1,1,1,2,0,0,2,0,1,3,0,2,3,1,1,0,0,0,1,0,1,2,1,5,0,0,0,0
3712750,1,2,8,9,5,8,4,10,4,3,7,6,2,4,4,6,1,4,4,1,2,0,5,1,0,0,0,0
3712750,1,3,1,2,2,0,0,2,1,0,0,0,0,0,0,0,1,1,1,0,0,1,0,1,0,0,0,0
3712750,1,4,59,44,39,24,43,34,45,21,28,30,26,13,36,23,22,22,25,21,23,8,27,22,0,0,0,0
3712750,2,5,3,2,3,4,2,2,5,5,6,6,5,3,8,0,7,6,2,0,3,1,3,4,0,0,0,0
3712750,2,6,7,5,3,1,1,5,1,3,0,3,2,1,4,1,0,1,2,2,0,1,0,2,0,0,0,0
3712750,2,10,1,3,0,0,0,0,0,0,0,0,0,0,0,0,0,0,0,0,0,0,0,0,0,0,0,0
3712750,3,13,0,1,0,0,2,0,0,2,0,2,3,2,1,1,1,0,2,0,2,2,0,5,0,0,0,0
3723849,1,2,0,0,0,0,0,0,0,0,0,0,0,0,17,19,13,13,16,13,13,12,12,12,0,0,0,0
3723849,1,4,0,0,0,0,0,0,0,0,0,0,0,0,20,19,10,20,16,20,25,30,25,31,0,0,0,0
3723849,2,5,0,0,0,0,0,0,0,0,0,0,0,0,2,3,0,0,2,0,0,2,1,3,0,0,0,0
3723849,3,13,0,0,0,0,0,0,0,0,0,0,0,0,2,0,1,6,0,0,2,1,3,9,0,0,0,0
3732479,1,2,0,0,0,0,1,0,0,0,1,0,0,0,0,0,0,0,0,0,0,0,0,0,0,0,0,0
3732479,1,4,0,0,1,2,0,1,5,2,1,2,6,3,0,0,0,0,0,0,0,0,0,0,0,0,0,0
3732479,3,13,0,0,1,2,1,1,5,2,2,2,6,3,0,0,0,0,0,0,0,0,0,0,0,0,0,0
3735725,1,4,0,0,1,0,2,1,0,2,3,3,3,0,0,0,0,0,0,0,0,0,0,0,0,0,0,0
3735725,2,5,0,0,1,0,1,1,0,1,2,1,1,0,0,0,0,0,0,0,0,0,0,0,0,0,0,0
3735725,3,13,0,0,1,0,2,1,0,2,3,3,3,0,0,0,0,0,0,0,0,0,0,0,0,0,0,0
3736181,1,1,0,0,6,2,0,0,0,0,0,0,0,0,0,0,0,0,0,0,0,0,0,0,0,0,0,0
3736181,1,2,0,0,0,0,0,0,0,0,0,0,0,0,0,0,0,1,1,0,0,0,0,0,0,0,0,0
3736181,1,4,0,0,1,0,5,4,5,6,3,5,7,4,4,3,7,10,2,6,0,0,0,0,0,0,0,0
3736181,2,6,0,0,0,0,0,0,0,0,0,0,0,1,0,0,0,0,0,0,0,0,0,0,0,0,0,0
3758239,1,1,0,0,0,0,0,0,0,0,0,1,0,0,0,0,0,0,0,0,0,0,0,0,0,0,0,0
3758239,1,4,0,0,4,6,7,5,4,7,8,6,5,10,0,0,0,0,0,0,0,0,0,0,0,0,0,0
3758239,3,13,0,0,4,6,7,5,4,6,8,7,5,10,0,0,0,0,0,0,0,0,0,0,0,0,0,0
3781413,1,4,0,0,3,1,2,4,8,1,10,3,7,4,0,0,0,0,0,0,0,0,0,0,0,0,0,0
3781413,3,13,0,0,0,0,0,0,0,0,1,0,0,0,0,0,0,0,0,0,0,0,0,0,0,0,0,0
3784092,1,2,0,0,0,0,0,0,0,1,1,2,2,2,6,6,2,2,0,4,0,0,0,0,0,0,0,0
3784092,1,3,0,0,0,0,1,0,0,0,0,0,0,1,0,0,0,0,0,0,0,0,0,0,0,0,0,0
3784092,1,4,0,0,3,5,4,8,2,5,8,6,3,7,9,6,3,8,3,11,0,0,0,0,0,0,0,0
3784092,3,13,0,0,3,5,5,8,2,6,9,8,5,10,15,12,5,10,3,15,0,0,0,0,0,0,0,0
3786923,1,3,0,0,4,4,1,2,1,3,3,2,4,1,0,0,0,0,0,0,0,0,0,0,0,0,0,0
3786923,1,4,0,0,0,0,1,1,0,1,0,0,1,0,0,0,0,0,0,0,0,0,0,0,0,0,0,0
3786923,3,13,0,0,2,2,2,3,1,2,3,1,5,1,0,0,0,0,0,0,0,0,0,0,0,0,0,0
3791935,1,3,0,0,6,2,3,2,6,2,2,5,1,3,0,0,0,0,0,0,0,0,0,0,0,0,0,0
3791935,1,4,0,0,4,4,7,2,1,6,3,4,2,5,0,0,0,0,0,0,0,0,0,0,0,0,0,0
3791935,3,13,0,0,10,6,10,4,7,8,5,9,3,8,0,0,0,0,0,0,0,0,0,0,0,0,0,0
3793309,1,2,0,0,0,0,0,0,0,0,0,0,0,0,0,0,0,0,0,0,0,0,0,0,14,11,13,11
3793309,1,3,0,0,0,0,0,0,0,0,0,0,0,0,0,0,0,0,0,0,0,0,0,0,5,2,4,1
3793309,1,4,0,0,0,0,0,0,0,0,0,0,0,0,0,0,0,0,0,0,0,0,0,0,47,45,47,48
3793309,2,5,0,0,0,0,0,0,0,0,0,0,0,0,0,0,0,0,0,0,0,0,0,0,3,0,4,2
3793309,2,6,0,0,0,0,0,0,0,0,0,0,0,0,0,0,0,0,0,0,0,0,0,0,2,0,0,0
3793309,3,13,0,0,0,0,0,0,0,0,0,0,0,0,0,0,0,0,0,0,0,0,0,0,5,4,2,1
3801878,1,1,64,53,17,22,26,8,15,14,6,4,3,5,2,2,2,0,0,2,10,16,0,0,0,0,0,0
3801878,1,2,9,9,3,5,6,4,3,3,5,6,2,2,2,2,3,1,2,3,1,4,2,2,0,3,5,1
3801878,1,3,0,0,0,0,1,0,0,0,0,0,0,0,0,0,0,0,0,0,0,0,0,0,0,0,0,0
3801878,1,4,79,95,62,43,78,58,62,26,66,51,78,54,80,51,86,37,69,49,63,33,78,53,69,34,68,67
3801878,2,5,0,0,1,0,0,0,1,1,0,0,2,0,1,1,3,0,1,1,0,1,0,1,0,1,0,2
3801878,2,6,0,0,1,0,0,0,0,0,0,0,0,0,0,0,0,0,0,0,0,0,0,0,0,0,0,0
3801878,2,10,0,0,0,0,0,0,0,0,0,0,0,0,0,0,0,0,0,1,0,0,0,0,0,0,0,0
3801878,3,13,1,0,1,4,1,0,0,0,0,0,0,0,0,1,0,0,0,2,2,1,0,0,0,0,0,0
3805976,1,1,0,0,0,0,0,0,0,0,0,0,0,0,0,1,0,3,0,1,0,0,0,0,0,1,0,0
3805976,1,2,0,0,0,0,0,0,0,0,0,0,0,0,0,11,0,14,0,22,0,20,0,26,0,33,0,37
3805976,1,3,0,0,0,0,0,0,0,0,0,0,0,0,0,3,0,6,0,6,0,12,0,6,0,6,0,15
3805976,1,4,0,0,0,0,0,0,0,0,0,0,0,0,0,45,0,46,0,53,0,64,0,89,0,95,0,104
3805976,2,5,0,0,0,0,0,0,0,0,0,0,0,0,0,7,0,10,0,4,0,6,0,10,0,8,0,8
3805976,3,13,0,0,0,0,0,0,0,0,0,0,0,0,0,43,0,0,0,5,0,6,0,5,0,1,0,14
3806912,1,1,0,0,0,0,1,0,1,0,0,1,2,1,0,0,0,0,0,0,0,0,0,0,0,0,0,0
3806912,1,2,0,0,3,0,1,1,1,2,2,5,0,1,0,0,0,0,0,0,0,0,0,0,0,0,0,0
3806912,1,4,0,0,2,2,1,2,4,3,9,2,8,6,0,0,0,0,0,0,0,0,0,0,0,0,0,0
3806912,2,5,0,0,0,0,0,0,0,0,2,0,0,0,0,0,0,0,0,0,0,0,0,0,0,0,0,0
3806912,3,13,0,0,0,0,0,0,1,0,0,1,2,1,0,0,0,0,0,0,0,0,0,0,0,0,0,0
3807524,1,1,0,0,0,0,0,0,0,0,0,0,0,0,3,3,1,5,2,3,2,0,1,3,0,0,0,0
3807524,1,2,0,0,0,0,0,0,0,0,0,0,0,0,17,9,16,12,25,18,29,17,21,15,0,0,0,0
3807524,1,3,0,0,0,0,0,0,0,0,0,0,0,0,2,0,0,0,0,0,0,1,0,0,0,0,0,0
3807524,1,4,0,0,0,0,0,0,0,0,0,0,0,0,44,21,46,24,50,30,70,51,61,39,0,0,0,0
3807524,2,5,0,0,0,0,0,0,0,0,0,0,0,0,10,5,4,2,6,2,5,8,7,6,0,0,0,0
3807524,2,6,0,0,0,0,0,0,0,0,0,0,0,0,2,1,1,0,1,0,0,2,2,2,0,0,0,0
3807524,3,13,0,0,0,0,0,0,0,0,0,0,0,0,6,5,1,0,3,0,9,3,3,2,0,0,0,0
3808224,1,2,0,0,0,0,1,0,0,0,0,0,0,0,0,0,0,0,0,0,0,0,0,0,0,0,0,0
3808224,1,4,0,0,0,1,0,0,1,0,0,0,0,0,0,0,0,0,0,0,0,0,0,0,0,0,0,0
3808860,1,1,0,0,0,0,0,0,0,0,0,0,0,0,1,1,0,0,2,0,1,1,0,2,0,0,0,0
3808860,1,2,0,0,0,0,0,0,0,0,0,0,0,0,11,6,9,5,7,8,12,8,11,4,0,0,0,0
3808860,1,3,0,0,0,0,0,0,0,0,0,0,0,0,5,1,1,2,0,1,1,0,0,0,0,0,0,0
3808860,1,4,0,0,0,0,0,0,0,0,0,0,0,0,31,32,32,32,29,38,34,45,36,28,0,0,0,0
3808860,2,5,0,0,0,0,0,0,0,0,0,0,0,0,0,0,0,0,0,1,0,0,0,0,0,0,0,0
3808860,3,13,0,0,0,0,0,0,0,0,0,0,0,0,1,3,2,0,0,1,2,6,6,7,0,0,0,0
3821673,1,2,0,0,0,0,0,0,3,1,1,0,1,2,0,0,0,0,0,0,0,0,0,0,0,0,0,0
3821673,1,4,0,0,1,2,2,0,3,2,1,1,1,1,0,0,0,0,0,0,0,0,0,0,0,0,0,0
3821673,3,13,0,0,1,1,1,0,4,3,1,1,0,0,0,0,0,0,0,0,0,0,0,0,0,0,0,0
3823955,1,4,0,0,0,1,0,2,0,4,0,3,0,6,1,6,3,5,3,3,0,0,0,0,0,0,0,0
3823955,2,5,0,0,0,1,0,2,0,4,0,3,0,6,1,6,3,5,3,3,0,0,0,0,0,0,0,0
3823955,3,13,0,0,0,0,0,0,0,0,0,0,0,0,0,1,0,0,0,0,0,0,0,0,0,0,0,0
3824641,1,1,0,0,0,0,0,0,0,1,0,0,0,0,0,0,0,0,0,0,0,0,0,0,0,0,0,0
3824641,1,2,0,1,2,2,1,0,4,2,1,0,1,2,2,1,2,0,0,0,0,2,1,1,1,0,0,0
3824641,1,3,1,1,0,1,0,0,0,0,0,0,0,1,0,0,0,0,0,0,0,0,0,0,0,0,0,0
3824641,1,4,33,23,23,13,10,12,21,24,21,11,24,25,20,12,13,13,18,23,23,19,16,8,16,12,2,0
3824641,2,5,0,0,0,0,0,0,0,0,0,0,0,0,0,0,0,0,1,0,0,0,0,0,0,0,0,0
3824641,2,6,0,0,0,0,0,0,1,0,0,0,0,1,0,0,0,0,0,0,0,0,0,0,0,0,0,0
3824641,2,10,1,0,0,0,0,0,0,0,0,0,0,0,0,0,0,0,0,0,0,0,0,0,0,0,0,0
3824641,3,13,31,23,23,14,10,11,25,25,22,11,23,27,21,13,11,10,18,22,20,21,13,6,17,11,2,0
3833665,1,2,0,0,1,0,1,1,0,0,0,2,0,1,2,0,2,0,2,0,0,0,0,0,0,0,0,0
3833665,1,4,0,0,11,9,9,5,13,9,9,11,12,13,13,9,5,6,9,6,0,0,0,0,0,0,0,0
3833665,2,5,0,0,0,0,1,0,0,0,0,0,0,0,0,1,0,0,0,0,0,0,0,0,0,0,0,0
3837433,1,1,0,0,0,0,0,0,0,0,0,0,0,0,1,2,1,1,2,2,4,2,3,1,7,2,1,0
3837433,1,2,0,0,0,0,0,0,0,0,0,0,0,0,3,12,10,8,7,9,9,17,7,7,9,8,7,15
3837433,1,3,0,0,0,0,0,0,0,0,0,0,0,0,0,0,0,0,1,2,1,0,0,0,0,4,0,3
3837433,1,4,0,0,0,0,0,0,0,0,0,0,0,0,5,7,13,5,20,13,19,15,30,18,25,30,15,34
3837433,2,5,0,0,0,0,0,0,0,0,0,0,0,0,0,0,0,0,1,0,1,0,5,0,0,0,1,2
3837433,2,6,0,0,0,0,0,0,0,0,0,0,0,0,1,1,0,0,0,0,0,1,0,0,1,1,0,0
3837433,3,13,0,0,0,0,0,0,0,0,0,0,0,0,1,5,1,1,4,5,4,4,3,1,8,7,1,3
3844139,1,2,0,0,1,0,0,1,1,0,0,0,0,0,1,0,0,0,2,0,0,0,0,0,0,0,0,0
3844139,1,4,0,0,4,5,7,7,12,4,6,11,8,4,5,11,10,5,7,8,0,0,0,0,0,0,0,0
3846598,1,4,0,0,4,10,4,4,6,1,5,4,6,7,0,0,0,0,0,0,0,0,0,0,0,0,0,0
3846598,3,13,0,0,0,1,0,0,0,0,0,0,0,0,0,0,0,0,0,0,0,0,0,0,0,0,0,0
3851804,1,1,0,0,1,0,0,0,0,0,0,0,0,0,0,0,0,0,0,0,0,0,0,0,0,0,0,0
3851804,1,2,0,0,1,0,0,0,0,0,0,0,0,0,0,0,0,0,0,0,0,0,0,0,0,0,0,0
3851804,1,4,0,0,0,0,0,1,0,0,1,1,0,1,0,0,0,0,0,0,0,0,0,0,0,0,0,0
3852829,1,1,0,0,3,2,1,0,0,0,0,0,1,0,0,0,0,0,0,0,0,0,0,0,0,0,0,0
3852829,1,2,0,0,0,0,3,3,3,1,3,5,5,3,0,0,0,0,0,0,0,0,0,0,0,0,0,0
3852829,1,4,0,0,0,0,2,3,0,0,2,0,2,2,0,0,0,0,0,0,0,0,0,0,0,0,0,0
3852829,3,13,0,0,0,0,0,0,0,0,0,0,1,0,0,0,0,0,0,0,0,0,0,0,0,0,0,0
3856798,1,4,0,0,5,1,3,2,2,3,2,4,4,4,0,0,0,0,0,0,0,0,0,0,0,0,0,0
3856798,3,13,0,0,5,1,3,2,2,3,2,4,4,4,0,0,0,0,0,0,0,0,0,0,0,0,0,0
3871222,1,4,0,0,3,1,1,0,0,2,1,1,3,2,0,0,0,0,0,0,0,0,0,0,0,0,0,0
3871222,3,13,0,0,3,1,1,0,0,2,1,1,3,2,0,0,0,0,0,0,0,0,0,0,0,0,0,0
3876317,1,2,0,0,0,0,0,0,0,0,0,0,0,0,0,5,0,5,0,5,0,10,0,12,0,0,0,0
3876317,1,3,0,0,0,0,0,0,0,0,0,0,0,0,0,2,0,0,0,1,0,1,0,2,0,0,0,0
3876317,1,4,0,0,0,0,0,0,0,0,0,0,0,0,0,15,0,18,0,23,0,30,0,25,0,0,0,0
3876317,2,5,0,0,0,0,0,0,0,0,0,0,0,0,0,1,0,1,0,2,0,2,0,0,0,0,0,0
3876317,3,13,0,0,0,0,0,0,0,0,0,0,0,0,0,1,0,3,0,1,0,5,0,11,0,0,0,0
3881214,1,2,0,0,0,0,0,0,1,0,0,1,0,0,0,0,0,0,0,0,0,0,0,0,0,0,0,0
3881214,1,4,0,0,6,1,3,2,1,4,4,1,1,6,0,0,0,0,0,0,0,0,0,0,0,0,0,0
3887549,1,2,0,0,0,0,0,0,0,0,0,0,0,0,5,4,5,3,5,3,7,13,11,6,14,13,9,9
3887549,1,3,0,0,0,0,0,0,0,0,0,0,0,0,0,0,0,0,0,0,0,3,1,4,0,5,1,2
3887549,1,4,0,0,0,0,0,0,0,0,0,0,0,0,10,11,5,12,5,10,12,13,13,7,11,10,12,6
3887549,3,13,0,0,0,0,0,0,0,0,0,0,0,0,1,0,0,0,0,0,4,6,3,1,14,9,0,0
3891883,1,1,0,0,0,0,0,0,0,0,0,0,0,0,0,1,0,0,0,1,1,0,3,1,0,0,0,0
3891883,1,2,0,0,0,0,0,0,0,0,0,0,0,0,2,0,1,0,1,0,1,0,0,0,0,0,0,0
3891883,1,4,0,0,0,0,0,0,0,0,0,0,0,0,5,0,3,0,7,4,1,2,8,3,0,0,0,0
3891883,2,5,0,0,0,0,0,0,0,0,0,0,0,0,3,0,2,0,1,0,0,0,1,0,0,0,0,0
3891883,3,13,0,0,0,0,0,0,0,0,0,0,0,0,0,1,0,0,2,1,1,0,2,1,0,0,0,0
3892529,1,1,0,0,3,4,1,1,1,0,0,0,1,0,0,1,1,1,0,1,0,0,0,0,0,0,0,0
3892529,1,2,0,0,1,1,2,2,0,0,3,3,1,4,4,0,2,0,4,3,0,0,0,0,0,0,0,0
3892529,1,4,0,0,0,0,3,6,2,2,1,2,2,2,7,1,3,4,5,5,0,0,0,0,0,0,0,0
3892529,2,5,0,0,0,0,0,0,0,0,0,0,0,0,0,0,0,0,0,1,0,0,0,0,0,0,0,0
3892529,2,6,0,0,0,0,0,0,0,0,0,0,0,0,0,0,0,0,1,0,0,0,0,0,0,0,0,0
3892529,3,13,0,0,0,0,0,0,1,0,0,0,1,0,0,1,1,1,0,1,0,0,0,0,0,0,0,0
3893742,1,3,0,0,1,1,1,0,0,0,0,0,0,0,0,0,0,0,0,0,0,0,0,0,0,0,0,0
3893742,1,4,0,0,0,1,0,1,0,1,2,0,2,2,0,0,0,0,0,0,0,0,0,0,0,0,0,0
3893742,3,13,0,0,0,2,1,1,0,1,2,0,2,2,0,0,0,0,0,0,0,0,0,0,0,0,0,0
3902366,1,2,0,0,0,2,2,0,0,0,0,2,0,1,0,0,0,0,0,0,0,0,0,0,0,0,0,0
3902366,1,4,0,0,3,2,5,11,5,5,6,4,13,7,0,0,0,0,0,0,0,0,0,0,0,0,0,0
3902366,3,13,0,0,3,4,7,11,4,5,6,6,13,8,0,0,0,0,0,0,0,0,0,0,0,0,0,0
3903551,1,1,0,0,0,0,0,0,0,0,0,0,0,0,0,3,0,5,0,8,0,5,0,2,0,2,0,1
3903551,1,2,0,0,0,0,0,0,0,0,0,0,0,0,0,36,0,34,0,38,0,40,0,29,0,34,0,46
3903551,1,3,0,0,0,0,0,0,0,0,0,0,0,0,0,1,0,1,0,0,0,0,0,0,0,0,0,0
3903551,1,4,0,0,0,0,0,0,0,0,0,0,0,0,0,125,0,156,0,140,0,113,0,105,0,102,0,92
3903551,2,5,0,0,0,0,0,0,0,0,0,0,0,0,0,17,0,17,0,19,0,15,0,11,0,12,0,4
3903551,2,6,0,0,0,0,0,0,0,0,0,0,0,0,0,8,0,9,0,7,0,6,0,5,0,3,0,4
3903551,3,13,0,0,0,0,0,0,0,0,0,0,0,0,0,3,0,3,0,8,0,5,0,2,0,3,0,3
3903810,1,4,0,0,10,5,13,6,9,7,4,7,10,7,0,0,0,0,0,0,0,0,0,0,0,0,0,0
3903810,2,5,0,0,6,3,12,1,8,2,3,3,7,5,0,0,0,0,0,0,0,0,0,0,0,0,0,0
3903810,3,13,0,0,10,5,13,6,9,7,4,7,10,7,0,0,0,0,0,0,0,0,0,0,0,0,0,0
3905826,1,1,0,0,0,0,0,0,0,0,1,1,0,1,1,0,0,0,1,0,0,0,0,0,0,0,0,0
3905826,1,2,29,25,11,15,8,11,13,5,3,8,12,11,8,5,5,7,5,6,3,7,6,3,4,1,7,5
3905826,1,3,2,0,0,0,0,0,0,0,0,1,0,0,0,0,0,0,0,0,0,0,0,0,0,0,0,0
3905826,1,4,304,221,120,71,115,73,90,41,99,57,91,59,93,46,68,38,59,51,92,45,62,39,99,36,62,40
3905826,2,5,19,15,10,5,9,5,5,3,6,2,4,2,1,2,5,2,1,2,6,3,2,1,9,1,4,0
3905826,2,6,0,0,0,2,0,0,0,0,0,0,1,0,0,0,0,1,0,0,0,0,0,0,2,0,0,0
3905826,2,10,1,0,0,0,0,0,0,0,0,0,0,0,0,0,0,0,0,0,0,0,0,0,0,0,0,0
3905826,3,13,0,0,0,0,0,0,0,0,0,1,1,0,3,1,0,0,1,1,1,1,0,0,1,0,0,0
3917338,1,2,0,0,1,2,0,0,3,0,1,0,2,1,0,0,0,0,0,0,0,0,0,0,0,0,0,0
3917338,1,4,0,0,0,4,1,3,2,1,3,3,3,5,0,0,0,0,0,0,0,0,0,0,0,0,0,0
3917338,2,5,0,0,0,1,0,3,0,1,0,1,0,2,0,0,0,0,0,0,0,0,0,0,0,0,0,0
3917338,3,13,0,0,0,0,0,1,0,0,0,0,0,0,0,0,0,0,0,0,0,0,0,0,0,0,0,0
3922830,1,4,0,0,6,3,3,4,4,5,2,1,1,4,0,0,0,0,0,0,0,0,0,0,0,0,0,0
3922830,3,13,0,0,6,3,3,4,4,5,2,1,1,4,0,0,0,0,0,0,0,0,0,0,0,0,0,0
3923978,1,2,0,0,0,1,0,0,0,0,0,0,0,0,0,0,0,0,0,0,0,0,0,0,0,0,0,0
3923978,1,3,0,0,1,0,0,0,0,0,0,0,0,0,0,0,0,0,0,0,0,0,0,0,0,0,0,0
3923978,1,4,0,0,4,4,4,1,1,4,3,4,6,7,0,0,0,0,0,0,0,0,0,0,0,0,0,0
3923978,2,5,0,0,0,0,0,1,1,0,0,0,0,0,0,0,0,0,0,0,0,0,0,0,0,0,0,0
3927081,1,1,0,1,0,0,0,0,0,0,0,0,0,0,0,0,0,0,0,0,0,0,0,0,0,0,0,0
3927081,1,2,0,0,0,0,0,0,0,0,0,0,1,0,0,1,0,0,0,0,0,3,2,1,0,0,0,0
3927081,1,3,1,0,0,0,0,0,0,0,0,0,0,0,0,0,0,0,0,0,0,1,0,0,0,0,0,0
3927081,1,4,7,5,3,1,5,1,2,1,3,0,2,3,4,2,0,0,8,8,10,5,16,7,0,0,0,0
3927081,2,5,4,1,2,1,2,0,2,1,1,0,2,2,3,2,0,0,1,0,5,3,10,5,0,0,0,0
3927081,2,6,0,0,0,0,0,0,0,0,0,0,0,0,0,0,0,0,1,1,0,1,1,0,0,0,0,0
3927081,2,10,1,0,0,0,0,0,0,0,0,0,0,0,0,0,0,0,0,0,0,0,0,0,0,0,0,0
3933082,1,2,0,0,0,2,0,1,0,1,1,0,1,0,0,0,0,0,0,0,0,0,0,0,0,0,0,0
3933082,1,3,0,0,0,1,0,1,1,1,0,0,0,0,0,0,0,0,0,0,0,0,0,0,0,0,0,0
3933082,1,4,0,0,3,0,0,1,4,4,0,3,2,2,0,0,0,0,0,0,0,0,0,0,0,0,0,0
3933082,2,5,0,0,1,0,0,0,0,1,0,0,0,0,0,0,0,0,0,0,0,0,0,0,0,0,0,0
3935166,1,2,0,0,0,1,1,0,0,0,0,0,0,0,0,0,0,0,1,0,0,0,0,0,0,0,0,0
3935166,1,4,0,0,6,1,3,7,4,3,9,4,3,3,4,7,6,6,1,3,0,0,0,0,0,0,0,0
3938648,1,3,0,0,0,1,0,1,0,0,0,0,0,0,0,0,0,0,0,0,0,0,0,0,0,0,0,0
3938648,1,4,0,0,1,3,1,1,3,3,2,3,3,1,0,0,0,0,0,0,0,0,0,0,0,0,0,0
3942097,1,2,0,0,1,0,3,1,0,3,1,0,1,2,1,0,1,1,3,2,0,0,0,0,0,0,0,0
3942097,1,4,0,0,2,2,2,2,5,3,1,4,11,3,7,1,9,5,1,2,0,0,0,0,0,0,0,0
3942097,3,13,0,0,3,2,5,3,5,6,2,4,12,5,8,1,10,6,4,4,0,0,0,0,0,0,0,0
3956050,1,2,0,0,1,3,1,0,1,0,1,0,0,1,0,0,0,0,0,0,0,0,0,0,0,0,0,0
3956050,1,4,0,0,0,1,2,0,3,1,1,4,3,7,0,0,0,0,0,0,0,0,0,0,0,0,0,0
3956050,3,13,0,0,0,0,0,0,0,0,0,0,1,0,0,0,0,0,0,0,0,0,0,0,0,0,0,0
3958107,1,4,0,0,1,4,2,2,3,1,1,0,1,1,0,0,0,0,0,0,0,0,0,0,0,0,0,0
3958107,3,13,0,0,1,4,1,2,3,1,1,0,1,1,0,0,0,0,0,0,0,0,0,0,0,0,0,0
3961710,1,1,0,0,0,0,0,0,0,0,0,0,0,1,0,0,0,0,0,0,0,0,0,0,0,0,0,0
3961710,1,2,0,0,2,1,1,0,0,0,0,1,1,0,0,0,0,0,0,0,0,0,0,0,0,0,0,0
3961710,1,4,0,0,2,5,0,2,4,4,0,0,2,1,0,0,0,0,0,0,0,0,0,0,0,0,0,0
3961710,3,13,0,0,0,0,0,0,0,0,0,0,0,1,0,0,0,0,0,0,0,0,0,0,0,0,0,0
3964431,1,1,0,0,2,2,0,0,0,0,0,0,0,0,0,0,0,0,0,0,0,0,0,0,0,0,0,0
3964431,1,2,0,0,1,0,0,0,0,2,0,1,1,0,0,0,0,0,0,0,0,0,0,0,0,0,0,0
3964431,1,4,0,0,2,1,1,2,2,4,1,1,2,3,0,0,0,0,0,0,0,0,0,0,0,0,0,0
3964431,2,5,0,0,0,0,1,0,1,1,0,0,0,1,0,0,0,0,0,0,0,0,0,0,0,0,0,0
3964431,2,10,0,0,1,0,0,0,0,0,0,0,0,0,0,0,0,0,0,0,0,0,0,0,0,0,0,0
3964431,3,13,0,0,4,3,1,1,2,3,1,1,2,3,0,0,0,0,0,0,0,0,0,0,0,0,0,0
3970863,1,1,0,0,0,0,0,0,0,0,0,0,0,0,0,0,0,0,1,0,0,0,0,0,0,0,0,0
3970863,1,2,0,0,0,0,0,0,0,0,0,0,0,0,13,0,17,0,23,0,28,0,17,0,17,0,20,0
3970863,1,3,0,0,0,0,0,0,0,0,0,0,0,0,0,0,0,0,0,0,0,0,0,0,1,0,0,0
3970863,1,4,0,0,0,0,0,0,0,0,0,0,0,0,66,0,92,0,78,0,137,0,136,0,209,0,215,0
3970863,2,5,0,0,0,0,0,0,0,0,0,0,0,0,11,0,19,0,8,0,16,0,15,0,16,0,12,0
3970863,2,6,0,0,0,0,0,0,0,0,0,0,0,0,0,0,1,0,0,0,3,0,0,0,0,0,1,0
3970863,3,13,0,0,0,0,0,0,0,0,0,0,0,0,79,0,109,0,101,0,164,0,153,0,227,0,218,0
3978705,1,1,8,9,4,1,4,6,2,5,5,2,0,3,2,8,4,1,6,6,4,4,5,5,0,0,0,0
3978705,1,2,7,4,8,6,2,1,5,9,3,2,2,3,9,6,2,3,5,2,2,2,2,5,0,0,0,0
3978705,1,3,2,0,0,1,0,1,2,0,0,1,1,0,1,0,0,0,0,1,0,1,0,0,0,0,0,0
3978705,1,4,163,131,80,85,76,64,67,59,71,64,63,61,46,67,65,37,49,57,29,50,45,48,0,0,0,0
3978705,2,5,3,4,4,2,7,7,1,1,4,2,2,1,1,3,2,2,1,1,0,1,3,0,0,0,0,0
3978705,2,6,22,20,19,17,13,18,12,15,13,15,13,16,10,18,9,5,10,7,5,10,8,16,0,0,0,0
3978705,2,10,0,0,0,0,0,0,0,0,0,0,0,0,0,0,0,0,0,0,0,0,0,1,0,0,0,0
3978705,3,13,0,1,0,0,0,1,2,1,4,1,0,2,1,5,4,0,5,5,4,4,3,5,0,0,0,0
3981072,1,1,0,0,0,0,0,0,0,0,0,0,0,0,0,1,0,0,0,0,0,0,0,2,0,0,0,0
3981072,1,2,0,0,0,0,0,0,0,0,0,0,0,0,0,5,0,13,0,20,0,25,0,16,0,52,0,27
3981072,1,3,0,0,0,0,0,0,0,0,0,0,0,0,0,0,0,4,0,1,0,2,0,1,0,5,0,7
3981072,1,4,0,0,0,0,0,0,0,0,0,0,0,0,0,47,0,67,0,85,0,106,0,102,0,184,0,200
3981072,2,5,0,0,0,0,0,0,0,0,0,0,0,0,0,2,0,2,0,6,0,8,0,7,0,3,0,9
3981072,2,6,0,0,0,0,0,0,0,0,0,0,0,0,0,0,0,2,0,3,0,0,0,1,0,1,0,1
3981072,3,13,0,0,0,0,0,0,0,0,0,0,0,0,0,0,0,0,0,3,0,14,0,7,0,14,0,10
3984848,1,1,0,0,1,1,0,0,0,0,0,0,0,0,0,0,0,0,0,0,0,0,0,0,0,0,0,0
3984848,1,2,12,16,4,5,6,5,2,2,1,3,2,1,0,0,0,0,0,0,0,0,0,0,0,0,0,0
3984848,1,4,81,71,26,26,19,20,22,12,20,6,7,4,0,0,0,0,0,0,0,0,0,0,0,0,0,0
3984848,2,5,2,0,0,0,0,0,0,0,1,0,0,0,0,0,0,0,0,0,0,0,0,0,0,0,0,0
3984848,3,13,35,32,0,0,0,0,0,0,0,0,0,0,0,0,0,0,0,0,0,0,0,0,0,0,0,0
3988938,1,1,0,0,0,0,0,0,0,0,0,0,0,0,0,0,0,0,1,0,0,0,0,0,0,0,0,0
3988938,1,2,0,0,2,1,2,5,2,1,4,4,3,1,1,4,2,3,4,3,0,0,0,0,0,0,0,0
3988938,1,3,0,0,0,0,0,0,0,0,1,0,0,0,0,0,0,0,0,0,0,0,0,0,0,0,0,0
3988938,1,4,0,0,0,0,0,0,0,1,0,0,0,0,0,0,0,0,0,0,0,0,0,0,0,0,0,0
3988938,3,13,0,0,2,1,2,5,2,2,5,4,3,1,1,4,2,3,5,3,0,0,0,0,0,0,0,0
4000130,1,2,0,0,2,2,2,5,2,2,1,3,2,1,0,0,0,0,0,0,0,0,0,0,0,0,0,0
4000130,1,4,0,0,1,0,1,0,1,0,0,0,0,0,0,0,0,0,0,0,0,0,0,0,0,0,0,0
4000130,2,5,0,0,0,0,1,0,0,0,0,0,0,0,0,0,0,0,0,0,0,0,0,0,0,0,0,0
4000130,3,13,0,0,3,2,3,5,3,2,1,3,2,1,0,0,0,0,0,0,0,0,0,0,0,0,0,0
4005230,1,1,0,0,0,0,0,0,0,0,0,0,0,0,0,0,0,0,0,0,1,1,3,0,0,0,0,0
4005230,1,2,0,0,0,0,0,0,0,0,0,0,0,0,4,5,7,6,3,7,5,10,5,8,0,0,0,0
4005230,1,4,0,0,0,0,0,0,0,0,0,0,0,0,7,8,11,13,12,4,19,12,26,24,0,0,0,0
4005230,2,5,0,0,0,0,0,0,0,0,0,0,0,0,1,1,2,0,0,1,1,0,1,1,0,0,0,0
4005230,3,13,0,0,0,0,0,0,0,0,0,0,0,0,2,1,6,10,3,2,2,5,16,16,0,0,0,0
4015683,1,4,0,0,9,6,4,3,4,7,4,2,2,3,0,0,0,0,0,0,0,0,0,0,0,0,0,0
4016525,1,2,0,0,0,2,3,3,1,2,2,1,1,1,0,0,0,0,0,0,0,0,0,0,0,0,0,0
4016525,1,3,0,0,1,3,0,2,0,0,2,1,1,1,0,0,0,0,0,0,0,0,0,0,0,0,0,0
4016525,1,4,0,0,19,8,10,9,8,6,8,11,17,8,0,0,0,0,0,0,0,0,0,0,0,0,0,0
4016525,3,13,0,0,20,13,13,13,9,8,12,13,18,10,0,0,0,0,0,0,0,0,0,0,0,0,0,0
4022033,1,4,0,0,3,3,1,2,0,0,0,0,1,2,0,0,0,0,0,0,0,0,0,0,0,0,0,0
4026896,1,1,0,0,0,0,0,0,0,0,0,0,0,0,1,0,0,0,0,0,0,0,0,0,0,0,0,0
4026896,1,2,0,0,0,0,0,0,0,0,0,0,0,0,2,4,3,3,4,4,5,3,5,5,0,0,0,0
4026896,1,4,0,0,0,0,0,0,0,0,0,0,0,0,13,19,13,14,18,19,6,15,27,16,0,0,0,0
4026896,3,13,0,0,0,0,0,0,0,0,0,0,0,0,16,23,0,1,22,23,11,18,31,20,0,0,0,0
4029335,1,1,0,0,0,0,0,0,0,0,0,0,0,1,0,0,0,0,0,0,0,0,0,0,0,0,0,0
4029335,1,2,0,0,1,1,0,2,1,1,2,1,0,3,1,0,2,0,0,1,0,0,0,0,0,0,0,0
4029335,1,3,0,0,0,0,0,0,0,0,0,0,1,0,0,0,1,0,0,0,0,0,0,0,0,0,0,0
4029335,1,4,0,0,6,10,6,9,7,13,8,11,11,7,10,9,15,16,15,14,0,0,0,0,0,0,0,0
4029335,3,13,0,0,7,11,6,11,8,14,10,12,12,11,11,9,18,15,15,15,0,0,0,0,0,0,0,0
4032635,1,2,0,0,0,0,0,0,0,0,0,0,0,0,4,0,5,2,2,4,4,4,5,1,3,3,1,2
4032635,1,3,0,0,0,0,0,0,0,0,0,0,0,0,2,0,1,0,4,0,1,1,1,0,0,0,3,0
4032635,1,4,0,0,0,0,0,0,0,0,0,0,0,0,11,18,19,16,14,18,20,24,17,20,16,27,17,29
4032635,2,5,0,0,0,0,0,0,0,0,0,0,0,0,0,4,3,0,1,4,1,1,1,1,0,1,0,0
4032635,3,13,0,0,0,0,0,0,0,0,0,0,0,0,4,5,1,0,2,0,9,13,10,7,4,9,8,6
4033967,1,3,0,0,2,0,0,4,1,1,3,2,0,2,1,1,2,3,1,1,0,0,0,0,0,0,0,0
4033967,1,4,0,0,2,3,5,3,4,3,4,3,2,4,4,2,7,6,3,4,0,0,0,0,0,0,0,0
4033967,3,13,0,0,2,1,3,7,0,0,4,4,0,1,0,0,4,3,3,5,0,0,0,0,0,0,0,0
4037067,1,4,0,0,6,9,4,3,7,1,3,3,5,9,0,0,0,0,0,0,0,0,0,0,0,0,0,0
4037220,1,2,0,0,0,0,0,0,0,0,0,0,0,0,2,2,0,0,1,0,0,0,0,2,0,0,0,0
4037220,1,4,0,0,0,0,0,0,0,0,0,0,0,0,17,11,8,12,4,10,7,11,9,9,0,0,0,0
4037220,3,13,0,0,0,0,0,0,0,0,0,0,0,0,0,1,0,0,0,0,0,0,0,0,0,0,0,0
4041960,1,1,0,0,0,1,0,0,0,0,0,0,0,0,0,0,0,0,0,0,0,0,0,0,0,0,0,0
4041960,1,2,0,0,1,0,1,2,0,2,1,0,2,3,0,0,0,0,0,0,0,0,0,0,0,0,0,0
4041960,1,4,0,0,3,6,2,1,6,2,5,5,2,3,0,0,0,0,0,0,0,0,0,0,0,0,0,0
4041960,3,13,0,0,4,7,0,0,0,0,0,0,0,0,0,0,0,0,0,0,0,0,0,0,0,0,0,0
4045533,1,4,0,0,5,6,6,7,9,5,9,10,7,7,16,9,17,20,14,18,0,0,0,0,0,0,0,0
4045533,2,5,0,0,0,0,0,0,0,0,0,0,0,0,0,0,1,0,2,0,0,0,0,0,0,0,0,0
4045533,3,13,0,0,5,6,6,7,9,5,9,10,7,7,16,9,17,20,14,18,0,0,0,0,0,0,0,0
4049942,1,4,11,15,7,12,6,3,11,10,4,7,14,10,9,6,8,8,14,5,0,0,0,0,0,0,0,0
4049942,3,13,6,6,7,12,6,3,10,10,4,7,14,10,9,6,7,7,13,5,0,0,0,0,0,0,0,0
4055189,1,2,0,0,0,1,0,0,0,1,0,0,0,1,0,0,0,0,0,0,0,0,0,0,0,0,0,0
4055189,1,4,0,0,0,0,0,2,0,0,0,2,0,1,0,0,0,0,0,0,0,0,0,0,0,0,0,0
4055189,3,13,0,0,0,1,0,2,0,1,0,2,0,2,0,0,0,0,0,0,0,0,0,0,0,0,0,0
4056989,1,1,37,40,13,9,4,1,3,3,1,2,8,3,4,2,3,4,6,3,1,3,6,1,13,5,6,2
4056989,1,2,11,4,10,8,6,6,1,5,12,7,9,4,5,1,3,2,7,5,9,6,5,5,21,15,9,6
4056989,1,3,0,0,0,0,0,0,1,0,0,0,0,0,0,0,0,0,0,0,0,0,0,0,0,0,0,0
4056989,1,4,18,14,19,19,21,24,13,23,31,30,15,19,22,27,27,22,39,17,27,18,28,11,55,36,38,23
4056989,2,5,4,6,5,2,2,3,0,2,3,1,0,2,2,4,2,2,1,1,1,0,2,2,1,0,2,3
4056989,2,6,0,0,0,0,0,0,1,0,0,1,0,0,0,1,0,1,2,0,2,0,0,0,1,1,0,2
4056989,2,10,0,0,0,0,0,0,0,0,0,0,0,0,0,0,0,0,0,0,0,0,0,0,1,0,0,0
4056989,3,13,3,5,0,2,0,0,0,2,0,1,2,1,6,2,5,4,5,2,2,3,7,1,18,12,5,2
4058628,1,2,0,0,0,0,0,0,1,2,1,0,1,1,0,0,0,0,0,0,0,0,0,0,0,0,0,0
4058628,1,4,0,0,2,1,0,1,2,3,1,3,1,1,0,0,0,0,0,0,0,0,0,0,0,0,0,0
4058628,2,5,0,0,0,0,0,0,0,1,0,0,0,0,0,0,0,0,0,0,0,0,0,0,0,0,0,0
4058628,3,13,0,0,2,1,0,0,3,5,2,3,2,2,0,0,0,0,0,0,0,0,0,0,0,0,0,0
4061103,1,1,0,0,2,1,5,0,1,2,0,0,1,1,0,0,0,0,0,0,0,0,0,0,0,0,0,0
4061103,1,2,0,0,0,0,0,0,0,0,0,0,0,1,0,0,0,0,0,0,0,0,0,0,0,0,0,0
4061103,1,4,0,0,0,0,1,0,0,2,0,0,1,0,0,0,0,0,0,0,0,0,0,0,0,0,0,0
4061103,3,13,0,0,2,1,6,0,1,4,0,0,2,2,0,0,0,0,0,0,0,0,0,0,0,0,0,0
4067771,1,2,0,0,1,1,0,2,1,1,0,0,1,1,0,1,0,3,1,3,0,0,0,0,0,0,0,0
4067771,1,4,0,0,1,3,6,2,7,3,5,3,1,9,2,9,2,6,4,6,0,0,0,0,0,0,0,0
4067771,3,13,0,0,2,4,6,4,8,4,5,3,2,9,2,10,2,9,5,9,0,0,0,0,0,0,0,0
4068427,1,1,0,0,0,0,0,0,0,0,0,1,1,0,0,0,0,0,0,0,0,0,0,0,0,0,0,0
4068427,1,2,0,0,1,0,0,0,1,0,0,0,0,0,0,0,0,0,0,0,0,0,0,0,0,0,0,0
4068427,1,4,0,0,0,1,1,3,1,0,2,2,2,2,0,0,0,0,0,0,0,0,0,0,0,0,0,0
4068427,3,13,0,0,1,0,0,3,1,0,0,1,2,0,0,0,0,0,0,0,0,0,0,0,0,0,0,0
4069794,1,1,0,1,0,0,0,0,0,1,0,0,0,0,0,0,0,0,0,0,0,0,0,0,0,0,0,0
4069794,1,2,2,4,0,1,4,3,2,1,3,0,3,0,0,0,0,0,0,0,0,0,0,0,0,0,0,0
4069794,1,4,23,15,12,7,10,5,8,6,7,12,5,5,0,0,0,0,0,0,0,0,0,0,0,0,0,0
4069794,2,5,0,2,2,0,2,0,0,0,0,2,0,1,0,0,0,0,0,0,0,0,0,0,0,0,0,0
4069794,2,6,4,3,0,1,3,1,1,3,2,1,0,0,0,0,0,0,0,0,0,0,0,0,0,0,0,0
4073753,1,1,0,0,0,0,0,0,0,0,0,0,1,0,0,0,0,0,0,0,0,0,0,0,0,0,0,0
4073753,1,2,0,0,0,1,0,1,2,3,0,2,1,1,0,0,0,0,0,0,0,0,0,0,0,0,0,0
4073753,1,3,0,0,4,2,0,1,1,2,1,1,1,1,0,0,0,0,0,0,0,0,0,0,0,0,0,0
4073753,1,4,0,0,1,1,3,0,3,2,1,1,0,2,0,0,0,0,0,0,0,0,0,0,0,0,0,0
4073753,3,13,0,0,5,4,3,2,6,6,2,4,2,4,0,0,0,0,0,0,0,0,0,0,0,0,0,0
4074984,1,1,0,0,0,1,0,0,0,0,0,0,0,0,0,0,0,0,0,0,0,0,0,0,0,0,0,0
4074984,1,2,0,0,0,0,0,0,0,0,0,0,0,0,0,0,1,0,0,0,0,0,0,0,0,0,0,0
4074984,1,4,0,0,1,0,0,0,0,1,0,1,0,0,2,3,2,2,3,3,0,0,0,0,0,0,0,0
4074984,2,5,0,0,0,0,0,0,0,0,0,0,0,0,0,0,0,0,1,1,0,0,0,0,0,0,0,0
4074984,2,6,0,0,0,0,0,0,0,0,0,0,0,0,0,0,0,1,0,0,0,0,0,0,0,0,0,0
4074984,3,13,0,0,1,0,0,0,0,1,0,1,0,0,1,1,0,0,1,3,0,0,0,0,0,0,0,0
4082833,1,1,0,0,0,0,0,0,1,0,0,0,0,0,0,0,0,0,0,0,0,0,0,0,0,0,0,0
4082833,1,2,0,0,0,0,1,0,0,0,0,0,3,0,0,0,0,0,0,0,0,0,0,0,0,0,0,0
4082833,1,4,0,0,5,9,3,4,4,8,6,7,4,6,0,0,0,0,0,0,0,0,0,0,0,0,0,0
4082833,2,5,0,0,4,8,3,4,4,8,6,7,3,5,0,0,0,0,0,0,0,0,0,0,0,0,0,0
4082833,3,13,0,0,5,9,4,4,4,8,5,7,7,6,0,0,0,0,0,0,0,0,0,0,0,0,0,0
4086926,1,4,0,0,0,1,8,1,2,1,3,1,0,3,0,0,0,0,0,0,0,0,0,0,0,0,0,0
4086926,3,13,0,0,0,1,7,1,0,0,0,1,0,2,0,0,0,0,0,0,0,0,0,0,0,0,0,0
4090445,1,1,28,27,18,17,4,5,7,7,5,15,9,9,7,8,9,9,13,7,26,11,11,6,20,14,14,21
4090445,1,2,5,7,4,5,5,3,7,4,3,3,5,3,4,3,3,4,6,3,7,5,4,5,9,6,7,3
4090445,1,3,0,0,0,0,0,0,0,0,0,0,0,0,0,0,0,0,0,0,0,0,0,0,0,1,0,0
4090445,1,4,2,1,3,3,18,11,9,8,23,9,9,7,15,7,17,15,20,13,21,14,32,11,26,11,30,14
4090445,2,5,1,1,1,1,0,0,0,1,3,2,1,1,2,1,2,1,2,1,2,1,3,1,2,2,3,1
4090445,2,6,0,1,0,0,0,0,0,0,0,0,0,0,1,0,0,0,1,0,0,1,1,0,1,0,0,1
4090445,2,10,0,0,0,0,0,0,0,0,0,0,0,0,0,0,0,0,0,0,0,0,0,0,1,0,0,0
4090445,3,13,0,0,3,2,3,3,7,3,2,12,6,5,6,4,3,6,10,6,12,6,10,5,10,7,9,11
4110406,1,2,0,0,0,0,0,0,0,0,1,0,0,0,0,0,0,0,0,0,0,0,0,0,0,0,0,0
4110406,1,3,0,0,0,1,0,0,1,0,0,1,0,0,0,0,0,0,0,0,0,0,0,0,0,0,0,0
4110406,1,4,0,0,6,7,16,9,7,6,10,11,16,13,0,0,0,0,0,0,0,0,0,0,0,0,0,0
4110406,3,13,0,0,6,8,16,8,8,6,11,12,16,13,0,0,0,0,0,0,0,0,0,0,0,0,0,0
4116434,1,3,8,5,4,3,5,11,2,2,6,3,4,9,0,0,0,0,0,0,0,0,0,0,0,0,0,0
4116434,1,4,8,8,13,6,6,4,10,4,5,7,9,3,0,0,0,0,0,0,0,0,0,0,0,0,0,0
4116434,3,13,10,12,12,9,5,8,1,1,1,1,0,1,0,0,0,0,0,0,0,0,0,0,0,0,0,0
4121343,1,1,0,0,2,1,1,1,1,0,0,2,1,0,0,0,0,0,0,0,0,0,0,0,0,0,0,0
4121343,1,4,0,0,6,4,7,1,5,8,2,6,3,10,0,0,0,0,0,0,0,0,0,0,0,0,0,0
4121343,3,13,0,0,5,3,6,1,6,6,0,2,0,0,0,0,0,0,0,0,0,0,0,0,0,0,0,0
4121930,1,1,0,2,2,0,1,0,0,0,1,3,1,1,2,1,1,1,2,1,3,2,5,4,2,2,3,4
4121930,1,2,6,8,11,6,7,4,8,1,6,12,7,10,6,13,5,8,8,6,12,1,14,6,9,6,5,4
4121930,1,3,1,0,0,1,0,0,0,0,0,0,0,0,2,1,0,1,0,0,0,0,1,0,0,0,0,0
4121930,1,4,89,77,87,52,71,63,85,61,86,60,109,60,90,62,96,68,80,56,82,61,81,53,82,48,64,55
4121930,2,5,1,2,3,2,3,6,6,1,2,6,3,3,8,6,10,1,2,2,5,2,3,2,5,1,0,3
4121930,2,6,1,2,1,1,0,0,1,0,0,2,0,1,1,1,0,2,0,0,2,0,1,1,0,1,0,1
4121930,3,13,0,0,0,0,0,0,0,0,1,2,0,2,0,1,0,0,2,1,2,2,4,3,1,2,3,4
4122698,1,1,4,1,0,0,0,0,0,1,0,0,1,0,0,0,0,0,0,0,0,0,0,0,0,0,0,0
4122698,1,2,2,0,0,0,0,0,0,0,1,0,0,0,0,0,0,0,0,0,0,0,0,0,0,0,0,0
4122698,1,4,30,36,12,10,9,8,7,9,8,6,1,2,0,0,0,0,0,0,0,0,0,0,0,0,0,0
4122698,2,5,3,0,0,1,0,2,1,1,2,2,1,1,0,0,0,0,0,0,0,0,0,0,0,0,0,0
4122698,3,13,0,0,0,0,0,0,0,1,1,2,1,1,0,0,0,0,0,0,0,0,0,0,0,0,0,0
4134395,1,1,0,0,6,10,36,34,14,21,12,5,19,16,17,14,13,12,15,25,21,11,24,23,7,4,9,15
4134395,1,2,0,0,2,0,15,16,11,7,8,2,6,9,6,6,8,6,7,3,2,3,5,12,2,1,5,4
4134395,1,3,0,0,0,0,0,3,1,0,1,0,1,0,1,0,2,0,0,1,1,1,1,0,0,0,1,0
4134395,1,4,0,0,6,6,230,231,97,99,80,62,110,75,118,88,119,88,57,91,56,50,100,91,28,37,61,82
4134395,2,5,0,0,0,0,9,7,2,3,3,1,5,1,3,4,4,4,2,5,2,2,4,5,0,1,1,1
4134395,2,6,0,0,0,0,7,4,0,2,6,4,4,3,4,8,6,2,0,2,2,3,7,2,1,1,0,2
4134395,2,10,0,0,0,0,0,0,0,0,0,0,0,0,0,0,0,1,0,0,0,0,0,1,0,0,0,0
4134395,3,13,0,0,0,0,14,11,3,2,0,1,5,2,10,8,7,7,9,14,11,7,11,14,5,2,9,13
4138900,1,1,0,0,9,17,0,0,2,0,0,1,0,0,0,0,0,0,0,0,0,0,0,0,0,0,0,0
4138900,1,2,0,0,17,3,5,7,2,9,18,11,7,12,0,0,0,0,0,0,0,0,0,0,0,0,0,0
4138900,1,3,0,0,0,0,0,0,0,0,2,1,2,1,0,0,0,0,0,0,0,0,0,0,0,0,0,0
4138900,1,4,0,0,9,10,24,25,33,37,31,34,47,42,0,0,0,0,0,0,0,0,0,0,0,0,0,0
4138900,2,5,0,0,4,8,8,5,6,12,9,6,9,9,0,0,0,0,0,0,0,0,0,0,0,0,0,0
4138900,2,6,0,0,0,0,0,1,0,1,0,1,1,0,0,0,0,0,0,0,0,0,0,0,0,0,0,0
4138900,3,13,0,0,20,19,2,4,0,1,2,1,0,0,0,0,0,0,0,0,0,0,0,0,0,0,0,0
4141194,1,2,0,0,0,2,0,2,3,1,1,0,2,2,2,2,2,1,0,1,0,0,0,0,0,0,0,0
4141194,1,4,0,0,4,4,3,2,6,5,4,3,1,4,3,7,6,6,5,6,0,0,0,0,0,0,0,0
4141194,3,13,0,0,4,6,2,4,9,6,5,3,3,6,5,9,8,7,5,7,0,0,0,0,0,0,0,0
4150816,1,1,0,0,0,0,0,0,1,0,0,0,0,0,0,0,0,0,0,0,0,0,0,0,0,0,0,0
4150816,1,2,0,0,0,0,0,2,0,0,3,1,0,1,0,0,0,0,0,0,0,0,0,0,0,0,0,0
4150816,1,4,0,0,1,3,0,3,4,3,1,2,3,2,0,0,0,0,0,0,0,0,0,0,0,0,0,0
4150816,2,5,0,0,0,1,0,2,1,0,0,2,0,0,0,0,0,0,0,0,0,0,0,0,0,0,0,0
4150816,3,13,0,0,1,3,0,5,5,3,4,3,2,3,0,0,0,0,0,0,0,0,0,0,0,0,0,0
4153120,1,2,0,0,1,2,0,1,1,1,0,0,2,2,0,0,0,0,0,0,0,0,0,0,0,0,0,0
4153120,1,3,0,0,2,0,1,0,0,0,0,0,0,0,0,0,0,0,0,0,0,0,0,0,0,0,0,0
4153120,1,4,0,0,1,4,3,0,5,7,5,7,3,5,0,0,0,0,0,0,0,0,0,0,0,0,0,0
4153120,3,13,0,0,0,0,0,0,0,0,0,0,1,0,0,0,0,0,0,0,0,0,0,0,0,0,0,0
4157694,1,1,0,0,0,0,7,1,0,0,0,0,0,0,1,0,0,0,0,0,0,0,0,1,0,0,0,0
4157694,1,2,5,5,2,0,2,1,2,0,2,2,0,1,3,1,2,1,0,0,0,2,0,0,2,0,1,0
4157694,1,4,19,13,3,13,6,6,4,3,8,2,5,5,7,3,2,5,2,1,6,3,3,1,4,0,3,0
4157694,2,5,4,1,0,0,0,0,0,2,1,0,0,0,2,2,0,0,0,0,2,0,0,0,0,0,0,0
4157694,2,6,0,0,0,0,0,1,1,0,0,0,0,0,0,0,0,0,0,0,0,0,0,0,0,0,0,0
4157694,3,13,24,17,5,13,15,8,6,3,10,4,5,6,11,4,4,6,2,1,6,5,3,2,3,0,4,0
4158094,1,2,0,0,0,0,0,1,0,0,0,0,0,0,0,0,0,0,0,0,0,0,0,0,0,0,0,0
4158094,1,4,0,0,6,0,4,2,0,1,4,5,5,5,0,0,0,0,0,0,0,0,0,0,0,0,0,0
4158094,3,13,0,0,6,0,4,3,0,1,4,5,5,5,0,0,0,0,0,0,0,0,0,0,0,0,0,0
4159544,1,1,0,0,1,1,0,0,0,1,0,0,0,0,0,0,0,0,0,0,0,0,0,0,0,0,0,0
4159544,1,2,0,0,0,0,0,1,1,0,1,0,0,1,2,0,0,0,0,0,0,0,0,0,0,0,0,0
4159544,1,4,0,0,4,4,1,0,1,2,6,1,3,4,2,0,4,1,3,5,0,0,0,0,0,0,0,0
4159544,3,13,0,0,0,0,0,0,0,0,0,0,0,0,1,0,0,0,0,0,0,0,0,0,0,0,0,0
4163123,1,2,0,0,4,2,2,6,1,4,4,5,3,6,0,0,0,0,0,0,0,0,0,0,0,0,0,0
4163123,1,3,0,0,0,1,2,0,2,0,0,2,1,1,0,0,0,0,0,0,0,0,0,0,0,0,0,0
4163123,1,4,0,0,7,9,11,9,20,12,16,17,9,16,0,0,0,0,0,0,0,0,0,0,0,0,0,0
4163123,2,5,0,0,0,0,0,0,1,0,1,0,0,0,0,0,0,0,0,0,0,0,0,0,0,0,0,0
4163123,2,6,0,0,0,0,0,1,1,0,0,0,1,1,0,0,0,0,0,0,0,0,0,0,0,0,0,0
4163123,3,13,0,0,0,0,0,0,1,1,0,3,1,4,0,0,0,0,0,0,0,0,0,0,0,0,0,0
4180694,1,2,0,0,0,0,0,0,0,0,0,0,0,0,6,3,8,5,7,4,8,10,6,7,0,0,0,0
4180694,1,3,0,0,0,0,0,0,0,0,0,0,0,0,0,0,1,0,1,4,7,2,1,1,0,0,0,0
4180694,1,4,0,0,0,0,0,0,0,0,0,0,0,0,9,7,8,6,16,4,24,27,34,24,0,0,0,0
4180694,3,13,0,0,0,0,0,0,0,0,0,0,0,0,0,1,4,0,2,0,7,9,3,3,0,0,0,0
4186298,1,4,0,0,3,2,3,2,5,1,3,3,8,4,0,0,0,0,0,0,0,0,0,0,0,0,0,0
4186298,3,13,0,0,3,2,3,2,3,1,3,2,8,4,0,0,0,0,0,0,0,0,0,0,0,0,0,0
4186444,1,1,0,0,1,0,0,0,0,1,2,0,0,0,0,0,0,0,0,0,0,0,0,0,0,0,0,0
4186444,1,2,0,0,3,2,2,0,0,2,3,1,0,0,0,0,0,0,0,0,0,0,0,0,0,0,0,0
4186444,1,4,0,0,0,0,2,3,1,0,3,1,2,1,0,0,0,0,0,0,0,0,0,0,0,0,0,0
4186444,3,13,0,0,4,2,2,2,0,3,8,2,0,1,0,0,0,0,0,0,0,0,0,0,0,0,0,0
4187084,1,2,0,0,5,5,5,3,3,3,4,3,3,3,0,0,0,0,0,0,0,0,0,0,0,0,0,0
4187084,1,4,0,0,8,6,5,10,10,10,4,8,5,5,0,0,0,0,0,0,0,0,0,0,0,0,0,0
4187084,2,5,0,0,0,0,0,1,0,0,0,0,0,0,0,0,0,0,0,0,0,0,0,0,0,0,0,0
4187386,1,4,0,0,3,1,6,0,3,4,4,2,3,5,0,0,0,0,0,0,0,0,0,0,0,0,0,0
4189045,1,2,0,0,0,0,1,0,0,0,0,0,0,0,0,0,0,0,0,0,0,0,0,0,0,0,0,0
4189045,1,4,0,0,3,2,4,4,2,5,8,5,3,7,0,0,0,0,0,0,0,0,0,0,0,0,0,0
4195723,1,1,0,0,0,0,0,0,0,0,0,0,0,0,0,0,1,0,0,0,0,0,0,0,0,0,0,0
4195723,1,2,0,0,0,0,0,0,0,0,0,0,0,0,6,1,4,3,5,6,2,1,6,0,0,0,0,0
4195723,1,4,0,0,0,0,0,0,0,0,0,0,0,0,8,4,6,0,12,3,5,9,5,5,0,0,0,0
4195723,2,5,0,0,0,0,0,0,0,0,0,0,0,0,2,1,1,0,1,0,0,1,0,0,0,0,0,0
4195723,3,13,0,0,0,0,0,0,0,0,0,0,0,0,0,0,2,0,0,0,0,0,0,0,0,0,0,0
4199574,1,2,0,0,4,1,0,3,1,1,1,2,3,0,0,0,0,0,0,0,0,0,0,0,0,0,0,0
4199574,1,4,0,0,4,11,6,3,9,8,6,4,11,3,0,0,0,0,0,0,0,0,0,0,0,0,0,0
4200087,1,3,0,0,0,1,0,0,0,0,0,0,0,0,0,0,0,0,0,0,0,0,0,0,0,0,0,0
4200087,1,4,0,0,0,3,0,1,2,4,0,0,5,1,0,0,0,0,0,0,0,0,0,0,0,0,0,0
4206721,1,2,0,0,0,0,0,0,0,0,0,0,0,0,0,6,0,8,0,9,0,5,0,4,0,0,0,0
4206721,1,3,0,0,0,0,0,0,0,0,0,0,0,0,0,0,0,0,0,0,0,0,0,1,0,0,0,0
4206721,1,4,0,0,0,0,0,0,0,0,0,0,0,0,0,17,0,26,0,25,0,21,0,34,0,0,0,0
4206721,2,5,0,0,0,0,0,0,0,0,0,0,0,0,0,6,0,2,0,3,0,3,0,3,0,0,0,0
4206721,3,13,0,0,0,0,0,0,0,0,0,0,0,0,0,22,0,2,0,3,0,1,0,0,0,0,0,0
4213397,1,2,0,0,0,0,0,0,0,0,0,0,0,0,3,4,3,1,4,3,4,3,1,1,7,1,9,3
4213397,1,3,0,0,0,0,0,0,0,0,0,0,0,0,0,0,0,0,0,0,0,1,0,0,0,0,0,0
4213397,1,4,0,0,0,0,0,0,0,0,0,0,0,0,7,8,17,10,13,15,14,15,21,17,25,15,19,13
4213397,2,5,0,0,0,0,0,0,0,0,0,0,0,0,4,3,2,3,2,1,2,6,3,1,2,2,3,3
4213397,2,6,0,0,0,0,0,0,0,0,0,0,0,0,0,0,0,0,0,0,0,0,0,0,1,0,0,0
4213397,3,13,0,0,0,0,0,0,0,0,0,0,0,0,0,3,2,0,0,0,0,1,1,1,2,2,8,1
4213448,1,4,0,0,2,3,0,0,3,0,2,1,3,1,0,0,0,0,0,0,0,0,0,0,0,0,0,0
4213448,3,13,0,0,2,3,0,0,2,0,2,1,3,1,0,0,0,0,0,0,0,0,0,0,0,0,0,0
4213808,1,1,0,0,0,0,0,1,0,0,0,0,0,0,0,0,0,0,0,0,0,0,0,0,0,0,0,0
4213808,1,2,0,0,1,3,2,1,2,1,1,3,3,5,0,0,0,0,0,0,0,0,0,0,0,0,0,0
4213808,1,4,0,0,1,1,1,1,1,1,2,1,0,4,0,0,0,0,0,0,0,0,0,0,0,0,0,0
4213808,3,13,0,0,2,4,3,2,3,2,3,4,3,9,0,0,0,0,0,0,0,0,0,0,0,0,0,0
4218520,1,2,0,0,0,0,0,0,0,0,0,0,0,0,2,0,4,0,6,0,11,0,12,0,10,0,14,0
4218520,1,4,0,0,0,0,0,0,0,0,0,0,0,0,32,0,38,0,39,0,55,0,62,0,72,0,71,0
4218520,2,5,0,0,0,0,0,0,0,0,0,0,0,0,0,0,0,0,0,0,1,0,0,0,1,0,0,0
4218520,3,13,0,0,0,0,0,0,0,0,0,0,0,0,34,0,41,0,31,0,37,0,73,0,70,0,45,0
4241653,1,4,0,0,1,4,2,7,1,1,4,6,4,4,0,0,0,0,0,0,0,0,0,0,0,0,0,0
4241653,3,13,0,0,1,4,0,0,0,0,0,0,0,0,0,0,0,0,0,0,0,0,0,0,0,0,0,0
4243101,1,4,0,0,6,3,2,5,3,3,3,9,2,6,11,6,5,12,7,8,0,0,0,0,0,0,0,0
4243101,3,13,0,0,4,2,1,4,1,3,2,8,2,5,9,4,4,11,5,6,0,0,0,0,0,0,0,0
4246238,1,1,0,0,1,1,0,0,0,0,0,0,0,0,0,0,0,0,0,0,0,0,0,0,0,0,0,0
4246238,1,4,0,0,6,5,5,3,5,5,7,3,4,5,0,0,0,0,0,0,0,0,0,0,0,0,0,0
4246238,3,13,0,0,7,5,1,2,0,0,4,2,2,5,0,0,0,0,0,0,0,0,0,0,0,0,0,0
4252163,1,1,0,0,0,0,0,0,2,0,1,1,2,0,0,0,0,0,0,0,0,0,0,0,0,0,0,0
4252163,1,2,0,0,0,1,1,0,0,1,3,0,1,0,0,0,0,0,0,0,0,0,0,0,0,0,0,0
4252163,1,4,0,0,1,4,5,0,1,1,2,6,2,0,0,0,0,0,0,0,0,0,0,0,0,0,0,0
4252163,2,5,0,0,0,1,4,0,1,0,1,6,2,0,0,0,0,0,0,0,0,0,0,0,0,0,0,0
4252163,3,13,0,0,1,5,6,0,3,2,6,6,5,0,0,0,0,0,0,0,0,0,0,0,0,0,0,0
4254794,1,2,0,0,0,0,5,1,2,1,1,2,3,3,0,0,0,0,0,0,0,0,0,0,0,0,0,0
4254794,1,4,0,0,3,5,2,3,2,6,4,7,4,2,0,0,0,0,0,0,0,0,0,0,0,0,0,0
4254794,3,13,0,0,0,0,1,0,0,0,0,1,2,1,0,0,0,0,0,0,0,0,0,0,0,0,0,0
4256201,1,4,0,0,3,6,0,3,2,4,2,6,1,3,0,0,0,0,0,0,0,0,0,0,0,0,0,0
4258298,1,2,0,0,4,2,2,2,4,1,4,3,1,7,1,7,2,2,12,10,0,0,0,0,0,0,0,0
4258298,1,3,0,0,0,0,0,1,0,0,2,1,0,0,0,1,0,0,0,0,0,0,0,0,0,0,0,0
4258298,1,4,0,0,9,5,4,5,5,6,3,7,8,8,12,16,15,13,13,6,0,0,0,0,0,0,0,0
4258298,3,13,0,0,13,7,6,7,9,7,9,11,9,15,13,23,17,15,4,2,0,0,0,0,0,0,0,0
4260214,1,4,0,0,1,2,4,1,0,1,2,1,1,3,0,0,0,0,0,0,0,0,0,0,0,0,0,0
4260214,2,5,0,0,0,1,0,0,0,0,0,0,1,0,0,0,0,0,0,0,0,0,0,0,0,0,0,0
4279728,1,2,0,0,1,1,1,1,2,1,1,1,1,1,0,0,0,0,0,0,0,0,0,0,0,0,0,0
4279728,1,4,0,0,0,0,1,0,0,0,0,0,0,0,0,0,0,0,0,0,0,0,0,0,0,0,0,0
4279968,1,1,0,0,0,0,0,0,0,0,0,0,0,0,0,0,0,0,0,2,0,0,0,1,0,0,0,0
4279968,1,2,0,0,0,0,0,0,0,0,0,0,0,0,2,4,4,3,3,3,4,2,6,1,0,0,0,0
4279968,1,4,0,0,0,0,0,0,0,0,0,0,0,0,11,4,11,13,5,12,9,14,14,10,0,0,0,0
4279968,3,13,0,0,0,0,0,0,0,0,0,0,0,0,3,5,9,9,5,5,6,7,12,7,0,0,0,0
4280332,1,2,2,0,0,0,0,0,0,0,0,0,0,0,0,0,0,0,0,0,0,0,0,0,0,0,0,0
4280332,1,3,0,0,0,0,0,0,0,0,0,1,0,0,0,0,0,0,0,0,0,0,0,0,0,0,0,0
4280332,1,4,19,15,8,12,8,5,11,7,4,5,6,6,0,0,0,0,0,0,0,0,0,0,0,0,0,0
4280332,2,6,0,0,0,0,0,0,1,0,0,0,0,2,0,0,0,0,0,0,0,0,0,0,0,0,0,0
4280332,3,13,20,12,8,12,8,5,11,7,3,6,5,2,0,0,0,0,0,0,0,0,0,0,0,0,0,0
4287334,1,2,0,0,3,2,1,0,3,4,2,0,0,3,0,0,0,0,0,0,0,0,0,0,0,0,0,0
4287334,1,4,0,0,0,1,0,0,1,2,0,0,4,0,0,0,0,0,0,0,0,0,0,0,0,0,0,0
4287334,3,13,0,0,3,3,1,0,4,6,2,0,4,1,0,0,0,0,0,0,0,0,0,0,0,0,0,0
4289259,1,4,0,0,1,4,3,0,3,1,2,5,2,1,0,0,0,0,0,0,0,0,0,0,0,0,0,0
4289259,3,13,0,0,1,4,2,0,3,1,2,5,2,1,0,0,0,0,0,0,0,0,0,0,0,0,0,0
4289620,1,2,0,0,0,1,0,0,0,1,0,0,0,1,0,0,0,0,0,0,0,0,0,0,0,0,0,0
4289620,1,3,0,0,2,6,1,4,3,3,3,1,2,0,0,0,0,0,0,0,0,0,0,0,0,0,0,0
4289620,1,4,0,0,1,2,2,1,2,2,1,2,2,2,0,0,0,0,0,0,0,0,0,0,0,0,0,0
4289620,3,13,0,0,3,9,3,5,5,6,4,3,4,3,0,0,0,0,0,0,0,0,0,0,0,0,0,0
4292118,1,2,0,0,0,0,0,0,0,0,0,0,1,0,0,0,0,0,0,0,0,0,0,0,0,0,0,0
4292118,1,4,0,0,3,0,0,3,3,2,3,4,3,7,0,0,0,0,0,0,0,0,0,0,0,0,0,0
4297905,1,2,0,0,0,1,0,0,0,1,0,0,0,1,0,0,0,0,0,0,0,0,0,0,0,0,0,0
4297905,1,4,0,0,8,9,6,10,10,9,12,6,11,7,0,0,0,0,0,0,0,0,0,0,0,0,0,0
4297905,3,13,0,0,8,10,6,10,10,9,11,6,11,7,0,0,0,0,0,0,0,0,0,0,0,0,0,0
4320874,1,2,0,0,0,0,0,0,1,0,0,0,0,1,0,0,0,0,0,0,0,0,0,0,0,0,0,0
4320874,1,4,0,0,1,2,1,0,2,2,1,2,1,3,0,0,0,0,0,0,0,0,0,0,0,0,0,0
4332516,1,1,1,0,0,2,0,0,0,1,0,1,0,0,0,0,0,0,0,0,0,0,0,0,0,0,0,0
4332516,1,2,3,5,1,4,2,0,2,1,2,0,2,1,0,0,0,0,0,0,0,0,0,0,0,0,0,0
4332516,1,3,0,0,0,1,0,0,0,0,0,0,0,0,0,0,0,0,0,0,0,0,0,0,0,0,0,0
4332516,1,4,14,7,7,8,11,16,5,9,15,10,15,12,0,0,0,0,0,0,0,0,0,0,0,0,0,0
4332516,2,5,2,1,1,4,1,1,0,2,1,2,1,0,0,0,0,0,0,0,0,0,0,0,0,0,0,0
4332516,2,6,0,1,0,0,1,1,0,0,1,0,0,0,0,0,0,0,0,0,0,0,0,0,0,0,0,0
4332516,2,9,1,0,0,0,0,0,0,0,0,0,0,0,0,0,0,0,0,0,0,0,0,0,0,0,0,0
4332516,2,10,0,0,0,0,0,0,0,0,0,1,0,0,0,0,0,0,0,0,0,0,0,0,0,0,0,0
4332516,3,13,1,1,0,0,0,0,0,1,0,1,1,1,0,0,0,0,0,0,0,0,0,0,0,0,0,0
4332591,1,1,0,0,1,0,0,0,0,0,0,0,0,0,0,0,0,0,0,0,0,0,0,0,0,0,0,0
4332591,1,2,0,0,0,1,1,1,0,1,0,0,0,0,1,0,2,1,3,1,0,0,0,0,0,0,0,0
4332591,1,4,0,0,5,1,2,1,4,3,4,4,7,4,3,4,4,6,6,9,0,0,0,0,0,0,0,0
4332591,3,13,0,0,0,0,0,1,0,0,0,0,0,0,4,2,6,6,0,0,0,0,0,0,0,0,0,0
4333684,1,1,0,0,0,0,0,0,0,0,0,0,0,0,0,0,0,0,0,0,0,2,0,1,0,0,0,0
4333684,1,2,0,0,0,0,0,0,0,0,0,0,0,0,0,1,1,2,0,3,5,1,4,0,0,0,0,0
4333684,1,4,0,0,0,0,0,0,0,0,0,0,0,0,19,9,18,13,19,17,19,9,17,22,0,0,0,0
4333684,2,5,0,0,0,0,0,0,0,0,0,0,0,0,9,1,9,10,7,8,4,5,3,11,0,0,0,0
4333684,3,13,0,0,0,0,0,0,0,0,0,0,0,0,0,0,0,0,1,0,2,1,2,2,0,0,0,0
4339167,1,2,0,0,0,0,0,1,0,0,0,0,1,0,0,0,1,0,1,0,0,0,0,0,0,0,0,0
4339167,1,3,0,0,1,0,0,0,0,0,0,0,0,0,0,0,0,0,0,0,0,0,0,0,0,0,0,0
4339167,1,4,8,5,4,4,7,4,8,7,11,5,8,6,17,5,10,9,12,11,0,0,0,0,0,0,0,0
4339167,2,6,0,0,0,0,0,0,0,0,0,0,0,0,0,0,0,0,1,0,0,0,0,0,0,0,0,0
4339167,3,13,8,4,0,1,0,0,0,0,0,0,0,0,9,0,6,6,9,9,0,0,0,0,0,0,0,0
4339945,1,1,0,0,2,1,0,0,0,0,0,0,0,0,0,0,0,0,0,0,0,0,0,0,0,0,0,0
4339945,1,2,0,0,1,1,0,1,2,2,1,2,3,2,0,0,0,0,0,0,0,0,0,0,0,0,0,0
4339945,1,4,0,0,3,1,1,1,3,2,3,1,2,2,0,0,0,0,0,0,0,0,0,0,0,0,0,0
4339945,3,13,0,0,0,0,0,0,0,0,3,3,0,1,0,0,0,0,0,0,0,0,0,0,0,0,0,0
4340921,1,4,0,0,2,2,1,0,2,0,2,0,0,0,0,0,0,0,0,0,0,0,0,0,0,0,0,0
4340921,3,13,0,0,2,2,0,0,2,0,2,0,0,0,0,0,0,0,0,0,0,0,0,0,0,0,0,0
4341353,1,2,0,0,0,0,0,0,0,0,0,0,0,0,5,3,4,0,5,4,0,5,3,4,0,0,0,0
4341353,1,3,0,0,0,0,0,0,0,0,0,0,0,0,1,0,0,2,0,0,0,2,2,0,0,0,0,0
4341353,1,4,0,0,0,0,0,0,0,0,0,0,0,0,11,12,8,9,15,12,6,14,5,16,0,0,0,0
4341353,3,13,0,0,0,0,0,0,0,0,0,0,0,0,17,15,12,11,20,16,6,21,10,20,0,0,0,0
4342203,1,1,0,0,0,2,0,0,2,0,0,0,0,1,0,3,0,2,2,1,0,0,0,0,0,0,0,0
4342203,1,2,0,0,3,1,2,3,4,1,2,1,6,3,6,6,2,7,2,6,0,0,0,0,0,0,0,0
4342203,1,4,0,0,2,0,4,4,4,9,2,7,5,4,9,13,9,12,12,10,0,0,0,0,0,0,0,0
4342203,2,6,0,0,0,0,0,0,0,0,0,0,0,0,0,0,0,0,0,1,0,0,0,0,0,0,0,0
4342203,3,13,0,0,5,3,6,6,10,10,4,8,11,8,15,22,11,21,16,17,0,0,0,0,0,0,0,0
4345612,1,3,0,0,2,0,2,6,2,2,1,1,1,1,0,0,0,0,0,0,0,0,0,0,0,0,0,0
4345612,1,4,0,0,1,3,3,0,3,3,2,6,0,0,0,0,0,0,0,0,0,0,0,0,0,0,0,0
4345612,2,5,0,0,0,1,0,0,0,0,1,0,0,0,0,0,0,0,0,0,0,0,0,0,0,0,0,0
4345612,3,13,0,0,3,3,5,6,5,5,3,7,1,1,0,0,0,0,0,0,0,0,0,0,0,0,0,0
4354241,1,2,0,0,0,0,0,0,0,0,0,0,0,0,1,2,2,5,4,0,0,0,4,4,0,0,0,0
4354241,1,3,0,0,0,0,0,0,0,0,0,0,0,0,1,1,1,0,0,0,1,1,2,0,0,0,0,0
4354241,1,4,0,0,0,0,0,0,0,0,0,0,0,0,7,10,9,14,18,7,9,9,7,13,0,0,0,0
4354241,3,13,0,0,0,0,0,0,0,0,0,0,0,0,9,13,3,1,3,3,1,2,13,17,0,0,0,0
4356386,1,1,0,0,0,0,0,0,0,0,0,0,0,0,0,0,0,0,0,1,0,0,0,0,0,0,0,0
4356386,1,2,0,0,0,0,0,0,0,0,0,0,0,0,0,2,2,2,1,1,6,3,9,1,0,0,0,0
4356386,1,3,0,0,0,0,0,0,0,0,0,0,0,0,7,5,7,9,6,7,2,7,3,4,0,0,0,0
4356386,1,4,0,0,0,0,0,0,0,0,0,0,0,0,1,1,2,1,5,2,2,3,5,0,0,0,0,0
4356386,3,13,0,0,0,0,0,0,0,0,0,0,0,0,1,0,0,0,1,1,0,0,1,1,0,0,0,0
4359493,1,2,0,0,0,0,0,0,1,0,0,0,0,0,0,0,0,0,0,0,0,0,0,0,0,0,0,0
4359493,1,4,0,0,12,18,21,19,11,16,16,18,19,18,0,0,0,0,0,0,0,0,0,0,0,0,0,0
4359493,3,13,0,0,12,18,21,18,12,16,12,15,17,17,0,0,0,0,0,0,0,0,0,0,0,0,0,0
4366006,1,2,0,0,1,3,1,5,3,1,2,0,4,1,0,0,0,0,0,0,0,0,0,0,0,0,0,0
4366006,1,4,0,0,5,6,5,1,5,4,7,3,4,5,0,0,0,0,0,0,0,0,0,0,0,0,0,0
4366006,3,13,0,0,6,9,6,6,6,5,0,1,0,1,0,0,0,0,0,0,0,0,0,0,0,0,0,0
4368056,1,1,0,0,4,6,0,0,1,1,0,1,1,0,0,0,0,0,0,0,0,0,0,0,0,0,0,0
4368056,1,2,0,0,1,1,2,5,0,1,2,5,2,2,0,0,0,0,0,0,0,0,0,0,0,0,0,0
4368056,1,4,0,0,4,1,4,8,4,7,8,4,4,4,0,0,0,0,0,0,0,0,0,0,0,0,0,0
4368056,3,13,0,0,0,0,0,0,0,1,0,1,1,0,0,0,0,0,0,0,0,0,0,0,0,0,0,0
4371589,1,1,0,0,9,5,1,0,1,0,0,0,0,0,0,0,0,0,0,0,0,0,0,0,0,0,0,0
4371589,1,2,0,0,5,4,3,3,3,1,1,3,5,0,0,0,0,0,0,0,0,0,0,0,0,0,0,0
4371589,1,4,0,0,3,3,4,4,7,6,5,8,2,8,0,0,0,0,0,0,0,0,0,0,0,0,0,0
4371589,2,5,0,0,3,1,2,2,0,1,4,2,1,2,0,0,0,0,0,0,0,0,0,0,0,0,0,0
4371589,3,13,0,0,16,12,8,6,11,7,5,4,2,5,0,0,0,0,0,0,0,0,0,0,0,0,0,0
4377086,1,2,0,0,0,0,0,0,0,0,0,0,0,0,2,2,1,2,1,1,3,2,4,2,2,0,4,0
4377086,1,4,0,0,0,0,0,0,0,0,0,0,0,0,14,8,13,16,11,14,13,17,18,14,14,14,17,13
4377086,2,5,0,0,0,0,0,0,0,0,0,0,0,0,1,2,2,3,3,1,3,2,2,2,1,0,2,1
4377086,2,6,0,0,0,0,0,0,0,0,0,0,0,0,0,0,0,1,0,0,0,0,0,0,0,0,0,0
4377086,3,13,0,0,0,0,0,0,0,0,0,0,0,0,0,0,0,1,0,0,0,1,0,0,0,0,0,0
4382109,1,1,0,0,1,0,0,0,0,0,0,0,0,0,0,0,0,0,0,0,0,0,0,0,0,0,0,0
4382109,1,4,0,0,9,13,7,7,6,13,11,10,8,6,0,0,0,0,0,0,0,0,0,0,0,0,0,0
4386880,1,3,0,0,1,2,4,1,2,1,2,4,0,4,0,0,0,0,0,0,0,0,0,0,0,0,0,0
4386880,1,4,0,0,0,1,0,2,2,0,1,2,0,2,0,0,0,0,0,0,0,0,0,0,0,0,0,0
4386880,3,13,0,0,1,3,4,3,4,1,3,6,0,6,0,0,0,0,0,0,0,0,0,0,0,0,0,0
4407590,1,2,0,0,0,0,0,0,1,0,0,1,0,0,0,0,0,0,0,0,0,0,0,0,0,0,0,0
4407590,1,4,0,0,13,12,15,12,9,10,10,13,13,12,0,0,0,0,0,0,0,0,0,0,0,0,0,0
4407590,3,13,0,0,6,4,12,6,8,7,7,12,6,10,0,0,0,0,0,0,0,0,0,0,0,0,0,0
4408001,1,1,0,0,0,2,0,0,0,0,0,0,0,0,0,0,0,0,0,0,0,0,0,0,0,0,0,0
4408001,1,2,0,0,1,0,0,0,0,1,1,1,1,0,0,0,0,0,0,0,0,0,0,0,0,0,0,0
4408001,1,4,0,0,3,1,4,3,1,0,4,0,4,2,0,0,0,0,0,0,0,0,0,0,0,0,0,0
4408001,2,5,0,0,2,1,3,2,1,0,2,0,1,1,0,0,0,0,0,0,0,0,0,0,0,0,0,0
4408001,3,13,0,0,3,3,4,3,1,1,5,1,5,2,0,0,0,0,0,0,0,0,0,0,0,0,0,0
4410432,1,2,0,0,2,0,0,1,2,2,0,2,2,1,1,2,1,2,1,2,0,0,0,0,0,0,0,0
4410432,1,4,6,3,5,7,3,2,5,7,5,2,3,3,4,4,7,3,4,7,0,0,0,0,0,0,0,0
4419156,1,2,0,0,0,1,0,0,1,1,1,0,3,0,0,0,0,0,2,0,0,0,0,0,0,0,0,0
4419156,1,4,0,0,5,2,2,2,1,0,4,5,3,3,12,11,7,7,14,11,0,0,0,0,0,0,0,0
4419156,2,5,0,0,0,0,0,0,0,0,1,0,0,0,0,0,0,1,0,1,0,0,0,0,0,0,0,0
4419156,3,13,0,0,5,3,2,2,1,1,5,5,6,3,12,11,7,7,16,7,0,0,0,0,0,0,0,0
4419835,1,1,0,0,0,1,0,0,0,0,0,0,0,0,0,0,0,0,0,0,0,0,0,0,0,0,0,0
4419835,1,2,2,1,2,1,2,2,2,0,2,1,0,1,1,3,0,1,1,0,1,0,3,1,0,0,0,0
4419835,1,3,1,0,0,0,0,0,0,0,0,0,0,0,0,0,0,0,0,0,0,1,0,1,0,0,0,0
4419835,1,4,69,61,22,20,23,22,20,20,20,7,13,6,16,9,10,12,16,13,18,20,8,9,0,0,0,0
4419835,2,5,2,0,0,2,3,0,2,1,1,2,1,3,1,0,1,1,0,0,5,0,0,1,0,0,0,0
4419835,2,6,0,0,0,0,0,0,0,0,0,0,0,0,0,0,0,0,0,1,0,2,0,0,0,0,0,0
4430228,1,1,0,0,0,0,0,0,0,0,0,0,0,0,0,0,0,0,1,0,5,0,4,0,6,0,7,0
4430228,1,2,0,0,0,0,0,0,0,0,0,0,0,0,8,0,7,1,27,2,50,0,57,0,69,0,72,0
4430228,1,3,0,0,0,0,0,0,0,0,0,0,0,0,0,0,2,0,0,0,1,0,4,0,3,0,3,0
4430228,1,4,0,0,0,0,0,0,0,0,0,0,0,0,26,0,37,1,50,0,133,0,152,3,185,0,176,0
4430228,2,5,0,0,0,0,0,0,0,0,0,0,0,0,12,0,12,1,12,0,40,0,29,1,34,0,18,0
4430228,2,6,0,0,0,0,0,0,0,0,0,0,0,0,0,0,0,0,2,0,3,0,1,0,4,0,3,0
4430228,3,13,0,0,0,0,0,0,0,0,0,0,0,0,0,0,1,0,3,0,10,0,25,0,23,0,12,0
4431309,1,1,0,0,0,0,0,0,1,1,1,0,1,0,0,0,0,0,0,0,0,0,0,0,0,0,0,0
4431309,1,2,0,0,0,1,0,0,1,0,0,0,0,0,0,0,0,0,0,0,0,0,0,0,0,0,0,0
4431309,1,4,0,0,0,2,3,4,2,2,7,7,5,3,0,0,0,0,0,0,0,0,0,0,0,0,0,0
4431309,3,13,0,0,0,3,0,1,1,1,1,1,1,0,0,0,0,0,0,0,0,0,0,0,0,0,0,0
4434127,1,1,24,20,3,3,3,2,1,3,1,3,1,5,0,0,1,2,2,1,1,1,11,7,0,0,0,0
4434127,1,2,5,3,2,1,0,0,1,1,3,1,1,0,1,0,1,1,1,1,0,0,3,1,0,0,0,0
4434127,1,3,2,1,0,0,0,0,0,1,0,0,0,0,0,0,0,0,0,0,0,0,0,0,0,0,0,0
4434127,1,4,5,6,10,9,9,8,12,4,5,6,4,3,5,6,5,2,2,4,1,0,16,7,0,0,0,0
4434127,2,5,1,0,0,1,0,1,1,0,0,1,0,0,0,0,0,0,0,0,0,0,2,1,0,0,0,0
4434127,2,6,0,0,0,0,0,0,0,0,0,0,1,0,0,0,0,0,0,0,0,0,1,0,0,0,0,0
4434127,3,13,0,0,1,0,0,1,0,2,0,2,1,4,0,0,1,2,2,1,1,1,8,6,0,0,0,0
4435209,1,2,0,0,0,0,0,0,0,0,0,0,0,0,1,0,0,0,0,1,0,0,0,0,0,0,0,0
4435209,1,4,0,0,8,5,6,9,4,4,8,5,5,3,4,6,5,5,10,3,0,0,0,0,0,0,0,0
4435209,3,13,0,0,8,5,6,9,4,4,8,5,5,3,5,6,5,5,10,4,0,0,0,0,0,0,0,0
4436099,1,1,0,0,1,4,2,0,1,1,1,1,0,2,0,0,0,0,0,0,0,0,0,0,0,0,0,0
4436099,1,2,0,0,1,1,1,1,1,1,1,1,1,0,0,0,0,0,0,0,0,0,0,0,0,0,0,0
4436099,1,4,0,0,2,0,0,0,0,1,0,1,0,2,0,0,0,0,0,0,0,0,0,0,0,0,0,0
4436099,2,5,0,0,1,0,0,0,0,0,0,0,0,0,0,0,0,0,0,0,0,0,0,0,0,0,0,0
4436099,3,13,0,0,0,0,1,0,1,2,1,1,0,2,0,0,0,0,0,0,0,0,0,0,0,0,0,0
4436580,1,2,0,0,0,0,0,0,0,0,0,0,1,0,0,0,0,0,0,0,0,0,0,0,0,0,0,0
4436580,1,3,0,0,0,0,0,0,0,0,1,0,0,0,0,0,0,0,0,0,0,0,0,0,0,0,0,0
4436580,1,4,0,0,0,0,5,0,5,1,1,0,4,0,0,0,0,0,0,0,0,0,0,0,0,0,0,0
4436580,2,5,0,0,0,0,0,0,0,0,0,0,1,0,0,0,0,0,0,0,0,0,0,0,0,0,0,0
4436580,2,6,0,0,0,0,1,0,0,0,0,0,0,0,0,0,0,0,0,0,0,0,0,0,0,0,0,0
4441232,1,2,0,0,0,0,0,0,0,0,0,0,0,0,2,2,4,5,6,4,7,8,7,6,5,9,6,4
4441232,1,3,0,0,0,0,0,0,0,0,0,0,0,0,4,0,0,1,1,2,1,4,0,2,1,3,0,0
4441232,1,4,0,0,0,0,0,0,0,0,0,0,0,0,23,19,37,26,41,13,45,37,60,37,58,55,71,40
4441232,2,5,0,0,0,0,0,0,0,0,0,0,0,0,1,1,0,0,1,0,0,1,1,1,0,1,0,1
4441232,2,6,0,0,0,0,0,0,0,0,0,0,0,0,1,0,1,0,0,0,0,0,0,0,0,0,0,0
4441232,3,13,0,0,0,0,0,0,0,0,0,0,0,0,25,17,3,1,44,17,18,16,64,39,59,57,59,43
4441695,1,4,0,0,0,0,1,0,2,1,1,1,3,3,0,0,0,0,0,0,0,0,0,0,0,0,0,0
4441695,2,5,0,0,0,0,1,0,2,1,1,1,3,3,0,0,0,0,0,0,0,0,0,0,0,0,0,0
4441695,3,13,0,0,0,0,0,0,0,0,1,1,0,0,0,0,0,0,0,0,0,0,0,0,0,0,0,0
4457210,1,4,0,0,0,0,1,2,1,3,1,1,3,0,0,0,0,0,0,0,0,0,0,0,0,0,0,0
4457210,3,13,0,0,0,0,1,2,1,3,1,1,3,0,0,0,0,0,0,0,0,0,0,0,0,0,0,0
4462181,1,2,0,0,0,0,0,0,0,0,0,1,0,1,0,0,0,0,0,0,0,0,0,0,0,0,0,0
4462181,1,4,0,0,7,4,3,1,6,3,7,3,8,6,0,0,0,0,0,0,0,0,0,0,0,0,0,0
4462181,3,13,0,0,7,4,3,1,4,3,6,4,8,7,0,0,0,0,0,0,0,0,0,0,0,0,0,0
4468393,1,2,0,0,0,0,0,0,0,0,0,0,0,0,10,4,8,3,8,4,6,7,2,5,3,9,10,7
4468393,1,4,0,0,0,0,0,0,0,0,0,0,0,0,15,13,29,22,42,15,31,25,25,23,27,23,32,23
4468393,3,13,0,0,0,0,0,0,0,0,0,0,0,0,0,0,0,0,1,0,2,0,0,1,3,4,4,1
4474927,1,1,0,0,1,3,0,0,0,0,0,0,0,0,0,0,0,0,0,0,0,0,0,0,0,0,0,0
4474927,1,2,0,0,0,2,0,0,0,0,1,0,0,1,0,0,0,0,0,0,0,0,0,0,0,0,0,0
4474927,1,4,0,0,2,1,2,3,6,5,3,5,6,7,0,0,0,0,0,0,0,0,0,0,0,0,0,0
4474927,2,5,0,0,0,0,0,1,0,0,0,1,0,0,0,0,0,0,0,0,0,0,0,0,0,0,0,0
4474927,3,13,0,0,0,0,0,0,2,0,0,0,1,0,0,0,0,0,0,0,0,0,0,0,0,0,0,0
4483302,1,2,0,0,4,1,2,3,3,2,3,2,1,2,0,0,0,0,0,0,0,0,0,0,0,0,0,0
4483302,1,4,0,0,0,0,1,1,2,1,0,0,0,0,0,0,0,0,0,0,0,0,0,0,0,0,0,0
4483302,3,13,0,0,4,1,3,4,5,3,3,2,1,2,0,0,0,0,0,0,0,0,0,0,0,0,0,0
4487156,1,1,9,10,5,3,8,2,1,2,2,1,4,2,1,5,5,2,1,2,2,0,0,1,0,0,0,0
4487156,1,2,5,3,3,2,1,1,1,2,5,1,0,1,4,0,0,0,0,0,0,0,1,0,0,0,0,0
4487156,1,3,0,0,1,0,0,0,1,0,0,0,0,0,0,0,0,0,0,0,0,0,0,0,0,0,0,0
4487156,1,4,51,38,26,22,25,15,10,9,27,10,16,11,6,11,7,11,12,3,3,2,9,6,0,0,0,0
4487156,2,5,3,1,1,0,2,0,0,2,1,0,1,1,0,0,0,0,0,0,0,0,0,0,0,0,0,0
4487156,2,6,4,0,1,0,0,1,1,0,1,0,0,1,0,1,0,0,2,1,0,0,0,2,0,0,0,0
4487156,2,10,0,1,0,0,0,0,0,0,0,0,0,0,0,0,0,0,0,0,0,0,0,0,0,0,0,0
4487156,3,13,0,0,0,0,1,0,0,0,2,0,4,2,1,5,2,2,0,1,2,0,0,1,0,0,0,0
4493053,1,1,0,0,6,4,0,0,0,0,0,0,0,0,0,0,0,0,0,0,0,0,0,0,0,0,0,0
4493053,1,2,0,0,0,0,0,0,0,1,0,0,0,0,1,0,0,0,0,0,0,0,0,0,0,0,0,0
4493053,1,4,0,0,0,0,4,3,4,10,5,5,4,4,4,4,2,5,5,6,0,0,0,0,0,0,0,0
4493456,1,2,0,0,0,0,1,0,1,1,1,0,0,1,0,0,0,0,0,0,0,0,0,0,0,0,0,0
4493456,1,4,0,0,1,1,1,1,3,2,1,1,2,4,0,0,0,0,0,0,0,0,0,0,0,0,0,0
4493456,3,13,0,0,1,0,2,0,3,3,0,1,2,1,0,0,0,0,0,0,0,0,0,0,0,0,0,0
4495041,1,4,0,0,5,3,4,1,3,0,3,8,5,4,3,7,4,7,2,4,0,0,0,0,0,0,0,0
4495041,3,13,0,0,5,3,4,1,3,0,3,8,5,4,3,7,4,7,2,3,0,0,0,0,0,0,0,0
4497831,1,4,0,0,7,2,2,5,4,2,7,2,4,5,0,0,0,0,0,0,0,0,0,0,0,0,0,0
4497831,3,13,0,0,7,2,2,5,4,2,7,2,4,5,0,0,0,0,0,0,0,0,0,0,0,0,0,0
4503475,1,2,0,0,0,0,1,0,0,0,0,0,0,0,0,0,0,0,0,0,0,0,0,0,0,0,0,0
4503475,1,4,0,0,1,1,2,1,2,2,1,5,0,0,0,0,0,0,0,0,0,0,0,0,0,0,0,0
4503475,3,13,0,0,1,1,3,1,2,2,1,5,0,0,0,0,0,0,0,0,0,0,0,0,0,0,0,0
4503481,1,1,3,5,1,1,0,0,2,2,0,0,0,0,0,0,0,0,0,0,0,0,0,0,0,0,0,0
4503481,1,2,4,5,4,3,4,0,2,2,0,1,1,1,2,0,1,0,0,0,1,0,2,1,0,0,0,0
4503481,1,4,32,21,9,11,12,9,4,9,7,6,6,4,2,2,3,4,3,0,1,2,2,1,0,0,0,0
4503481,2,5,2,0,0,0,0,1,0,0,0,0,0,0,0,0,0,0,0,0,0,0,0,0,0,0,0,0
4503481,2,6,0,0,0,0,0,0,0,1,0,0,0,0,0,0,0,0,0,0,0,0,0,0,0,0,0,0
4503481,3,13,0,0,0,0,0,0,1,0,0,0,0,0,0,0,0,0,0,0,0,0,0,0,0,0,0,0
4503688,1,4,0,0,1,3,0,1,0,4,1,1,1,4,0,0,0,0,0,0,0,0,0,0,0,0,0,0
4506452,1,2,0,0,0,0,0,0,0,0,0,0,0,0,0,0,1,0,0,0,0,0,0,0,0,0,0,0
4506452,1,4,0,0,0,0,0,0,0,0,0,0,0,0,1,3,1,3,8,3,11,11,15,11,0,0,0,0
4506452,2,5,0,0,0,0,0,0,0,0,0,0,0,0,0,0,0,0,0,0,1,1,0,1,0,0,0,0
4506452,3,13,0,0,0,0,0,0,0,0,0,0,0,0,0,0,0,0,0,0,0,0,1,0,0,0,0,0
4514047,1,2,0,0,3,4,2,1,3,2,3,3,1,3,0,0,0,0,0,0,0,0,0,0,0,0,0,0
4514047,3,13,0,0,3,4,2,1,3,1,3,2,1,3,0,0,0,0,0,0,0,0,0,0,0,0,0,0
4519961,1,2,0,0,0,2,1,1,1,1,1,1,0,2,0,0,0,0,0,0,0,0,0,0,0,0,0,0
4519961,1,3,0,0,0,1,0,0,1,1,1,0,0,2,0,0,0,0,0,0,0,0,0,0,0,0,0,0
4519961,1,4,0,0,5,6,6,5,8,6,8,12,17,6,0,0,0,0,0,0,0,0,0,0,0,0,0,0
4519961,2,5,0,0,0,0,0,0,0,0,0,0,2,0,0,0,0,0,0,0,0,0,0,0,0,0,0,0
4519961,3,13,0,0,5,8,5,5,10,8,10,13,13,10,0,0,0,0,0,0,0,0,0,0,0,0,0,0
4523821,1,2,0,0,0,0,0,0,0,0,0,0,0,0,5,0,0,3,2,2,0,3,2,1,0,0,0,0
4523821,1,3,0,0,0,0,0,0,0,0,0,0,0,0,3,3,0,6,4,1,6,4,6,7,0,0,0,0
4523821,1,4,0,0,0,0,0,0,0,0,0,0,0,0,0,1,0,1,0,0,0,0,1,4,0,0,0,0
4526447,1,2,0,0,0,0,0,0,0,0,0,0,0,0,1,5,2,1,3,3,5,2,3,3,0,0,0,0
4526447,1,4,0,0,0,0,0,0,0,0,0,0,0,0,28,11,17,13,31,16,30,27,27,29,0,0,0,0
4526447,2,5,0,0,0,0,0,0,0,0,0,0,0,0,7,4,9,4,8,4,5,10,7,6,0,0,0,0
4526447,3,13,0,0,0,0,0,0,0,0,0,0,0,0,0,0,1,1,0,1,1,0,7,2,0,0,0,0
4531702,1,2,0,0,0,0,0,0,0,0,0,0,0,0,1,3,0,2,2,1,2,4,2,3,0,0,0,0
4531702,1,3,0,0,0,0,0,0,0,0,0,0,0,0,0,0,1,0,1,1,2,6,2,1,0,0,0,0
4531702,1,4,0,0,0,0,0,0,0,0,0,0,0,0,1,0,3,4,4,5,6,6,5,4,0,0,0,0
4531702,3,13,0,0,0,0,0,0,0,0,0,0,0,0,0,0,0,0,1,0,1,1,0,0,0,0,0,0
4540866,1,2,0,0,1,3,0,1,0,1,0,1,1,2,1,1,1,0,0,0,0,0,0,0,0,0,0,0
4540866,1,3,0,0,1,0,0,0,0,2,0,0,0,0,2,1,1,1,2,3,0,0,0,0,0,0,0,0
4540866,1,4,0,0,1,2,3,1,2,0,5,2,5,1,4,4,4,2,3,7,0,0,0,0,0,0,0,0
4540866,3,13,0,0,0,0,0,0,0,0,0,0,0,0,1,0,0,0,0,0,0,0,0,0,0,0,0,0
4543313,1,2,0,0,0,0,0,0,1,1,0,1,1,1,0,0,0,0,0,0,0,0,0,0,0,0,0,0
4543313,1,4,0,0,3,3,2,0,4,5,4,1,11,4,0,0,0,0,0,0,0,0,0,0,0,0,0,0
4543313,2,5,0,0,0,1,0,0,0,0,0,0,0,1,0,0,0,0,0,0,0,0,0,0,0,0,0,0
4543313,3,13,0,0,3,3,2,0,5,6,4,2,12,5,0,0,0,0,0,0,0,0,0,0,0,0,0,0
4546150,1,4,0,0,8,7,5,2,8,10,12,5,4,6,8,6,7,7,4,3,0,0,0,0,0,0,0,0
4546150,3,13,0,0,6,7,1,0,1,2,0,0,0,1,2,2,2,0,0,0,0,0,0,0,0,0,0,0
4550822,1,2,0,0,1,1,6,4,4,5,3,3,6,4,2,7,4,3,2,1,0,0,0,0,0,0,0,0
4550822,1,4,0,0,1,0,0,1,2,0,0,0,1,1,0,1,1,0,6,4,0,0,0,0,0,0,0,0
4550822,3,13,0,0,0,1,1,0,0,0,0,0,0,0,0,0,0,0,0,0,0,0,0,0,0,0,0,0
4557686,1,2,0,0,0,0,0,0,2,3,1,2,0,0,0,0,0,0,0,0,0,0,0,0,0,0,0,0
4557686,1,4,0,0,1,0,0,1,0,0,0,0,0,0,0,0,0,0,0,0,0,0,0,0,0,0,0,0
4558017,1,1,0,0,2,0,1,1,0,2,1,1,2,5,0,0,0,0,0,0,0,0,0,0,0,0,0,0
4558017,1,2,0,0,5,5,1,6,8,5,7,5,6,5,0,0,0,0,0,0,0,0,0,0,0,0,0,0
4558017,1,3,0,0,0,1,0,0,0,0,0,0,0,0,0,0,0,0,0,0,0,0,0,0,0,0,0,0
4558017,1,4,0,0,11,6,7,8,8,13,11,14,10,16,0,0,0,0,0,0,0,0,0,0,0,0,0,0
4558017,2,5,0,0,7,3,5,3,4,5,7,5,3,5,0,0,0,0,0,0,0,0,0,0,0,0,0,0
4558017,2,6,0,0,0,0,0,0,0,0,0,1,0,0,0,0,0,0,0,0,0,0,0,0,0,0,0,0
4558017,3,13,0,0,6,5,0,0,0,2,2,1,2,5,0,0,0,0,0,0,0,0,0,0,0,0,0,0
4569046,1,3,0,0,0,0,2,1,1,0,1,1,0,2,0,0,0,0,0,0,0,0,0,0,0,0,0,0
4569046,1,4,0,0,1,1,1,0,2,1,1,1,1,2,0,0,0,0,0,0,0,0,0,0,0,0,0,0
4571374,1,4,0,0,2,1,1,1,0,1,3,3,2,1,0,0,0,0,0,0,0,0,0,0,0,0,0,0
4571374,2,5,0,0,0,1,0,0,0,0,2,0,0,1,0,0,0,0,0,0,0,0,0,0,0,0,0,0
4571374,3,13,0,0,2,1,1,1,0,1,3,3,2,1,0,0,0,0,0,0,0,0,0,0,0,0,0,0
4574706,1,1,0,0,16,5,0,0,1,1,0,0,0,0,0,0,0,0,0,0,0,0,0,0,0,0,0,0
4574706,1,4,0,0,0,0,14,7,9,5,17,9,17,6,0,0,0,0,0,0,0,0,0,0,0,0,0,0
4574706,3,13,0,0,0,0,0,0,1,1,0,0,0,0,0,0,0,0,0,0,0,0,0,0,0,0,0,0
4574867,1,2,0,0,1,0,3,3,2,2,1,2,5,3,0,0,0,0,0,0,0,0,0,0,0,0,0,0
4574867,1,3,0,0,7,4,3,3,2,6,4,2,4,5,0,0,0,0,0,0,0,0,0,0,0,0,0,0
4574867,1,4,0,0,10,4,3,3,5,3,3,8,4,5,0,0,0,0,0,0,0,0,0,0,0,0,0,0
4574867,3,13,0,0,0,1,0,1,0,0,1,0,0,0,0,0,0,0,0,0,0,0,0,0,0,0,0,0
4578777,1,2,0,0,3,0,1,1,0,4,1,0,1,1,0,0,0,0,0,0,0,0,0,0,0,0,0,0
4578777,1,3,0,0,0,1,0,0,0,0,0,0,0,0,0,0,0,0,0,0,0,0,0,0,0,0,0,0
4578777,1,4,0,0,5,0,2,3,2,3,2,2,4,2,0,0,0,0,0,0,0,0,0,0,0,0,0,0
4578777,3,13,0,0,5,0,1,4,2,6,2,0,2,2,0,0,0,0,0,0,0,0,0,0,0,0,0,0
4580223,1,1,0,0,0,0,0,0,0,0,0,0,0,0,0,0,2,1,1,1,3,4,1,2,0,0,0,0
4580223,1,2,0,0,0,0,0,0,0,0,0,0,0,0,2,1,5,2,0,2,3,2,2,5,0,0,0,0
4580223,1,4,0,0,0,0,0,0,0,0,0,0,0,0,8,5,5,6,13,7,9,6,10,13,0,0,0,0
4580223,3,13,0,0,0,0,0,0,0,0,0,0,0,0,0,0,2,1,1,1,9,6,2,7,0,0,0,0
4584505,1,1,0,0,0,1,1,0,0,0,0,0,0,0,0,0,0,0,0,0,0,0,0,0,0,0,0,0
4584505,1,3,0,0,1,1,1,0,1,0,2,0,0,0,0,0,0,0,0,0,0,0,0,0,0,0,0,0
4584505,1,4,0,0,0,0,1,1,1,1,1,0,1,2,0,0,0,0,0,0,0,0,0,0,0,0,0,0
4584505,3,13,0,0,0,0,1,0,0,0,2,0,0,0,0,0,0,0,0,0,0,0,0,0,0,0,0,0
4592200,1,2,0,0,2,3,2,3,2,4,3,2,1,1,0,0,0,0,0,0,0,0,0,0,0,0,0,0
4592200,1,4,0,0,8,6,11,3,4,8,12,13,7,6,0,0,0,0,0,0,0,0,0,0,0,0,0,0
4592200,3,13,0,0,10,9,13,6,6,12,15,15,8,7,0,0,0,0,0,0,0,0,0,0,0,0,0,0
4595839,1,4,0,0,1,0,1,2,0,2,0,1,1,0,0,0,0,0,0,0,0,0,0,0,0,0,0,0
4595839,3,13,0,0,1,0,1,2,0,2,0,1,1,0,0,0,0,0,0,0,0,0,0,0,0,0,0,0
4601620,1,1,0,0,1,3,1,1,1,2,1,3,5,2,2,5,5,6,2,4,3,1,1,3,2,1,1,3
4601620,1,2,16,8,6,3,4,4,5,3,7,5,3,5,2,5,2,3,6,4,6,1,4,3,1,1,1,4
4601620,1,3,1,1,0,1,0,0,0,0,0,1,0,0,0,1,0,0,1,0,0,0,0,0,0,0,0,1
4601620,1,4,42,32,25,24,25,18,12,12,21,17,27,22,24,11,19,22,17,22,23,8,15,10,17,14,7,7
4601620,2,5,8,4,5,5,5,1,2,2,5,2,5,1,3,2,2,2,5,1,2,1,3,1,5,4,0,1
4601620,2,6,0,0,0,1,1,0,0,1,0,0,0,2,2,0,0,2,0,0,3,2,0,1,0,0,0,0
4601620,3,13,55,38,27,30,29,23,18,16,28,26,34,28,28,22,25,30,26,29,30,10,20,16,19,16,9,14
4607487,1,2,0,0,0,0,1,0,0,0,2,0,1,0,0,0,0,0,0,0,0,0,0,0,0,0,0,0
4607487,1,4,0,0,0,3,0,5,0,4,7,5,5,3,0,0,0,0,0,0,0,0,0,0,0,0,0,0
4607487,2,5,0,0,0,0,0,0,0,0,0,0,0,1,0,0,0,0,0,0,0,0,0,0,0,0,0,0
4607487,3,13,0,0,0,3,1,2,0,3,0,0,0,0,0,0,0,0,0,0,0,0,0,0,0,0,0,0
4607541,1,2,0,0,2,2,3,0,0,0,4,5,2,2,0,0,0,0,0,0,0,0,0,0,0,0,0,0
4607541,1,4,0,0,1,2,2,1,1,1,2,1,0,2,0,0,0,0,0,0,0,0,0,0,0,0,0,0
4607541,2,5,0,0,0,0,0,0,0,0,1,0,0,0,0,0,0,0,0,0,0,0,0,0,0,0,0,0
4607541,3,13,0,0,3,4,5,1,1,1,6,6,2,4,0,0,0,0,0,0,0,0,0,0,0,0,0,0
4608327,1,2,0,0,0,1,0,0,0,0,0,0,0,0,0,0,0,0,0,0,0,0,0,0,0,0,0,0
4608327,1,3,0,0,0,0,0,1,0,0,0,0,0,0,0,0,0,0,0,0,0,0,0,0,0,0,0,0
4608327,1,4,0,0,0,3,2,4,2,3,2,1,2,2,0,0,0,0,0,0,0,0,0,0,0,0,0,0
4608327,3,13,0,0,0,4,2,5,2,3,2,1,2,1,0,0,0,0,0,0,0,0,0,0,0,0,0,0
4620515,1,2,0,0,0,0,0,0,0,0,0,0,0,0,7,0,10,0,3,0,13,0,11,0,21,20,16,14
4620515,1,3,0,0,0,0,0,0,0,0,0,0,0,0,0,0,1,0,0,0,0,0,0,0,0,0,1,0
4620515,1,4,0,0,0,0,0,0,0,0,0,0,0,0,14,0,13,0,20,0,28,0,20,0,24,26,19,25
4620515,2,5,0,0,0,0,0,0,0,0,0,0,0,0,1,0,1,0,2,0,5,0,1,0,1,1,0,3
4620515,3,13,0,0,0,0,0,0,0,0,0,0,0,0,4,0,1,0,1,0,0,0,1,0,0,1,1,0
4620615,1,1,0,0,1,1,0,0,0,0,0,0,0,0,0,0,0,0,0,0,0,0,0,0,0,0,0,0
4620615,1,2,0,0,1,0,0,1,1,3,0,0,0,5,0,0,0,0,0,0,0,0,0,0,0,0,0,0
4620615,1,4,0,0,0,0,2,0,2,3,0,1,2,2,0,0,0,0,0,0,0,0,0,0,0,0,0,0
4620615,3,13,0,0,2,1,1,0,0,0,0,0,2,4,0,0,0,0,0,0,0,0,0,0,0,0,0,0
4620661,1,2,0,0,0,0,1,1,1,0,1,0,1,1,0,0,0,0,0,0,0,0,0,0,0,0,0,0
4620661,1,4,0,0,0,0,1,0,3,1,2,2,3,2,0,0,0,0,0,0,0,0,0,0,0,0,0,0
4620661,3,13,0,0,0,0,0,0,2,0,0,0,0,0,0,0,0,0,0,0,0,0,0,0,0,0,0,0
4621672,1,2,0,0,4,3,3,5,5,4,4,8,4,10,0,0,0,0,0,0,0,0,0,0,0,0,0,0
4621672,3,13,0,0,4,3,3,5,5,4,4,8,4,9,0,0,0,0,0,0,0,0,0,0,0,0,0,0
4623818,1,4,0,0,2,1,0,1,0,1,1,3,1,0,0,0,0,0,0,0,0,0,0,0,0,0,0,0
4623818,2,5,0,0,2,1,0,1,0,1,1,3,1,0,0,0,0,0,0,0,0,0,0,0,0,0,0,0
4623818,3,13,0,0,2,1,0,0,0,0,1,0,0,0,0,0,0,0,0,0,0,0,0,0,0,0,0,0
4624129,1,2,0,0,1,0,0,1,1,2,1,3,2,1,0,0,0,0,0,0,0,0,0,0,0,0,0,0
4624129,1,3,0,0,0,0,0,0,1,0,0,0,0,0,0,0,0,0,0,0,0,0,0,0,0,0,0,0
4624129,1,4,0,0,14,9,7,11,10,10,13,8,13,8,0,0,0,0,0,0,0,0,0,0,0,0,0,0
4624129,3,13,0,0,10,6,0,0,0,0,0,0,0,0,0,0,0,0,0,0,0,0,0,0,0,0,0,0
4625493,1,2,0,0,2,3,5,2,7,3,4,6,5,2,0,0,0,0,0,0,0,0,0,0,0,0,0,0
4625493,1,4,0,0,1,2,2,4,1,2,3,4,3,2,0,0,0,0,0,0,0,0,0,0,0,0,0,0
4625493,2,5,0,0,0,0,2,0,1,0,0,0,1,0,0,0,0,0,0,0,0,0,0,0,0,0,0,0
4625493,3,13,0,0,0,0,1,0,4,3,0,2,2,1,0,0,0,0,0,0,0,0,0,0,0,0,0,0
4628421,1,1,12,10,2,2,2,2,2,1,3,3,0,3,2,1,1,1,2,0,5,3,3,3,0,3,4,1
4628421,1,2,15,13,3,3,1,4,3,2,3,4,7,1,2,1,4,3,3,1,2,2,2,0,4,1,0,1
4628421,1,3,0,0,0,2,0,0,0,0,0,0,0,0,0,0,0,0,0,0,0,0,0,0,0,0,0,0
4628421,1,4,97,74,19,32,28,29,28,14,23,33,30,21,19,20,23,20,21,20,13,17,21,9,17,13,13,13
4628421,2,5,2,2,2,6,4,3,1,1,1,2,5,7,2,2,2,4,2,4,4,1,3,1,2,0,3,0
4628421,2,6,0,0,0,0,0,0,0,0,0,0,0,0,0,0,0,1,0,0,0,0,0,0,0,0,0,0
4628421,2,10,1,0,0,0,0,0,0,0,0,0,0,0,0,0,0,0,0,0,0,0,0,0,0,0,0,0
4628421,3,13,0,0,0,0,1,2,1,0,1,2,0,2,2,1,1,0,3,0,5,3,3,3,0,3,4,1
4633293,1,4,0,0,0,1,4,2,0,2,3,0,5,2,0,0,0,0,0,0,0,0,0,0,0,0,0,0
4633293,3,13,0,0,0,1,4,2,0,2,3,0,5,2,0,0,0,0,0,0,0,0,0,0,0,0,0,0
4653213,1,2,0,0,1,1,1,1,0,0,0,0,1,0,0,0,0,0,0,0,0,0,0,0,0,0,0,0
4653213,1,3,0,0,0,0,1,3,0,1,0,1,0,2,0,0,0,0,0,0,0,0,0,0,0,0,0,0
4653213,1,4,0,0,7,8,5,7,6,2,3,2,4,3,0,0,0,0,0,0,0,0,0,0,0,0,0,0
4653213,2,5,0,0,3,3,0,0,0,0,0,0,0,0,0,0,0,0,0,0,0,0,0,0,0,0,0,0
4655239,1,1,0,0,0,0,1,0,1,0,0,1,1,4,0,0,0,0,0,0,0,0,0,0,0,0,0,0
4655239,1,2,0,0,2,2,3,1,0,1,2,1,5,0,0,0,0,0,0,0,0,0,0,0,0,0,0,0
4655239,1,4,0,0,1,2,1,0,0,4,2,1,2,2,0,0,0,0,0,0,0,0,0,0,0,0,0,0
4655239,2,5,0,0,1,1,1,0,0,1,0,0,0,0,0,0,0,0,0,0,0,0,0,0,0,0,0,0
4655239,3,13,0,0,3,4,1,1,1,5,4,3,6,6,0,0,0,0,0,0,0,0,0,0,0,0,0,0
4670216,1,4,0,0,3,4,1,1,5,1,5,6,4,1,5,6,1,0,3,5,0,0,0,0,0,0,0,0
4670216,3,13,0,0,3,4,1,1,3,1,5,6,0,0,2,1,1,0,3,2,0,0,0,0,0,0,0,0
4673813,1,2,4,2,2,1,0,0,0,2,2,2,1,2,0,2,2,2,2,1,0,0,0,0,0,0,0,0
4673813,1,3,0,0,0,0,0,0,0,0,0,0,1,0,0,0,0,0,0,0,0,0,0,0,0,0,0,0
4673813,1,4,9,14,8,15,13,5,8,13,15,11,15,22,13,11,15,16,15,10,0,0,0,0,0,0,0,0
4673813,2,5,0,1,0,1,2,0,0,2,2,1,0,3,0,2,2,0,2,1,0,0,0,0,0,0,0,0
4673813,3,13,13,16,10,16,13,5,8,15,17,13,17,24,13,13,17,18,17,11,0,0,0,0,0,0,0,0
4675618,1,3,0,0,0,0,0,0,0,0,0,0,0,0,2,5,7,5,2,2,6,4,0,0,0,0,0,0
4675618,1,4,0,0,0,0,0,0,0,0,0,0,0,0,9,12,13,12,12,13,15,8,11,10,0,0,0,0
4675618,3,13,0,0,0,0,0,0,0,0,0,0,0,0,1,1,0,1,2,0,2,0,0,1,0,0,0,0
4676385,1,2,0,0,1,4,4,1,0,0,3,4,0,3,0,0,0,0,0,0,0,0,0,0,0,0,0,0
4676385,1,4,0,0,1,0,1,0,1,1,3,1,0,2,0,0,0,0,0,0,0,0,0,0,0,0,0,0
4676385,2,6,0,0,0,0,1,0,0,0,1,0,0,0,0,0,0,0,0,0,0,0,0,0,0,0,0,0
4681936,1,2,0,0,0,0,0,0,0,1,1,0,0,1,0,0,0,0,0,0,0,0,0,0,0,0,0,0
4681936,1,4,0,0,3,3,0,1,2,1,3,1,2,1,0,0,0,0,0,0,0,0,0,0,0,0,0,0
4681936,3,13,0,0,3,3,0,1,2,2,4,1,2,2,0,0,0,0,0,0,0,0,0,0,0,0,0,0
4686978,1,1,4,0,3,3,1,0,0,1,2,0,2,1,0,0,1,0,0,2,0,0,0,0,0,0,0,0
4686978,1,2,7,4,1,2,3,2,2,7,2,3,3,3,4,3,4,1,4,4,0,0,0,0,0,0,0,0
4686978,1,3,1,0,0,0,0,0,1,0,0,0,0,0,0,0,0,0,0,0,0,0,0,0,0,0,0,0
4686978,1,4,18,12,10,14,13,6,16,5,14,14,12,7,7,7,8,7,7,8,0,0,0,0,0,0,0,0
4686978,2,5,4,2,0,0,3,0,4,0,2,1,2,2,5,2,2,2,3,2,0,0,0,0,0,0,0,0
4686978,2,6,6,3,4,4,9,3,4,3,6,2,5,2,1,3,2,1,1,5,0,0,0,0,0,0,0,0
4686978,2,10,1,0,0,0,0,0,0,0,0,0,0,0,0,0,0,0,0,0,0,0,0,0,0,0,0,0
4686978,3,13,0,0,0,0,0,0,0,0,0,0,0,0,1,0,1,0,0,0,0,0,0,0,0,0,0,0
4687164,1,1,10,8,6,1,0,2,5,4,0,7,1,1,1,2,4,5,4,0,3,0,2,4,3,0,1,0
4687164,1,2,24,11,3,8,13,7,6,8,7,6,5,12,8,10,8,3,4,5,7,2,11,4,5,1,8,8
4687164,1,3,0,3,0,0,0,0,2,0,0,0,0,0,0,0,0,0,0,0,0,0,0,0,1,0,0,0
4687164,1,4,38,28,17,10,20,13,16,17,16,15,17,19,14,15,17,8,14,9,23,12,12,10,23,9,25,12
4687164,2,5,0,1,2,0,0,1,1,1,2,1,1,1,2,0,0,0,0,0,2,0,0,1,3,0,1,1
4687164,2,6,0,0,0,0,0,0,0,0,0,1,0,1,0,0,0,0,0,0,0,0,0,0,0,0,0,0
4687164,3,13,0,0,1,0,1,2,1,0,0,5,1,1,1,2,4,5,4,0,3,0,2,5,4,1,1,0
4701575,1,4,0,0,1,1,0,2,3,2,2,5,3,2,0,0,0,0,0,0,0,0,0,0,0,0,0,0
4701575,2,5,0,0,1,1,0,2,3,2,2,5,3,2,0,0,0,0,0,0,0,0,0,0,0,0,0,0
4701575,3,13,0,0,0,0,0,1,0,0,0,0,0,0,0,0,0,0,0,0,0,0,0,0,0,0,0,0
4704671,1,2,0,0,0,2,1,0,1,0,1,1,0,1,0,0,0,0,0,0,0,0,0,0,0,0,0,0
4704671,1,4,0,0,7,6,3,5,5,3,10,4,9,6,3,8,9,8,6,8,0,0,0,0,0,0,0,0
4704671,3,13,0,0,0,0,0,0,0,0,0,4,0,4,0,6,1,1,0,3,0,0,0,0,0,0,0,0
4705297,1,4,0,0,11,11,5,7,10,6,10,12,11,8,0,0,0,0,0,0,0,0,0,0,0,0,0,0
4705297,3,13,0,0,11,11,5,7,10,6,10,12,11,8,0,0,0,0,0,0,0,0,0,0,0,0,0,0
4705552,1,2,0,0,0,0,0,0,0,0,0,0,0,0,0,1,2,0,3,0,0,0,0,0,0,0,0,0
4705552,1,3,0,0,0,0,1,0,0,1,0,1,1,2,5,4,3,1,2,3,0,0,0,0,0,0,0,0
4705552,1,4,0,0,0,2,1,0,3,2,1,2,2,2,2,8,6,4,3,4,0,0,0,0,0,0,0,0
4705552,3,13,0,0,0,2,2,0,3,3,1,2,3,2,7,13,11,5,8,7,0,0,0,0,0,0,0,0
4718139,1,1,0,0,1,2,0,0,0,0,0,0,0,0,0,0,0,0,0,0,0,0,0,0,0,0,0,0
4718139,1,2,0,0,1,0,1,0,0,3,0,1,1,0,0,0,0,0,0,0,0,0,0,0,0,0,0,0
4718139,1,4,0,0,1,0,0,1,2,1,3,0,1,1,0,0,0,0,0,0,0,0,0,0,0,0,0,0
4722060,1,1,27,24,5,3,2,1,1,0,2,0,1,1,0,0,0,0,0,0,0,0,1,0,0,0,0,0
4722060,1,2,18,15,8,3,5,3,3,4,2,1,3,2,2,2,2,0,0,1,1,1,0,0,1,2,3,1
4722060,1,3,2,2,1,0,4,0,0,0,1,0,2,1,0,0,0,0,0,0,0,0,0,0,0,0,0,0
4722060,1,4,16,13,22,13,16,13,15,10,12,14,15,3,13,7,7,7,8,5,3,7,9,4,11,6,7,5
4722060,2,5,3,0,3,2,0,0,2,0,1,1,0,0,0,0,1,0,0,0,0,1,0,0,0,2,1,0
4722060,2,6,0,0,0,0,0,0,0,0,0,0,0,0,0,0,1,0,0,0,0,0,0,0,0,1,0,0
4722060,3,13,0,0,0,0,0,0,0,0,0,0,0,0,0,0,0,0,0,0,0,0,0,0,0,1,0,0
4729136,1,2,0,0,0,0,0,0,0,0,0,0,0,1,0,0,0,0,0,0,0,0,0,0,0,0,0,0
4729136,1,4,8,3,1,5,4,5,2,6,3,1,8,3,3,0,1,3,2,0,0,0,0,0,0,0,0,0
4729136,2,6,8,3,1,5,4,5,2,6,3,1,8,3,3,0,1,3,2,0,0,0,0,0,0,0,0,0
4729136,3,13,7,3,1,4,4,5,2,6,3,1,7,4,3,0,1,3,1,0,0,0,0,0,0,0,0,0
4731985,1,2,0,0,0,0,0,0,0,0,0,0,0,0,5,2,4,5,3,7,10,6,8,5,0,0,0,0
4731985,1,4,0,0,0,0,0,0,0,0,0,0,0,0,3,1,2,3,6,5,6,4,4,2,0,0,0,0
4731985,3,13,0,0,0,0,0,0,0,0,0,0,0,0,0,0,0,0,0,0,0,0,1,0,0,0,0,0
4734482,1,1,0,0,0,1,1,0,1,0,0,1,3,0,0,0,0,0,0,0,0,0,0,0,0,0,0,0
4734482,1,2,0,0,1,0,1,0,0,0,2,2,0,0,0,0,0,0,0,0,0,0,0,0,0,0,0,0
4734482,1,3,0,0,1,0,0,0,0,0,0,0,0,0,0,0,0,0,0,0,0,0,0,0,0,0,0,0
4734482,1,4,0,0,4,3,2,2,0,1,2,0,1,2,0,0,0,0,0,0,0,0,0,0,0,0,0,0
4734482,2,5,0,0,0,0,0,1,0,0,0,0,0,1,0,0,0,0,0,0,0,0,0,0,0,0,0,0
4734482,3,13,0,0,0,0,0,0,1,1,2,2,2,1,0,0,0,0,0,0,0,0,0,0,0,0,0,0
4738034,1,1,1,0,4,3,1,0,0,0,0,1,0,0,0,0,0,0,0,0,0,0,0,0,0,0,0,0
4738034,1,2,0,0,0,0,2,0,1,0,0,0,0,0,0,0,0,0,0,0,0,0,0,0,0,0,0,0
4738034,1,4,18,13,3,2,2,1,2,2,1,1,0,0,0,0,0,0,0,0,0,0,0,0,0,0,0,0
4738034,2,5,1,0,0,0,0,0,0,0,0,0,0,0,0,0,0,0,0,0,0,0,0,0,0,0,0,0
4738034,2,6,1,0,0,0,0,0,0,0,0,0,0,0,0,0,0,0,0,0,0,0,0,0,0,0,0,0
4741260,1,2,0,0,0,0,0,0,0,0,0,0,0,0,1,0,3,3,3,1,1,1,1,0,0,0,0,0
4741260,1,3,0,0,0,0,0,0,0,0,0,0,0,0,1,3,3,3,1,1,2,1,0,0,0,0,0,0
4741260,1,4,0,0,0,0,0,0,0,0,0,0,0,0,3,4,7,5,8,7,10,6,7,6,0,0,0,0
4741260,3,13,0,0,0,0,0,0,0,0,0,0,0,0,0,1,0,0,4,2,4,2,0,1,0,0,0,0
4744402,1,1,4,2,0,0,0,0,0,1,5,3,0,0,0,0,0,0,0,1,0,0,2,1,0,2,1,1
4744402,1,2,8,8,5,2,2,3,2,0,6,1,2,2,1,6,3,1,2,3,3,3,2,3,2,1,6,1
4744402,1,3,1,0,0,0,0,0,0,0,0,0,0,0,0,0,0,0,0,0,0,0,0,0,0,0,0,0
4744402,1,4,35,29,14,12,7,4,10,4,9,12,8,16,11,12,19,10,17,14,23,6,26,11,21,12,10,6
4744402,2,5,12,3,1,3,1,3,3,0,2,3,3,3,2,2,0,1,3,3,5,1,5,1,7,2,1,1
4744402,2,6,0,0,0,0,0,0,0,0,0,0,0,0,0,0,1,0,0,0,1,0,0,0,0,0,1,0
4744402,3,13,0,0,0,0,0,0,0,1,1,0,0,0,0,0,0,0,0,1,1,0,0,1,0,1,1,1
4749514,1,3,0,0,0,0,0,0,0,0,0,0,0,0,0,2,2,1,0,4,0,0,0,0,0,0,0,0
4749514,1,4,0,0,15,6,8,10,15,10,15,9,10,14,12,10,16,8,19,14,0,0,0,0,0,0,0,0
4749514,3,13,0,0,0,0,0,1,1,0,0,1,0,0,0,0,2,1,0,5,0,0,0,0,0,0,0,0
4756514,1,1,0,0,5,0,1,0,0,0,1,0,0,0,0,0,0,0,0,0,0,0,0,0,0,0,0,0
4756514,1,2,0,0,24,0,27,0,33,0,34,0,30,0,0,0,0,0,0,0,0,0,0,0,0,0,0,0
4756514,1,3,0,0,0,0,1,0,0,0,0,0,0,0,0,0,0,0,0,0,0,0,0,0,0,0,0,0
4756514,1,4,0,0,118,0,109,0,136,0,130,0,138,0,0,0,0,0,0,0,0,0,0,0,0,0,0,0
4756514,2,5,0,0,22,0,36,0,38,0,40,0,43,0,0,0,0,0,0,0,0,0,0,0,0,0,0,0
4756514,2,6,0,0,1,0,2,0,1,0,2,0,0,0,0,0,0,0,0,0,0,0,0,0,0,0,0,0
4756514,3,13,0,0,31,0,0,0,0,0,0,0,2,0,0,0,0,0,0,0,0,0,0,0,0,0,0,0
4756572,1,1,7,4,0,0,0,0,0,0,0,0,0,0,0,0,0,0,0,0,0,0,0,0,0,0,0,0
4756572,1,4,5,4,12,10,6,0,8,9,2,6,7,5,6,5,5,2,7,4,0,0,0,0,0,0,0,0
4756572,2,5,0,0,0,0,0,0,0,0,0,1,1,0,0,0,0,0,0,1,0,0,0,0,0,0,0,0
4756572,3,13,0,0,0,0,0,0,0,1,0,0,0,0,0,1,0,0,0,0,0,0,0,0,0,0,0,0
4764579,1,3,0,0,1,0,1,1,0,0,3,0,1,0,0,0,0,0,0,0,0,0,0,0,0,0,0,0
4764579,1,4,0,0,3,1,2,1,4,2,3,2,3,6,0,0,0,0,0,0,0,0,0,0,0,0,0,0
4770093,1,2,0,0,1,0,0,1,1,0,0,0,1,1,0,0,0,0,0,0,0,0,0,0,0,0,0,0
4770093,1,4,0,0,0,0,0,1,2,1,0,0,3,3,0,0,0,0,0,0,0,0,0,0,0,0,0,0
4770093,3,13,0,0,1,0,0,2,3,1,0,0,4,3,0,0,0,0,0,0,0,0,0,0,0,0,0,0
4771374,1,3,0,0,0,0,1,0,0,0,1,0,0,0,0,0,0,0,0,0,0,0,0,0,0,0,0,0
4771374,1,4,0,0,0,0,1,4,0,1,0,0,1,2,0,0,0,0,0,0,0,0,0,0,0,0,0,0
4771374,3,13,0,0,0,0,2,4,0,1,1,0,1,2,0,0,0,0,0,0,0,0,0,0,0,0,0,0
4776944,1,1,1,0,4,0,1,1,2,2,1,0,3,1,1,1,2,1,3,2,0,0,0,0,0,0,0,0
4776944,1,2,5,9,9,4,8,6,3,6,0,3,2,6,3,3,4,4,3,2,0,0,0,0,0,0,0,0
4776944,1,3,0,0,0,0,0,0,0,0,0,0,0,0,0,0,1,0,0,0,0,0,0,0,0,0,0,0
4776944,1,4,5,7,3,6,11,5,3,6,8,2,8,7,5,7,9,11,10,8,0,0,0,0,0,0,0,0
4776944,2,5,0,1,0,0,1,0,0,1,1,0,0,0,0,0,0,0,0,0,0,0,0,0,0,0,0,0
4776944,2,6,0,1,0,0,0,0,0,0,0,0,0,0,0,0,1,0,1,0,0,0,0,0,0,0,0,0
4776944,3,13,5,13,12,5,20,9,8,12,9,5,11,13,9,10,13,15,14,12,0,0,0,0,0,0,0,0
4778251,1,1,0,0,0,0,0,0,0,0,0,0,0,0,0,1,0,0,0,0,1,0,0,0,0,0,0,0
4778251,1,2,0,0,0,0,0,0,0,0,0,0,0,0,0,1,2,0,1,2,1,3,4,5,4,3,3,6
4778251,1,3,0,0,0,0,0,0,0,0,0,0,0,0,0,0,1,0,0,0,1,1,1,0,0,0,0,0
4778251,1,4,0,0,0,0,0,0,0,0,0,0,0,0,23,19,30,31,32,20,53,46,60,47,53,41,64,59
4778251,2,5,0,0,0,0,0,0,0,0,0,0,0,0,0,0,1,0,0,0,0,0,0,0,0,0,0,1
4778251,3,13,0,0,0,0,0,0,0,0,0,0,0,0,0,1,0,0,2,1,9,3,4,1,23,23,10,14
4780081,1,2,0,0,0,0,1,0,0,0,0,1,0,0,0,0,0,0,0,0,0,0,0,0,0,0,0,0
4780081,1,4,0,0,2,2,3,1,2,2,4,5,3,8,0,0,0,0,0,0,0,0,0,0,0,0,0,0
4780081,3,13,0,0,2,2,4,1,2,2,4,6,3,8,0,0,0,0,0,0,0,0,0,0,0,0,0,0
4780735,1,2,0,0,1,4,3,3,2,0,1,2,1,1,0,0,0,0,0,0,0,0,0,0,0,0,0,0
4780735,1,4,0,0,3,2,0,2,1,1,2,3,1,3,0,0,0,0,0,0,0,0,0,0,0,0,0,0
4780735,2,6,0,0,0,2,0,2,1,1,2,3,1,0,0,0,0,0,0,0,0,0,0,0,0,0,0,0
4780735,3,13,0,0,4,6,3,5,3,1,3,5,2,4,0,0,0,0,0,0,0,0,0,0,0,0,0,0
4784078,1,2,0,0,5,5,9,9,4,6,8,6,5,12,0,0,0,0,0,0,0,0,0,0,0,0,0,0
4784078,1,3,0,0,1,0,0,0,0,0,0,0,0,0,0,0,0,0,0,0,0,0,0,0,0,0,0,0
4784078,1,4,0,0,2,0,0,4,1,3,1,1,0,0,0,0,0,0,0,0,0,0,0,0,0,0,0,0
4784078,2,5,0,0,1,0,0,1,0,0,0,0,0,0,0,0,0,0,0,0,0,0,0,0,0,0,0,0
4784078,2,6,0,0,0,0,0,1,0,0,0,0,0,0,0,0,0,0,0,0,0,0,0,0,0,0,0,0
4786009,1,3,0,0,3,0,1,0,0,2,2,1,0,3,0,0,0,0,0,0,0,0,0,0,0,0,0,0
4786009,1,4,0,0,2,1,1,2,0,4,1,4,0,2,0,0,0,0,0,0,0,0,0,0,0,0,0,0
4786009,3,13,0,0,5,1,2,2,0,6,2,4,0,4,0,0,0,0,0,0,0,0,0,0,0,0,0,0
4792348,1,1,0,2,1,1,0,0,1,2,0,0,0,1,1,1,1,0,1,3,0,1,3,1,5,5,4,2
4792348,1,2,2,3,1,2,3,1,5,1,4,4,5,3,2,2,1,1,7,1,2,7,4,3,5,4,16,5
4792348,1,4,8,16,5,13,8,7,7,7,8,7,11,9,11,18,12,4,15,14,15,17,32,14,39,16,32,24
4792348,2,5,0,3,0,1,2,0,3,1,0,1,0,2,2,4,1,2,3,2,2,6,7,1,4,1,3,3
4792348,2,6,0,0,1,0,0,1,0,0,0,0,0,0,0,0,0,0,0,0,0,2,0,0,2,0,1,2
4792348,2,7,0,0,0,0,0,0,0,0,0,0,0,1,0,0,0,0,0,0,0,0,0,0,0,0,0,0
4792348,3,13,0,0,0,0,0,0,0,0,0,0,0,0,1,0,0,0,1,2,0,0,2,1,5,3,3,2
4792882,1,4,0,0,0,0,0,0,0,0,0,0,0,0,22,20,38,30,23,23,58,26,35,26,43,26,37,28
4792882,2,5,0,0,0,0,0,0,0,0,0,0,0,0,22,20,38,30,23,23,58,26,35,26,43,26,37,28
4792882,3,13,0,0,0,0,0,0,0,0,0,0,0,0,0,1,1,0,0,0,4,1,1,4,0,0,0,0
4793364,1,2,0,0,0,0,0,1,0,0,0,0,0,0,0,0,0,0,0,0,0,0,0,0,0,0,0,0
4793364,1,4,0,0,2,3,1,2,1,1,2,2,2,3,0,0,0,0,0,0,0,0,0,0,0,0,0,0
4793364,3,13,0,0,0,0,0,0,0,0,1,0,0,0,0,0,0,0,0,0,0,0,0,0,0,0,0,0
4794151,1,2,0,0,3,0,2,0,0,2,0,2,1,1,0,0,0,0,0,0,0,0,0,0,0,0,0,0
4794151,1,4,0,0,2,0,0,0,1,1,1,1,2,1,0,0,0,0,0,0,0,0,0,0,0,0,0,0
4794151,3,13,0,0,5,0,2,0,1,3,1,3,3,2,0,0,0,0,0,0,0,0,0,0,0,0,0,0
4798558,1,1,0,0,2,7,0,1,0,0,0,1,1,0,0,0,0,0,0,0,0,0,0,0,0,0,0,0
4798558,1,2,0,0,2,0,1,1,0,2,0,3,1,2,0,0,0,0,0,0,0,0,0,0,0,0,0,0
4798558,1,3,0,0,2,0,0,0,0,1,0,0,0,0,0,0,0,0,0,0,0,0,0,0,0,0,0,0
4798558,1,4,0,0,0,0,5,2,2,8,4,3,6,5,0,0,0,0,0,0,0,0,0,0,0,0,0,0
4798558,2,5,0,0,0,2,0,1,0,1,1,1,1,1,0,0,0,0,0,0,0,0,0,0,0,0,0,0
4798558,3,13,0,0,0,0,0,0,0,0,0,0,1,0,0,0,0,0,0,0,0,0,0,0,0,0,0,0
4802908,1,2,0,0,0,0,0,0,0,1,0,0,2,0,0,0,0,0,0,0,0,0,0,0,0,0,0,0
4802908,1,4,0,0,5,1,5,4,4,2,4,3,1,6,0,0,0,0,0,0,0,0,0,0,0,0,0,0
4802908,3,13,0,0,5,1,5,4,4,3,4,3,3,6,0,0,0,0,0,0,0,0,0,0,0,0,0,0
4808005,1,4,0,0,2,2,2,2,4,6,2,3,2,5,0,0,0,0,0,0,0,0,0,0,0,0,0,0
4808005,3,13,0,0,2,2,2,2,4,6,2,3,2,5,0,0,0,0,0,0,0,0,0,0,0,0,0,0
4812501,1,1,0,0,0,0,0,0,0,0,0,0,0,0,0,3,0,4,0,10,0,9,0,13,0,15,0,19
4812501,1,2,0,0,0,0,0,0,0,0,0,0,0,0,0,17,0,32,0,28,0,51,0,73,0,125,0,128
4812501,1,3,0,0,0,0,0,0,0,0,0,0,0,0,0,0,0,0,0,0,0,1,0,3,0,3,0,2
4812501,1,4,0,0,0,0,0,0,0,0,0,0,0,0,0,77,0,80,0,130,0,198,0,280,0,390,0,379
4812501,2,5,0,0,0,0,0,0,0,0,0,0,0,0,0,29,0,23,0,56,0,66,0,84,0,82,0,68
4812501,2,6,0,0,0,0,0,0,0,0,0,0,0,0,0,1,0,3,0,4,0,2,0,4,0,11,0,5
4812501,2,7,0,0,0,0,0,0,0,0,0,0,0,0,0,0,0,0,0,0,0,0,0,1,0,0,0,0
4812501,3,13,0,0,0,0,0,0,0,0,0,0,0,0,0,31,0,29,0,45,0,193,0,165,0,449,0,296
4813080,1,2,0,0,1,0,0,0,1,1,1,1,1,1,0,0,0,0,0,0,0,0,0,0,0,0,0,0
4813080,1,4,0,0,1,1,1,0,2,2,0,1,1,4,0,0,0,0,0,0,0,0,0,0,0,0,0,0
4813080,3,13,0,0,2,1,1,0,3,3,1,2,2,5,0,0,0,0,0,0,0,0,0,0,0,0,0,0
4814261,1,2,0,0,3,1,2,8,5,1,2,4,5,6,0,0,0,0,0,0,0,0,0,0,0,0,0,0
4814261,1,4,0,0,0,0,0,0,0,0,0,0,0,1,0,0,0,0,0,0,0,0,0,0,0,0,0,0
4814261,3,13,0,0,3,1,2,8,5,1,2,4,5,6,0,0,0,0,0,0,0,0,0,0,0,0,0,0
4818705,1,1,0,0,2,0,0,0,0,4,0,1,1,0,0,0,0,0,0,0,0,0,0,0,0,0,0,0
4818705,1,2,0,0,0,0,2,0,0,0,2,0,0,1,0,0,0,0,0,0,0,0,0,0,0,0,0,0
4818705,1,4,0,0,1,0,1,1,0,0,0,0,0,0,0,0,0,0,0,0,0,0,0,0,0,0,0,0
4823005,1,2,0,0,2,2,2,3,2,0,1,1,2,1,0,0,0,0,0,0,0,0,0,0,0,0,0,0
4823005,1,4,0,0,1,1,1,0,2,2,0,2,5,1,0,0,0,0,0,0,0,0,0,0,0,0,0,0
4823005,3,13,0,0,3,3,3,3,4,2,1,3,6,2,0,0,0,0,0,0,0,0,0,0,0,0,0,0
4828821,1,2,0,0,0,0,0,0,0,0,0,0,0,0,4,3,9,3,7,6,1,3,4,5,0,0,0,0
4828821,1,3,0,0,0,0,0,0,0,0,0,0,0,0,1,5,1,4,2,2,0,2,1,0,0,0,0,0
4828821,1,4,0,0,0,0,0,0,0,0,0,0,0,0,22,15,20,14,14,18,22,14,22,12,0,0,0,0
4828821,3,13,0,0,0,0,0,0,0,0,0,0,0,0,1,0,1,0,1,0,1,2,7,2,0,0,0,0
4839496,1,4,0,0,1,7,3,6,4,2,6,4,6,4,3,7,4,5,3,8,0,0,0,0,0,0,0,0
4839496,3,13,0,0,1,7,3,6,4,2,6,4,6,4,3,7,4,5,3,8,0,0,0,0,0,0,0,0
4842493,1,2,0,0,4,1,0,0,0,1,1,0,1,3,0,0,0,0,0,0,0,0,0,0,0,0,0,0
4842493,1,4,0,0,2,0,3,1,2,3,3,2,1,4,0,0,0,0,0,0,0,0,0,0,0,0,0,0
4842493,3,13,0,0,0,0,3,1,1,3,0,0,0,1,0,0,0,0,0,0,0,0,0,0,0,0,0,0
4842580,1,1,0,0,0,25,0,0,0,0,0,1,0,3,0,0,0,0,0,0,0,0,0,0,0,0,0,0
4842580,1,2,0,0,0,36,0,28,0,28,0,35,0,25,0,0,0,0,0,0,0,0,0,0,0,0,0,0
4842580,1,3,0,0,0,0,0,0,0,0,0,0,0,2,0,0,0,0,0,0,0,0,0,0,0,0,0,0
4842580,1,4,0,0,0,177,0,192,0,190,0,173,0,220,0,0,0,0,0,0,0,0,0,0,0,0,0,0
4842580,2,5,0,0,0,20,0,29,0,36,0,27,0,40,0,0,0,0,0,0,0,0,0,0,0,0,0,0
4842580,2,6,0,0,0,3,0,4,0,6,0,2,0,8,0,0,0,0,0,0,0,0,0,0,0,0,0,0
4842580,3,13,0,0,0,6,0,0,0,0,0,0,0,4,0,0,0,0,0,0,0,0,0,0,0,0,0,0
4846905,1,4,0,0,0,2,0,2,0,3,0,4,0,2,0,0,0,0,0,0,0,0,0,0,0,0,0,0
4846905,2,5,0,0,0,2,0,2,0,3,0,4,0,2,0,0,0,0,0,0,0,0,0,0,0,0,0,0
4846924,1,2,0,0,4,4,4,1,2,3,3,4,3,1,2,4,4,4,6,1,0,0,0,0,0,0,0,0
4846924,1,4,0,0,6,4,3,5,5,2,7,4,9,10,5,4,6,6,6,5,0,0,0,0,0,0,0,0
4846924,2,5,0,0,0,0,0,0,0,0,0,0,0,1,0,1,1,0,0,0,0,0,0,0,0,0,0,0
4846924,2,6,0,0,0,0,0,0,0,0,1,0,0,0,0,0,0,0,1,0,0,0,0,0,0,0,0,0
4846924,3,13,0,0,0,0,0,0,1,0,0,0,0,1,0,1,4,6,4,3,0,0,0,0,0,0,0,0
4849288,1,2,0,0,0,0,0,0,0,0,1,0,0,3,0,0,0,0,3,0,0,0,0,0,0,0,0,0
4849288,1,3,0,0,0,0,0,0,0,0,0,0,0,0,1,2,0,1,1,2,0,0,0,0,0,0,0,0
4849288,1,4,0,0,5,6,5,5,5,0,5,9,4,5,6,7,4,5,5,7,0,0,0,0,0,0,0,0
4849288,3,13,0,0,0,0,0,0,0,0,0,0,0,0,0,0,2,3,0,1,0,0,0,0,0,0,0,0
4864266,1,2,0,0,1,0,1,1,0,0,4,4,3,1,0,0,0,0,0,0,0,0,0,0,0,0,0,0
4864266,1,4,0,0,2,2,1,3,1,3,2,2,2,4,0,0,0,0,0,0,0,0,0,0,0,0,0,0
4864266,2,5,0,0,1,0,0,0,0,0,0,0,0,0,0,0,0,0,0,0,0,0,0,0,0,0,0,0
4864266,3,13,0,0,3,2,2,4,1,3,6,6,5,5,0,0,0,0,0,0,0,0,0,0,0,0,0,0
4874843,1,1,1,1,0,0,0,0,0,0,0,0,0,0,0,0,0,0,0,0,0,0,0,0,0,0,0,0
4874843,1,2,6,9,1,2,1,0,0,1,0,0,0,2,0,0,0,0,0,0,0,0,0,0,0,0,0,0
4874843,1,3,0,0,1,0,0,0,0,0,0,0,0,0,0,0,0,0,0,0,0,0,0,0,0,0,0,0
4874843,1,4,12,8,4,9,1,0,2,2,0,2,3,0,0,0,0,0,0,0,0,0,0,0,0,0,0,0
4874843,3,13,1,1,0,0,0,0,0,0,0,1,0,0,0,0,0,0,0,0,0,0,0,0,0,0,0,0
4875646,1,1,0,0,0,0,0,0,1,0,0,0,0,0,0,0,0,0,0,0,0,0,0,0,0,0,0,0
4875646,1,2,0,0,0,1,1,0,1,0,1,1,1,0,0,0,0,0,0,0,0,0,0,0,0,0,0,0
4875646,1,4,0,0,4,5,7,8,8,10,13,7,7,14,0,0,0,0,0,0,0,0,0,0,0,0,0,0
4875646,2,5,0,0,1,2,1,1,4,3,2,1,1,2,0,0,0,0,0,0,0,0,0,0,0,0,0,0
4875646,2,6,0,0,0,0,0,0,0,0,0,0,0,1,0,0,0,0,0,0,0,0,0,0,0,0,0,0
4875646,3,13,0,0,0,0,1,0,0,0,0,0,0,0,0,0,0,0,0,0,0,0,0,0,0,0,0,0
4875654,1,2,0,0,2,2,1,0,0,0,2,2,2,0,0,0,0,0,0,0,0,0,0,0,0,0,0,0
4875654,1,4,0,0,2,1,0,1,5,0,2,1,4,4,0,0,0,0,0,0,0,0,0,0,0,0,0,0
4879348,1,2,0,0,1,2,5,2,3,2,3,0,0,2,2,4,1,1,4,3,0,0,0,0,0,0,0,0
4879348,1,4,0,0,3,3,1,1,2,1,1,6,3,1,2,3,3,1,2,4,0,0,0,0,0,0,0,0
4879348,3,13,0,0,4,5,0,0,0,1,3,4,2,3,0,1,0,0,0,0,0,0,0,0,0,0,0,0
4884081,1,4,0,0,3,9,11,8,5,6,7,7,6,2,5,4,6,12,5,4,0,0,0,0,0,0,0,0
4884081,3,13,0,0,0,0,0,0,0,0,0,0,0,0,0,0,0,0,0,1,0,0,0,0,0,0,0,0
4887935,1,4,0,0,1,0,3,1,4,3,5,1,2,3,0,0,0,0,0,0,0,0,0,0,0,0,0,0
4887935,3,13,0,0,1,0,3,1,4,3,5,1,2,3,0,0,0,0,0,0,0,0,0,0,0,0,0,0
4891840,1,1,0,0,6,8,0,0,0,0,0,0,0,0,0,0,0,0,0,0,0,0,0,0,0,0,0,0
4891840,1,2,0,0,0,1,2,1,4,2,1,1,3,0,0,0,0,0,0,0,0,0,0,0,0,0,0,0
4891840,1,4,0,0,0,0,5,4,7,7,6,4,10,5,0,0,0,0,0,0,0,0,0,0,0,0,0,0
4896307,1,4,0,0,4,6,1,4,6,6,0,4,4,5,0,0,0,0,0,0,0,0,0,0,0,0,0,0
4896307,3,13,0,0,1,4,0,1,2,2,0,1,0,1,0,0,0,0,0,0,0,0,0,0,0,0,0,0
4900350,1,2,1,1,3,1,2,2,2,1,0,0,1,0,2,3,3,1,1,0,2,0,0,0,0,0,0,0
4900350,1,3,0,0,0,0,0,0,0,0,0,0,0,0,0,0,0,1,1,0,0,0,0,0,0,0,0,0
4900350,1,4,10,10,5,5,9,7,2,7,7,4,6,7,6,6,3,4,6,5,1,1,1,2,0,0,0,0
4900350,2,5,0,0,1,0,0,0,0,0,2,0,1,1,3,3,2,2,1,1,0,0,1,0,0,0,0,0
4900847,1,2,0,0,0,0,0,0,0,0,0,0,0,0,4,5,4,8,4,3,7,6,7,11,0,0,0,0
4900847,1,4,0,0,0,0,0,0,0,0,0,0,0,0,8,5,11,12,9,9,8,6,11,9,0,0,0,0
4900847,3,13,0,0,0,0,0,0,0,0,0,0,0,0,0,0,0,0,0,0,0,0,0,1,0,0,0,0
4903727,1,4,0,0,3,3,1,4,2,5,3,2,6,6,0,0,0,0,0,0,0,0,0,0,0,0,0,0
4903727,3,13,0,0,3,3,1,4,2,5,3,2,6,6,0,0,0,0,0,0,0,0,0,0,0,0,0,0
4906711,1,2,0,0,0,0,0,0,0,0,0,0,0,0,0,0,0,0,0,1,0,0,0,0,0,0,0,0
4906711,1,4,0,0,4,3,5,7,4,7,9,10,6,3,9,15,10,16,6,5,0,0,0,0,0,0,0,0
4906711,3,13,0,0,2,3,1,5,3,5,8,9,4,2,8,15,9,12,4,6,0,0,0,0,0,0,0,0
4910145,1,4,0,0,0,0,0,0,0,0,0,0,0,0,9,11,13,5,14,8,19,18,19,21,0,0,0,0
4910145,3,13,0,0,0,0,0,0,0,0,0,0,0,0,1,0,1,0,0,0,6,10,0,0,0,0,0,0
4913834,1,2,4,7,1,3,2,1,0,0,2,2,1,0,0,0,0,0,0,0,0,0,0,0,0,0,0,0
4913834,1,4,23,24,6,7,4,6,0,0,6,4,5,6,0,0,0,0,0,0,0,0,0,0,0,0,0,0
4913834,2,5,6,8,1,3,3,2,0,0,0,1,2,4,0,0,0,0,0,0,0,0,0,0,0,0,0,0
4914456,1,4,0,0,3,2,3,6,3,3,9,10,4,3,0,0,0,0,0,0,0,0,0,0,0,0,0,0
4914456,3,13,0,0,0,0,1,2,0,0,4,7,2,1,0,0,0,0,0,0,0,0,0,0,0,0,0,0
4922263,1,1,66,44,0,0,0,0,0,0,0,0,0,0,0,0,0,0,0,0,1,0,0,0,0,0,0,0
4922263,1,2,3,1,1,3,1,2,1,3,1,2,1,2,1,1,0,0,0,2,2,0,3,1,0,1,1,0
4922263,1,4,46,39,37,34,42,42,47,35,32,20,28,25,20,12,37,17,19,13,18,14,22,11,24,11,22,25
4922263,2,5,1,0,0,0,0,0,0,0,0,0,0,0,0,0,0,0,1,0,0,0,0,0,0,0,0,0
4922263,3,13,0,0,0,0,0,0,0,0,0,0,0,0,0,0,0,0,0,0,1,0,0,0,0,0,0,0
4926261,1,2,0,0,1,0,0,0,0,0,1,0,1,0,2,1,0,2,1,2,0,0,0,0,0,0,0,0
4926261,1,3,0,0,0,0,0,0,0,0,0,0,0,0,1,0,1,2,0,0,0,0,0,0,0,0,0,0
4926261,1,4,0,0,3,1,3,2,1,3,4,5,6,2,3,3,9,7,0,6,0,0,0,0,0,0,0,0
4926261,3,13,0,0,4,1,3,2,1,3,5,5,7,2,6,4,8,10,1,8,0,0,0,0,0,0,0,0
4926396,1,1,0,0,0,1,0,0,0,0,0,0,0,0,0,0,0,0,0,0,0,0,0,0,0,0,0,0
4926396,1,2,7,4,7,11,4,3,3,1,1,4,2,2,1,0,0,1,0,0,0,0,0,0,0,0,0,0
4926396,1,3,0,0,0,0,0,1,0,0,0,0,0,0,0,0,0,0,0,0,0,0,0,0,0,0,0,0
4926396,1,4,31,9,16,8,8,12,9,4,9,5,6,5,0,2,3,3,0,0,0,0,0,0,0,0,0,0
4926396,2,5,0,0,0,0,0,0,0,0,1,0,0,0,0,0,0,0,0,0,0,0,0,0,0,0,0,0
4926396,3,13,0,0,0,0,0,0,0,0,0,0,1,0,0,0,0,0,0,0,0,0,0,0,0,0,0,0
4928672,1,2,0,0,0,1,0,0,0,0,0,0,0,0,0,0,0,0,0,0,0,0,0,0,0,0,0,0
4928672,1,4,0,0,5,3,3,2,2,5,4,7,4,8,0,0,0,0,0,0,0,0,0,0,0,0,0,0
4928672,2,6,0,0,0,0,0,0,0,0,1,0,0,0,0,0,0,0,0,0,0,0,0,0,0,0,0,0
4928672,3,13,0,0,5,4,3,2,2,4,4,7,4,7,0,0,0,0,0,0,0,0,0,0,0,0,0,0
4929283,1,1,0,0,0,0,0,0,0,0,0,0,0,0,0,0,0,0,0,1,1,1,1,1,0,0,0,0
4929283,1,2,0,0,0,0,0,0,0,0,0,0,0,0,8,9,8,10,10,9,10,11,7,6,0,0,0,0
4929283,1,3,0,0,0,0,0,0,0,0,0,0,0,0,1,0,1,0,0,1,0,0,0,0,0,0,0,0
4929283,1,4,0,0,0,0,0,0,0,0,0,0,0,0,12,11,12,8,9,11,12,8,9,8,0,0,0,0
4929283,3,13,0,0,0,0,0,0,0,0,0,0,0,0,0,0,1,0,0,1,3,2,4,2,0,0,0,0
4933122,1,2,0,0,0,0,0,0,0,2,1,0,1,0,0,1,1,1,1,0,0,0,0,0,0,0,0,0
4933122,1,3,0,0,0,1,2,3,4,2,2,1,0,0,0,3,0,0,0,0,0,0,0,0,0,0,0,0
4933122,1,4,0,0,6,3,2,5,5,10,5,3,5,2,6,4,8,1,6,10,0,0,0,0,0,0,0,0
4933122,3,13,0,0,6,4,4,8,9,12,8,4,6,2,6,8,9,2,7,10,0,0,0,0,0,0,0,0
4937266,1,1,0,0,3,3,0,0,0,0,0,0,0,0,0,0,0,0,0,0,0,0,0,0,0,0,0,0
4937266,1,4,0,0,6,6,6,7,9,10,18,6,8,13,0,0,0,0,0,0,0,0,0,0,0,0,0,0
4937266,2,5,0,0,3,4,5,3,7,3,7,2,2,4,0,0,0,0,0,0,0,0,0,0,0,0,0,0
4937266,3,13,0,0,0,0,1,0,0,0,0,0,0,0,0,0,0,0,0,0,0,0,0,0,0,0,0,0
4938763,1,2,0,0,0,1,1,3,0,2,1,5,1,1,0,0,0,0,0,0,0,0,0,0,0,0,0,0
4938763,1,4,0,0,1,0,1,0,2,0,2,1,0,3,0,0,0,0,0,0,0,0,0,0,0,0,0,0
4938763,3,13,0,0,0,0,0,0,0,1,0,0,0,1,0,0,0,0,0,0,0,0,0,0,0,0,0,0
4942931,1,2,24,19,8,8,7,2,5,4,6,4,6,3,5,6,8,5,7,2,1,2,2,3,7,3,1,2
4942931,1,3,0,2,0,0,0,0,0,0,0,0,0,0,0,0,0,0,0,0,0,0,0,0,0,0,0,0
4942931,1,4,110,91,53,51,51,38,57,46,64,28,40,21,43,32,26,32,25,24,36,23,30,12,36,20,33,22
4942931,2,5,1,2,1,0,1,1,0,4,1,0,3,0,1,1,0,3,0,0,0,1,2,0,2,0,3,1
4942931,2,6,0,0,0,0,0,0,0,0,1,0,1,0,0,0,0,0,0,0,1,0,0,0,0,0,0,0
4942931,2,10,0,1,0,0,0,0,0,0,0,0,0,0,0,0,0,0,0,0,0,0,0,0,0,0,0,0
4942931,3,13,7,3,0,0,0,0,0,0,0,0,0,0,1,0,0,0,0,0,1,0,0,0,0,0,0,0
4955546,1,1,0,0,1,1,0,0,0,1,0,0,0,0,0,0,0,0,0,0,0,0,0,0,0,0,0,0
4955546,1,4,0,0,1,0,4,3,0,1,2,3,0,3,0,0,0,0,0,0,0,0,0,0,0,0,0,0
4955546,3,13,0,0,0,0,0,1,0,1,2,2,0,0,0,0,0,0,0,0,0,0,0,0,0,0,0,0
4973178,1,2,0,0,0,0,0,0,1,0,0,0,0,1,0,0,0,0,0,0,0,0,0,0,0,0,0,0
4973178,1,3,0,0,1,3,1,1,2,1,2,4,0,0,0,0,0,0,0,0,0,0,0,0,0,0,0,0
4973178,1,4,0,0,3,3,4,5,5,6,3,4,6,5,0,0,0,0,0,0,0,0,0,0,0,0,0,0
4973178,2,6,0,0,0,0,0,0,1,0,0,0,0,0,0,0,0,0,0,0,0,0,0,0,0,0,0,0
4973178,3,13,0,0,1,4,3,2,3,5,5,5,1,1,0,0,0,0,0,0,0,0,0,0,0,0,0,0
4975681,1,2,0,0,0,0,0,0,0,0,0,0,0,0,4,0,1,2,3,3,1,2,0,2,2,3,3,9
4975681,1,4,0,0,0,0,0,0,0,0,0,0,0,0,14,14,13,11,23,14,22,9,33,22,78,50,47,36
4975681,2,5,0,0,0,0,0,0,0,0,0,0,0,0,0,0,0,0,1,1,1,0,2,1,0,0,0,0
4975681,3,13,0,0,0,0,0,0,0,0,0,0,0,0,2,0,0,0,1,1,1,3,9,4,12,7,10,7
4986129,1,2,0,0,1,2,2,0,3,0,0,1,3,0,0,0,0,0,0,0,0,0,0,0,0,0,0,0
4986129,1,4,0,0,5,4,5,2,6,6,9,4,10,6,0,0,0,0,0,0,0,0,0,0,0,0,0,0
4986129,3,13,0,0,6,6,7,2,9,6,9,4,13,6,0,0,0,0,0,0,0,0,0,0,0,0,0,0
4989971,1,1,13,6,7,2,3,3,2,2,1,2,1,3,7,4,12,2,6,2,6,3,0,0,0,0,0,0
4989971,1,2,0,2,1,0,0,0,1,0,1,0,5,2,7,2,5,2,2,1,3,2,0,0,0,0,0,0
4989971,1,3,0,0,0,0,0,0,0,0,0,0,2,0,1,1,0,1,0,0,0,0,0,0,0,0,0,0
4989971,1,4,4,7,10,11,10,7,10,10,6,3,8,3,20,15,15,15,14,12,14,8,0,0,0,0,0,0
4989971,2,5,0,0,1,2,0,0,0,0,1,0,2,0,0,1,1,0,1,1,1,1,0,0,0,0,0,0
4989971,2,6,2,0,0,1,2,0,2,0,0,0,1,0,1,1,0,2,0,0,0,1,0,0,0,0,0,0
4989971,3,13,0,0,0,0,0,0,1,1,0,1,1,0,6,4,12,2,5,1,5,3,0,0,0,0,0,0
4990234,1,2,0,0,3,4,2,5,3,2,2,3,1,2,0,0,0,0,0,0,0,0,0,0,0,0,0,0
4990234,1,4,0,0,0,0,0,0,1,0,1,1,0,0,0,0,0,0,0,0,0,0,0,0,0,0,0,0
4990234,3,13,0,0,3,2,0,0,0,0,0,0,0,0,0,0,0,0,0,0,0,0,0,0,0,0,0,0
4990262,1,2,0,0,0,0,1,1,0,1,2,0,0,2,0,0,0,0,0,0,0,0,0,0,0,0,0,0
4990262,1,4,0,0,7,14,7,6,8,7,11,10,4,8,0,0,0,0,0,0,0,0,0,0,0,0,0,0
4990797,1,3,0,0,0,0,1,2,0,2,0,2,1,1,3,2,4,1,1,1,0,0,0,0,0,0,0,0
4990797,1,4,0,0,4,2,2,2,1,0,4,1,0,1,4,3,4,4,5,6,0,0,0,0,0,0,0,0
4990797,3,13,0,0,4,2,2,2,1,2,4,3,1,2,7,4,8,5,4,7,0,0,0,0,0,0,0,0
4991161,1,2,0,0,1,0,0,0,1,0,0,0,0,0,0,0,0,0,0,0,0,0,0,0,0,0,0,0
4991161,1,4,0,0,0,0,0,0,1,1,0,2,0,1,0,0,0,0,0,0,0,0,0,0,0,0,0,0
4991161,3,13,0,0,1,0,0,0,2,1,0,1,0,1,0,0,0,0,0,0,0,0,0,0,0,0,0,0
4991243,1,2,0,0,1,0,0,0,0,0,0,0,0,0,0,0,0,0,0,0,0,0,0,0,0,0,0,0
4991243,1,4,0,0,1,4,3,2,3,5,3,4,3,3,0,0,0,0,0,0,0,0,0,0,0,0,0,0
4991243,3,13,0,0,2,4,0,0,0,0,0,1,0,0,0,0,0,0,0,0,0,0,0,0,0,0,0,0
4999325,1,3,0,0,2,2,1,0,2,1,2,0,1,0,0,0,0,0,0,0,0,0,0,0,0,0,0,0
4999325,1,4,0,0,2,2,3,4,2,3,7,5,4,1,0,0,0,0,0,0,0,0,0,0,0,0,0,0
4999325,3,13,0,0,0,0,0,0,0,0,1,0,0,0,0,0,0,0,0,0,0,0,0,0,0,0,0,0
5000558,1,1,0,0,1,1,0,0,0,0,0,0,0,1,0,0,0,0,0,0,0,0,0,0,0,0,0,0
5000558,1,2,0,0,1,2,0,0,2,0,1,0,0,1,0,0,0,0,0,0,0,0,0,0,0,0,0,0
5000558,1,4,0,0,2,0,3,2,1,3,3,5,4,2,0,0,0,0,0,0,0,0,0,0,0,0,0,0
5000558,3,13,0,0,4,3,2,2,3,3,4,5,4,4,0,0,0,0,0,0,0,0,0,0,0,0,0,0
5004201,1,2,0,0,0,0,1,1,1,0,0,0,0,0,0,0,0,0,0,0,0,0,0,0,0,0,0,0
5004201,1,4,0,0,2,4,6,7,9,9,5,5,7,7,0,0,0,0,0,0,0,0,0,0,0,0,0,0
5004201,3,13,0,0,2,4,7,8,10,9,5,5,7,7,0,0,0,0,0,0,0,0,0,0,0,0,0,0
5011805,1,1,0,0,0,0,0,0,0,0,1,0,0,0,0,0,0,0,0,0,0,0,0,0,0,0,0,0
5011805,1,2,0,0,6,4,6,4,4,6,8,3,4,3,4,7,3,8,4,3,0,0,0,0,0,0,0,0
5011805,1,3,0,0,1,1,1,1,1,1,1,2,2,1,3,1,0,0,0,2,0,0,0,0,0,0,0,0
5011805,1,4,0,0,1,1,1,2,0,1,2,1,3,1,3,4,5,2,1,4,0,0,0,0,0,0,0,0
5011805,2,5,0,0,0,0,0,0,0,0,0,0,1,1,2,1,0,0,0,0,0,0,0,0,0,0,0,0
5011805,3,13,0,0,8,5,8,7,4,8,12,5,9,5,9,11,7,8,5,9,0,0,0,0,0,0,0,0
5025347,1,1,0,0,0,0,0,0,0,0,0,0,0,0,1,0,0,0,1,0,1,0,0,1,0,0,0,0
5025347,1,2,0,0,0,0,0,0,0,0,0,0,0,0,1,5,0,2,4,2,3,3,0,2,0,0,0,0
5025347,1,3,0,0,0,0,0,0,0,0,0,0,0,0,1,1,1,2,3,0,0,0,0,1,0,0,0,0
5025347,1,4,0,0,0,0,0,0,0,0,0,0,0,0,7,5,4,17,8,5,7,15,11,12,0,0,0,0
5025347,2,5,0,0,0,0,0,0,0,0,0,0,0,0,0,0,0,1,0,0,0,0,0,0,0,0,0,0
5025347,3,13,0,0,0,0,0,0,0,0,0,0,0,0,0,1,0,4,2,1,1,5,2,8,0,0,0,0
5032429,1,3,0,0,0,0,0,0,0,0,0,0,0,0,0,0,0,3,0,0,0,0,0,0,0,0,0,0
5032429,1,4,0,0,1,3,1,2,2,1,7,7,4,4,6,10,7,12,4,5,0,0,0,0,0,0,0,0
5032429,2,6,0,0,0,0,1,0,0,0,0,0,0,0,0,1,0,0,0,0,0,0,0,0,0,0,0,0
5032429,3,13,0,0,0,0,0,0,0,0,0,0,0,0,3,0,1,4,0,1,0,0,0,0,0,0,0,0
5032494,1,2,0,0,0,0,1,0,0,0,1,0,1,0,0,0,0,0,0,0,0,0,0,0,0,0,0,0
5032494,1,3,0,0,0,0,0,0,1,0,1,1,0,0,0,0,0,0,0,0,0,0,0,0,0,0,0,0
5032494,1,4,0,0,3,0,1,0,3,4,1,0,1,4,0,0,0,0,0,0,0,0,0,0,0,0,0,0
5032494,3,13,0,0,3,0,2,0,4,4,3,1,2,4,0,0,0,0,0,0,0,0,0,0,0,0,0,0
5034718,1,1,0,0,3,2,0,0,0,0,0,0,0,0,0,0,0,0,0,0,0,0,0,0,0,0,0,0
5034718,1,2,0,0,13,8,5,5,7,3,5,6,8,8,0,0,0,0,0,0,0,0,0,0,0,0,0,0
5034718,1,4,0,0,0,1,7,8,9,8,8,4,6,11,0,0,0,0,0,0,0,0,0,0,0,0,0,0
5034718,2,5,0,0,0,0,0,0,1,0,0,0,0,0,0,0,0,0,0,0,0,0,0,0,0,0,0,0
5034718,3,13,0,0,14,11,12,8,13,9,10,10,12,14,0,0,0,0,0,0,0,0,0,0,0,0,0,0
5042428,1,3,0,0,0,1,0,0,0,2,0,1,0,1,0,0,0,0,0,0,0,0,0,0,0,0,0,0
5042428,1,4,0,0,5,6,3,5,5,4,4,5,8,3,0,0,0,0,0,0,0,0,0,0,0,0,0,0
5042428,3,13,0,0,5,6,2,1,0,0,2,4,1,0,0,0,0,0,0,0,0,0,0,0,0,0,0,0
5047836,1,2,0,0,3,2,1,0,2,3,1,1,2,3,0,0,0,0,0,0,0,0,0,0,0,0,0,0
5047836,1,4,0,0,4,5,1,4,4,4,3,1,5,6,0,0,0,0,0,0,0,0,0,0,0,0,0,0
5047836,2,6,0,0,0,0,0,0,0,0,0,0,1,0,0,0,0,0,0,0,0,0,0,0,0,0,0,0
5047836,3,13,0,0,0,0,0,1,0,0,0,0,0,0,0,0,0,0,0,0,0,0,0,0,0,0,0,0
5055265,1,1,0,0,1,0,0,0,0,1,0,0,0,0,0,0,0,0,0,0,0,0,0,0,0,0,0,0
5055265,1,2,0,0,1,0,0,0,1,2,0,0,1,0,0,0,0,0,0,0,0,0,0,0,0,0,0,0
5055265,1,4,0,0,2,2,3,4,5,7,5,4,3,2,0,0,0,0,0,0,0,0,0,0,0,0,0,0
5055265,2,5,0,0,0,0,2,2,0,5,1,2,1,1,0,0,0,0,0,0,0,0,0,0,0,0,0,0
5056665,1,4,0,0,1,1,3,3,3,3,2,5,1,3,0,0,0,0,0,0,0,0,0,0,0,0,0,0
5056665,3,13,0,0,1,1,3,3,3,3,2,5,1,3,0,0,0,0,0,0,0,0,0,0,0,0,0,0
5059710,1,2,0,0,0,0,0,0,0,1,0,0,0,0,0,0,0,0,0,0,0,0,0,0,0,0,0,0
5059710,1,4,0,0,1,1,4,0,2,0,0,0,5,2,0,0,0,0,0,0,0,0,0,0,0,0,0,0
5059710,3,13,0,0,1,1,4,0,2,1,0,0,5,2,0,0,0,0,0,0,0,0,0,0,0,0,0,0
5059885,1,4,0,0,3,1,1,2,1,3,1,1,1,6,0,0,0,0,0,0,0,0,0,0,0,0,0,0
5065014,1,2,0,0,0,0,0,0,0,0,0,0,0,0,0,1,3,0,0,2,2,1,0,2,1,2,2,4
5065014,1,3,0,0,0,0,0,0,0,0,0,0,0,0,0,0,0,0,0,0,0,2,0,0,0,0,0,0
5065014,1,4,0,0,0,0,0,0,0,0,0,0,0,0,7,6,5,4,6,10,43,37,30,31,55,65,42,57
5065014,2,5,0,0,0,0,0,0,0,0,0,0,0,0,1,0,0,1,1,0,1,1,1,0,1,1,0,1
5065014,3,13,0,0,0,0,0,0,0,0,0,0,0,0,7,7,8,4,6,12,21,10,3,10,1,7,4,6
5066081,1,2,0,0,0,0,0,0,0,0,0,0,0,0,4,4,3,3,6,2,2,3,5,0,0,0,0,0
5066081,1,4,0,0,0,0,0,0,0,0,0,0,0,0,5,4,8,2,2,4,5,1,5,6,0,0,0,0
5066081,3,13,0,0,0,0,0,0,0,0,0,0,0,0,0,0,0,0,0,0,0,0,2,0,0,0,0,0
5068483,1,1,24,10,3,6,6,5,4,4,3,3,2,4,4,4,3,6,6,6,10,10,8,5,4,7,3,13
5068483,1,2,41,34,34,21,9,15,13,15,15,21,18,11,22,20,17,22,13,19,18,19,17,22,22,21,14,22
5068483,1,3,0,2,0,0,0,3,1,0,2,0,2,1,2,1,1,1,0,1,2,0,0,1,0,0,2,0
5068483,1,4,233,252,139,132,109,96,99,100,115,112,102,101,109,105,126,110,116,100,91,112,88,116,131,165,111,147
5068483,2,5,9,8,3,3,3,4,4,3,3,6,5,1,6,8,5,10,6,8,6,6,2,3,8,10,4,9
5068483,2,6,27,24,18,12,8,12,9,12,18,12,8,10,12,13,14,9,16,13,13,13,13,11,16,24,20,15
5068483,2,10,0,0,0,0,0,0,0,0,0,0,0,0,0,0,0,0,0,0,0,1,0,0,0,0,0,1
5068483,3,13,53,55,148,128,117,116,36,35,109,107,113,112,118,89,101,94,7,32,27,8,61,123,151,188,4,9
5075595,1,1,0,0,0,0,0,0,0,0,0,0,0,0,0,0,0,1,1,1,3,1,1,0,0,0,0,0
5075595,1,2,0,0,0,0,0,0,0,0,0,0,0,0,4,4,4,1,2,2,2,5,3,3,0,0,0,0
5075595,1,3,0,0,0,0,0,0,0,0,0,0,0,0,0,2,0,0,0,0,0,0,0,0,0,0,0,0
5075595,1,4,0,0,0,0,0,0,0,0,0,0,0,0,9,8,5,13,11,10,12,21,12,18,0,0,0,0
5075595,2,5,0,0,0,0,0,0,0,0,0,0,0,0,0,0,0,1,0,0,0,0,1,0,0,0,0,0
5075595,2,6,0,0,0,0,0,0,0,0,0,0,0,0,0,0,0,0,0,0,0,1,1,0,0,0,0,0
5075595,3,13,0,0,0,0,0,0,0,0,0,0,0,0,0,0,0,0,2,2,4,4,3,4,0,0,0,0
5076640,1,2,0,0,1,1,1,1,0,2,1,1,0,2,0,0,0,0,0,0,0,0,0,0,0,0,0,0
5076640,1,4,0,0,0,1,1,0,0,0,1,2,0,2,0,0,0,0,0,0,0,0,0,0,0,0,0,0
5076640,2,5,0,0,0,1,0,0,0,0,0,0,0,0,0,0,0,0,0,0,0,0,0,0,0,0,0,0
5076640,3,13,0,0,1,2,0,0,0,0,0,0,0,1,0,0,0,0,0,0,0,0,0,0,0,0,0,0
5084389,1,1,0,0,0,1,0,0,0,0,0,0,0,0,0,0,0,0,0,0,0,0,0,0,0,0,0,0
5084389,1,2,0,0,0,0,0,0,1,1,1,0,1,0,0,0,0,0,0,0,0,0,0,0,0,0,0,0
5084389,1,4,0,0,7,1,6,7,4,3,1,12,7,7,0,0,0,0,0,0,0,0,0,0,0,0,0,0
5084389,2,5,0,0,0,1,0,2,1,0,0,1,1,0,0,0,0,0,0,0,0,0,0,0,0,0,0,0
5084389,2,6,0,0,1,0,0,0,0,0,0,0,0,0,0,0,0,0,0,0,0,0,0,0,0,0,0,0
5084389,3,13,0,0,7,2,1,0,0,0,0,2,1,1,0,0,0,0,0,0,0,0,0,0,0,0,0,0
5087395,1,2,0,0,0,0,0,0,0,0,0,0,1,0,0,0,0,0,0,0,0,0,0,0,0,0,0,0
5087395,1,4,0,0,3,1,1,1,5,1,3,1,6,8,0,0,0,0,0,0,0,0,0,0,0,0,0,0
5087395,3,13,0,0,3,1,1,1,5,1,3,1,7,8,0,0,0,0,0,0,0,0,0,0,0,0,0,0
5091333,1,1,0,0,0,1,0,0,0,0,0,0,0,0,0,0,0,0,0,0,0,0,0,0,0,0,0,0
5091333,1,4,0,0,1,0,1,0,0,0,0,0,0,0,0,0,0,0,0,0,0,0,0,0,0,0,0,0
5091333,2,5,0,0,1,0,0,0,0,0,0,0,0,0,0,0,0,0,0,0,0,0,0,0,0,0,0,0
5093881,1,1,0,0,0,0,0,0,0,0,0,0,0,0,2,1,2,0,2,0,0,0,2,3,0,0,0,0
5093881,1,2,0,0,0,0,0,0,0,0,0,0,0,0,14,10,12,9,14,10,14,12,14,13,0,0,0,0
5093881,1,3,0,0,0,0,0,0,0,0,0,0,0,0,0,0,0,0,1,0,1,0,0,0,0,0,0,0
5093881,1,4,0,0,0,0,0,0,0,0,0,0,0,0,18,20,19,17,19,13,22,25,25,19,0,0,0,0
5093881,2,5,0,0,0,0,0,0,0,0,0,0,0,0,2,0,0,0,0,0,0,0,0,0,0,0,0,0
5093881,2,6,0,0,0,0,0,0,0,0,0,0,0,0,1,1,1,0,1,1,1,1,2,1,0,0,0,0
5093881,3,13,0,0,0,0,0,0,0,0,0,0,0,0,33,30,33,26,36,23,37,36,41,35,0,0,0,0
5096280,1,4,0,0,0,0,2,0,0,0,1,2,1,0,0,0,0,0,0,0,0,0,0,0,0,0,0,0
5096280,3,13,0,0,0,0,2,0,0,0,1,1,1,0,0,0,0,0,0,0,0,0,0,0,0,0,0,0
5100946,1,2,0,0,0,0,1,0,0,0,0,0,0,0,0,0,0,0,0,0,0,0,0,0,0,0,0,0
5100946,1,4,0,0,1,1,0,3,2,2,4,5,2,2,0,0,0,0,0,0,0,0,0,0,0,0,0,0
5100946,2,5,0,0,0,0,0,1,0,0,1,0,0,0,0,0,0,0,0,0,0,0,0,0,0,0,0,0
5113283,1,1,11,6,2,2,1,1,0,1,0,0,0,0,1,0,0,1,0,0,0,0,0,0,0,0,0,0
5113283,1,2,3,9,5,6,6,6,5,12,8,5,9,8,7,6,11,9,7,7,0,0,0,0,0,0,0,0
5113283,1,3,1,0,0,2,0,1,0,0,1,0,0,1,0,0,1,0,0,0,0,0,0,0,0,0,0,0
5113283,1,4,2,0,0,4,4,6,3,2,5,7,3,4,10,8,4,4,3,10,0,0,0,0,0,0,0,0
5113283,2,5,0,0,0,1,0,0,0,0,2,2,0,0,0,0,0,0,0,0,0,0,0,0,0,0,0,0
5113283,3,13,14,11,3,11,0,3,0,1,3,1,4,8,17,12,12,13,0,0,0,0,0,0,0,0,0,0
5117802,1,2,0,0,0,0,0,1,0,0,0,0,0,0,0,0,0,0,0,0,0,0,0,0,0,0,0,0
5117802,1,4,0,0,5,5,5,3,3,2,8,7,7,5,0,0,0,0,0,0,0,0,0,0,0,0,0,0
5117802,3,13,0,0,4,5,0,0,0,0,0,0,0,0,0,0,0,0,0,0,0,0,0,0,0,0,0,0
5119165,1,2,0,0,3,3,0,2,4,3,3,0,5,3,0,0,0,0,0,0,0,0,0,0,0,0,0,0
5119165,1,3,0,0,0,0,0,0,0,0,0,2,1,0,0,0,0,0,0,0,0,0,0,0,0,0,0,0
5119165,1,4,0,0,0,0,0,2,1,2,0,2,0,2,0,0,0,0,0,0,0,0,0,0,0,0,0,0
5119165,2,5,0,0,0,0,0,0,0,2,0,1,0,1,0,0,0,0,0,0,0,0,0,0,0,0,0,0
5119165,3,13,0,0,3,3,0,4,5,5,3,4,6,5,0,0,0,0,0,0,0,0,0,0,0,0,0,0
5125152,1,1,0,1,0,0,0,0,0,1,0,0,0,0,0,0,0,0,0,0,0,0,0,0,0,0,0,0
5125152,1,2,0,2,0,1,0,2,0,0,0,1,0,0,0,0,0,0,0,0,0,0,0,0,0,0,0,0
5125152,1,4,39,29,14,17,20,8,15,8,9,5,10,11,0,0,0,0,0,0,0,0,0,0,0,0,0,0
5125152,2,10,1,0,0,0,0,0,0,0,0,0,0,0,0,0,0,0,0,0,0,0,0,0,0,0,0,0
5126002,1,1,0,0,5,4,0,0,0,0,0,0,0,0,0,0,0,0,0,0,0,0,0,0,0,0,0,0
5126002,1,2,0,0,0,0,1,2,1,0,2,2,2,3,0,0,0,0,0,0,0,0,0,0,0,0,0,0
5126002,1,4,0,0,2,1,3,2,4,3,2,6,6,6,0,0,0,0,0,0,0,0,0,0,0,0,0,0
5126002,2,5,0,0,4,1,2,1,4,3,2,3,2,5,0,0,0,0,0,0,0,0,0,0,0,0,0,0
5126002,3,13,0,0,1,0,0,0,0,0,0,0,0,0,0,0,0,0,0,0,0,0,0,0,0,0,0,0
5126990,1,4,5,6,2,0,1,2,1,1,0,2,2,2,0,2,1,1,0,3,0,0,0,0,0,0,0,0
5126990,2,5,4,6,2,0,1,2,1,1,0,2,2,2,0,2,1,1,0,3,0,0,0,0,0,0,0,0
5126990,3,13,1,1,0,0,1,0,0,0,0,0,0,0,0,0,0,0,0,0,0,0,0,0,0,0,0,0
5127621,1,2,0,0,0,0,0,0,0,0,0,0,0,0,8,2,8,9,5,6,13,6,7,4,4,12,10,9
5127621,1,3,0,0,0,0,0,0,0,0,0,0,0,0,0,1,0,1,2,1,0,0,0,3,1,2,1,0
5127621,1,4,0,0,0,0,0,0,0,0,0,0,0,0,19,24,17,20,24,20,47,32,35,26,45,45,52,36
5127621,2,5,0,0,0,0,0,0,0,0,0,0,0,0,4,4,2,4,4,4,10,10,13,8,4,5,3,7
5127621,2,6,0,0,0,0,0,0,0,0,0,0,0,0,0,4,1,1,3,2,1,0,2,0,0,1,3,2
5127621,3,13,0,0,0,0,0,0,0,0,0,0,0,0,1,1,2,3,0,0,9,4,2,5,4,4,1,1
5142678,1,1,0,0,0,0,0,0,0,0,0,0,0,0,0,0,1,0,0,0,0,0,0,0,0,0,0,0
5142678,1,2,0,0,0,0,0,0,0,0,0,0,0,0,4,2,1,4,5,2,4,5,6,6,1,5,1,8
5142678,1,3,0,0,0,0,0,0,0,0,0,0,0,0,1,2,0,3,0,0,0,2,0,1,1,0,1,1
5142678,1,4,0,0,0,0,0,0,0,0,0,0,0,0,11,27,25,21,28,27,27,32,24,35,25,23,16,30
5142678,2,5,0,0,0,0,0,0,0,0,0,0,0,0,6,11,9,8,13,8,15,9,6,12,7,8,3,5
5142678,3,13,0,0,0,0,0,0,0,0,0,0,0,0,2,1,1,0,0,1,1,3,2,13,1,1,0,1
5147142,1,2,0,0,0,0,0,1,0,0,1,0,2,0,1,0,0,0,0,1,0,0,0,0,0,0,0,0
5147142,1,4,0,0,4,11,6,4,14,8,10,7,5,10,6,11,7,12,8,9,0,0,0,0,0,0,0,0
5147142,3,13,0,0,4,11,6,5,14,8,11,7,7,10,7,11,7,12,8,10,0,0,0,0,0,0,0,0
5159772,1,2,0,0,6,4,4,4,3,2,6,2,4,5,0,0,0,0,0,0,0,0,0,0,0,0,0,0
5159772,1,4,0,0,0,2,1,4,0,5,4,4,5,6,0,0,0,0,0,0,0,0,0,0,0,0,0,0
5159965,1,2,0,0,0,3,1,3,0,0,1,2,2,0,0,0,0,0,0,0,0,0,0,0,0,0,0,0
5159965,1,4,0,0,1,1,1,2,3,2,1,1,2,2,0,0,0,0,0,0,0,0,0,0,0,0,0,0
5159965,3,13,0,0,1,4,2,5,3,2,2,3,4,2,0,0,0,0,0,0,0,0,0,0,0,0,0,0
5161665,1,1,0,0,0,0,0,0,0,0,0,0,0,0,0,0,0,0,0,0,0,0,1,0,0,0,0,0
5161665,1,2,0,0,0,0,0,0,0,0,0,0,0,0,1,4,6,5,6,6,8,7,16,12,10,4,10,12
5161665,1,3,0,0,0,0,0,0,0,0,0,0,0,0,0,0,3,0,0,0,0,0,0,0,0,0,1,1
5161665,1,4,0,0,0,0,0,0,0,0,0,0,0,0,11,8,8,22,17,17,31,28,40,28,40,30,47,37
5161665,2,5,0,0,0,0,0,0,0,0,0,0,0,0,0,0,0,0,0,0,0,0,0,0,0,1,0,0
5161665,2,6,0,0,0,0,0,0,0,0,0,0,0,0,0,0,0,0,0,1,0,1,0,0,0,0,1,0
5161665,2,8,0,0,0,0,0,0,0,0,0,0,0,0,0,0,0,0,0,0,0,0,0,0,0,0,1,0
5161665,3,13,0,0,0,0,0,0,0,0,0,0,0,0,0,0,0,0,1,0,2,1,11,5,2,1,2,4
5164069,1,2,0,0,0,0,0,0,0,0,0,0,0,0,7,8,3,6,12,6,4,9,7,8,0,0,0,0
5164069,1,4,0,0,0,0,0,0,0,0,0,0,0,0,21,27,21,10,32,24,20,14,22,21,0,0,0,0
5164069,3,13,0,0,0,0,0,0,0,0,0,0,0,0,28,35,24,16,3,5,8,2,18,14,0,0,0,0
5171509,1,2,0,0,0,0,0,0,0,0,1,1,0,0,0,0,0,0,0,0,0,0,0,0,0,0,0,0
5171509,1,4,0,0,0,1,0,0,2,0,1,4,1,2,0,0,0,0,0,0,0,0,0,0,0,0,0,0
5171509,3,13,0,0,0,1,0,0,2,0,2,5,1,2,0,0,0,0,0,0,0,0,0,0,0,0,0,0
5171639,1,1,0,0,0,0,0,0,0,0,0,0,0,0,0,0,0,0,0,0,0,0,0,0,0,0,0,1
5171639,1,2,0,0,0,0,0,0,0,0,0,0,0,0,5,0,4,0,6,0,4,0,2,0,4,6,1,3
5171639,1,4,0,0,0,0,0,0,0,0,0,0,0,0,15,0,20,0,14,0,16,0,17,0,17,12,20,29
5171639,2,5,0,0,0,0,0,0,0,0,0,0,0,0,0,0,0,0,0,0,0,0,0,0,1,0,0,0
5171639,3,13,0,0,0,0,0,0,0,0,0,0,0,0,19,0,19,0,19,0,17,0,0,0,6,2,0,1
5174123,1,2,1,2,0,2,2,1,1,2,3,4,2,3,2,3,3,1,0,2,0,0,0,0,0,0,0,0
5174123,1,4,4,5,3,1,4,8,2,3,2,1,1,9,2,5,7,3,6,6,0,0,0,0,0,0,0,0
5174123,2,5,0,0,1,0,0,0,0,0,0,0,0,1,0,0,0,1,0,0,0,0,0,0,0,0,0,0
5174123,3,13,4,5,2,1,0,0,0,0,0,0,0,0,0,0,0,0,0,0,0,0,0,0,0,0,0,0
5177104,1,4,28,29,11,6,15,9,3,3,4,6,1,3,0,0,0,0,0,0,0,0,0,0,0,0,0,0
5177104,2,5,2,0,1,1,0,0,0,0,0,0,0,0,0,0,0,0,0,0,0,0,0,0,0,0,0,0
5177104,2,6,0,0,0,0,1,0,0,0,0,0,0,0,0,0,0,0,0,0,0,0,0,0,0,0,0,0
5183687,1,2,0,0,0,1,1,0,1,0,0,5,0,1,0,0,0,0,0,0,0,0,0,0,0,0,0,0
5183687,1,3,0,0,0,2,0,0,0,0,0,0,0,0,0,0,0,0,0,0,0,0,0,0,0,0,0,0
5183687,1,4,0,0,2,2,1,2,1,1,2,2,2,4,0,0,0,0,0,0,0,0,0,0,0,0,0,0
5183687,3,13,0,0,0,1,1,0,0,0,0,0,0,0,0,0,0,0,0,0,0,0,0,0,0,0,0,0
5192281,1,1,0,0,2,1,0,0,0,0,1,1,0,0,0,0,0,0,0,0,0,0,0,0,0,0,0,0
5192281,1,2,0,0,6,8,4,6,9,7,4,9,3,3,0,0,0,0,0,0,0,0,0,0,0,0,0,0
5192281,1,4,0,0,0,0,5,4,4,2,4,5,13,5,0,0,0,0,0,0,0,0,0,0,0,0,0,0
5192281,3,13,0,0,0,0,0,0,0,0,1,1,0,0,0,0,0,0,0,0,0,0,0,0,0,0,0,0
5196943,1,2,0,0,1,1,2,1,4,1,0,4,1,0,0,0,0,0,0,0,0,0,0,0,0,0,0,0
5196943,1,4,0,0,1,4,3,2,5,10,8,6,12,9,0,0,0,0,0,0,0,0,0,0,0,0,0,0
5196943,3,13,0,0,0,0,0,0,1,0,0,0,2,0,0,0,0,0,0,0,0,0,0,0,0,0,0,0
5202792,1,1,0,0,0,0,0,0,0,0,0,0,0,0,2,1,1,0,3,0,6,7,2,1,0,0,0,0
5202792,1,2,0,0,0,0,0,0,0,0,0,0,0,0,9,2,5,2,1,6,5,2,1,5,0,0,0,0
5202792,1,3,0,0,0,0,0,0,0,0,0,0,0,0,3,0,1,0,1,0,0,3,0,0,0,0,0,0
5202792,1,4,0,0,0,0,0,0,0,0,0,0,0,0,21,22,20,19,23,22,32,35,29,34,0,0,0,0
5202792,2,5,0,0,0,0,0,0,0,0,0,0,0,0,2,3,1,0,2,0,1,2,2,4,0,0,0,0
5202792,2,6,0,0,0,0,0,0,0,0,0,0,0,0,0,0,0,0,0,0,0,0,1,0,0,0,0,0
5202792,3,13,0,0,0,0,0,0,0,0,0,0,0,0,21,14,18,14,18,19,16,20,23,23,0,0,0,0
5209417,1,1,32,25,12,6,1,0,2,0,4,4,3,1,5,2,1,1,3,1,4,3,0,0,0,0,0,0
5209417,1,2,4,3,4,3,3,5,3,6,4,1,2,4,6,4,8,1,3,3,5,2,0,0,0,0,0,0
5209417,1,3,0,0,0,0,0,0,0,0,0,0,0,0,0,0,0,1,0,0,0,1,0,0,0,0,0,0
5209417,1,4,133,93,76,69,71,54,71,43,61,48,80,35,78,42,92,62,71,45,71,31,0,0,0,0,0,0
5209417,2,5,3,0,2,0,2,0,6,1,4,0,3,2,4,1,4,7,3,2,3,2,0,0,0,0,0,0
5209417,2,6,0,2,0,2,6,3,2,4,3,3,6,2,1,1,2,5,1,0,2,1,0,0,0,0,0,0
5209417,2,8,1,0,0,0,0,0,0,0,0,0,0,0,0,0,0,0,0,0,0,0,0,0,0,0,0,0
5209417,3,13,0,0,0,0,2,0,0,0,5,4,2,0,5,1,2,1,2,1,2,2,0,0,0,0,0,0
5221476,1,1,69,63,39,20,31,25,20,13,16,12,20,12,0,0,0,0,0,0,0,0,0,0,0,0,0,0
5221476,1,2,18,6,6,9,5,2,5,3,5,1,4,2,0,0,0,0,0,0,0,0,0,0,0,0,0,0
5221476,1,3,0,0,0,0,0,1,0,0,0,0,0,0,0,0,0,0,0,0,0,0,0,0,0,0,0,0
5221476,1,4,4,1,0,1,2,1,1,1,1,1,2,0,0,0,0,0,0,0,0,0,0,0,0,0,0,0
5221476,2,5,1,1,0,0,3,0,1,0,1,1,0,0,0,0,0,0,0,0,0,0,0,0,0,0,0,0
5221476,3,13,53,41,1,1,0,0,2,0,3,1,1,4,0,0,0,0,0,0,0,0,0,0,0,0,0,0
5223613,1,4,0,0,2,2,0,1,2,0,0,1,1,1,0,0,0,0,0,0,0,0,0,0,0,0,0,0
5223613,2,5,0,0,0,0,0,0,0,0,0,0,1,0,0,0,0,0,0,0,0,0,0,0,0,0,0,0
5224901,1,2,0,0,0,0,0,0,0,0,0,0,1,1,0,0,0,0,0,0,0,0,0,0,0,0,0,0
5224901,1,4,0,0,3,5,2,2,5,3,2,4,5,0,0,0,0,0,0,0,0,0,0,0,0,0,0,0
5232657,1,4,0,0,1,2,4,3,2,0,4,2,2,7,0,0,0,0,0,0,0,0,0,0,0,0,0,0
5232657,3,13,0,0,1,2,4,3,2,0,4,2,2,7,0,0,0,0,0,0,0,0,0,0,0,0,0,0
5239648,1,1,0,0,1,1,0,0,0,0,0,1,0,1,0,0,0,0,0,0,0,0,0,0,0,0,0,0
5239648,1,2,0,0,0,0,1,0,1,1,1,1,3,1,0,0,0,0,0,0,0,0,0,0,0,0,0,0
5239648,1,3,0,0,0,0,0,0,0,1,0,0,0,0,0,0,0,0,0,0,0,0,0,0,0,0,0,0
5239648,1,4,0,0,0,0,1,0,0,0,0,0,0,0,0,0,0,0,0,0,0,0,0,0,0,0,0,0
5239648,3,13,0,0,0,0,0,0,0,1,0,1,0,0,0,0,0,0,0,0,0,0,0,0,0,0,0,0
5240645,1,2,0,0,1,1,3,2,5,3,3,2,2,1,0,0,0,0,0,0,0,0,0,0,0,0,0,0
5240645,3,13,0,0,1,1,3,2,5,3,3,2,2,1,0,0,0,0,0,0,0,0,0,0,0,0,0,0
5245727,1,2,0,0,4,2,2,1,7,1,6,3,3,5,5,7,1,5,6,7,0,0,0,0,0,0,0,0
5245727,1,4,0,0,0,0,0,0,0,0,0,1,0,0,0,0,2,0,1,1,0,0,0,0,0,0,0,0
5245727,3,13,0,0,2,1,0,0,0,0,0,0,0,0,0,0,1,0,0,0,0,0,0,0,0,0,0,0
5256197,1,2,0,0,0,0,0,0,0,0,0,0,0,0,8,5,6,5,11,4,10,8,7,3,3,4,6,1
5256197,1,4,0,0,0,0,0,0,0,0,0,0,0,0,0,3,2,3,4,1,20,7,15,3,15,4,20,2
5256197,2,5,0,0,0,0,0,0,0,0,0,0,0,0,0,3,1,2,1,1,16,5,10,1,7,3,9,0
5256197,3,13,0,0,0,0,0,0,0,0,0,0,0,0,0,0,0,0,1,0,0,0,1,0,1,0,1,0
5257955,1,2,0,0,0,1,0,0,0,0,0,0,1,0,0,0,0,0,0,0,0,0,0,0,0,0,0,0
5257955,1,4,0,0,3,0,1,1,3,5,1,3,8,1,0,0,0,0,0,0,0,0,0,0,0,0,0,0
5258206,1,1,0,0,0,0,1,0,0,0,0,0,0,0,0,0,0,0,0,0,0,0,0,0,0,0,0,0
5258206,1,2,0,0,0,3,0,0,1,1,1,2,2,1,0,0,0,0,0,0,0,0,0,0,0,0,0,0
5258206,1,4,0,0,2,5,4,6,3,3,5,3,2,3,0,0,0,0,0,0,0,0,0,0,0,0,0,0
5258206,2,5,0,0,0,0,0,0,1,1,0,0,0,0,0,0,0,0,0,0,0,0,0,0,0,0,0,0
5258206,3,13,0,0,2,8,5,6,4,4,6,5,4,4,0,0,0,0,0,0,0,0,0,0,0,0,0,0
5261656,1,2,0,0,1,0,0,1,0,1,0,0,1,1,2,0,1,2,0,0,0,0,0,0,0,0,0,0
5261656,1,4,0,0,7,7,12,10,8,15,12,14,10,9,7,12,8,11,10,12,0,0,0,0,0,0,0,0
5261656,3,13,0,0,8,6,0,0,0,1,1,2,0,2,0,0,0,0,4,0,0,0,0,0,0,0,0,0
5267485,1,1,1,5,1,1,2,2,2,0,4,1,1,2,2,1,5,2,4,2,1,1,2,7,5,4,2,3
5267485,1,2,8,3,5,2,2,2,2,1,1,0,1,1,1,1,2,1,0,2,1,3,0,0,2,0,3,5
5267485,1,3,0,0,0,0,0,0,0,0,0,0,0,0,0,0,1,0,0,0,0,0,0,0,0,0,0,1
5267485,1,4,9,7,9,12,9,2,4,0,10,8,9,11,17,15,11,4,8,12,14,14,9,11,18,17,14,12
5267485,2,5,0,0,0,0,1,0,0,0,0,0,0,0,0,0,0,0,0,0,1,0,1,1,2,2,2,2
5267485,2,6,0,0,1,0,0,0,0,0,0,0,1,1,1,1,0,1,0,0,0,0,1,0,2,0,0,0
5267485,3,13,0,0,1,0,1,0,1,0,4,1,1,2,2,1,4,2,4,2,1,1,2,7,3,4,2,3
5269196,1,1,25,19,1,3,5,4,6,4,18,10,16,10,12,8,13,4,3,3,7,3,10,7,10,6,1,5
5269196,1,2,1,1,2,0,0,0,0,0,2,2,0,0,2,4,4,1,2,3,6,10,7,12,7,18,11,10
5269196,1,3,1,0,0,0,0,0,0,0,0,0,0,0,2,0,1,0,0,0,0,0,1,0,0,0,0,1
5269196,1,4,16,10,29,31,27,28,24,28,24,15,17,19,52,40,41,38,49,31,43,37,49,28,31,19,44,24
5269196,2,5,2,1,2,3,2,0,0,1,3,3,2,1,1,1,7,2,2,3,1,3,1,1,3,1,4,0
5269196,2,6,1,2,2,2,0,0,3,1,2,1,0,1,3,1,1,0,1,1,2,2,2,1,1,0,0,3
5269196,2,7,0,0,0,0,0,0,1,0,0,0,0,0,0,0,0,1,0,0,0,0,0,0,0,0,0,0
5269196,2,10,0,0,0,0,1,0,0,0,1,0,0,0,0,0,0,2,0,0,1,0,0,0,0,0,0,0
5269196,3,13,0,0,0,0,0,0,2,1,0,1,2,2,1,0,4,2,1,3,8,8,7,9,9,14,5,12
5277676,1,1,4,6,0,0,0,1,0,0,1,0,1,0,0,0,0,0,0,1,0,0,0,0,0,0,0,0
5277676,1,2,0,4,2,1,1,0,0,0,0,0,0,0,0,0,0,0,1,0,0,0,0,0,0,0,0,0
5277676,1,4,6,3,3,1,1,1,4,3,1,0,0,2,1,0,1,3,3,1,0,3,1,2,0,0,0,0
5277676,3,13,0,0,0,0,0,0,0,0,0,0,1,0,0,0,0,0,0,1,0,0,0,0,0,0,0,0
5283969,1,1,9,12,1,1,4,4,10,9,11,8,4,7,8,3,10,5,6,8,2,2,7,3,2,5,3,5
5283969,1,2,4,1,1,3,3,4,0,0,3,1,8,1,4,0,3,5,5,7,3,4,2,4,1,0,2,3
5283969,1,3,0,1,0,1,1,0,1,0,0,0,0,0,1,1,1,0,0,0,0,1,0,0,0,0,0,0
5283969,1,4,59,55,58,46,52,54,45,44,55,34,44,36,45,32,51,35,41,35,30,27,25,25,32,30,18,12
5283969,2,5,0,1,3,2,1,2,2,1,1,6,3,1,3,0,3,2,3,1,1,1,5,0,4,6,3,3
5283969,2,6,0,2,5,1,2,1,1,3,2,2,3,0,3,2,3,6,5,2,2,3,2,1,1,1,1,1
5283969,3,13,0,1,0,0,2,1,5,8,9,7,1,5,4,2,7,1,3,8,2,1,6,2,2,5,1,5
5286139,1,1,0,0,1,1,1,0,0,0,1,0,0,0,0,0,0,0,0,0,0,0,0,0,0,0,0,0
5286139,1,2,0,0,1,0,0,0,0,0,0,2,2,0,0,0,0,0,0,0,0,0,0,0,0,0,0,0
5286139,1,4,0,0,2,1,1,0,2,0,1,4,1,0,0,0,0,0,0,0,0,0,0,0,0,0,0,0
5286139,2,5,0,0,0,0,0,0,1,0,0,1,0,0,0,0,0,0,0,0,0,0,0,0,0,0,0,0
5286139,3,13,0,0,4,2,2,0,2,0,2,6,3,0,0,0,0,0,0,0,0,0,0,0,0,0,0,0
5290345,1,4,0,0,4,3,1,3,1,1,4,1,2,2,0,0,0,0,0,0,0,0,0,0,0,0,0,0
5290345,3,13,0,0,4,3,1,3,1,1,4,1,2,2,0,0,0,0,0,0,0,0,0,0,0,0,0,0
5295053,1,2,0,0,1,0,0,0,0,0,0,1,0,1,0,0,1,1,0,0,0,0,0,0,0,0,0,0
5295053,1,4,0,0,2,6,3,2,9,5,5,7,9,4,7,8,6,8,11,9,0,0,0,0,0,0,0,0
5295772,1,1,23,18,0,1,0,0,0,3,1,0,0,0,0,0,0,0,0,0,0,0,0,0,0,0,0,0
5295772,1,2,7,4,5,0,1,0,2,0,1,0,0,0,4,2,2,0,4,1,2,0,0,1,0,0,0,0
5295772,1,4,46,43,28,21,26,20,21,9,26,14,27,14,34,22,19,10,21,17,16,12,12,12,0,0,0,0
5295772,2,5,0,0,0,0,0,1,0,1,0,1,1,0,2,2,0,0,1,1,0,2,1,0,0,0,0,0
5295772,2,6,0,0,0,0,0,0,0,2,0,0,0,0,0,0,0,0,0,0,0,0,0,0,0,0,0,0
5295772,2,10,1,1,0,0,0,0,0,0,0,0,0,0,0,0,0,0,0,0,0,0,0,0,0,0,0,0
5295772,3,13,0,0,0,0,0,0,0,0,0,0,0,0,0,0,0,0,0,0,0,0,1,0,0,0,0,0
5305364,1,1,0,0,0,0,0,0,0,0,0,0,0,0,0,0,0,0,0,0,5,0,1,0,1,0,0,0
5305364,1,2,0,0,0,0,0,0,0,0,0,0,0,0,16,0,11,0,12,0,46,0,53,0,76,0,53,0
5305364,1,3,0,0,0,0,0,0,0,0,0,0,0,0,1,0,3,0,0,0,4,0,0,0,1,0,0,0
5305364,1,4,0,0,0,0,0,0,0,0,0,0,0,0,34,0,51,0,90,0,172,0,180,0,340,0,324,0
5305364,2,5,0,0,0,0,0,0,0,0,0,0,0,0,14,0,17,0,38,0,61,0,61,0,69,0,60,0
5305364,2,6,0,0,0,0,0,0,0,0,0,0,0,0,1,0,1,0,1,0,0,0,2,0,3,0,4,0
5305364,3,13,0,0,0,0,0,0,0,0,0,0,0,0,0,0,1,0,0,0,23,0,16,0,41,0,26,0
5324212,1,4,0,0,1,1,1,1,1,2,1,3,1,2,0,0,0,0,0,0,0,0,0,0,0,0,0,0
5324332,1,1,2,0,1,3,1,0,0,1,0,0,0,0,3,1,0,0,0,0,0,0,1,1,0,0,0,0
5324332,1,2,15,5,1,5,11,6,5,7,7,8,2,4,4,1,4,5,3,0,0,3,1,0,0,0,0,0
5324332,1,3,1,0,0,1,0,0,0,0,0,0,1,0,0,0,0,0,0,0,0,0,0,0,0,0,0,0
5324332,1,4,76,63,73,42,72,45,55,43,60,51,62,43,37,41,32,34,24,24,21,13,19,26,0,0,0,0
5324332,2,5,1,2,3,1,3,1,2,0,0,2,0,1,0,4,1,0,0,1,1,1,2,3,0,0,0,0
5324332,2,6,0,2,1,0,1,0,1,2,1,1,1,1,1,6,2,0,1,0,0,0,1,1,0,0,0,0
5324332,3,13,0,0,4,1,0,0,0,1,0,0,0,0,1,0,0,0,1,0,1,0,0,0,0,0,0,0
5329306,1,2,0,0,3,3,1,3,2,4,1,4,4,3,0,0,0,0,0,0,0,0,0,0,0,0,0,0
5329306,1,4,0,0,2,3,3,4,5,3,5,7,4,6,0,0,0,0,0,0,0,0,0,0,0,0,0,0
5329306,2,5,0,0,0,0,0,0,0,0,0,1,0,1,0,0,0,0,0,0,0,0,0,0,0,0,0,0
5329306,3,13,0,0,0,0,0,0,1,0,0,1,2,0,0,0,0,0,0,0,0,0,0,0,0,0,0,0
5330750,1,2,0,0,0,0,0,0,0,0,0,0,0,0,0,15,0,11,0,17,0,25,0,20,0,33,0,48
5330750,1,3,0,0,0,0,0,0,0,0,0,0,0,0,0,0,0,0,0,1,0,0,0,2,0,0,0,0
5330750,1,4,0,0,0,0,0,0,0,0,0,0,0,0,0,46,0,55,0,70,0,74,0,76,0,111,0,154
5330750,2,5,0,0,0,0,0,0,0,0,0,0,0,0,0,4,0,5,0,6,0,6,0,8,0,4,0,11
5330750,2,6,0,0,0,0,0,0,0,0,0,0,0,0,0,0,0,0,0,0,0,0,0,0,0,1,0,0
5330750,3,13,0,0,0,0,0,0,0,0,0,0,0,0,0,1,0,5,0,2,0,1,0,5,0,0,0,6
5336754,1,1,0,0,0,0,0,0,0,0,0,0,0,0,0,0,0,0,1,0,1,1,0,0,0,0,0,0
5336754,1,2,0,0,0,0,0,0,0,0,0,0,0,0,3,1,2,2,1,0,2,1,1,2,0,0,0,0
5336754,1,3,0,0,0,0,0,0,0,0,0,0,0,0,1,2,0,3,1,1,0,2,0,1,0,0,0,0
5336754,1,4,0,0,0,0,0,0,0,0,0,0,0,0,7,17,14,6,14,12,13,15,14,13,0,0,0,0
5336754,2,5,0,0,0,0,0,0,0,0,0,0,0,0,0,1,0,0,0,0,0,0,0,1,0,0,0,0
5336754,3,13,0,0,0,0,0,0,0,0,0,0,0,0,1,1,2,1,2,3,1,3,1,1,0,0,0,0
5340357,1,1,1,2,0,1,0,2,2,1,0,1,1,1,0,0,0,0,0,0,0,0,0,0,0,0,0,0
5340357,1,2,6,6,4,6,2,3,4,7,4,4,1,2,0,0,0,0,0,0,0,0,0,0,0,0,0,0
5340357,1,3,0,1,0,2,0,0,0,0,0,0,0,0,0,0,0,0,0,0,0,0,0,0,0,0,0,0
5340357,1,4,44,43,40,33,28,18,13,31,29,28,20,15,0,0,0,0,0,0,0,0,0,0,0,0,0,0
5340357,2,5,12,13,7,8,6,4,5,5,6,7,7,2,0,0,0,0,0,0,0,0,0,0,0,0,0,0
5340357,2,6,1,0,0,2,1,0,0,3,1,2,1,0,0,0,0,0,0,0,0,0,0,0,0,0,0,0
5340357,2,10,0,0,0,1,0,0,0,0,0,0,0,0,0,0,0,0,0,0,0,0,0,0,0,0,0,0
5340357,3,13,0,0,0,0,0,1,1,1,0,1,1,1,0,0,0,0,0,0,0,0,0,0,0,0,0,0
5342087,1,3,0,0,0,0,0,0,0,0,1,0,0,0,0,0,0,0,0,0,0,0,0,0,0,0,0,0
5342087,1,4,0,0,6,5,5,7,9,6,14,8,4,8,0,0,0,0,0,0,0,0,0,0,0,0,0,0
5342087,2,5,0,0,0,0,0,0,0,0,2,0,0,0,0,0,0,0,0,0,0,0,0,0,0,0,0,0
5343292,1,2,0,0,0,0,0,0,0,1,0,0,1,2,0,0,0,0,0,0,0,0,0,0,0,0,0,0
5343292,1,4,0,0,4,1,4,1,3,4,2,2,7,8,0,0,0,0,0,0,0,0,0,0,0,0,0,0
5343967,1,1,2,2,3,0,1,4,3,0,2,4,3,0,2,1,2,1,2,1,1,1,4,2,4,2,4,0
5343967,1,2,11,8,6,6,2,5,1,1,2,3,3,1,4,1,0,3,2,0,4,2,1,1,2,1,2,1
5343967,1,3,0,0,0,0,0,0,0,0,0,0,1,0,1,0,0,0,1,0,0,0,0,1,0,0,0,0
5343967,1,4,37,34,27,18,6,10,16,11,19,12,21,16,14,8,9,9,10,12,10,8,12,6,11,13,10,11
5343967,2,5,1,2,3,0,1,2,0,0,1,0,0,0,1,0,0,0,0,1,0,0,0,0,0,1,0,0
5343967,2,6,0,0,0,0,0,0,0,0,1,1,0,0,0,0,0,0,0,0,0,0,0,0,0,0,1,0
5343967,3,13,0,0,1,0,1,2,0,0,2,4,3,1,2,1,2,2,2,1,1,2,3,2,3,1,4,0
5344389,1,1,0,0,0,0,0,0,0,1,0,0,0,0,0,0,0,0,0,0,0,0,0,0,0,0,0,0
5344389,1,2,0,0,1,1,2,4,8,8,3,6,7,5,0,0,0,0,0,0,0,0,0,0,0,0,0,0
5344389,1,3,0,0,0,0,0,0,0,0,0,0,1,1,0,0,0,0,0,0,0,0,0,0,0,0,0,0
5344389,1,4,0,0,8,9,10,13,16,21,22,14,25,26,0,0,0,0,0,0,0,0,0,0,0,0,0,0
5344389,2,5,0,0,1,1,3,3,4,8,6,2,11,8,0,0,0,0,0,0,0,0,0,0,0,0,0,0
5344389,3,13,0,0,7,8,6,8,12,14,14,14,15,19,0,0,0,0,0,0,0,0,0,0,0,0,0,0
5354439,1,2,0,0,0,0,0,0,0,0,0,0,0,0,4,7,2,1,3,6,3,2,6,3,0,0,0,0
5354439,1,4,0,0,0,0,0,0,0,0,0,0,0,0,10,7,11,5,7,10,6,2,10,5,0,0,0,0
5354439,3,13,0,0,0,0,0,0,0,0,0,0,0,0,0,2,0,1,0,0,3,1,10,6,0,0,0,0
5356136,1,1,0,0,0,1,0,1,1,2,1,1,2,0,0,0,0,0,0,0,0,0,0,0,0,0,0,0
5356136,1,2,0,0,0,0,0,0,0,0,0,1,0,0,0,0,0,0,0,0,0,0,0,0,0,0,0,0
5356136,1,4,0,0,0,1,3,3,0,3,1,1,1,2,0,0,0,0,0,0,0,0,0,0,0,0,0,0
5356136,3,13,0,0,0,2,3,4,1,5,1,2,3,1,0,0,0,0,0,0,0,0,0,0,0,0,0,0
5358712,1,4,0,0,6,7,4,6,8,8,6,8,7,4,0,0,0,0,0,0,0,0,0,0,0,0,0,0
5365169,1,4,0,0,1,3,1,3,3,1,1,2,3,4,0,0,0,0,0,0,0,0,0,0,0,0,0,0
5368659,1,2,0,0,3,1,1,1,0,1,0,0,0,0,0,0,0,0,0,0,0,0,0,0,0,0,0,0
5368659,1,3,0,0,0,3,1,1,0,0,0,1,0,1,0,0,0,0,0,0,0,0,0,0,0,0,0,0
5368659,1,4,0,0,0,2,1,2,4,0,2,0,2,1,0,0,0,0,0,0,0,0,0,0,0,0,0,0
5368659,3,13,0,0,0,0,1,0,0,0,0,0,1,0,0,0,0,0,0,0,0,0,0,0,0,0,0,0
5368802,1,4,0,0,1,3,3,4,0,2,6,3,5,7,0,0,0,0,0,0,0,0,0,0,0,0,0,0
5368802,2,6,0,0,1,3,3,4,0,2,6,3,5,7,0,0,0,0,0,0,0,0,0,0,0,0,0,0
5368802,3,13,0,0,0,2,0,0,0,0,1,0,0,1,0,0,0,0,0,0,0,0,0,0,0,0,0,0
5369021,1,3,0,0,0,0,0,0,0,0,1,0,0,0,0,0,0,0,0,0,0,0,0,0,0,0,0,0
5369021,1,4,0,0,2,2,2,1,0,1,4,3,2,1,0,0,0,0,0,0,0,0,0,0,0,0,0,0
5369021,3,13,0,0,2,2,2,1,0,1,5,3,2,1,0,0,0,0,0,0,0,0,0,0,0,0,0,0
5369810,1,4,0,0,1,3,2,3,2,3,2,1,4,2,0,0,0,0,0,0,0,0,0,0,0,0,0,0
5369810,2,5,0,0,1,3,2,3,2,3,2,1,4,2,0,0,0,0,0,0,0,0,0,0,0,0,0,0
5369992,1,2,0,0,0,2,0,0,1,0,1,0,0,1,0,0,0,0,0,0,0,0,0,0,0,0,0,0
5369992,1,4,0,0,10,4,4,4,5,6,4,5,2,8,0,0,0,0,0,0,0,0,0,0,0,0,0,0
5369992,2,5,0,0,2,0,2,1,0,2,0,0,2,2,0,0,0,0,0,0,0,0,0,0,0,0,0,0
5369992,3,13,0,0,2,1,0,1,3,4,1,1,2,6,0,0,0,0,0,0,0,0,0,0,0,0,0,0
5371742,1,2,1,0,0,0,1,0,0,0,0,0,2,1,0,0,0,0,0,0,0,0,0,0,0,0,0,0
5371742,1,4,10,7,0,0,2,0,4,2,1,2,0,2,0,0,0,0,0,0,0,0,0,0,0,0,0,0
5371742,2,5,3,0,0,0,0,0,0,0,0,0,0,0,0,0,0,0,0,0,0,0,0,0,0,0,0,0
5371742,3,13,4,3,0,0,0,0,0,0,0,0,0,0,0,0,0,0,0,0,0,0,0,0,0,0,0,0
5374052,1,2,0,0,0,0,1,2,1,1,0,0,1,0,0,0,0,0,0,0,0,0,0,0,0,0,0,0
5374052,1,4,0,0,2,4,3,3,11,7,2,6,10,8,0,0,0,0,0,0,0,0,0,0,0,0,0,0
5374052,3,13,0,0,2,4,4,5,12,8,2,6,11,8,0,0,0,0,0,0,0,0,0,0,0,0,0,0
5378948,1,4,0,0,0,1,1,0,2,1,2,0,3,0,0,0,0,0,0,0,0,0,0,0,0,0,0,0
5378948,3,13,0,0,0,0,0,0,0,0,1,0,1,0,0,0,0,0,0,0,0,0,0,0,0,0,0,0
5380162,1,2,0,0,0,0,0,0,0,0,0,0,0,0,1,0,0,0,0,0,1,0,0,0,0,0,0,0
5380162,1,4,0,0,0,0,0,0,0,0,0,0,0,0,23,25,18,24,14,18,20,21,13,17,0,0,0,0
5380162,3,13,0,0,0,0,0,0,0,0,0,0,0,0,0,0,0,0,0,0,2,1,1,0,0,0,0,0
5383544,1,2,0,0,1,0,1,0,0,0,0,0,0,0,0,0,1,1,0,0,0,0,0,0,0,0,0,0
5383544,1,4,24,31,18,13,20,12,10,10,11,12,13,9,20,22,26,20,22,15,0,0,0,0,0,0,0,0
5383544,3,13,24,31,18,13,21,12,10,10,11,12,13,9,14,8,27,21,7,5,0,0,0,0,0,0,0,0
5386630,1,2,0,0,5,1,2,1,5,3,2,5,7,10,6,3,6,6,8,3,0,0,0,0,0,0,0,0
5386630,1,4,0,0,0,3,1,0,1,0,2,1,1,1,0,2,0,3,0,1,0,0,0,0,0,0,0,0
5392170,1,2,8,7,6,2,4,2,4,4,6,4,1,2,3,2,2,0,3,2,3,2,6,0,2,0,2,3
5392170,1,4,12,20,8,9,9,12,7,9,12,7,17,4,13,10,13,8,8,16,10,8,9,5,9,12,5,6
5392170,2,5,1,1,1,0,1,2,0,2,1,1,3,1,1,3,3,1,3,2,0,3,2,0,1,2,0,0
5392170,2,6,0,0,0,0,1,0,1,0,1,1,0,0,3,1,1,0,2,0,1,1,1,0,0,0,0,2
5392170,3,13,1,0,0,0,0,0,0,0,1,0,0,0,1,0,0,0,1,1,0,0,0,0,0,0,5,4
5399441,1,4,0,0,1,5,5,1,8,3,4,3,11,3,0,0,0,0,0,0,0,0,0,0,0,0,0,0
5399441,3,13,0,0,0,1,0,0,0,0,0,0,0,0,0,0,0,0,0,0,0,0,0,0,0,0,0,0
5403719,1,3,0,0,0,1,1,0,0,0,0,0,2,2,0,0,2,1,3,0,0,0,0,0,0,0,0,0
5403719,1,4,0,0,0,0,1,0,2,0,0,0,0,0,0,0,0,1,0,0,0,0,0,0,0,0,0,0
5403719,3,13,0,0,0,1,2,0,2,0,0,0,2,2,0,0,2,2,3,0,0,0,0,0,0,0,0,0
5408223,1,2,0,0,0,0,0,0,0,0,0,0,1,0,0,0,0,0,0,0,0,0,0,0,0,0,0,0
5408223,1,3,0,0,0,0,2,0,0,0,2,0,0,1,0,0,0,0,0,0,0,0,0,0,0,0,0,0
5408223,1,4,0,0,4,2,2,1,4,6,6,5,4,4,0,0,0,0,0,0,0,0,0,0,0,0,0,0
5414817,1,2,0,0,1,2,0,2,2,3,0,2,4,5,0,0,0,0,0,0,0,0,0,0,0,0,0,0
5414817,1,4,0,0,2,0,0,0,2,3,1,1,0,1,0,0,0,0,0,0,0,0,0,0,0,0,0,0
5414817,3,13,0,0,3,2,0,1,4,6,1,3,4,6,0,0,0,0,0,0,0,0,0,0,0,0,0,0
5420804,1,2,0,0,1,1,1,1,2,1,1,0,0,0,0,0,0,0,0,0,0,0,0,0,0,0,0,0
5420804,1,3,0,0,0,0,1,0,1,2,2,1,2,2,0,0,0,0,0,0,0,0,0,0,0,0,0,0
5420804,1,4,0,0,2,2,2,2,2,1,2,2,2,3,0,0,0,0,0,0,0,0,0,0,0,0,0,0
5420804,2,5,0,0,0,0,0,0,1,0,0,1,1,0,0,0,0,0,0,0,0,0,0,0,0,0,0,0
5420804,3,13,0,0,0,0,1,0,2,2,0,0,0,0,0,0,0,0,0,0,0,0,0,0,0,0,0,0
5426411,1,2,0,0,0,0,0,1,0,0,0,1,0,0,0,0,0,0,0,0,0,0,0,0,0,0,0,0
5426411,1,4,4,11,4,2,5,3,3,11,9,3,5,6,8,6,7,5,8,6,0,0,0,0,0,0,0,0
5432067,1,1,0,0,0,1,0,0,0,0,0,0,0,0,0,0,0,0,0,0,0,0,0,0,0,0,0,0
5432067,1,2,0,0,0,0,0,0,0,1,1,0,0,0,0,0,0,0,0,0,0,0,0,0,0,0,0,0
5432067,1,4,0,0,4,4,7,7,7,2,9,8,6,5,4,4,8,4,5,7,0,0,0,0,0,0,0,0
5432067,2,5,0,0,4,5,7,6,7,2,6,8,6,5,3,3,7,3,4,7,0,0,0,0,0,0,0,0
5432067,3,13,0,0,0,0,0,1,0,0,2,0,0,1,0,0,0,0,0,0,0,0,0,0,0,0,0,0
5434173,1,1,1,0,0,0,0,0,1,0,0,0,1,0,0,0,0,0,0,1,0,0,0,1,0,0,0,0
5434173,1,2,6,2,4,6,1,1,1,6,5,3,3,1,4,1,2,3,3,3,2,3,1,4,0,0,0,0
5434173,1,3,0,0,0,0,0,0,0,0,0,0,0,0,1,0,0,0,0,0,0,0,0,0,0,0,0,0
5434173,1,4,58,49,24,27,20,21,22,19,23,21,16,16,17,14,19,12,4,13,6,12,9,9,0,0,0,0
5434173,2,5,3,5,4,3,1,4,6,2,0,3,3,1,1,1,1,3,0,0,0,2,1,0,0,0,0,0
5434173,2,6,1,2,3,2,2,3,1,1,1,4,0,3,1,1,0,1,2,2,0,0,2,0,0,0,0,0
5438060,1,4,0,0,2,1,2,1,2,0,4,6,1,1,0,0,0,0,0,0,0,0,0,0,0,0,0,0
5438060,3,13,0,0,2,1,1,1,2,0,4,6,1,1,0,0,0,0,0,0,0,0,0,0,0,0,0,0
5441203,1,1,0,0,0,0,0,1,0,0,1,0,0,0,0,0,0,0,0,0,0,0,0,0,0,0,0,0
5441203,1,2,0,0,0,0,0,1,0,1,0,2,1,3,0,0,0,0,0,0,0,0,0,0,0,0,0,0
5441203,1,4,0,0,13,10,15,12,19,21,18,17,16,15,0,0,0,0,0,0,0,0,0,0,0,0,0,0
5441203,2,5,0,0,10,9,12,7,14,17,16,15,12,8,0,0,0,0,0,0,0,0,0,0,0,0,0,0
5443505,1,1,0,0,4,2,0,0,0,0,0,0,0,0,0,0,0,0,0,0,0,0,0,0,0,0,0,0
5443505,1,2,0,0,0,0,1,0,0,0,0,1,0,0,0,0,0,0,0,0,0,0,0,0,0,0,0,0
5443505,1,4,0,0,1,1,3,8,7,3,5,2,3,6,0,0,0,0,0,0,0,0,0,0,0,0,0,0
5443505,3,13,0,0,0,0,0,0,0,0,4,2,0,0,0,0,0,0,0,0,0,0,0,0,0,0,0,0
5444373,1,3,0,0,2,2,1,0,1,2,1,0,1,3,0,0,0,0,0,0,0,0,0,0,0,0,0,0
5444373,1,4,0,0,2,2,2,2,1,2,3,1,2,1,0,0,0,0,0,0,0,0,0,0,0,0,0,0
5444373,3,13,0,0,0,3,1,0,0,1,2,0,0,2,0,0,0,0,0,0,0,0,0,0,0,0,0,0
5446667,1,3,0,0,0,0,0,1,0,0,0,0,0,0,0,0,0,0,0,0,0,0,0,0,0,0,0,0
5446667,1,4,0,0,3,0,0,1,4,2,2,4,2,1,0,0,0,0,0,0,0,0,0,0,0,0,0,0
5446667,2,6,0,0,0,0,0,0,0,0,0,1,0,0,0,0,0,0,0,0,0,0,0,0,0,0,0,0
5446667,3,13,0,0,0,0,0,1,0,0,0,0,0,0,0,0,0,0,0,0,0,0,0,0,0,0,0,0
5448440,1,2,0,0,1,1,0,1,0,0,2,0,2,0,0,0,0,0,0,0,0,0,0,0,0,0,0,0
5448440,1,4,0,0,0,3,0,2,3,4,2,2,2,1,0,0,0,0,0,0,0,0,0,0,0,0,0,0
5450232,1,2,2,2,0,1,0,1,1,0,0,0,0,0,0,0,0,0,0,0,0,0,0,0,0,0,0,0
5450232,1,4,54,51,20,12,7,6,4,10,2,6,9,5,0,0,0,0,0,0,0,0,0,0,0,0,0,0
5450232,2,5,0,1,0,0,0,0,0,0,0,1,1,0,0,0,0,0,0,0,0,0,0,0,0,0,0,0
5457664,1,1,0,0,1,5,1,0,0,2,1,2,2,3,0,0,0,0,0,0,0,0,0,0,0,0,0,0
5457664,1,2,0,0,8,11,7,16,11,15,12,20,3,9,0,0,0,0,0,0,0,0,0,0,0,0,0,0
5457664,1,3,0,0,0,1,0,0,0,0,0,1,0,0,0,0,0,0,0,0,0,0,0,0,0,0,0,0
5457664,1,4,0,0,18,14,12,11,16,15,20,16,15,25,0,0,0,0,0,0,0,0,0,0,0,0,0,0
5457664,2,5,0,0,0,5,2,3,0,1,3,2,4,3,0,0,0,0,0,0,0,0,0,0,0,0,0,0
5457664,3,13,0,0,2,3,0,0,1,2,0,3,5,5,0,0,0,0,0,0,0,0,0,0,0,0,0,0
5458511,1,4,0,0,4,0,2,2,5,2,4,3,4,2,0,0,0,0,0,0,0,0,0,0,0,0,0,0
5458511,3,13,0,0,2,0,2,0,4,0,0,0,1,0,0,0,0,0,0,0,0,0,0,0,0,0,0,0
5460872,1,2,0,0,1,0,0,1,0,1,0,1,0,0,0,0,0,0,0,0,0,0,0,0,0,0,0,0
5460872,1,3,0,0,0,0,1,0,0,0,0,0,1,1,0,0,0,0,0,0,0,0,0,0,0,0,0,0
5460872,1,4,0,0,0,0,1,1,1,1,0,0,2,1,0,0,0,0,0,0,0,0,0,0,0,0,0,0
5460872,3,13,0,0,0,0,2,0,0,1,0,0,3,2,0,0,0,0,0,0,0,0,0,0,0,0,0,0
5462325,1,2,0,0,0,0,0,0,0,0,1,0,0,0,0,0,0,0,0,0,0,0,0,0,0,0,0,0
5462325,1,4,0,0,3,2,4,3,1,4,7,2,7,6,0,0,0,0,0,0,0,0,0,0,0,0,0,0
5462325,2,5,0,0,1,0,1,1,0,1,0,0,1,2,0,0,0,0,0,0,0,0,0,0,0,0,0,0
5462325,3,13,0,0,3,2,3,2,1,4,8,2,7,6,0,0,0,0,0,0,0,0,0,0,0,0,0,0
5478354,1,2,0,0,0,1,1,0,0,0,0,0,1,0,0,0,0,0,0,0,0,0,0,0,0,0,0,0
5478354,1,4,0,0,5,3,1,9,6,6,3,3,4,7,2,2,4,3,4,5,0,0,0,0,0,0,0,0
5478354,2,6,0,0,0,0,0,0,0,0,0,0,0,1,0,0,1,0,0,0,0,0,0,0,0,0,0,0
5478354,3,13,0,0,3,1,0,1,0,0,1,0,1,0,0,0,0,0,0,0,0,0,0,0,0,0,0,0
5483366,1,1,0,0,1,2,0,0,0,0,0,0,0,0,0,0,0,0,0,0,0,0,0,0,0,0,0,0
5483366,1,4,0,0,0,0,2,4,2,3,0,3,2,1,0,0,0,0,0,0,0,0,0,0,0,0,0,0
5483366,2,5,0,0,1,2,2,4,2,3,0,3,2,1,0,0,0,0,0,0,0,0,0,0,0,0,0,0
5483366,3,13,0,0,0,0,0,0,0,0,0,2,0,0,0,0,0,0,0,0,0,0,0,0,0,0,0,0
5487910,1,2,0,0,3,8,5,11,10,7,12,10,7,8,0,0,0,0,0,0,0,0,0,0,0,0,0,0
5487910,1,3,0,0,0,0,0,1,0,0,0,0,2,0,0,0,0,0,0,0,0,0,0,0,0,0,0,0
5487910,1,4,0,0,0,0,0,1,0,1,2,0,2,0,0,0,0,0,0,0,0,0,0,0,0,0,0,0
5487910,2,5,0,0,0,0,0,1,0,0,0,0,0,0,0,0,0,0,0,0,0,0,0,0,0,0,0,0
5487910,3,13,0,0,0,0,0,0,0,0,0,0,0,1,0,0,0,0,0,0,0,0,0,0,0,0,0,0
5488112,1,2,0,0,0,1,0,0,0,0,0,0,1,0,0,0,0,0,0,0,0,0,0,0,0,0,0,0
5488112,1,4,0,0,1,0,1,3,1,1,2,1,0,4,0,0,0,0,0,0,0,0,0,0,0,0,0,0
5489266,1,1,0,0,1,0,0,0,0,0,0,0,0,0,0,0,0,0,0,0,0,0,0,0,0,0,0,0
5489266,1,2,0,0,3,1,3,2,4,4,0,0,2,2,0,0,0,0,0,0,0,0,0,0,0,0,0,0
5489266,1,4,0,0,2,2,0,1,5,1,2,2,4,2,0,0,0,0,0,0,0,0,0,0,0,0,0,0
5489266,2,5,0,0,2,1,0,1,5,0,2,1,4,2,0,0,0,0,0,0,0,0,0,0,0,0,0,0
5489266,3,13,0,0,0,0,0,1,0,0,0,0,0,2,0,0,0,0,0,0,0,0,0,0,0,0,0,0
5494348,1,4,0,0,10,16,8,7,16,13,13,11,13,13,26,10,9,10,16,21,0,0,0,0,0,0,0,0
5494348,2,6,0,0,0,0,0,0,0,0,0,0,1,0,0,0,0,0,0,0,0,0,0,0,0,0,0,0
5494348,3,13,0,0,10,16,8,7,15,13,12,10,13,13,24,10,9,10,16,20,0,0,0,0,0,0,0,0
5497126,1,2,0,0,0,0,0,0,0,0,0,0,0,0,0,0,0,0,0,1,0,0,0,0,0,0,0,0
5497126,1,4,0,0,0,0,0,0,0,0,0,0,0,0,10,9,8,15,11,7,19,10,10,12,0,0,0,0
5497126,2,5,0,0,0,0,0,0,0,0,0,0,0,0,0,0,0,1,1,0,0,0,1,2,0,0,0,0
5497126,3,13,0,0,0,0,0,0,0,0,0,0,0,0,0,1,0,1,1,0,0,0,0,0,0,0,0,0
5498884,1,4,0,0,3,0,0,0,1,4,1,1,2,3,0,0,0,0,0,0,0,0,0,0,0,0,0,0
5500412,1,1,8,2,1,2,2,0,1,1,0,0,2,0,0,0,0,2,0,0,0,0,0,0,0,0,0,0
5500412,1,2,1,2,0,0,0,0,0,0,0,1,0,1,0,0,1,0,1,1,0,0,0,0,0,0,0,0
5500412,1,3,0,0,0,0,0,1,0,0,0,0,0,0,1,0,0,0,1,0,0,0,0,0,0,0,0,0
5500412,1,4,14,10,13,8,12,8,8,9,7,5,12,7,10,8,3,14,7,2,0,0,0,0,0,0,0,0
5500412,2,5,0,0,0,0,0,0,0,0,0,0,0,0,1,0,0,0,0,0,0,0,0,0,0,0,0,0
5500412,3,13,1,4,0,0,1,0,1,1,0,0,3,0,0,0,0,1,0,0,0,0,0,0,0,0,0,0
5500422,1,1,0,0,0,0,1,0,0,0,0,0,0,0,0,0,0,0,0,0,0,0,0,0,0,0,0,0
5500422,1,2,0,0,0,2,1,1,0,2,1,1,1,1,0,0,0,0,0,0,0,0,0,0,0,0,0,0
5500422,1,3,0,0,3,0,1,0,0,2,1,1,2,1,0,0,0,0,0,0,0,0,0,0,0,0,0,0
5500422,1,4,0,0,2,1,1,4,1,2,1,1,1,1,0,0,0,0,0,0,0,0,0,0,0,0,0,0
5500422,3,13,0,0,5,3,2,4,1,3,3,2,4,2,0,0,0,0,0,0,0,0,0,0,0,0,0,0
5506959,1,2,0,0,0,1,0,0,1,1,0,0,1,1,0,0,0,0,0,0,0,0,0,0,0,0,0,0
5506959,1,4,0,0,1,2,1,2,1,2,1,1,3,1,0,0,0,0,0,0,0,0,0,0,0,0,0,0
5506959,3,13,0,0,0,2,0,0,0,0,0,0,0,0,0,0,0,0,0,0,0,0,0,0,0,0,0,0
5516459,1,1,0,0,0,0,0,0,0,0,0,0,0,0,0,0,2,0,1,0,2,0,2,0,4,2,6,0
5516459,1,2,0,0,0,0,0,0,0,0,0,0,0,0,13,0,9,0,16,0,28,0,32,0,21,39,22,31
5516459,1,3,0,0,0,0,0,0,0,0,0,0,0,0,0,0,1,0,0,0,0,0,0,0,0,0,0,0
5516459,1,4,0,0,0,0,0,0,0,0,0,0,0,0,59,0,75,0,69,0,70,0,89,0,107,125,85,90
5516459,2,5,0,0,0,0,0,0,0,0,0,0,0,0,9,0,13,0,12,0,12,0,13,0,10,25,10,11
5516459,2,6,0,0,0,0,0,0,0,0,0,0,0,0,1,0,0,0,0,0,1,0,1,0,1,0,0,0
5516459,3,13,0,0,0,0,0,0,0,0,0,0,0,0,39,0,42,0,1,0,3,0,38,0,90,118,84,39
5517972,1,4,0,0,5,8,9,7,10,10,8,9,10,9,0,0,0,0,0,0,0,0,0,0,0,0,0,0
5536555,1,2,0,0,1,0,0,0,0,0,0,1,0,0,0,0,0,0,0,0,0,0,0,0,0,0,0,0
5536555,1,4,0,0,2,0,3,2,1,1,1,1,2,2,0,0,0,0,0,0,0,0,0,0,0,0,0,0
5542962,1,1,0,0,0,0,0,0,0,1,0,1,0,0,0,0,0,0,0,0,0,0,0,0,0,0,0,0
5542962,1,2,0,0,5,7,7,4,6,9,9,5,7,8,0,0,0,0,0,0,0,0,0,0,0,0,0,0
5542962,1,3,0,0,0,1,0,1,0,0,0,1,1,1,0,0,0,0,0,0,0,0,0,0,0,0,0,0
5542962,1,4,0,0,3,2,4,4,2,3,10,5,4,4,0,0,0,0,0,0,0,0,0,0,0,0,0,0
5542962,2,5,0,0,2,0,2,0,2,0,6,0,1,0,0,0,0,0,0,0,0,0,0,0,0,0,0,0
5554182,1,1,0,0,0,1,0,0,0,0,0,0,0,0,0,0,0,0,0,0,0,0,0,0,0,0,0,0
5554182,1,2,0,0,0,2,1,2,0,1,0,1,0,2,0,2,0,2,3,1,0,0,0,0,0,0,0,0
5554182,1,4,0,0,5,4,4,5,3,6,5,6,4,3,7,10,6,3,9,5,0,0,0,0,0,0,0,0
5554182,2,5,0,0,0,0,0,0,0,0,1,0,0,0,1,0,0,0,0,0,0,0,0,0,0,0,0,0
5554182,2,6,0,0,1,0,0,0,0,0,0,0,0,0,0,0,0,0,0,0,0,0,0,0,0,0,0,0
5555828,1,2,0,0,0,0,0,0,0,0,0,0,0,0,1,0,1,1,1,3,0,0,2,0,0,0,0,0
5555828,1,4,0,0,0,0,0,0,0,0,0,0,0,0,7,18,23,16,20,15,23,15,14,18,0,0,0,0
5555828,3,13,0,0,0,0,0,0,0,0,0,0,0,0,0,0,0,0,0,1,1,0,0,3,0,0,0,0
5556636,1,1,0,0,0,1,0,0,0,0,0,0,0,0,0,0,0,0,0,0,0,0,0,0,0,0,0,0
5556636,1,2,0,0,1,5,2,4,2,1,5,3,1,4,0,0,0,0,0,0,0,0,0,0,0,0,0,0
5556636,1,4,0,0,1,0,0,0,0,0,0,0,1,0,0,0,0,0,0,0,0,0,0,0,0,0,0,0
5558266,1,1,0,0,1,0,0,0,5,0,1,2,0,1,0,0,0,0,0,0,0,0,0,0,0,0,0,0
5558266,1,2,0,0,3,5,7,5,6,4,6,5,6,4,0,0,0,0,0,0,0,0,0,0,0,0,0,0
5558266,1,3,0,0,1,4,1,2,1,1,3,0,0,0,0,0,0,0,0,0,0,0,0,0,0,0,0,0
5558266,1,4,0,0,16,15,16,10,17,9,14,21,25,15,0,0,0,0,0,0,0,0,0,0,0,0,0,0
5558266,2,5,0,0,0,1,1,1,1,1,0,2,2,0,0,0,0,0,0,0,0,0,0,0,0,0,0,0
5558266,2,6,0,0,0,0,0,0,0,1,0,1,2,0,0,0,0,0,0,0,0,0,0,0,0,0,0,0
5558266,3,13,0,0,0,0,2,0,4,0,1,1,0,0,0,0,0,0,0,0,0,0,0,0,0,0,0,0
5571360,1,4,0,0,2,1,3,5,2,7,2,6,4,7,0,0,0,0,0,0,0,0,0,0,0,0,0,0
5571360,3,13,0,0,0,0,1,1,2,4,2,4,3,5,0,0,0,0,0,0,0,0,0,0,0,0,0,0
5573447,1,1,0,0,0,0,1,0,0,0,0,1,0,0,0,0,0,0,0,0,0,0,0,0,0,0,0,0
5573447,1,2,0,0,0,1,0,1,0,1,0,0,0,0,0,0,0,0,0,0,0,0,0,0,0,0,0,0
5573447,1,4,18,21,12,8,6,9,3,4,11,5,1,2,0,0,0,0,0,0,0,0,0,0,0,0,0,0
5573447,2,5,9,8,6,5,4,3,2,3,5,3,0,2,0,0,0,0,0,0,0,0,0,0,0,0,0,0
5573455,1,1,0,0,1,2,1,0,0,0,0,0,0,0,0,0,0,0,0,0,0,0,0,0,0,0,0,0
5573455,1,2,0,0,0,0,1,1,3,0,0,1,1,1,0,0,0,0,0,0,0,0,0,0,0,0,0,0
5573455,1,4,0,0,1,3,0,2,0,1,0,0,3,1,0,0,0,0,0,0,0,0,0,0,0,0,0,0
5575784,1,2,0,0,0,0,0,0,0,0,0,0,0,0,1,0,0,0,0,1,0,0,0,0,0,0,0,0
5575784,1,3,0,0,0,0,1,0,0,1,1,0,0,0,0,1,1,1,0,0,0,0,0,0,0,0,0,0
5575784,1,4,0,0,4,4,8,4,6,9,2,7,4,6,5,6,2,6,5,5,0,0,0,0,0,0,0,0
5575784,3,13,0,0,4,4,9,4,6,10,3,7,4,6,6,7,3,7,5,6,0,0,0,0,0,0,0,0
5589558,1,1,0,0,0,0,0,0,0,0,0,0,0,0,0,0,0,0,0,0,1,0,0,1,0,0,0,0
5589558,1,2,0,0,0,0,0,0,0,0,0,0,0,0,0,1,2,1,1,1,8,3,2,2,0,0,0,0
5589558,1,3,0,0,0,0,0,0,0,0,0,0,0,0,0,0,0,0,1,0,1,1,0,0,0,0,0,0
5589558,1,4,0,0,0,0,0,0,0,0,0,0,0,0,7,16,13,17,9,13,33,22,30,21,0,0,0,0
5589558,2,5,0,0,0,0,0,0,0,0,0,0,0,0,1,1,3,0,1,0,1,1,1,0,0,0,0,0
5589558,3,13,0,0,0,0,0,0,0,0,0,0,0,0,1,0,3,2,1,0,3,0,7,2,0,0,0,0
5600055,1,4,0,0,4,6,7,6,5,9,6,5,6,13,0,0,0,0,0,0,0,0,0,0,0,0,0,0
5606417,1,1,28,10,5,7,1,0,0,1,3,2,2,0,3,2,2,1,4,2,1,2,1,0,0,0,2,0
5606417,1,2,10,5,11,6,4,3,5,4,6,6,4,8,3,9,9,4,11,4,4,6,6,1,6,7,2,1
5606417,1,3,0,0,0,0,0,0,0,0,0,0,1,0,0,0,0,0,0,0,0,0,0,0,0,0,0,0
5606417,1,4,28,31,25,26,25,28,22,28,25,27,34,25,47,33,49,32,35,41,23,32,28,37,22,24,19,35
5606417,2,5,7,5,3,4,4,4,5,5,2,5,2,3,8,3,8,1,4,0,3,4,2,1,3,0,3,1
5606417,2,6,10,7,11,7,4,2,2,6,6,3,5,5,5,4,9,9,5,6,6,4,3,7,2,6,6,8
5606417,3,13,0,0,0,0,1,0,0,0,3,2,2,0,4,1,3,1,3,2,1,1,1,0,0,0,2,0
5607829,1,2,0,0,0,0,0,0,0,1,0,0,0,0,0,0,0,0,0,0,0,0,0,0,0,0,0,0
5607829,1,4,0,0,2,5,4,3,8,5,4,3,4,4,6,9,6,8,4,3,0,0,0,0,0,0,0,0
5607829,3,13,0,0,2,5,4,3,8,5,4,3,4,4,5,9,6,8,4,3,0,0,0,0,0,0,0,0
5607925,1,4,0,0,1,2,0,3,1,3,3,6,3,3,0,0,0,0,0,0,0,0,0,0,0,0,0,0
5607925,3,13,0,0,1,2,0,3,1,3,3,6,3,3,0,0,0,0,0,0,0,0,0,0,0,0,0,0
5620984,1,1,0,0,0,0,0,0,0,0,1,1,0,0,0,0,0,0,0,0,0,0,0,0,0,0,0,0
5620984,1,2,0,0,0,3,0,1,0,1,2,1,0,1,0,0,0,0,0,0,0,0,0,0,0,0,0,0
5620984,1,4,0,0,0,0,0,0,2,1,0,0,0,1,0,0,0,0,0,0,0,0,0,0,0,0,0,0
5620984,3,13,0,0,0,3,0,0,1,0,3,2,0,2,0,0,0,0,0,0,0,0,0,0,0,0,0,0
5625303,1,3,0,0,0,0,0,0,1,0,0,1,0,0,0,0,0,0,0,0,0,0,0,0,0,0,0,0
5625303,1,4,0,0,3,2,1,4,1,2,2,5,2,3,0,0,0,0,0,0,0,0,0,0,0,0,0,0
5625303,3,13,0,0,3,2,1,4,2,2,2,6,2,3,0,0,0,0,0,0,0,0,0,0,0,0,0,0
5627688,1,2,0,0,1,4,1,4,5,3,0,2,2,0,0,0,0,0,0,0,0,0,0,0,0,0,0,0
5627688,1,4,0,0,0,0,0,0,0,0,1,1,0,0,0,0,0,0,0,0,0,0,0,0,0,0,0,0
5627688,3,13,0,0,1,4,1,4,5,3,1,3,2,0,0,0,0,0,0,0,0,0,0,0,0,0,0,0
5629570,1,1,5,1,1,2,1,1,0,2,3,2,2,1,1,3,1,1,2,0,0,0,0,0,0,1,0,1
5629570,1,2,29,28,13,11,9,11,10,10,16,14,14,9,12,14,16,9,16,11,8,8,14,6,6,6,11,6
5629570,1,3,1,1,0,0,1,0,0,0,0,0,0,0,0,0,0,0,0,1,0,0,0,2,0,0,0,0
5629570,1,4,184,158,100,91,90,70,73,59,102,64,70,61,96,58,91,45,86,52,82,40,62,40,53,42,60,41
5629570,2,5,7,12,1,5,4,3,8,3,5,2,2,1,3,1,3,4,3,2,5,2,1,2,1,1,3,3
5629570,2,6,0,0,0,0,0,0,0,1,0,0,0,0,0,1,0,0,1,0,0,0,0,0,0,1,1,0
5629570,3,13,0,1,0,1,0,0,0,1,2,0,1,0,1,1,1,1,1,0,0,0,0,0,0,1,0,1
5644735,1,1,1,0,0,0,1,0,0,0,0,1,0,0,2,0,1,1,1,0,2,1,1,1,0,1,1,0
5644735,1,2,15,13,4,12,8,5,5,8,3,4,9,5,6,8,13,9,14,14,11,7,15,7,17,10,12,10
5644735,1,3,1,0,0,1,0,0,1,1,0,0,0,0,1,0,1,0,2,1,0,1,3,1,0,0,2,1
5644735,1,4,30,24,27,27,16,20,15,23,25,16,23,19,31,32,35,19,66,40,84,34,115,38,90,60,90,47
5644735,2,5,2,0,0,0,0,2,0,3,3,2,1,0,0,1,1,1,2,2,4,0,1,0,2,1,2,1
5644735,2,6,0,0,0,0,1,0,0,1,0,0,0,0,0,1,0,1,1,0,1,0,1,0,1,3,1,0
5644735,3,13,0,0,0,0,0,0,0,0,0,1,0,0,1,0,0,1,1,0,1,1,2,0,1,1,1,0
5650009,1,1,0,0,0,1,1,0,0,0,0,0,0,0,0,0,0,0,0,0,0,0,0,0,0,0,1,0
5650009,1,2,7,6,1,1,1,5,3,4,4,5,3,1,1,2,2,2,5,1,2,1,1,0,0,1,4,2
5650009,1,3,2,3,1,0,1,0,0,0,0,0,0,0,0,0,0,0,0,0,0,1,0,0,0,0,0,0
5650009,1,4,42,45,15,18,15,12,22,9,15,20,10,8,13,8,14,6,12,7,10,9,8,10,9,8,13,10
5650009,2,5,2,1,3,4,1,0,3,2,2,4,1,2,1,1,4,1,2,1,1,0,0,3,1,0,2,0
5650009,2,6,1,0,0,0,0,0,0,0,0,0,0,0,0,0,0,0,0,0,0,0,0,0,0,0,0,0
5650009,2,10,2,1,0,1,1,0,0,0,0,0,0,0,0,0,0,0,0,0,0,1,0,0,0,0,0,0
5651500,1,1,0,1,2,1,1,0,1,0,0,2,2,0,1,3,1,0,3,2,3,0,0,2,3,0,0,1
5651500,1,2,17,8,6,3,3,7,1,3,8,5,0,6,3,5,2,3,4,1,2,1,2,2,2,2,1,4
5651500,1,4,66,69,23,35,23,25,19,17,24,29,16,20,25,22,20,16,21,14,23,17,19,14,25,16,13,16
5651500,2,5,12,19,6,8,4,7,6,1,7,5,6,4,2,6,5,4,3,0,5,1,1,2,4,3,1,0
5651500,2,6,0,0,0,0,0,0,0,1,0,0,0,0,0,0,1,0,0,0,0,0,0,0,0,0,0,0
5651500,2,8,1,0,0,0,0,0,0,0,0,0,0,0,0,0,0,0,0,0,0,0,0,0,0,0,0,0
5651500,3,13,0,0,0,0,0,0,1,0,0,2,2,0,0,3,1,0,3,2,3,0,0,2,3,0,0,1
5656298,1,4,0,0,4,1,3,0,5,1,3,3,3,0,0,0,0,0,0,0,0,0,0,0,0,0,0,0
5656298,3,13,0,0,4,1,3,0,5,1,3,3,3,0,0,0,0,0,0,0,0,0,0,0,0,0,0,0
5658208,1,1,0,0,0,1,0,0,0,0,0,0,0,0,0,0,0,0,0,0,0,0,0,0,0,0,0,0
5658208,1,2,0,0,0,1,0,0,1,0,0,1,0,1,0,0,0,0,0,0,0,0,0,0,0,0,0,0
5658208,1,4,0,0,0,1,0,0,0,0,0,0,0,0,0,0,0,0,0,0,0,0,0,0,0,0,0,0
5658208,2,5,0,0,0,2,0,0,0,0,0,0,0,0,0,0,0,0,0,0,0,0,0,0,0,0,0,0
5658208,3,13,0,0,0,2,0,0,1,0,0,1,0,1,0,0,0,0,0,0,0,0,0,0,0,0,0,0
5662363,1,2,0,0,3,1,3,2,5,1,3,6,5,1,0,0,0,0,0,0,0,0,0,0,0,0,0,0
5662363,1,4,0,0,4,3,3,2,9,1,6,7,6,5,0,0,0,0,0,0,0,0,0,0,0,0,0,0
5662363,2,5,0,0,0,0,0,0,2,0,1,1,0,1,0,0,0,0,0,0,0,0,0,0,0,0,0,0
5662363,3,13,0,0,0,0,0,0,1,0,0,0,0,0,0,0,0,0,0,0,0,0,0,0,0,0,0,0
5664291,1,1,0,0,0,0,0,0,0,0,0,0,0,0,0,0,0,0,0,0,0,1,0,0,0,0,0,0
5664291,1,2,0,0,0,0,0,0,0,0,0,0,0,0,5,3,1,0,1,2,3,5,2,4,4,3,6,3
5664291,1,3,0,0,0,0,0,0,0,0,0,0,0,0,0,1,2,0,0,0,0,1,1,0,1,0,0,1
5664291,1,4,0,0,0,0,0,0,0,0,0,0,0,0,17,14,19,7,13,19,24,29,31,23,29,33,23,36
5664291,2,5,0,0,0,0,0,0,0,0,0,0,0,0,0,0,1,0,1,0,2,1,0,1,2,1,0,1
5664291,2,6,0,0,0,0,0,0,0,0,0,0,0,0,0,1,0,0,0,0,1,1,0,0,0,0,0,0
5664291,3,13,0,0,0,0,0,0,0,0,0,0,0,0,2,0,0,0,1,0,1,1,0,2,0,2,1,1
5665420,1,2,0,0,6,3,2,3,3,2,2,4,4,4,0,0,0,0,0,0,0,0,0,0,0,0,0,0
5665420,1,4,0,0,5,3,4,3,7,7,4,5,9,3,0,0,0,0,0,0,0,0,0,0,0,0,0,0
5665420,2,5,0,0,0,0,0,0,0,0,0,0,1,0,0,0,0,0,0,0,0,0,0,0,0,0,0,0
5665420,3,13,0,0,11,6,6,6,10,9,6,9,13,7,0,0,0,0,0,0,0,0,0,0,0,0,0,0
5665560,1,1,0,0,1,0,0,0,0,0,0,0,0,0,0,0,1,0,0,0,0,0,0,0,0,0,0,0
5665560,1,2,0,0,0,0,1,1,0,2,1,0,0,3,4,1,0,4,1,4,0,0,0,0,0,0,0,0
5665560,1,3,0,0,0,0,0,0,0,0,0,0,0,0,0,0,0,0,1,0,0,0,0,0,0,0,0,0
5665560,1,4,0,0,3,2,4,5,4,6,7,5,5,5,6,0,7,5,8,8,0,0,0,0,0,0,0,0
5665560,3,13,0,0,4,2,5,6,4,8,8,5,5,8,10,1,8,9,10,12,0,0,0,0,0,0,0,0
5668443,1,2,0,0,0,0,0,1,0,0,1,2,0,0,0,0,1,0,0,0,0,0,0,0,0,0,0,0
5668443,1,4,2,1,1,2,2,3,1,1,5,4,1,1,6,3,2,3,3,1,0,0,0,0,0,0,0,0
5668443,3,13,1,0,0,1,0,0,0,0,0,0,0,0,0,0,0,0,0,0,0,0,0,0,0,0,0,0
5668729,1,4,0,0,2,1,0,1,0,0,2,1,1,2,0,0,0,0,0,0,0,0,0,0,0,0,0,0
5673038,1,2,0,0,0,0,0,0,0,0,0,0,0,0,0,0,1,0,1,1,0,0,1,1,0,0,0,0
5673038,1,3,0,0,0,0,0,0,0,0,0,0,0,0,0,0,0,0,1,0,0,1,0,0,0,0,0,0
5673038,1,4,0,0,0,0,0,0,0,0,0,0,0,0,16,9,21,13,15,13,17,22,25,12,0,0,0,0
5673038,3,13,0,0,0,0,0,0,0,0,0,0,0,0,3,3,4,5,0,2,4,4,3,2,0,0,0,0
5678898,1,2,0,0,0,0,0,1,0,0,3,0,0,0,0,0,0,0,0,0,0,0,0,0,0,0,0,0
5678898,1,4,0,0,2,1,1,2,0,4,0,2,0,1,0,0,0,0,0,0,0,0,0,0,0,0,0,0
5693756,1,2,0,0,0,0,0,0,0,0,0,0,0,0,0,0,1,0,0,0,1,1,0,0,0,0,0,0
5693756,1,3,0,0,0,0,0,0,0,0,0,0,0,0,0,0,0,0,0,1,0,0,0,0,0,0,0,0
5693756,1,4,0,0,0,0,0,0,0,0,0,0,0,0,7,4,7,3,7,3,13,8,7,3,0,0,0,0
5693756,3,13,0,0,0,0,0,0,0,0,0,0,0,0,0,1,0,0,0,0,1,0,0,0,0,0,0,0
5694534,1,1,0,0,0,0,0,0,0,1,0,0,1,1,0,0,0,0,0,0,0,0,0,0,0,0,0,0
5694534,1,2,0,0,2,2,4,0,2,3,1,1,3,2,0,0,0,0,0,0,0,0,0,0,0,0,0,0
5694534,1,4,0,0,0,0,1,2,1,0,1,3,2,1,0,0,0,0,0,0,0,0,0,0,0,0,0,0
5694534,3,13,0,0,2,1,5,2,3,3,2,4,4,4,0,0,0,0,0,0,0,0,0,0,0,0,0,0
5703018,1,2,0,0,4,2,3,3,4,3,5,4,10,3,0,0,0,0,0,0,0,0,0,0,0,0,0,0
5703018,1,4,0,0,0,1,0,1,0,0,1,1,0,1,0,0,0,0,0,0,0,0,0,0,0,0,0,0
5703018,3,13,0,0,0,0,0,0,0,0,0,0,1,0,0,0,0,0,0,0,0,0,0,0,0,0,0,0
5706576,1,2,0,0,0,0,0,0,0,0,0,0,0,0,0,0,0,0,0,1,0,0,0,0,0,0,0,0
5706576,1,4,0,0,0,0,0,0,0,0,0,0,0,0,14,14,15,18,17,15,14,14,22,10,0,0,0,0
5706576,3,13,0,0,0,0,0,0,0,0,0,0,0,0,1,2,1,3,0,0,1,1,14,7,0,0,0,0
5707733,1,1,0,0,2,0,1,0,1,0,0,0,0,0,0,0,0,0,0,0,0,0,0,0,0,0,0,0
5707733,1,2,0,0,0,0,0,1,0,1,1,0,0,0,0,0,0,0,0,0,0,0,0,0,0,0,0,0
5707733,1,4,0,0,0,2,1,0,0,1,0,0,0,0,0,0,0,0,0,0,0,0,0,0,0,0,0,0
5707733,3,13,0,0,0,1,0,0,0,1,0,0,0,0,0,0,0,0,0,0,0,0,0,0,0,0,0,0
5708669,1,1,0,0,0,0,0,0,0,0,0,1,0,0,0,0,0,0,0,0,0,0,0,0,0,0,0,0
5708669,1,4,0,0,2,0,0,3,0,1,1,1,3,1,0,0,0,0,0,0,0,0,0,0,0,0,0,0
5708669,2,5,0,0,1,0,0,1,0,0,0,1,0,1,0,0,0,0,0,0,0,0,0,0,0,0,0,0
5708669,3,13,0,0,2,0,0,0,0,0,0,1,0,0,0,0,0,0,0,0,0,0,0,0,0,0,0,0
5711222,1,1,0,0,1,0,1,1,0,0,1,1,0,0,0,0,0,0,1,0,0,0,0,0,0,0,0,0
5711222,1,3,0,0,8,4,4,3,7,7,6,8,9,11,11,4,6,6,4,5,0,0,0,0,0,0,0,0
5711222,1,4,0,0,8,3,6,6,3,3,4,4,5,4,0,4,9,5,7,5,0,0,0,0,0,0,0,0
5711222,3,13,0,0,17,7,5,4,5,4,3,6,4,4,7,1,2,1,2,1,0,0,0,0,0,0,0,0
5719706,1,1,10,7,2,2,1,3,1,3,0,1,0,1,0,0,0,0,0,0,0,0,0,0,0,0,0,0
5719706,1,2,5,6,2,3,5,1,2,0,2,1,3,2,0,0,0,0,0,0,0,0,0,0,0,0,0,0
5719706,1,4,8,14,7,5,4,4,4,3,2,1,1,1,0,0,0,0,0,0,0,0,0,0,0,0,0,0
5719706,2,6,0,1,0,0,0,0,0,0,0,0,0,0,0,0,0,0,0,0,0,0,0,0,0,0,0,0
5719706,3,13,3,0,1,0,0,2,0,1,0,0,0,0,0,0,0,0,0,0,0,0,0,0,0,0,0,0
5719882,1,3,0,0,0,0,1,0,0,0,1,0,0,0,0,0,0,0,0,0,0,0,0,0,0,0,0,0
5719882,1,4,0,0,4,4,3,4,0,3,6,0,4,5,0,0,0,0,0,0,0,0,0,0,0,0,0,0
5719882,2,5,0,0,0,0,0,1,0,0,1,0,1,0,0,0,0,0,0,0,0,0,0,0,0,0,0,0
5719882,3,13,0,0,3,2,2,2,0,3,7,0,3,5,0,0,0,0,0,0,0,0,0,0,0,0,0,0
5720346,1,2,0,0,0,0,0,0,1,0,0,1,0,0,0,0,0,0,0,0,0,0,0,0,0,0,0,0
5720346,1,4,0,0,1,3,1,2,1,0,1,4,1,2,0,0,0,0,0,0,0,0,0,0,0,0,0,0
5729536,1,2,0,0,0,1,0,0,0,0,0,0,0,2,0,0,0,0,0,0,0,0,0,0,0,0,0,0
5729536,1,4,0,0,0,2,1,2,0,0,1,3,2,1,0,0,0,0,0,0,0,0,0,0,0,0,0,0
5729536,2,5,0,0,0,0,0,1,0,0,0,0,1,0,0,0,0,0,0,0,0,0,0,0,0,0,0,0
5729536,3,13,0,0,0,3,1,2,0,0,1,3,2,3,0,0,0,0,0,0,0,0,0,0,0,0,0,0
5730562,1,1,4,1,1,1,0,1,1,2,0,2,2,0,0,0,0,0,0,0,0,0,0,0,0,0,0,0
5730562,1,2,8,6,8,1,0,4,1,4,6,3,4,1,0,0,0,0,0,0,0,0,0,0,0,0,0,0
5730562,1,3,0,1,0,0,0,1,0,1,0,0,0,0,0,0,0,0,0,0,0,0,0,0,0,0,0,0
5730562,1,4,47,35,17,18,18,13,13,11,13,9,3,6,0,0,0,0,0,0,0,0,0,0,0,0,0,0
5730562,2,5,9,9,2,7,4,1,2,0,2,0,0,1,0,0,0,0,0,0,0,0,0,0,0,0,0,0
5730562,3,13,0,0,0,0,0,0,0,0,0,2,0,0,0,0,0,0,0,0,0,0,0,0,0,0,0,0
5736339,1,1,0,0,0,0,0,0,0,0,0,0,0,1,0,0,0,0,0,0,0,0,0,0,0,0,0,0
5736339,1,2,0,0,3,1,1,0,0,2,1,2,1,2,0,0,0,0,0,0,0,0,0,0,0,0,0,0
5736339,3,13,0,0,0,0,0,0,0,0,0,0,0,1,0,0,0,0,0,0,0,0,0,0,0,0,0,0
5740248,1,2,0,0,0,0,0,0,0,0,0,0,0,0,1,1,1,3,4,2,6,12,6,5,0,0,0,0
5740248,1,4,0,0,0,0,0,0,0,0,0,0,0,0,5,4,8,5,10,6,18,10,19,14,0,0,0,0
5740248,2,6,0,0,0,0,0,0,0,0,0,0,0,0,0,0,0,0,0,0,0,0,1,0,0,0,0,0
5740248,3,13,0,0,0,0,0,0,0,0,0,0,0,0,0,0,1,0,0,0,0,0,0,0,0,0,0,0
5750962,1,1,4,2,2,0,2,5,3,1,3,2,2,1,0,0,0,0,0,0,0,0,0,0,0,0,0,0
5750962,1,2,1,0,2,1,1,0,1,1,0,1,0,1,0,0,0,0,0,0,0,0,0,0,0,0,0,0
5750962,1,3,0,0,0,1,0,0,0,0,1,1,1,0,0,0,0,0,0,0,0,0,0,0,0,0,0,0
5750962,1,4,28,20,22,14,20,12,15,11,19,16,18,10,0,0,0,0,0,0,0,0,0,0,0,0,0,0
5750962,2,5,5,3,2,0,0,4,2,0,2,0,0,0,0,0,0,0,0,0,0,0,0,0,0,0,0,0
5750962,2,6,1,0,2,1,1,0,1,0,0,0,0,0,0,0,0,0,0,0,0,0,0,0,0,0,0,0
5750962,3,13,11,13,2,0,0,3,0,1,3,2,1,1,0,0,0,0,0,0,0,0,0,0,0,0,0,0
5752783,1,2,0,0,0,0,0,0,1,1,0,0,0,0,0,0,0,0,0,0,0,0,0,0,0,0,0,0
5752783,1,4,7,6,3,1,1,0,1,1,2,1,2,0,0,0,0,0,0,0,0,0,0,0,0,0,0,0
5763398,1,2,0,0,5,3,2,2,2,1,2,2,1,4,0,0,0,0,0,0,0,0,0,0,0,0,0,0
5763398,1,4,0,0,1,8,7,8,7,10,11,10,5,7,0,0,0,0,0,0,0,0,0,0,0,0,0,0
5763398,2,5,0,0,1,1,0,1,1,2,0,3,0,1,0,0,0,0,0,0,0,0,0,0,0,0,0,0
5763398,2,6,0,0,0,0,0,0,0,0,1,1,0,0,0,0,0,0,0,0,0,0,0,0,0,0,0,0
5763398,3,13,0,0,6,11,5,10,3,0,12,12,5,9,0,0,0,0,0,0,0,0,0,0,0,0,0,0
5765830,1,2,0,0,0,0,0,0,0,0,0,0,0,0,0,2,3,3,4,3,1,3,0,4,8,2,6,4
5765830,1,3,0,0,0,0,0,0,0,0,0,0,0,0,1,1,0,0,1,1,1,0,0,1,0,0,1,0
5765830,1,4,0,0,0,0,0,0,0,0,0,0,0,0,28,25,24,25,30,30,38,33,39,29,68,45,34,24
5765830,2,5,0,0,0,0,0,0,0,0,0,0,0,0,4,3,0,2,5,1,2,3,2,1,5,1,2,1
5765830,2,6,0,0,0,0,0,0,0,0,0,0,0,0,0,0,0,0,0,0,0,0,1,0,0,0,0,0
5765830,3,13,0,0,0,0,0,0,0,0,0,0,0,0,0,1,0,0,0,0,1,6,3,3,9,4,3,2
5766663,1,2,0,0,0,1,2,2,2,1,2,3,2,1,0,0,0,0,0,0,0,0,0,0,0,0,0,0
5766663,3,13,0,0,0,1,2,2,2,1,2,3,1,0,0,0,0,0,0,0,0,0,0,0,0,0,0,0
5770579,1,1,0,0,0,0,0,0,1,1,2,1,1,1,1,1,1,1,1,2,0,0,0,0,0,0,0,0
5770579,1,2,1,0,2,0,2,2,5,0,2,1,1,3,0,5,1,2,4,1,0,0,0,0,0,0,0,0
5770579,1,4,1,1,1,2,0,1,1,5,3,1,2,2,4,3,2,0,5,0,0,0,0,0,0,0,0,0
5770579,3,13,0,0,3,2,0,1,0,0,1,1,1,1,1,1,2,1,4,2,0,0,0,0,0,0,0,0
5771753,1,2,0,0,0,0,0,0,0,0,0,0,0,0,4,0,5,0,8,0,6,0,4,0,6,0,10,0
5771753,1,3,0,0,0,0,0,0,0,0,0,0,0,0,0,0,0,0,1,0,1,0,1,0,3,0,2,0
5771753,1,4,0,0,0,0,0,0,0,0,0,0,0,0,11,0,18,0,12,0,30,0,19,0,50,0,41,0
5771753,2,5,0,0,0,0,0,0,0,0,0,0,0,0,0,0,0,0,0,0,5,0,0,0,1,0,0,0
5771753,2,6,0,0,0,0,0,0,0,0,0,0,0,0,0,0,0,0,1,0,0,0,0,0,0,0,0,0
5771753,3,13,0,0,0,0,0,0,0,0,0,0,0,0,0,0,0,0,0,0,1,0,0,0,5,0,2,0
5771803,1,1,0,0,7,2,0,0,0,0,0,0,0,0,0,0,0,0,0,0,0,0,0,0,0,0,0,0
5771803,1,2,0,0,0,0,0,0,1,0,2,0,0,1,0,0,0,0,0,0,0,0,0,0,0,0,0,0
5771803,1,4,0,0,0,3,5,4,8,6,5,4,6,6,0,0,0,0,0,0,0,0,0,0,0,0,0,0
5771803,3,13,0,0,0,0,0,0,0,0,3,2,2,2,0,0,0,0,0,0,0,0,0,0,0,0,0,0
5772967,1,2,0,0,0,0,0,0,0,0,0,0,0,0,7,0,13,0,15,0,18,0,15,0,16,0,25,0
5772967,1,3,0,0,0,0,0,0,0,0,0,0,0,0,0,0,1,0,0,0,0,0,0,0,0,0,2,0
5772967,1,4,0,0,0,0,0,0,0,0,0,0,0,0,40,0,49,0,55,0,73,0,61,0,102,0,101,0
5772967,2,5,0,0,0,0,0,0,0,0,0,0,0,0,5,0,3,0,7,0,8,0,7,0,6,0,6,0
5772967,3,13,0,0,0,0,0,0,0,0,0,0,0,0,45,0,57,0,68,0,90,0,76,0,99,0,103,0
5775968,1,2,1,0,0,0,1,0,0,3,0,0,0,1,0,0,3,0,0,0,0,0,0,0,0,0,0,0
5775968,1,4,4,7,1,4,5,4,4,3,7,6,7,11,4,6,3,6,4,2,0,0,0,0,0,0,0,0
5775968,3,13,0,0,0,0,0,0,0,0,0,0,0,0,0,0,1,0,0,0,0,0,0,0,0,0,0,0
5785093,1,2,0,0,0,0,1,0,1,1,1,0,0,1,0,0,0,0,0,0,0,0,0,0,0,0,0,0
5785093,1,3,0,0,0,1,0,0,0,1,0,0,0,0,0,0,0,0,0,0,0,0,0,0,0,0,0,0
5785093,1,4,0,0,0,3,0,5,2,2,4,4,6,3,0,0,0,0,0,0,0,0,0,0,0,0,0,0
5785093,3,13,0,0,0,0,0,0,1,2,0,1,0,0,0,0,0,0,0,0,0,0,0,0,0,0,0,0
5786892,1,1,0,0,3,1,0,0,0,0,0,0,0,0,0,0,0,0,0,0,0,0,0,0,0,0,0,0
5786892,1,2,0,0,0,0,0,0,1,0,0,0,0,0,0,0,0,0,0,0,0,0,0,0,0,0,0,0
5786892,1,4,0,0,2,1,0,3,2,1,0,2,0,4,0,0,0,0,0,0,0,0,0,0,0,0,0,0
5786892,2,5,0,0,1,0,0,0,0,0,0,0,0,0,0,0,0,0,0,0,0,0,0,0,0,0,0,0
5787238,1,1,0,0,0,1,0,0,0,0,0,0,0,0,0,0,0,0,0,0,0,0,0,0,0,0,0,0
5787238,1,2,0,0,5,3,1,4,6,3,6,3,9,2,4,6,2,6,5,5,0,0,0,0,0,0,0,0
5787238,1,3,0,0,0,0,0,1,0,0,0,0,1,0,0,0,0,2,0,0,0,0,0,0,0,0,0,0
5787238,1,4,0,0,1,3,0,1,1,3,2,3,4,4,2,1,5,6,4,4,0,0,0,0,0,0,0,0
5787238,2,5,0,0,0,1,0,0,0,2,1,0,0,1,0,1,0,1,2,0,0,0,0,0,0,0,0,0
5787238,3,13,0,0,2,6,0,0,0,0,0,0,0,0,0,0,0,0,0,0,0,0,0,0,0,0,0,0
5808341,1,4,0,0,1,2,0,0,1,1,5,1,1,2,0,0,0,0,0,0,0,0,0,0,0,0,0,0
5808341,2,5,0,0,0,0,0,0,0,0,1,0,0,0,0,0,0,0,0,0,0,0,0,0,0,0,0,0
5808341,3,13,0,0,0,0,0,0,0,0,0,0,0,1,0,0,0,0,0,0,0,0,0,0,0,0,0,0
5812629,1,2,0,0,0,0,0,0,0,0,0,1,0,0,0,0,0,0,0,0,0,0,0,0,0,0,0,0
5812629,1,3,0,0,0,0,0,0,0,0,0,0,0,3,0,0,0,0,0,0,0,0,0,0,0,0,0,0
5812629,1,4,0,0,0,0,3,2,3,2,1,0,0,2,0,0,0,0,0,0,0,0,0,0,0,0,0,0
5814139,1,2,0,0,0,0,1,0,0,1,0,1,3,0,0,0,0,0,0,0,0,0,0,0,0,0,0,0
5814139,1,3,0,0,0,0,0,0,0,0,0,0,1,0,0,0,0,0,0,0,0,0,0,0,0,0,0,0
5814139,1,4,0,0,5,5,3,1,3,4,2,3,8,3,0,0,0,0,0,0,0,0,0,0,0,0,0,0
5814139,2,5,0,0,0,0,1,0,0,0,0,0,0,0,0,0,0,0,0,0,0,0,0,0,0,0,0,0
5816790,1,3,0,0,1,0,0,1,0,0,0,1,1,3,0,0,0,0,0,0,0,0,0,0,0,0,0,0
5816790,1,4,0,0,2,2,0,2,3,0,2,4,4,0,0,0,0,0,0,0,0,0,0,0,0,0,0,0
5816790,3,13,0,0,3,2,0,2,1,0,0,1,5,0,0,0,0,0,0,0,0,0,0,0,0,0,0,0
5817417,1,4,0,0,2,3,1,3,1,7,5,0,2,1,0,0,0,0,0,0,0,0,0,0,0,0,0,0
5817417,3,13,0,0,2,2,1,3,1,7,5,0,2,1,0,0,0,0,0,0,0,0,0,0,0,0,0,0
5823358,1,4,0,0,1,2,0,5,3,2,4,2,3,1,0,0,0,0,0,0,0,0,0,0,0,0,0,0
5823358,3,13,0,0,1,2,0,5,3,2,4,2,3,1,0,0,0,0,0,0,0,0,0,0,0,0,0,0
5823422,1,1,0,0,1,0,1,0,0,0,0,0,0,0,0,0,0,0,0,0,0,0,0,0,0,0,0,0
5823422,1,2,0,0,1,1,2,1,1,1,1,0,1,2,1,3,1,1,4,1,0,0,0,0,0,0,0,0
5823422,1,3,0,0,1,0,0,0,0,0,1,0,0,0,0,0,0,0,0,0,0,0,0,0,0,0,0,0
5823422,1,4,0,0,0,1,2,0,0,0,2,1,1,1,0,4,0,0,2,3,0,0,0,0,0,0,0,0
5833124,1,4,0,0,3,1,3,2,4,5,1,6,1,2,0,0,0,0,0,0,0,0,0,0,0,0,0,0
5833124,3,13,0,0,3,1,3,2,4,5,1,6,1,2,0,0,0,0,0,0,0,0,0,0,0,0,0,0
5839895,1,2,0,0,0,0,0,0,0,0,0,0,1,1,0,0,0,0,0,0,0,0,0,0,0,0,0,0
5839895,1,4,0,0,1,0,0,2,3,2,1,5,2,6,0,0,0,0,0,0,0,0,0,0,0,0,0,0
5839895,3,13,0,0,1,0,0,2,3,2,1,5,3,7,0,0,0,0,0,0,0,0,0,0,0,0,0,0
5843259,1,1,0,0,0,0,0,0,0,1,0,1,0,0,0,1,0,0,0,0,0,0,0,0,0,0,0,0
5843259,1,2,0,0,0,2,1,0,3,2,0,2,2,4,2,4,2,7,4,2,0,0,0,0,0,0,0,0
5843259,1,3,0,0,0,0,1,0,0,0,0,0,0,0,0,0,0,0,0,0,0,0,0,0,0,0,0,0
5843259,1,4,0,0,2,0,1,2,0,2,2,1,0,2,3,2,2,2,1,5,0,0,0,0,0,0,0,0
5843259,3,13,0,0,2,2,2,1,3,5,2,2,2,5,4,6,2,9,5,6,0,0,0,0,0,0,0,0
5843336,1,1,0,0,23,10,27,23,8,18,23,22,16,14,17,9,20,22,16,14,18,22,9,9,17,20,16,12
5843336,1,2,0,0,5,8,8,4,3,5,8,2,7,3,11,6,10,8,6,7,10,11,4,2,7,4,8,1
5843336,1,3,0,0,0,1,0,0,2,1,0,0,1,3,1,1,0,0,1,0,0,0,0,0,1,0,1,0
5843336,1,4,0,0,83,70,77,66,100,93,69,77,95,106,125,95,105,95,87,78,140,102,85,70,99,92,96,64
5843336,2,5,0,0,1,3,5,1,4,2,3,1,1,6,4,3,6,4,2,4,6,5,3,1,1,6,4,5
5843336,2,6,0,0,2,0,1,1,3,3,0,2,1,0,3,0,2,2,1,3,4,0,3,3,3,2,4,1
5843336,3,13,0,0,0,0,1,2,1,1,1,3,3,7,6,6,11,16,11,8,16,14,4,10,12,19,9,13
5844115,1,2,4,5,0,0,0,0,0,0,1,1,0,2,0,0,0,0,0,0,0,0,0,0,0,0,0,0
5844115,1,3,0,0,0,0,0,0,1,0,0,0,0,0,0,0,0,0,0,0,0,0,0,0,0,0,0,0
5844115,1,4,44,39,8,14,6,7,4,4,7,2,5,5,0,0,0,0,0,0,0,0,0,0,0,0,0,0
5844115,2,5,1,1,0,1,0,0,0,0,0,0,0,0,0,0,0,0,0,0,0,0,0,0,0,0,0,0
5844115,3,13,0,0,0,0,0,0,0,1,0,0,0,0,0,0,0,0,0,0,0,0,0,0,0,0,0,0
5851302,1,2,0,0,0,0,0,0,0,0,0,0,0,1,0,0,0,0,0,0,0,0,0,0,0,0,0,0
5851302,1,4,0,0,7,4,7,5,12,14,9,7,17,17,0,0,0,0,0,0,0,0,0,0,0,0,0,0
5851689,1,1,0,0,0,0,0,0,0,0,0,0,0,0,0,0,0,1,0,0,0,0,0,0,0,0,0,0
5851689,1,2,0,0,0,0,0,0,0,0,0,0,0,0,0,5,0,12,0,14,0,15,0,13,0,33,0,26
5851689,1,3,0,0,0,0,0,0,0,0,0,0,0,0,0,0,0,0,0,0,0,0,0,1,0,2,0,0
5851689,1,4,0,0,0,0,0,0,0,0,0,0,0,0,0,79,0,59,0,71,0,79,0,74,0,127,0,131
5851689,2,5,0,0,0,0,0,0,0,0,0,0,0,0,0,15,0,8,0,5,0,3,0,6,0,9,0,7
5851689,2,6,0,0,0,0,0,0,0,0,0,0,0,0,0,0,0,0,0,0,0,0,0,0,0,1,0,0
5851689,3,13,0,0,0,0,0,0,0,0,0,0,0,0,0,1,0,2,0,0,0,3,0,2,0,17,0,18
5858155,1,1,0,0,1,1,0,0,0,0,0,0,0,0,0,0,0,0,0,0,0,0,0,0,0,0,0,0
5858155,1,3,0,0,0,4,1,1,1,0,0,0,1,2,0,0,0,0,0,0,0,0,0,0,0,0,0,0
5858155,1,4,0,0,0,1,1,2,1,2,3,3,1,3,0,0,0,0,0,0,0,0,0,0,0,0,0,0
5858155,3,13,0,0,1,6,2,2,1,2,3,3,2,5,0,0,0,0,0,0,0,0,0,0,0,0,0,0
5866426,1,4,0,0,2,3,0,4,3,4,4,1,0,2,0,0,0,0,0,0,0,0,0,0,0,0,0,0
5866426,3,13,0,0,2,3,0,4,3,4,4,1,0,2,0,0,0,0,0,0,0,0,0,0,0,0,0,0
5872968,1,1,1,2,0,0,2,0,1,0,1,0,0,0,0,0,0,0,0,0,0,0,0,0,0,0,0,0
5872968,1,2,10,9,5,2,0,1,5,1,0,0,0,0,0,0,0,0,0,0,0,0,0,0,0,0,0,0
5872968,1,3,0,0,1,1,0,0,0,1,0,0,0,0,0,0,0,0,0,0,0,0,0,0,0,0,0,0
5872968,1,4,21,29,15,10,4,4,2,6,3,1,0,3,0,0,0,0,0,0,0,0,0,0,0,0,0,0
5872968,2,5,6,7,7,1,1,1,0,1,1,0,0,2,0,0,0,0,0,0,0,0,0,0,0,0,0,0
5872968,3,13,0,0,0,0,0,0,1,1,1,0,0,0,0,0,0,0,0,0,0,0,0,0,0,0,0,0
5877197,1,2,0,0,0,2,4,3,2,3,4,6,3,1,0,0,0,0,0,0,0,0,0,0,0,0,0,0
5877197,1,3,0,0,0,0,0,0,0,0,1,0,0,1,0,0,0,0,0,0,0,0,0,0,0,0,0,0
5877197,1,4,0,0,8,9,3,4,7,9,12,9,8,8,0,0,0,0,0,0,0,0,0,0,0,0,0,0
5877197,2,5,0,0,5,2,2,1,1,1,6,1,3,1,0,0,0,0,0,0,0,0,0,0,0,0,0,0
5877197,3,13,0,0,8,11,7,7,9,12,16,15,8,5,0,0,0,0,0,0,0,0,0,0,0,0,0,0
5880848,1,1,0,0,3,3,3,1,2,1,0,2,2,1,0,0,0,0,0,0,0,0,0,0,0,0,0,0
5880848,1,2,0,0,0,0,0,0,0,0,0,0,0,1,0,0,0,0,0,0,0,0,0,0,0,0,0,0
5880848,1,4,0,0,2,0,0,1,0,1,3,2,2,3,0,0,0,0,0,0,0,0,0,0,0,0,0,0
5880848,3,13,0,0,0,0,0,0,1,1,0,1,2,1,0,0,0,0,0,0,0,0,0,0,0,0,0,0
5881505,1,2,2,0,0,0,1,1,0,0,2,0,0,0,0,0,2,2,0,0,0,0,0,0,0,0,0,0
5881505,1,4,37,51,20,15,15,8,15,13,11,16,12,6,4,4,5,2,3,1,0,0,0,0,0,0,0,0
5881505,2,5,3,4,0,1,0,0,1,1,1,0,0,0,0,0,0,0,0,0,0,0,0,0,0,0,0,0
5890567,1,2,0,0,0,1,0,0,0,0,0,0,0,1,0,1,0,0,0,1,0,0,0,0,0,0,0,0
5890567,1,4,0,0,7,12,7,6,8,4,8,8,9,10,15,11,13,9,10,11,0,0,0,0,0,0,0,0
5890567,3,13,0,0,0,2,0,0,0,0,0,0,0,0,0,0,0,0,0,0,0,0,0,0,0,0,0,0
5891181,1,1,0,0,5,9,1,1,1,1,0,0,0,0,0,0,0,0,0,0,0,0,0,0,0,0,0,0
5891181,1,4,0,0,0,0,3,5,2,5,3,5,4,4,0,0,0,0,0,0,0,0,0,0,0,0,0,0
5891181,2,5,0,0,4,9,4,6,3,6,3,5,4,4,0,0,0,0,0,0,0,0,0,0,0,0,0,0
5891181,3,13,0,0,0,0,0,0,1,0,0,0,0,0,0,0,0,0,0,0,0,0,0,0,0,0,0,0
5901650,1,2,0,0,1,6,4,4,4,3,5,1,3,4,0,0,0,0,0,0,0,0,0,0,0,0,0,0
5901650,1,4,0,0,1,0,0,1,0,1,1,1,0,2,0,0,0,0,0,0,0,0,0,0,0,0,0,0
5901650,2,9,0,0,0,0,0,0,0,0,0,0,0,1,0,0,0,0,0,0,0,0,0,0,0,0,0,0
5901650,3,13,0,0,2,6,4,5,4,4,6,2,3,6,0,0,0,0,0,0,0,0,0,0,0,0,0,0
5901709,1,2,0,0,0,0,0,0,0,0,1,0,0,0,0,0,0,0,0,0,0,0,0,0,0,0,0,0
5901709,1,4,0,0,13,6,6,6,10,10,9,10,12,12,0,0,0,0,0,0,0,0,0,0,0,0,0,0
5910649,1,1,0,0,0,0,0,0,0,0,0,0,0,1,0,0,0,0,0,0,0,0,0,0,0,0,0,0
5910649,1,2,0,0,0,0,0,0,1,1,0,0,1,1,0,0,0,0,0,0,0,0,0,0,0,0,0,0
5910649,1,4,0,0,1,0,0,0,2,1,2,2,2,0,0,0,0,0,0,0,0,0,0,0,0,0,0,0
5910649,2,5,0,0,0,0,0,0,1,0,0,0,1,0,0,0,0,0,0,0,0,0,0,0,0,0,0,0
5910649,2,6,0,0,0,0,0,0,0,1,0,0,1,0,0,0,0,0,0,0,0,0,0,0,0,0,0,0
5910649,3,13,0,0,1,0,0,0,3,2,2,2,3,2,0,0,0,0,0,0,0,0,0,0,0,0,0,0
5915081,1,4,0,0,7,3,1,2,3,1,0,2,2,2,0,0,0,0,0,0,0,0,0,0,0,0,0,0
5915081,3,13,0,0,6,3,0,1,2,1,0,2,2,1,0,0,0,0,0,0,0,0,0,0,0,0,0,0
5917527,1,1,6,1,5,1,2,1,2,7,0,1,2,4,2,2,0,1,3,3,0,0,0,0,0,0,0,0
5917527,1,2,8,3,5,2,0,0,0,2,5,0,0,0,3,0,2,0,0,0,0,0,0,0,0,0,0,0
5917527,1,3,2,0,2,0,1,0,1,0,0,0,0,0,0,0,1,0,0,0,0,0,0,0,0,0,0,0
5917527,1,4,24,18,8,14,8,7,12,11,10,6,8,7,10,14,5,9,6,7,0,0,0,0,0,0,0,0
5917527,2,5,3,2,0,0,2,0,2,0,1,1,1,0,1,0,0,2,0,0,0,0,0,0,0,0,0,0
5917527,2,6,0,0,0,1,0,0,0,2,0,0,1,0,0,0,0,0,0,0,0,0,0,0,0,0,0,0
5917527,3,13,32,18,20,17,11,7,15,20,15,7,10,11,12,16,7,9,8,10,0,0,0,0,0,0,0,0
5919590,1,3,0,0,3,2,2,1,3,8,2,2,3,2,0,0,0,0,0,0,0,0,0,0,0,0,0,0
5919590,3,13,0,0,3,2,2,1,3,8,2,2,3,2,0,0,0,0,0,0,0,0,0,0,0,0,0,0
5922295,1,1,0,0,0,1,0,0,0,1,0,0,0,0,0,0,0,0,0,0,0,0,0,0,0,0,0,0
5922295,1,2,0,0,0,0,0,1,1,0,0,0,0,1,0,0,0,0,0,0,0,0,0,0,0,0,0,0
5922295,1,3,0,0,0,1,0,1,0,0,0,0,0,0,0,0,0,0,0,0,0,0,0,0,0,0,0,0
5922295,1,4,0,0,2,4,4,2,0,0,2,3,1,1,0,0,0,0,0,0,0,0,0,0,0,0,0,0
5922295,3,13,0,0,0,0,0,0,0,1,0,0,0,0,0,0,0,0,0,0,0,0,0,0,0,0,0,0
5922696,1,2,0,0,0,0,0,0,0,0,0,0,0,0,1,1,0,0,0,0,0,5,3,2,6,2,2,2
5922696,1,3,0,0,0,0,0,0,0,0,0,0,0,0,5,2,5,2,2,2,7,8,3,4,0,4,1,2
5922696,1,4,0,0,0,0,0,0,0,0,0,0,0,0,5,3,3,8,3,5,21,18,19,11,21,28,24,23
5922696,3,13,0,0,0,0,0,0,0,0,0,0,0,0,1,3,1,0,3,1,7,4,2,9,6,20,7,4
5928186,1,2,0,0,3,0,0,2,2,0,0,1,1,6,0,0,0,0,0,0,0,0,0,0,0,0,0,0
5928186,1,3,0,0,1,2,1,2,2,0,1,1,0,0,0,0,0,0,0,0,0,0,0,0,0,0,0,0
5928186,1,4,0,0,1,2,0,2,3,0,1,2,1,4,0,0,0,0,0,0,0,0,0,0,0,0,0,0
5928186,2,5,0,0,0,1,0,0,0,0,0,0,0,0,0,0,0,0,0,0,0,0,0,0,0,0,0,0
5928186,3,13,0,0,1,3,1,6,7,0,2,4,2,9,0,0,0,0,0,0,0,0,0,0,0,0,0,0
5929304,1,2,26,32,5,8,8,5,9,3,7,3,4,7,5,7,5,2,3,3,0,0,2,2,0,1,4,2
5929304,1,3,3,2,1,1,0,0,0,0,0,0,0,0,0,0,0,0,0,0,0,0,0,0,0,0,0,0
5929304,1,4,57,74,27,25,27,16,26,15,30,34,27,33,20,24,22,17,28,21,29,13,18,14,11,17,27,22
5929304,2,5,1,0,2,0,2,1,0,0,0,3,2,0,0,0,0,0,2,1,1,0,0,0,0,0,0,1
5929304,2,6,1,0,0,0,0,0,0,0,0,0,0,0,0,0,0,0,0,0,0,0,0,0,0,0,0,0
5933830,1,2,0,0,2,2,0,4,0,1,3,0,2,3,5,2,1,2,0,3,0,0,0,0,0,0,0,0
5933830,1,4,0,0,1,1,0,0,1,1,2,3,0,4,1,2,4,1,4,3,0,0,0,0,0,0,0,0
5933830,3,13,0,0,3,3,0,4,1,2,5,3,2,7,6,4,5,3,4,6,0,0,0,0,0,0,0,0
5946154,1,2,0,0,0,0,0,0,0,0,0,0,0,0,1,0,2,1,2,0,1,2,1,1,0,0,0,0
5946154,1,4,0,0,0,0,0,0,0,0,0,0,0,0,4,5,4,4,5,6,7,4,6,2,0,0,0,0
5946154,2,5,0,0,0,0,0,0,0,0,0,0,0,0,1,0,0,1,0,0,1,0,0,0,0,0,0,0
5946154,3,13,0,0,0,0,0,0,0,0,0,0,0,0,0,0,0,0,0,0,0,0,1,0,0,0,0,0
5946237,1,3,0,0,3,2,2,4,0,1,3,4,1,4,0,0,0,0,0,0,0,0,0,0,0,0,0,0
5946237,1,4,0,0,0,0,0,0,1,0,0,0,0,0,0,0,0,0,0,0,0,0,0,0,0,0,0,0
5947360,1,2,2,1,1,1,1,1,1,2,1,3,1,2,2,2,2,2,0,2,0,0,0,0,0,0,0,0
5947360,1,4,8,6,8,4,6,6,6,3,3,10,5,10,12,6,10,9,8,6,0,0,0,0,0,0,0,0
5947360,3,13,10,7,1,0,0,0,0,0,0,0,0,0,7,4,12,10,3,5,0,0,0,0,0,0,0,0
5954275,1,1,0,0,1,1,0,0,0,0,0,0,0,0,0,0,0,0,0,0,0,0,0,0,0,0,0,0
5954275,1,4,0,0,0,0,1,0,0,3,0,2,1,0,0,0,0,0,0,0,0,0,0,0,0,0,0,0
5954275,3,13,0,0,1,1,1,0,0,3,0,2,1,0,0,0,0,0,0,0,0,0,0,0,0,0,0,0
5957687,1,1,76,57,4,1,3,1,0,3,0,0,1,5,1,1,0,0,0,0,0,0,0,0,0,0,0,0
5957687,1,2,14,8,3,9,3,3,5,1,4,2,5,2,8,1,7,3,2,3,4,4,3,4,3,2,4,2
5957687,1,4,88,73,69,38,51,28,37,31,51,31,46,48,43,25,52,17,27,10,29,15,25,13,16,13,19,10
5957687,2,5,3,1,1,0,1,1,1,0,3,0,3,1,3,0,2,0,2,1,1,1,3,0,1,0,2,1
5957687,2,6,0,0,0,0,0,0,0,0,0,0,0,0,0,0,0,0,0,0,0,0,0,1,0,0,0,0
5957687,3,13,0,0,0,0,0,0,0,0,0,0,0,0,0,1,0,0,0,0,0,0,0,0,0,0,0,0
5963435,1,2,0,0,0,0,0,0,1,0,0,1,1,0,0,0,0,0,0,0,0,0,0,0,0,0,0,0
5963435,1,3,0,0,0,0,1,0,0,0,0,0,1,0,0,0,0,0,0,0,0,0,0,0,0,0,0,0
5963435,1,4,0,0,0,0,2,1,3,0,1,1,1,3,0,0,0,0,0,0,0,0,0,0,0,0,0,0
5963435,3,13,0,0,0,0,3,1,4,0,1,2,3,3,0,0,0,0,0,0,0,0,0,0,0,0,0,0
5970242,1,1,17,21,0,0,0,0,0,0,0,0,0,0,0,0,0,0,0,0,0,0,0,0,0,0,0,0
5970242,1,2,17,9,6,7,1,3,2,5,4,1,2,0,0,0,0,0,0,0,0,0,0,0,0,0,0,0
5970242,1,4,61,62,20,14,12,21,15,14,9,12,12,5,0,0,0,0,0,0,0,0,0,0,0,0,0,0
5970242,2,5,1,0,0,0,0,1,0,0,1,0,0,0,0,0,0,0,0,0,0,0,0,0,0,0,0,0
5970671,1,2,0,0,1,0,0,0,0,0,0,0,0,0,0,0,0,0,0,0,0,0,0,0,0,0,0,0
5970671,1,3,0,0,0,0,0,0,0,0,0,0,0,1,0,0,0,0,0,0,0,0,0,0,0,0,0,0
5970671,1,4,0,0,1,1,4,2,8,1,5,5,2,3,0,0,0,0,0,0,0,0,0,0,0,0,0,0
5970671,2,5,0,0,0,0,0,0,0,0,0,1,0,0,0,0,0,0,0,0,0,0,0,0,0,0,0,0
5970671,3,13,0,0,2,1,4,2,8,1,5,5,2,4,0,0,0,0,0,0,0,0,0,0,0,0,0,0
5972311,1,1,0,0,0,2,0,0,0,0,0,0,0,0,0,0,0,0,0,0,0,0,0,0,0,0,0,0
5972311,1,2,0,0,1,0,0,1,1,1,1,0,0,0,0,0,0,0,0,0,0,0,0,0,0,0,0,0
5972311,1,4,0,0,3,0,2,0,4,1,2,2,2,2,0,0,0,0,0,0,0,0,0,0,0,0,0,0
5972311,2,5,0,0,0,1,0,0,1,0,0,0,0,0,0,0,0,0,0,0,0,0,0,0,0,0,0,0
5972311,3,13,0,0,4,2,2,1,5,2,3,2,2,2,0,0,0,0,0,0,0,0,0,0,0,0,0,0
5976190,1,2,1,1,1,0,1,1,0,2,0,1,1,2,0,0,0,0,0,0,0,0,0,0,0,0,0,0
5976190,1,4,12,12,5,4,10,4,7,9,3,7,6,4,0,0,0,0,0,0,0,0,0,0,0,0,0,0
5976190,2,5,7,6,1,2,4,1,2,4,2,5,2,3,0,0,0,0,0,0,0,0,0,0,0,0,0,0
5976190,2,6,0,0,0,0,1,0,0,0,0,0,0,0,0,0,0,0,0,0,0,0,0,0,0,0,0,0
5978702,1,2,0,0,0,0,0,0,0,0,0,0,0,0,4,4,7,6,7,6,5,11,10,10,13,9,8,12
5978702,1,3,0,0,0,0,0,0,0,0,0,0,0,0,1,0,0,0,1,0,0,1,0,0,0,2,1,0
5978702,1,4,0,0,0,0,0,0,0,0,0,0,0,0,26,16,29,30,31,34,34,37,36,36,38,31,40,42
5978702,2,5,0,0,0,0,0,0,0,0,0,0,0,0,3,4,0,3,5,4,1,2,5,2,2,1,0,2
5978702,2,6,0,0,0,0,0,0,0,0,0,0,0,0,0,0,0,0,0,0,0,0,0,0,0,1,0,0
5978702,3,13,0,0,0,0,0,0,0,0,0,0,0,0,31,20,36,36,39,40,39,48,46,46,51,42,49,53
5980821,1,2,0,0,0,0,0,0,0,1,0,0,0,0,0,0,0,0,0,0,0,0,0,0,0,0,0,0
5980821,1,4,0,0,2,1,1,2,0,1,3,3,1,1,0,0,0,0,0,0,0,0,0,0,0,0,0,0
5980821,2,5,0,0,0,0,1,1,0,0,1,1,0,1,0,0,0,0,0,0,0,0,0,0,0,0,0,0
5980821,3,13,0,0,2,1,1,2,0,2,3,3,1,1,0,0,0,0,0,0,0,0,0,0,0,0,0,0
5987292,1,1,0,0,0,1,0,0,0,0,0,0,1,0,0,0,0,0,0,0,0,0,0,0,0,0,0,0
5987292,1,2,0,0,1,0,0,2,0,0,0,1,2,1,4,2,3,7,6,2,0,0,0,0,0,0,0,0
5987292,1,4,0,0,1,0,1,2,3,4,4,1,3,1,5,5,2,7,2,6,0,0,0,0,0,0,0,0
5987292,2,6,0,0,0,0,0,0,1,0,1,0,0,0,1,1,0,0,0,0,0,0,0,0,0,0,0,0
5987292,3,13,0,0,2,1,1,4,3,4,4,2,6,2,9,7,5,14,8,8,0,0,0,0,0,0,0,0
5990926,1,2,0,0,4,3,2,2,4,3,0,6,1,5,0,0,0,0,0,0,0,0,0,0,0,0,0,0
5990926,1,3,0,0,0,0,0,0,2,0,0,1,0,0,0,0,0,0,0,0,0,0,0,0,0,0,0,0
5990926,3,13,0,0,4,3,1,0,0,0,0,1,0,0,0,0,0,0,0,0,0,0,0,0,0,0,0,0
5991995,1,2,0,0,0,0,0,0,0,0,0,1,0,0,0,0,0,0,0,0,0,0,0,0,0,0,0,0
5991995,1,3,0,0,0,2,0,0,1,1,1,0,0,0,0,0,0,0,0,0,0,0,0,0,0,0,0,0
5991995,1,4,0,0,1,1,2,7,2,2,4,6,4,1,0,0,0,0,0,0,0,0,0,0,0,0,0,0
5991995,2,5,0,0,0,0,0,1,0,0,0,0,0,0,0,0,0,0,0,0,0,0,0,0,0,0,0,0
5991995,2,6,0,0,0,0,0,0,1,0,0,0,0,0,0,0,0,0,0,0,0,0,0,0,0,0,0,0
5991995,3,13,0,0,1,3,2,5,1,2,1,4,2,1,0,0,0,0,0,0,0,0,0,0,0,0,0,0
5998796,1,1,0,0,0,0,0,1,0,0,0,0,0,0,0,0,0,0,0,0,0,0,0,0,0,0,0,0
5998796,1,2,0,0,0,1,0,2,0,1,3,1,1,0,0,0,0,0,0,0,0,0,0,0,0,0,0,0
5998796,1,4,0,0,2,5,4,2,4,3,3,0,5,4,0,0,0,0,0,0,0,0,0,0,0,0,0,0
5998796,3,13,0,0,2,6,4,5,4,4,6,1,6,4,0,0,0,0,0,0,0,0,0,0,0,0,0,0
6002295,1,2,0,0,0,0,0,0,0,0,0,0,0,0,1,3,3,3,3,6,2,6,7,7,7,3,4,6
6002295,1,4,0,0,0,0,0,0,0,0,0,0,0,0,16,24,18,21,29,17,28,31,17,27,23,39,27,32
6002295,2,5,0,0,0,0,0,0,0,0,0,0,0,0,0,1,0,1,0,1,0,0,0,3,0,0,1,0
6002295,3,13,0,0,0,0,0,0,0,0,0,0,0,0,0,0,0,1,0,0,1,0,0,0,0,1,2,1
6004703,1,1,0,0,0,0,0,0,0,0,0,0,0,0,0,0,1,0,0,0,0,0,0,0,0,0,0,0
6004703,1,2,0,0,0,0,0,0,0,0,0,0,0,0,48,0,44,0,43,0,25,0,35,0,0,0,0,0
6004703,1,4,0,0,0,0,0,0,0,0,0,0,0,0,186,0,196,0,164,0,114,0,113,0,0,0,0,0
6004703,2,5,0,0,0,0,0,0,0,0,0,0,0,0,52,0,50,0,39,0,25,0,16,0,0,0,0,0
6004703,2,6,0,0,0,0,0,0,0,0,0,0,0,0,2,0,6,0,1,0,1,0,0,0,0,0,0,0
6004703,3,13,0,0,0,0,0,0,0,0,0,0,0,0,2,0,0,0,0,0,3,0,0,0,0,0,0,0
6007541,1,1,0,0,1,4,2,0,0,0,3,0,0,0,0,0,0,0,0,0,0,0,0,0,0,0,0,0
6007541,1,2,0,0,6,3,5,5,6,6,6,3,4,6,0,0,0,0,0,0,0,0,0,0,0,0,0,0
6007541,1,3,0,0,0,0,0,0,0,0,0,1,0,0,0,0,0,0,0,0,0,0,0,0,0,0,0,0
6007541,1,4,0,0,0,0,0,0,1,0,1,1,0,0,0,0,0,0,0,0,0,0,0,0,0,0,0,0
6007541,3,13,0,0,7,7,7,5,5,5,7,2,3,5,0,0,0,0,0,0,0,0,0,0,0,0,0,0
6012329,1,2,0,0,4,8,7,5,10,3,4,7,4,7,7,8,11,9,7,3,0,0,0,0,0,0,0,0
6013172,1,2,0,0,3,2,0,1,0,2,0,1,2,2,0,0,0,0,0,0,0,0,0,0,0,0,0,0
6013172,1,3,0,0,7,2,4,7,4,6,7,2,6,7,0,0,0,0,0,0,0,0,0,0,0,0,0,0
6013172,1,4,0,0,0,0,1,2,1,2,1,2,2,1,0,0,0,0,0,0,0,0,0,0,0,0,0,0
6015808,1,2,0,0,0,0,2,0,0,0,1,1,2,0,0,0,0,0,0,0,0,0,0,0,0,0,0,0
6015808,1,3,0,0,0,0,0,0,0,0,0,1,0,0,0,0,0,0,0,0,0,0,0,0,0,0,0,0
6015808,1,4,0,0,4,0,2,5,1,1,1,3,1,1,0,0,0,0,0,0,0,0,0,0,0,0,0,0
6015808,3,13,0,0,4,0,4,5,1,1,2,5,3,1,0,0,0,0,0,0,0,0,0,0,0,0,0,0
6024236,1,1,1,0,0,0,0,0,0,0,0,0,0,0,0,0,0,0,0,0,0,0,0,0,0,0,0,0
6024236,1,2,1,2,3,0,1,3,2,1,0,2,1,1,5,3,3,2,1,1,0,0,0,0,0,0,0,0
6024236,1,4,6,6,7,7,3,4,7,5,10,7,8,10,10,8,10,13,11,4,0,0,0,0,0,0,0,0
6024236,3,13,8,8,2,0,0,2,1,0,2,1,0,0,2,0,0,0,3,0,0,0,0,0,0,0,0,0
6025560,1,1,0,0,4,10,0,0,0,0,0,0,0,0,0,0,0,0,0,0,0,0,0,0,0,0,0,0
6025560,1,2,0,0,2,2,3,1,3,1,2,6,5,7,0,0,0,0,0,0,0,0,0,0,0,0,0,0
6025560,1,4,0,0,1,2,3,12,7,5,8,19,14,16,0,0,0,0,0,0,0,0,0,0,0,0,0,0
6025560,2,5,0,0,0,1,0,0,1,0,2,2,0,3,0,0,0,0,0,0,0,0,0,0,0,0,0,0
6025560,3,13,0,0,0,1,0,0,0,0,0,0,0,0,0,0,0,0,0,0,0,0,0,0,0,0,0,0
6033035,1,2,0,0,0,0,0,0,0,0,1,0,0,0,0,0,0,0,0,0,0,0,0,0,0,0,0,0
6033035,1,4,0,0,2,4,2,4,6,0,6,5,2,5,7,7,10,4,3,7,0,0,0,0,0,0,0,0
6033035,3,13,0,0,2,4,2,3,0,0,1,1,0,0,2,4,5,2,2,4,0,0,0,0,0,0,0,0
6038263,1,4,0,0,4,4,1,5,3,3,3,2,6,3,0,0,0,0,0,0,0,0,0,0,0,0,0,0
6038263,3,13,0,0,3,4,0,1,0,0,0,0,3,3,0,0,0,0,0,0,0,0,0,0,0,0,0,0
6040281,1,3,0,0,1,0,0,0,0,0,0,0,0,0,0,0,0,0,0,0,0,0,0,0,0,0,0,0
6040281,1,4,0,0,5,3,3,2,5,1,3,3,0,0,0,0,0,0,0,0,0,0,0,0,0,0,0,0
6040281,3,13,0,0,2,2,1,2,3,1,3,3,0,0,0,0,0,0,0,0,0,0,0,0,0,0,0,0
6041001,1,2,0,0,0,0,0,0,0,0,0,1,0,1,0,0,0,0,0,0,0,0,0,0,0,0,0,0
6041001,1,4,0,0,1,1,1,1,0,1,3,0,0,0,0,0,0,0,0,0,0,0,0,0,0,0,0,0
6051199,1,1,1,0,0,1,0,0,0,0,1,0,0,2,0,0,0,1,0,1,1,2,1,0,0,0,0,0
6051199,1,2,2,3,1,0,0,0,1,0,1,2,0,3,1,0,3,3,0,1,4,1,3,2,0,0,0,0
6051199,1,4,12,3,7,7,11,7,4,6,9,5,4,4,3,4,9,7,4,6,3,4,7,8,0,0,0,0
6051199,2,5,2,1,1,1,0,0,0,0,0,0,1,0,0,1,1,0,0,0,0,0,0,0,0,0,0,0
6051199,2,6,4,1,0,2,3,2,0,0,3,1,1,0,0,0,1,0,0,1,0,1,0,0,0,0,0,0
6051199,3,13,2,0,0,0,0,0,1,0,2,0,0,2,0,0,0,0,0,0,0,0,0,0,0,0,0,0
6054453,1,2,0,0,5,6,5,1,2,6,6,6,2,4,0,0,0,0,0,0,0,0,0,0,0,0,0,0
6054453,1,4,0,0,0,0,0,0,0,0,1,0,0,0,0,0,0,0,0,0,0,0,0,0,0,0,0,0
6054453,2,5,0,0,0,1,0,0,0,0,0,0,0,0,0,0,0,0,0,0,0,0,0,0,0,0,0,0
6054453,2,6,0,0,0,0,0,0,0,0,1,0,0,0,0,0,0,0,0,0,0,0,0,0,0,0,0,0
6054453,3,13,0,0,5,6,5,1,2,6,7,5,2,4,0,0,0,0,0,0,0,0,0,0,0,0,0,0
6056593,1,4,0,0,5,5,3,6,10,8,9,5,7,13,0,0,0,0,0,0,0,0,0,0,0,0,0,0
6056593,3,13,0,0,5,5,3,6,9,8,9,5,7,13,0,0,0,0,0,0,0,0,0,0,0,0,0,0
6062664,1,2,0,0,0,1,0,1,0,0,0,1,0,1,0,0,0,0,0,0,0,0,0,0,0,0,0,0
6062664,1,4,0,0,0,1,1,1,1,0,3,3,2,0,0,0,0,0,0,0,0,0,0,0,0,0,0,0
6062664,2,5,0,0,0,1,1,1,1,0,3,3,2,0,0,0,0,0,0,0,0,0,0,0,0,0,0,0
6062664,3,13,0,0,0,2,1,2,1,0,3,4,2,1,0,0,0,0,0,0,0,0,0,0,0,0,0,0
6064838,1,4,0,0,0,1,2,2,1,1,1,0,0,2,0,0,0,0,0,0,0,0,0,0,0,0,0,0
6064838,3,13,0,0,0,1,2,2,1,1,1,0,0,2,0,0,0,0,0,0,0,0,0,0,0,0,0,0
6066543,1,4,0,0,12,22,14,16,9,18,9,25,9,11,0,0,0,0,0,0,0,0,0,0,0,0,0,0
6066543,2,5,0,0,11,22,14,16,9,18,9,25,9,11,0,0,0,0,0,0,0,0,0,0,0,0,0,0
6067518,1,2,0,0,0,1,0,0,1,0,0,0,0,0,0,0,0,0,0,0,0,0,0,0,0,0,0,0
6067518,1,4,0,0,10,8,8,6,11,10,10,6,13,10,0,0,0,0,0,0,0,0,0,0,0,0,0,0
6067518,3,13,0,0,1,2,0,0,0,0,0,0,0,0,0,0,0,0,0,0,0,0,0,0,0,0,0,0
6070161,1,4,0,0,1,1,6,2,0,2,5,5,2,2,0,0,0,0,0,0,0,0,0,0,0,0,0,0
6070161,3,13,0,0,1,1,6,2,0,2,5,5,2,2,0,0,0,0,0,0,0,0,0,0,0,0,0,0
6071939,1,2,0,0,3,0,1,0,1,1,0,0,1,0,0,0,0,0,0,0,0,0,0,0,0,0,0,0
6071939,1,4,10,14,7,3,0,5,4,3,2,4,5,4,0,0,0,0,0,0,0,0,0,0,0,0,0,0
6071939,2,5,0,0,0,1,0,0,0,0,0,1,0,0,0,0,0,0,0,0,0,0,0,0,0,0,0,0
6071939,2,6,0,0,1,0,0,0,0,0,0,0,1,0,0,0,0,0,0,0,0,0,0,0,0,0,0,0
6085775,1,3,0,0,1,0,1,0,2,0,0,0,1,0,0,0,0,0,0,0,0,0,0,0,0,0,0,0
6085775,1,4,0,0,3,3,1,3,2,0,1,4,1,0,0,0,0,0,0,0,0,0,0,0,0,0,0,0
6085775,3,13,0,0,4,3,2,3,4,0,1,4,2,0,0,0,0,0,0,0,0,0,0,0,0,0,0,0
6087544,1,2,0,0,4,2,2,1,0,2,4,2,5,2,0,0,0,0,0,0,0,0,0,0,0,0,0,0
6087544,1,4,0,0,0,1,1,0,1,1,1,2,2,1,0,0,0,0,0,0,0,0,0,0,0,0,0,0
6087544,3,13,0,0,2,2,0,0,0,0,0,0,0,0,0,0,0,0,0,0,0,0,0,0,0,0,0,0
6088988,1,4,0,0,0,4,1,3,2,0,1,3,2,3,0,0,0,0,0,0,0,0,0,0,0,0,0,0
6097206,1,4,0,0,1,4,2,1,1,1,4,3,4,2,0,0,0,0,0,0,0,0,0,0,0,0,0,0
6097206,3,13,0,0,1,4,2,1,1,1,4,3,4,2,0,0,0,0,0,0,0,0,0,0,0,0,0,0
6098139,1,2,0,0,1,0,0,0,1,1,1,0,1,0,0,0,0,0,0,0,0,0,0,0,0,0,0,0
6098139,1,4,0,0,4,7,3,7,4,4,5,7,6,8,0,0,0,0,0,0,0,0,0,0,0,0,0,0
6098139,2,5,0,0,0,0,0,0,1,1,0,1,0,1,0,0,0,0,0,0,0,0,0,0,0,0,0,0
6098139,3,13,0,0,5,7,0,0,0,0,0,0,0,0,0,0,0,0,0,0,0,0,0,0,0,0,0,0
6101393,1,1,32,36,0,0,0,0,0,1,1,0,0,0,2,0,0,0,0,1,0,0,0,0,0,0,0,0
6101393,1,2,6,6,3,5,3,2,3,1,3,7,5,2,2,2,3,1,1,1,2,1,0,2,4,3,2,1
6101393,1,3,0,0,0,0,0,0,0,0,0,0,0,0,0,0,0,0,0,0,0,0,1,0,0,0,0,0
6101393,1,4,55,51,59,35,29,39,59,31,43,43,32,31,42,29,39,35,39,36,27,22,28,18,34,16,23,24
6101393,2,5,1,5,2,0,1,0,2,0,1,2,1,0,2,0,2,3,2,2,1,1,0,0,1,2,0,0
6101393,2,6,1,1,0,0,0,3,0,2,1,0,1,0,0,1,2,2,0,0,0,0,0,0,0,1,0,1
6101393,3,13,58,56,1,1,0,0,0,1,1,0,1,0,2,0,0,0,0,1,0,0,0,0,0,0,1,0
6105840,1,2,0,0,0,0,0,0,0,0,0,0,0,0,3,0,0,5,2,3,2,2,1,1,0,0,0,0
6105840,1,4,0,0,0,0,0,0,0,0,0,0,0,0,28,24,20,25,31,23,21,35,46,27,0,0,0,0
6105840,2,6,0,0,0,0,0,0,0,0,0,0,0,0,0,0,0,0,0,0,0,0,1,0,0,0,0,0
6105840,3,13,0,0,0,0,0,0,0,0,0,0,0,0,30,24,20,30,33,26,23,36,46,28,0,0,0,0
6106850,1,4,0,0,2,2,1,1,0,2,3,1,1,0,0,0,0,0,0,0,0,0,0,0,0,0,0,0
6109104,1,2,0,0,0,0,0,0,0,0,0,0,0,0,0,0,0,1,0,0,0,0,0,0,0,0,0,0
6109104,1,4,0,0,0,5,2,1,4,3,1,3,2,2,8,6,9,6,10,4,0,0,0,0,0,0,0,0
6118341,1,1,0,0,0,1,0,0,0,0,0,0,0,0,0,0,0,0,0,0,0,0,0,0,0,0,0,0
6118341,1,2,0,0,1,7,4,7,1,3,2,4,3,1,0,0,0,0,0,0,0,0,0,0,0,0,0,0
6118341,3,13,0,0,1,8,4,7,1,3,2,4,3,1,0,0,0,0,0,0,0,0,0,0,0,0,0,0
6127371,1,2,0,0,3,0,0,0,0,0,0,1,0,0,1,2,0,0,0,0,0,0,0,0,0,0,0,0
6127371,1,3,0,0,0,0,0,0,0,0,0,0,0,0,0,0,1,0,0,0,0,0,0,0,0,0,0,0
6127371,1,4,0,0,9,10,13,5,15,16,12,5,11,21,16,16,16,8,16,7,0,0,0,0,0,0,0,0
6127371,2,6,0,0,0,0,0,0,0,0,0,0,0,1,1,0,0,0,1,0,0,0,0,0,0,0,0,0
6127371,3,13,0,0,9,8,5,2,5,10,2,0,1,1,0,1,4,4,0,1,0,0,0,0,0,0,0,0
6141631,1,2,0,0,1,0,0,0,0,1,1,0,1,0,0,0,1,0,0,1,0,0,0,0,0,0,0,0
6141631,1,4,12,11,2,12,4,7,7,9,4,4,10,8,12,3,6,10,7,3,0,0,0,0,0,0,0,0
6141631,3,13,0,5,2,9,3,5,4,8,3,2,5,5,6,2,5,7,7,4,0,0,0,0,0,0,0,0
6144005,1,2,0,0,0,0,0,0,0,0,0,0,0,0,1,0,0,0,0,0,0,0,0,0,0,0,0,0
6144005,1,4,0,0,0,0,0,0,0,0,0,0,0,0,16,8,9,9,7,8,8,9,7,7,0,0,0,0
6144005,3,13,0,0,0,0,0,0,0,0,0,0,0,0,0,0,0,0,0,0,1,0,0,0,0,0,0,0
6145665,1,2,0,0,1,3,1,0,2,2,2,0,0,1,0,0,0,0,0,0,0,0,0,0,0,0,0,0
6145665,1,4,0,0,3,1,2,3,1,2,5,6,3,6,0,0,0,0,0,0,0,0,0,0,0,0,0,0
6147115,1,1,30,22,0,4,1,0,0,0,0,1,1,1,0,0,1,1,0,0,0,1,1,0,0,0,0,0
6147115,1,2,6,1,4,1,3,0,2,1,1,1,0,0,1,0,1,2,1,0,0,0,1,3,0,0,0,0
6147115,1,3,0,0,1,0,0,0,0,0,0,0,0,0,0,0,0,0,0,0,0,0,0,0,0,0,0,0
6147115,1,4,14,16,11,8,15,21,13,6,16,9,13,9,13,8,15,5,9,3,10,12,11,12,0,0,0,0
6147115,2,5,9,9,1,1,4,4,3,2,2,2,4,2,0,2,2,0,2,0,1,3,3,2,0,0,0,0
6147115,2,6,0,0,0,0,0,0,0,0,0,0,0,0,1,0,0,0,0,0,0,0,0,0,0,0,0,0
6147115,2,8,1,0,0,0,0,0,0,0,0,0,0,0,0,0,0,0,0,0,0,0,0,0,0,0,0,0
6147115,3,13,1,0,0,0,1,0,1,0,0,1,1,1,0,0,1,1,0,0,1,1,1,0,0,0,0,0
6150200,1,3,0,0,1,0,1,1,2,0,3,1,0,1,1,0,1,0,1,1,0,0,0,0,0,0,0,0
6150200,1,4,0,0,4,10,7,6,10,8,6,11,15,8,13,7,17,7,18,13,0,0,0,0,0,0,0,0
6150200,2,5,0,0,0,0,0,0,0,0,1,2,0,0,0,1,2,0,1,0,0,0,0,0,0,0,0,0
6150200,3,13,0,0,0,1,2,0,1,0,0,0,0,1,0,0,0,0,0,0,0,0,0,0,0,0,0,0
6154732,1,2,0,0,2,3,3,0,1,1,2,1,3,2,0,0,0,0,0,0,0,0,0,0,0,0,0,0
6154732,3,13,0,0,0,0,0,0,0,0,0,0,0,1,0,0,0,0,0,0,0,0,0,0,0,0,0,0
6157668,1,2,0,0,0,0,3,0,1,0,1,4,0,1,0,0,0,0,0,0,0,0,0,0,0,0,0,0
6157668,1,4,0,0,4,1,3,3,3,4,3,7,2,2,0,0,0,0,0,0,0,0,0,0,0,0,0,0
6158490,1,2,0,0,0,0,0,0,0,1,0,0,0,0,0,0,0,0,0,0,0,0,0,0,0,0,0,0
6158490,1,4,0,0,3,2,3,1,2,5,3,4,5,0,0,0,0,0,0,0,0,0,0,0,0,0,0,0
6158490,3,13,0,0,3,2,3,1,2,6,3,4,5,0,0,0,0,0,0,0,0,0,0,0,0,0,0,0
6159940,1,2,0,0,0,1,0,0,1,0,2,0,1,1,0,0,0,0,0,0,0,0,0,0,0,0,0,0
6159940,1,4,0,0,0,1,1,2,0,2,1,0,2,0,0,0,0,0,0,0,0,0,0,0,0,0,0,0
6161429,1,2,0,0,2,9,3,3,5,10,9,6,8,4,0,0,0,0,0,0,0,0,0,0,0,0,0,0
6161429,1,4,0,0,0,2,0,2,0,0,1,1,0,1,0,0,0,0,0,0,0,0,0,0,0,0,0,0
6171266,1,1,0,0,12,24,0,1,2,1,0,2,3,0,0,0,0,0,0,0,0,0,0,0,0,0,0,0
6171266,1,2,0,0,12,10,12,12,13,14,18,10,18,18,0,0,0,0,0,0,0,0,0,0,0,0,0,0
6171266,1,3,0,0,0,1,1,3,0,0,0,0,1,1,0,0,0,0,0,0,0,0,0,0,0,0,0,0
6171266,1,4,0,0,15,15,39,32,33,27,53,57,51,46,0,0,0,0,0,0,0,0,0,0,0,0,0,0
6171266,2,5,0,0,3,2,1,4,2,2,2,5,2,5,0,0,0,0,0,0,0,0,0,0,0,0,0,0
6171266,2,6,0,0,1,0,1,0,0,2,1,2,0,2,0,0,0,0,0,0,0,0,0,0,0,0,0,0
6171266,3,13,0,0,6,2,0,2,1,1,0,0,3,0,0,0,0,0,0,0,0,0,0,0,0,0,0,0
6189207,1,2,0,0,0,0,1,1,1,0,2,2,2,1,0,0,0,0,0,0,0,0,0,0,0,0,0,0
6189207,1,4,0,0,8,11,3,5,7,9,6,13,10,11,0,0,0,0,0,0,0,0,0,0,0,0,0,0
6189207,3,13,0,0,5,7,2,0,6,5,4,6,6,4,0,0,0,0,0,0,0,0,0,0,0,0,0,0
6191926,1,1,0,0,1,0,0,0,0,0,0,0,0,0,0,0,0,0,0,0,0,0,0,0,0,0,0,0
6191926,1,2,1,7,4,1,0,1,0,2,1,0,1,1,0,0,0,0,0,0,0,0,0,0,0,0,0,0
6191926,1,4,34,28,13,11,7,5,2,3,4,2,2,2,0,0,0,0,0,0,0,0,0,0,0,0,0,0
6191926,2,5,0,0,0,0,0,0,0,1,0,0,0,0,0,0,0,0,0,0,0,0,0,0,0,0,0,0
6194000,1,4,0,0,0,0,0,0,0,0,0,0,0,0,7,4,5,8,8,16,17,13,14,12,0,0,0,0
6194000,2,5,0,0,0,0,0,0,0,0,0,0,0,0,7,4,5,8,8,16,17,13,14,12,0,0,0,0
6194000,3,13,0,0,0,0,0,0,0,0,0,0,0,0,0,0,1,1,0,0,4,2,4,0,0,0,0,0
6194699,1,2,0,0,0,0,0,0,0,0,3,0,2,5,6,3,4,0,3,2,0,0,0,0,0,0,0,0
6194699,1,3,0,0,0,0,0,2,3,0,1,2,7,3,4,3,1,5,0,4,0,0,0,0,0,0,0,0
6194699,1,4,0,0,0,0,1,1,2,1,0,1,9,0,9,3,10,0,9,1,0,0,0,0,0,0,0,0
6194699,3,13,0,0,0,0,0,0,1,0,1,1,1,0,1,0,0,0,0,0,0,0,0,0,0,0,0,0
6196794,1,4,0,0,0,1,3,0,1,0,1,4,3,3,0,0,0,0,0,0,0,0,0,0,0,0,0,0
6196794,3,13,0,0,0,1,2,0,1,0,1,4,3,2,0,0,0,0,0,0,0,0,0,0,0,0,0,0
6203852,1,2,0,0,0,0,0,0,0,0,0,0,0,0,3,4,4,3,3,1,5,5,2,7,0,0,0,0
6203852,1,4,0,0,0,0,0,0,0,0,0,0,0,0,23,17,20,11,12,14,17,15,10,13,0,0,0,0
6203852,2,6,0,0,0,0,0,0,0,0,0,0,0,0,0,0,0,0,0,0,0,0,1,0,0,0,0,0
6203852,3,13,0,0,0,0,0,0,0,0,0,0,0,0,0,1,1,0,3,4,0,1,0,0,0,0,0,0
6211747,1,4,0,0,1,3,1,1,2,1,1,1,2,0,0,0,0,0,0,0,0,0,0,0,0,0,0,0
6212128,1,2,0,0,2,1,1,2,1,2,2,5,3,0,0,0,0,0,0,0,0,0,0,0,0,0,0,0
6212128,1,3,0,0,0,0,0,0,0,1,0,0,0,0,0,0,0,0,0,0,0,0,0,0,0,0,0,0
6212128,1,4,0,0,11,6,11,8,9,13,13,18,14,10,0,0,0,0,0,0,0,0,0,0,0,0,0,0
6212128,3,13,0,0,13,7,0,4,3,8,7,10,8,7,0,0,0,0,0,0,0,0,0,0,0,0,0,0
6212245,1,2,1,3,0,1,2,0,0,0,0,0,0,0,0,0,0,0,0,0,0,0,0,0,0,0,0,0
6212245,1,3,0,0,0,0,2,0,0,0,0,0,0,0,0,0,0,0,0,0,0,0,0,0,0,0,0,0
6212245,1,4,15,17,15,9,6,1,3,3,0,3,1,2,0,0,0,0,0,0,0,0,0,0,0,0,0,0
6212245,2,5,5,7,4,6,2,0,3,1,0,2,0,0,0,0,0,0,0,0,0,0,0,0,0,0,0,0
6212245,2,6,0,1,0,0,0,0,0,0,0,0,0,0,0,0,0,0,0,0,0,0,0,0,0,0,0,0
6212245,3,13,7,5,0,0,0,0,0,0,0,0,0,0,0,0,0,0,0,0,0,0,0,0,0,0,0,0
6216646,1,2,1,0,0,0,0,1,0,0,0,0,0,0,0,0,0,0,0,0,0,0,0,0,0,0,0,0
6216646,1,3,1,0,0,0,0,0,0,0,0,0,0,0,0,0,0,0,0,0,0,0,0,0,0,0,0,0
6216646,1,4,21,12,4,6,4,4,2,5,4,3,1,3,0,0,0,0,0,0,0,0,0,0,0,0,0,0
6216646,2,6,0,1,0,0,0,0,0,0,0,0,0,0,0,0,0,0,0,0,0,0,0,0,0,0,0,0
6216646,3,13,1,0,0,0,0,0,0,0,0,0,0,0,0,0,0,0,0,0,0,0,0,0,0,0,0,0
6218550,1,2,0,0,1,2,2,4,1,1,1,5,0,3,0,0,0,0,0,0,0,0,0,0,0,0,0,0
6218550,3,13,0,0,1,2,2,4,1,1,1,5,0,3,0,0,0,0,0,0,0,0,0,0,0,0,0,0
6225343,1,2,0,0,0,0,2,2,1,3,5,7,5,0,0,0,0,0,0,0,0,0,0,0,0,0,0,0
6225343,1,4,0,0,7,11,10,8,15,14,17,14,23,21,0,0,0,0,0,0,0,0,0,0,0,0,0,0
6225343,2,5,0,0,3,1,5,5,4,7,10,4,10,8,0,0,0,0,0,0,0,0,0,0,0,0,0,0
6225343,2,6,0,0,0,0,0,0,0,0,0,1,0,0,0,0,0,0,0,0,0,0,0,0,0,0,0,0
6225343,3,13,0,0,3,9,0,0,0,1,1,0,1,0,0,0,0,0,0,0,0,0,0,0,0,0,0,0
6228490,1,4,0,0,4,0,1,1,4,3,1,2,0,1,12,10,7,8,7,6,0,0,0,0,0,0,0,0
6228490,2,5,0,0,0,0,0,0,0,0,0,0,0,0,0,1,0,0,0,1,0,0,0,0,0,0,0,0
6228490,3,13,0,0,0,0,0,0,0,0,0,0,0,0,0,0,0,0,0,1,0,0,0,0,0,0,0,0
6230518,1,1,0,0,0,0,1,0,1,0,0,0,0,0,0,0,0,0,0,0,0,0,0,0,0,0,0,0
6230518,1,2,0,0,4,0,2,1,2,3,2,0,0,0,0,0,0,0,0,0,0,0,0,0,0,0,0,0
6230518,1,4,0,0,3,6,8,5,3,4,4,7,5,3,0,0,0,0,0,0,0,0,0,0,0,0,0,0
6230518,2,5,0,0,0,1,2,2,1,4,0,3,2,0,0,0,0,0,0,0,0,0,0,0,0,0,0,0
6230518,2,6,0,0,0,0,0,0,1,0,1,0,0,0,0,0,0,0,0,0,0,0,0,0,0,0,0,0
6230518,3,13,0,0,0,0,0,0,2,0,0,0,0,0,0,0,0,0,0,0,0,0,0,0,0,0,0,0
6231522,1,2,0,0,0,0,1,1,0,0,0,0,0,0,1,0,1,2,1,0,0,0,0,0,0,0,0,0
6231522,1,3,0,0,0,0,0,0,2,0,1,0,0,0,0,0,1,0,5,0,0,0,0,0,0,0,0,0
6231522,1,4,0,0,9,3,5,7,10,9,11,10,19,12,12,9,15,11,14,4,0,0,0,0,0,0,0,0
6231522,2,6,0,0,0,0,0,0,0,0,0,0,0,0,0,0,2,0,0,0,0,0,0,0,0,0,0,0
6231522,3,13,0,0,3,1,3,2,5,4,5,4,7,3,8,1,10,3,7,1,0,0,0,0,0,0,0,0
6250154,1,1,10,12,1,0,1,0,2,1,0,0,1,1,0,0,0,0,0,0,0,0,0,0,0,0,0,0
6250154,1,2,2,1,1,1,2,0,0,1,0,1,2,0,0,0,0,0,0,0,0,0,0,0,0,0,0,0
6250154,1,3,0,0,0,1,0,0,0,0,0,0,0,0,0,0,0,0,0,0,0,0,0,0,0,0,0,0
6250154,1,4,8,8,0,2,3,2,2,0,1,1,2,3,0,0,0,0,0,0,0,0,0,0,0,0,0,0
6250154,2,5,6,3,0,0,1,0,0,0,0,0,1,0,0,0,0,0,0,0,0,0,0,0,0,0,0,0
6250154,3,13,12,10,0,0,0,0,0,0,0,1,1,0,0,0,0,0,0,0,0,0,0,0,0,0,0,0
6251542,1,1,0,0,0,0,0,0,0,0,0,0,0,0,0,1,0,0,0,2,0,1,0,1,0,1,0,1
6251542,1,2,0,0,0,0,0,0,0,0,0,0,0,0,0,12,0,20,0,21,0,16,0,32,0,28,0,41
6251542,1,3,0,0,0,0,0,0,0,0,0,0,0,0,0,0,0,0,0,0,0,3,0,1,0,0,0,0
6251542,1,4,0,0,0,0,0,0,0,0,0,0,0,0,0,119,0,130,0,129,0,191,0,201,0,299,0,323
6251542,2,5,0,0,0,0,0,0,0,0,0,0,0,0,0,13,0,16,0,24,0,34,0,21,0,30,0,18
6251542,2,6,0,0,0,0,0,0,0,0,0,0,0,0,0,2,0,0,0,0,0,1,0,1,0,0,0,0
6251542,3,13,0,0,0,0,0,0,0,0,0,0,0,0,0,131,0,150,0,152,0,211,0,235,0,328,0,365
6253278,1,4,0,0,3,4,2,1,2,3,1,3,3,1,0,0,0,0,0,0,0,0,0,0,0,0,0,0
6253278,3,13,0,0,3,4,2,1,2,3,1,3,3,1,0,0,0,0,0,0,0,0,0,0,0,0,0,0
6260653,1,1,0,0,4,2,1,0,0,0,2,0,0,0,0,0,0,0,0,0,0,0,0,0,0,0,0,0
6260653,1,2,0,0,1,0,0,0,0,0,0,1,1,0,0,0,0,0,0,0,0,0,0,0,0,0,0,0
6260653,1,4,0,0,1,0,2,2,1,2,1,3,2,4,0,0,0,0,0,0,0,0,0,0,0,0,0,0
6260653,2,5,0,0,1,0,2,2,0,1,0,2,1,3,0,0,0,0,0,0,0,0,0,0,0,0,0,0
6260653,3,13,0,0,0,0,2,1,0,1,1,1,2,2,0,0,0,0,0,0,0,0,0,0,0,0,0,0
6261648,1,4,0,0,3,0,2,2,3,6,7,3,1,4,0,0,0,0,0,0,0,0,0,0,0,0,0,0
6261648,3,13,0,0,3,0,2,2,3,6,7,3,1,4,0,0,0,0,0,0,0,0,0,0,0,0,0,0
6267817,1,2,0,0,0,0,1,2,0,1,1,0,0,1,0,0,0,0,0,0,0,0,0,0,0,0,0,0
6267817,1,4,0,0,1,1,1,0,1,0,1,2,0,1,0,0,0,0,0,0,0,0,0,0,0,0,0,0
6277262,1,4,0,0,1,0,2,2,2,6,0,4,1,0,0,0,0,0,0,0,0,0,0,0,0,0,0,0
6277262,2,5,0,0,1,0,2,2,2,6,0,4,1,0,0,0,0,0,0,0,0,0,0,0,0,0,0,0
6277262,3,13,0,0,1,0,2,2,2,6,0,4,1,0,0,0,0,0,0,0,0,0,0,0,0,0,0,0
6278323,1,2,0,0,0,0,0,1,0,2,0,3,0,0,0,0,0,0,0,0,0,0,0,0,0,0,0,0
6278323,1,4,0,0,1,1,2,0,2,1,3,1,0,2,0,0,0,0,0,0,0,0,0,0,0,0,0,0
6278323,2,6,0,0,0,1,1,0,1,1,0,1,0,0,0,0,0,0,0,0,0,0,0,0,0,0,0,0
6283954,1,2,0,0,0,0,0,0,0,0,0,0,0,0,3,1,1,2,2,2,4,3,2,6,0,0,0,0
6283954,1,3,0,0,0,0,0,0,0,0,0,0,0,0,0,0,0,0,0,0,0,0,0,1,0,0,0,0
6283954,1,4,0,0,0,0,0,0,0,0,0,0,0,0,5,12,16,17,16,11,13,15,16,14,0,0,0,0
6283954,2,5,0,0,0,0,0,0,0,0,0,0,0,0,0,1,0,0,0,0,0,0,0,2,0,0,0,0
6283954,3,13,0,0,0,0,0,0,0,0,0,0,0,0,3,3,3,4,2,2,9,7,14,14,0,0,0,0
6288736,1,1,12,6,1,3,7,4,2,4,14,3,12,8,10,17,11,8,10,7,15,8,3,4,0,0,0,0
6288736,1,2,3,4,4,2,2,4,1,2,5,3,2,6,1,4,7,1,1,2,3,1,2,2,0,0,0,0
6288736,1,3,0,0,0,0,1,0,0,1,0,1,0,0,2,0,0,1,1,0,0,0,0,0,0,0,0,0
6288736,1,4,90,86,84,78,76,64,66,58,44,59,51,45,48,35,43,38,31,29,28,17,19,21,0,0,0,0
6288736,2,5,3,3,3,6,4,2,4,4,1,4,2,4,0,4,5,0,3,4,4,0,1,0,0,0,0,0
6288736,2,6,2,0,2,2,0,1,2,3,0,0,1,0,1,0,1,2,0,0,0,0,1,0,0,0,0,0
6288736,2,7,0,0,0,0,0,0,0,0,0,0,0,0,0,1,0,0,0,0,0,0,0,0,0,0,0,0
6288736,3,13,1,0,2,2,2,2,0,2,7,1,6,4,9,12,9,5,10,6,10,5,2,4,0,0,0,0
6297347,1,4,0,0,1,3,2,1,2,5,4,1,2,3,0,0,0,0,0,0,0,0,0,0,0,0,0,0
6307345,1,1,0,0,0,1,0,0,0,0,0,0,0,0,0,0,0,0,0,0,0,0,0,0,0,0,0,0
6307345,1,2,8,1,6,3,2,4,1,0,5,1,0,0,1,1,0,0,1,1,0,0,3,0,0,0,0,0
6307345,1,4,37,34,30,11,17,13,12,11,20,12,12,7,14,8,10,7,5,10,9,2,6,6,0,0,0,0
6307345,2,5,4,4,4,1,3,2,1,0,4,2,1,0,0,0,1,0,1,0,1,0,0,1,0,0,0,0
6307345,3,13,0,0,0,0,0,0,0,1,0,0,0,0,1,0,0,0,0,0,0,0,0,0,0,0,0,0
6308168,1,1,0,0,0,0,0,0,0,0,2,2,0,0,0,0,0,0,0,0,0,0,0,0,0,0,0,0
6308168,1,2,0,0,0,1,2,0,0,1,1,1,0,1,0,0,0,0,0,0,0,0,0,0,0,0,0,0
6308168,1,4,0,0,2,1,0,0,1,0,1,2,0,2,0,0,0,0,0,0,0,0,0,0,0,0,0,0
6308168,3,13,0,0,2,2,2,0,1,0,4,5,0,3,0,0,0,0,0,0,0,0,0,0,0,0,0,0
6309700,1,4,0,0,0,0,2,3,0,2,0,1,2,2,0,0,0,0,0,0,0,0,0,0,0,0,0,0
6309700,3,13,0,0,0,0,1,3,0,2,0,1,2,2,0,0,0,0,0,0,0,0,0,0,0,0,0,0
6310717,1,1,0,0,0,0,0,0,0,0,0,0,0,1,0,0,0,0,0,0,1,0,0,0,0,0,0,0
6310717,1,2,2,1,4,1,0,1,2,0,0,0,2,3,4,0,2,2,0,0,3,3,2,0,3,2,3,1
6310717,1,3,0,0,0,0,0,0,0,0,0,0,0,0,0,0,0,0,0,0,0,0,0,0,1,0,1,0
6310717,1,4,43,31,22,16,13,10,6,5,21,14,15,15,19,10,14,8,17,9,22,13,22,9,30,14,37,12
6310717,2,5,8,5,7,3,2,2,3,1,7,3,4,3,5,4,5,5,7,2,6,6,3,1,4,1,8,1
6310717,2,6,1,0,0,0,0,0,0,0,0,0,0,0,0,0,0,0,0,0,0,1,2,0,1,1,1,1
6310717,3,13,0,0,0,0,0,0,0,0,0,0,0,0,1,0,0,0,0,0,1,0,0,0,1,1,0,0
6312402,1,1,0,2,0,0,0,1,0,0,0,1,1,1,7,3,2,3,3,10,0,3,6,0,0,0,0,0
6312402,1,2,5,3,1,1,1,3,2,1,1,1,0,0,1,1,2,1,2,2,1,0,2,1,0,0,0,0
6312402,1,4,20,17,8,6,8,4,3,3,11,6,10,8,21,11,4,10,17,13,17,15,16,11,0,0,0,0
6312402,2,5,0,0,0,0,0,0,0,0,0,0,0,0,0,0,0,0,0,2,1,0,1,0,0,0,0,0
6312402,2,6,0,2,1,0,1,0,1,1,1,1,1,0,0,1,0,2,0,0,1,0,0,0,0,0,0,0
6312402,3,13,0,0,0,0,0,0,0,0,0,1,1,1,7,2,2,2,3,10,0,3,6,0,0,0,0,0
6314896,1,2,0,0,0,0,0,1,3,0,0,0,1,0,0,0,0,0,0,0,0,0,0,0,0,0,0,0
6314896,1,3,0,0,0,0,1,0,1,1,0,1,0,0,0,0,0,0,0,0,0,0,0,0,0,0,0,0
6314896,1,4,0,0,0,0,0,0,1,0,0,0,1,1,0,0,0,0,0,0,0,0,0,0,0,0,0,0
6314896,2,5,0,0,0,0,0,0,1,0,0,0,1,0,0,0,0,0,0,0,0,0,0,0,0,0,0,0
6316676,1,1,4,3,1,0,0,0,0,0,0,0,0,0,0,0,0,0,0,0,0,0,0,0,0,0,0,0
6316676,1,2,6,7,1,2,0,0,2,0,4,0,0,3,0,0,0,0,0,0,0,0,0,0,0,0,0,0
6316676,1,4,2,3,2,3,0,1,0,1,1,0,1,0,0,0,0,0,0,0,0,0,0,0,0,0,0,0
6316676,2,5,3,4,0,3,0,1,0,0,0,0,1,0,0,0,0,0,0,0,0,0,0,0,0,0,0,0
6319353,1,2,0,0,1,2,0,1,2,0,0,0,0,1,0,0,0,0,0,0,0,0,0,0,0,0,0,0
6319353,1,4,0,0,1,3,0,5,4,2,1,2,1,5,0,0,0,0,0,0,0,0,0,0,0,0,0,0
6321173,1,2,0,0,0,1,1,0,1,1,0,0,0,0,0,0,0,0,0,0,0,0,0,0,0,0,0,0
6321173,1,4,0,0,0,0,2,0,1,0,0,2,1,1,0,0,0,0,0,0,0,0,0,0,0,0,0,0
6321699,1,1,0,0,0,0,0,0,0,0,0,0,0,0,0,0,0,0,0,0,0,0,0,0,1,2,0,0
6321699,1,2,0,0,0,0,0,0,0,0,0,0,0,0,7,9,3,4,6,12,9,1,2,7,11,7,0,0
6321699,1,3,0,0,0,0,0,0,0,0,0,0,0,0,0,0,1,0,1,0,2,2,2,1,2,1,0,0
6321699,1,4,0,0,0,0,0,0,0,0,0,0,0,0,30,26,36,28,30,37,35,28,38,41,52,39,0,0
6321699,2,5,0,0,0,0,0,0,0,0,0,0,0,0,4,2,2,1,1,3,1,1,1,1,1,0,0,0
6321699,3,13,0,0,0,0,0,0,0,0,0,0,0,0,1,1,2,0,0,4,1,5,3,9,49,32,0,0
6331427,1,2,0,0,1,1,2,4,2,2,4,0,0,1,0,0,0,0,0,0,0,0,0,0,0,0,0,0
6331427,1,3,0,0,0,0,0,0,0,0,1,0,0,0,0,0,0,0,0,0,0,0,0,0,0,0,0,0
6331427,1,4,0,0,3,5,2,6,6,8,6,6,8,9,0,0,0,0,0,0,0,0,0,0,0,0,0,0
6331427,3,13,0,0,2,5,0,0,0,0,0,0,0,0,0,0,0,0,0,0,0,0,0,0,0,0,0,0
6332002,1,3,0,0,3,0,0,0,0,1,0,3,1,1,0,0,0,0,0,0,0,0,0,0,0,0,0,0
6332002,1,4,0,0,0,1,1,0,0,0,2,1,2,0,0,0,0,0,0,0,0,0,0,0,0,0,0,0
6332002,3,13,0,0,3,1,0,0,0,0,0,2,1,1,0,0,0,0,0,0,0,0,0,0,0,0,0,0
6348891,1,2,0,0,0,0,0,0,0,0,0,0,0,0,7,4,4,4,6,3,4,2,1,2,0,0,0,0
6348891,1,4,0,0,0,0,0,0,0,0,0,0,0,0,11,5,7,7,7,4,15,7,12,3,0,0,0,0
6348891,3,13,0,0,0,0,0,0,0,0,0,0,0,0,1,0,0,0,0,0,0,0,0,0,0,0,0,0
6349474,1,1,0,0,2,2,1,0,0,0,0,0,0,0,0,0,0,0,0,0,0,0,0,0,0,0,0,0
6349474,1,2,0,0,0,1,0,0,1,0,0,0,1,1,0,0,0,0,0,0,0,0,0,0,0,0,0,0
6349474,1,3,0,0,0,1,0,0,0,0,0,0,0,1,0,0,0,0,0,0,0,0,0,0,0,0,0,0
6349474,1,4,0,0,0,2,1,1,1,1,3,2,3,4,0,0,0,0,0,0,0,0,0,0,0,0,0,0
6349474,3,13,0,0,2,6,1,0,2,1,3,2,4,6,0,0,0,0,0,0,0,0,0,0,0,0,0,0
6359065,1,2,0,0,0,0,0,0,0,0,0,0,0,0,4,3,2,0,7,0,3,6,0,1,0,0,0,0
6359065,1,4,0,0,0,0,0,0,0,0,0,0,0,0,22,16,29,10,25,16,18,21,11,20,0,0,0,0
6359065,2,5,0,0,0,0,0,0,0,0,0,0,0,0,0,1,2,0,0,2,0,1,0,2,0,0,0,0
6359065,3,13,0,0,0,0,0,0,0,0,0,0,0,0,0,2,0,0,3,0,1,1,2,2,0,0,0,0
6362346,1,2,0,0,0,1,2,0,2,1,2,1,1,0,0,0,0,0,0,0,0,0,0,0,0,0,0,0
6362346,1,4,0,0,1,1,0,1,1,0,2,0,1,1,0,0,0,0,0,0,0,0,0,0,0,0,0,0
6362346,3,13,0,0,1,2,0,0,0,0,0,0,0,0,0,0,0,0,0,0,0,0,0,0,0,0,0,0
6365778,1,1,0,0,0,0,0,0,0,0,0,0,0,0,1,0,0,0,0,0,0,0,0,0,0,0,0,0
6365778,1,2,0,0,0,0,0,0,0,0,0,0,0,0,8,4,7,9,14,6,12,6,4,9,0,0,0,0
6365778,1,3,0,0,0,0,0,0,0,0,0,0,0,0,0,0,0,0,0,1,0,0,0,0,0,0,0,0
6365778,1,4,0,0,0,0,0,0,0,0,0,0,0,0,22,12,13,15,18,11,31,30,34,37,0,0,0,0
6365778,2,5,0,0,0,0,0,0,0,0,0,0,0,0,1,0,0,0,0,0,1,0,0,0,0,0,0,0
6365778,3,13,0,0,0,0,0,0,0,0,0,0,0,0,29,15,18,24,32,17,42,35,33,38,0,0,0,0
6369647,1,4,0,0,2,3,4,1,0,6,2,3,2,3,0,0,0,0,0,0,0,0,0,0,0,0,0,0
6369647,3,13,0,0,2,3,0,0,0,0,0,0,0,0,0,0,0,0,0,0,0,0,0,0,0,0,0,0
6372092,1,4,0,0,3,5,2,2,5,9,2,6,4,4,4,8,5,4,7,5,0,0,0,0,0,0,0,0
6372092,2,5,0,0,0,0,0,0,0,0,0,0,0,0,0,0,1,0,0,0,0,0,0,0,0,0,0,0
6372092,3,13,0,0,3,5,2,2,3,9,2,4,4,4,4,8,5,4,7,5,0,0,0,0,0,0,0,0
6373843,1,2,0,0,0,0,0,0,0,0,0,0,0,0,11,14,3,8,6,5,7,10,8,10,0,0,0,0
6373843,1,4,0,0,0,0,0,0,0,0,0,0,0,0,0,1,2,0,1,1,0,0,0,0,0,0,0,0
6380140,1,1,0,2,0,0,0,0,0,0,0,0,0,0,0,1,0,0,1,0,0,0,0,0,0,0,0,0
6380140,1,2,12,8,6,5,2,6,3,3,7,4,2,2,2,3,2,2,1,4,4,0,0,1,0,0,0,0
6380140,1,3,0,5,0,1,0,0,0,1,1,0,0,0,1,0,0,0,0,0,0,1,0,0,0,0,0,0
6380140,1,4,85,69,30,25,35,26,25,20,33,28,27,23,21,16,32,16,29,18,28,16,18,16,0,0,0,0
6380140,2,5,10,11,5,1,2,4,1,0,2,3,2,0,5,1,5,4,3,0,4,1,2,1,0,0,0,0
6380140,2,6,1,0,0,0,0,0,0,0,0,0,0,0,0,0,0,0,0,1,0,0,0,1,0,0,0,0
6380140,3,13,0,0,0,0,0,0,0,0,0,1,0,0,0,0,1,0,0,0,0,1,0,0,0,0,0,0
6384567,1,2,0,0,0,0,0,0,1,0,0,0,0,0,0,0,0,0,0,0,0,0,0,0,0,0,0,0
6384567,1,4,0,0,3,4,4,6,4,3,3,4,2,4,0,0,0,0,0,0,0,0,0,0,0,0,0,0
6384807,1,2,0,0,0,0,0,0,0,0,0,0,0,0,1,1,0,1,0,0,0,1,0,0,0,0,0,0
6384807,1,4,0,0,0,0,0,0,0,0,0,0,0,0,10,4,13,6,13,8,9,8,4,8,0,0,0,0
6384807,3,13,0,0,0,0,0,0,0,0,0,0,0,0,10,5,12,7,13,8,9,9,4,8,0,0,0,0
6385888,1,1,7,9,4,5,2,5,5,3,3,2,9,5,8,10,12,6,9,6,9,8,14,9,15,12,15,10
6385888,1,2,12,2,0,1,2,1,3,0,0,1,2,2,11,3,2,4,7,4,4,5,1,3,3,3,7,5
6385888,1,3,0,0,0,0,0,0,0,0,1,0,0,0,1,0,0,0,0,0,0,0,0,0,0,0,0,0
6385888,1,4,50,37,27,20,28,26,33,26,46,29,28,29,61,59,74,40,70,47,48,43,66,44,54,53,55,54
6385888,2,5,3,0,1,0,1,0,3,1,3,0,2,0,5,2,2,3,2,3,3,0,3,2,2,2,1,3
6385888,2,6,1,1,0,0,0,0,0,0,0,1,1,2,2,1,1,1,1,1,2,0,2,3,2,1,1,2
6385888,2,10,0,0,0,0,0,0,0,0,1,0,0,0,0,0,1,0,0,0,1,0,0,0,0,0,0,0
6385888,3,13,1,1,1,3,0,1,3,0,1,1,4,2,2,5,5,4,1,2,5,3,9,7,10,9,9,7
6388186,1,4,0,0,1,2,3,2,2,4,3,3,4,1,0,0,0,0,0,0,0,0,0,0,0,0,0,0
6388186,3,13,0,0,1,2,3,2,2,4,3,3,4,1,0,0,0,0,0,0,0,0,0,0,0,0,0,0
6398693,1,2,0,0,1,2,6,0,2,0,1,5,2,1,0,0,0,0,0,0,0,0,0,0,0,0,0,0
6398693,1,4,0,0,1,1,3,1,3,2,3,2,1,3,0,0,0,0,0,0,0,0,0,0,0,0,0,0
6398693,2,5,0,0,0,1,2,0,0,1,2,1,0,0,0,0,0,0,0,0,0,0,0,0,0,0,0,0
6398693,3,13,0,0,2,2,0,0,0,0,0,0,0,1,0,0,0,0,0,0,0,0,0,0,0,0,0,0
6407505,1,2,0,0,0,0,0,0,0,0,0,0,0,0,10,0,12,0,7,0,7,0,6,0,5,0,8,0
6407505,1,3,0,0,0,0,0,0,0,0,0,0,0,0,0,0,0,0,0,0,0,0,0,0,0,0,1,0
6407505,1,4,0,0,0,0,0,0,0,0,0,0,0,0,21,0,7,0,26,0,17,0,19,0,18,0,17,0
6407505,2,5,0,0,0,0,0,0,0,0,0,0,0,0,6,0,0,0,5,0,2,0,4,0,3,0,2,0
6407505,3,13,0,0,0,0,0,0,0,0,0,0,0,0,0,0,0,0,0,0,2,0,0,0,2,0,0,0
6409780,1,3,0,0,0,0,1,0,0,0,0,0,0,0,0,0,0,0,0,0,0,0,0,0,0,0,0,0
6409780,1,4,0,0,6,3,0,3,3,3,2,4,4,3,0,0,0,0,0,0,0,0,0,0,0,0,0,0
6409780,3,13,0,0,0,0,0,0,0,0,0,0,1,0,0,0,0,0,0,0,0,0,0,0,0,0,0,0
6409837,1,2,0,0,0,0,0,0,0,0,0,0,0,0,0,0,2,1,1,0,2,0,4,0,0,0,0,0
6409837,1,4,0,0,0,0,0,0,0,0,0,0,0,0,13,11,14,10,9,7,12,10,16,12,0,0,0,0
6409837,3,13,0,0,0,0,0,0,0,0,0,0,0,0,13,11,16,11,8,7,14,10,20,12,0,0,0,0
6412650,1,1,0,2,4,2,5,3,4,1,9,7,4,5,6,2,7,3,4,2,2,3,2,1,0,0,0,0
6412650,1,2,0,0,5,1,1,3,4,2,7,2,2,4,1,3,3,0,1,3,0,1,0,2,0,0,0,0
6412650,1,3,0,1,0,1,1,0,1,0,1,0,1,0,0,0,0,0,1,0,0,0,0,0,0,0,0,0
6412650,1,4,4,7,24,14,28,14,22,18,23,20,18,10,13,8,14,7,18,15,9,10,8,5,0,0,0,0
6412650,2,5,0,0,3,1,0,0,5,1,1,1,0,1,1,0,2,0,1,1,0,0,1,0,0,0,0,0
6412650,2,6,0,1,1,1,1,0,0,3,1,0,1,0,0,0,2,0,1,0,0,0,0,0,0,0,0,0
6412650,3,13,0,2,3,1,5,1,3,1,8,6,4,3,5,2,6,3,4,3,2,2,1,1,0,0,0,0
6413264,1,2,0,0,0,0,0,0,0,0,0,0,0,0,0,2,5,2,1,3,3,1,1,3,2,6,0,3
6413264,1,4,0,0,0,0,0,0,0,0,0,0,0,0,13,17,8,14,12,13,12,6,12,8,10,10,13,6
6413264,2,5,0,0,0,0,0,0,0,0,0,0,0,0,0,0,0,2,0,0,2,0,0,1,0,0,1,0
6413264,3,13,0,0,0,0,0,0,0,0,0,0,0,0,0,0,0,0,0,0,2,1,0,0,0,0,0,0
6414624,1,1,0,0,7,8,0,0,0,1,0,0,0,0,0,0,0,0,0,0,0,0,0,0,0,0,0,0
6414624,1,2,0,0,5,5,2,1,5,5,3,4,4,1,0,0,0,0,0,0,0,0,0,0,0,0,0,0
6414624,1,4,0,0,0,0,3,10,4,6,4,7,12,5,0,0,0,0,0,0,0,0,0,0,0,0,0,0
6414624,2,5,0,0,4,3,2,1,2,2,0,0,2,0,0,0,0,0,0,0,0,0,0,0,0,0,0,0
6414624,3,13,0,0,0,0,0,0,0,2,1,0,0,0,0,0,0,0,0,0,0,0,0,0,0,0,0,0
6415789,1,2,0,0,0,0,0,0,1,0,0,0,0,0,0,0,0,0,0,0,0,0,0,0,0,0,0,0
6415789,1,4,0,0,4,1,2,3,6,5,2,2,1,1,0,0,0,0,0,0,0,0,0,0,0,0,0,0
6415789,3,13,0,0,1,0,0,0,0,0,1,0,0,1,0,0,0,0,0,0,0,0,0,0,0,0,0,0
6424703,1,4,0,0,1,3,3,1,3,7,3,2,1,3,0,0,0,0,0,0,0,0,0,0,0,0,0,0
6426830,1,1,0,0,0,0,0,0,0,0,0,0,0,0,3,0,2,1,1,0,1,6,1,1,0,0,0,0
6426830,1,2,0,0,0,0,0,0,0,0,0,0,0,0,12,6,16,12,9,13,14,13,10,6,0,0,0,0
6426830,1,3,0,0,0,0,0,0,0,0,0,0,0,0,2,1,2,1,0,0,1,0,0,1,0,0,0,0
6426830,1,4,0,0,0,0,0,0,0,0,0,0,0,0,25,26,26,36,36,20,27,31,22,29,0,0,0,0
6426830,2,5,0,0,0,0,0,0,0,0,0,0,0,0,7,7,5,6,4,3,1,3,1,3,0,0,0,0
6426830,2,6,0,0,0,0,0,0,0,0,0,0,0,0,0,1,2,1,2,0,0,0,0,1,0,0,0,0
6426830,3,13,0,0,0,0,0,0,0,0,0,0,0,0,42,33,46,50,46,33,43,49,33,37,0,0,0,0
6432620,1,1,0,0,1,1,0,0,0,0,0,1,0,1,0,0,0,0,0,0,0,0,0,0,0,0,0,0
6432620,1,2,4,4,2,1,1,2,0,1,3,1,1,0,0,0,1,1,0,0,0,0,0,0,0,0,0,0
6432620,1,4,10,16,9,6,8,7,9,7,6,2,4,2,3,7,3,1,1,3,1,0,0,0,0,0,0,0
6432620,2,5,3,3,3,2,2,1,0,2,3,0,1,0,1,2,0,0,0,2,0,0,0,0,0,0,0,0
6432620,2,6,0,0,0,0,0,0,1,1,0,0,0,1,0,0,1,0,0,0,0,0,0,0,0,0,0,0
6432620,3,13,0,0,0,0,0,0,0,0,0,1,0,1,0,0,0,0,0,0,0,0,0,0,0,0,0,0
6443668,1,3,0,0,2,3,0,0,0,2,3,0,1,2,0,0,0,0,0,0,0,0,0,0,0,0,0,0
6443668,3,13,0,0,2,3,0,0,0,1,0,0,0,1,0,0,0,0,0,0,0,0,0,0,0,0,0,0
6446680,1,1,21,12,3,2,0,1,0,0,0,0,0,0,0,1,0,0,0,0,0,0,0,0,0,0,0,0
6446680,1,2,2,1,0,0,0,3,0,0,0,1,0,0,0,0,0,0,0,0,0,0,0,0,0,0,0,0
6446680,1,3,0,0,0,0,0,0,0,1,0,0,0,0,0,0,0,0,0,0,0,0,0,0,0,0,0,0
6446680,1,4,9,7,9,6,4,5,12,5,3,3,2,2,2,3,0,0,0,0,0,0,0,0,0,0,0,0
6446680,2,5,1,2,1,0,0,0,0,0,0,0,0,0,0,0,0,0,0,0,0,0,0,0,0,0,0,0
6446680,2,6,0,0,1,0,0,0,0,0,0,0,0,0,0,0,0,0,0,0,0,0,0,0,0,0,0,0
6446680,2,10,0,0,0,0,0,0,1,0,0,0,0,0,0,0,0,0,0,0,0,0,0,0,0,0,0,0
6446680,3,13,0,0,0,0,0,1,0,0,0,1,0,0,0,0,0,0,0,0,0,0,0,0,0,0,0,0
6447952,1,4,0,0,1,4,4,4,3,3,3,9,2,4,0,0,0,0,0,0,0,0,0,0,0,0,0,0
6447952,3,13,0,0,0,3,0,1,1,0,1,4,1,0,0,0,0,0,0,0,0,0,0,0,0,0,0,0
6449855,1,1,0,0,0,0,1,0,0,0,0,0,0,0,0,0,0,0,0,0,0,0,0,0,0,0,0,0
6449855,1,2,0,0,1,0,1,0,2,0,0,0,0,2,0,0,0,0,0,0,0,0,0,0,0,0,0,0
6449855,1,4,0,0,1,4,2,1,2,2,1,1,0,2,0,0,0,0,0,0,0,0,0,0,0,0,0,0
6451531,1,1,0,0,0,0,1,2,0,0,0,0,2,0,0,0,0,0,0,0,0,0,0,0,0,0,0,0
6451531,1,2,0,0,3,1,4,3,5,3,7,2,4,2,0,0,0,0,0,0,0,0,0,0,0,0,0,0
6451531,1,4,0,0,7,9,3,8,5,4,8,6,7,8,0,0,0,0,0,0,0,0,0,0,0,0,0,0
6451531,2,5,0,0,0,2,2,4,0,1,3,1,0,2,0,0,0,0,0,0,0,0,0,0,0,0,0,0
6451531,3,13,0,0,1,0,0,0,0,0,0,0,2,0,0,0,0,0,0,0,0,0,0,0,0,0,0,0
6452308,1,1,0,0,7,7,1,0,1,1,2,2,3,1,3,0,0,1,1,0,0,0,0,0,0,0,0,0
6452308,1,2,0,0,3,4,5,4,4,5,5,6,5,8,8,9,11,5,6,7,0,0,0,0,0,0,0,0
6452308,1,3,0,0,0,0,0,0,0,0,0,0,0,0,1,0,0,0,0,0,0,0,0,0,0,0,0,0
6452308,1,4,0,0,1,2,11,11,12,18,19,20,9,12,18,16,22,13,19,15,0,0,0,0,0,0,0,0
6452308,2,5,0,0,0,2,0,1,1,2,1,2,2,2,0,1,1,2,1,0,0,0,0,0,0,0,0,0
6452308,2,6,0,0,0,0,1,0,0,0,0,1,1,0,2,0,1,1,0,0,0,0,0,0,0,0,0,0
6452308,3,13,0,0,0,0,0,1,0,1,4,1,4,1,4,0,0,1,1,0,0,0,0,0,0,0,0,0
6452310,1,3,0,0,0,0,0,0,0,0,0,0,0,0,0,0,0,0,0,1,0,0,0,0,0,0,0,0
6452310,1,4,0,0,3,3,3,5,4,3,5,5,4,7,4,5,3,5,4,4,0,0,0,0,0,0,0,0
6453402,1,2,0,0,1,0,1,0,0,1,1,1,1,1,0,0,0,0,0,0,0,0,0,0,0,0,0,0
6453402,1,3,0,0,0,0,0,0,0,1,0,0,0,1,0,0,0,0,0,0,0,0,0,0,0,0,0,0
6453402,1,4,0,0,0,1,2,2,1,0,3,2,0,2,0,0,0,0,0,0,0,0,0,0,0,0,0,0
6453402,3,13,0,0,1,1,1,0,0,2,0,1,1,4,0,0,0,0,0,0,0,0,0,0,0,0,0,0
6457357,1,4,0,0,0,23,0,21,0,10,0,22,0,17,0,0,0,0,0,0,0,0,0,0,0,0,0,0
6457357,2,5,0,0,0,23,0,21,0,10,0,22,0,17,0,0,0,0,0,0,0,0,0,0,0,0,0,0
6457357,3,13,0,0,0,23,0,21,0,10,0,22,0,17,0,0,0,0,0,0,0,0,0,0,0,0,0,0
6457897,1,2,0,0,0,0,0,1,1,0,0,0,0,0,0,0,0,0,0,0,0,0,0,0,0,0,0,0
6457897,1,4,0,0,3,8,5,11,4,6,9,10,6,10,0,0,0,0,0,0,0,0,0,0,0,0,0,0
6461022,1,2,0,0,0,0,0,0,0,1,0,1,1,1,1,0,1,2,2,2,0,0,0,0,0,0,0,0
6461022,1,3,0,0,0,0,0,0,0,0,0,1,1,0,1,0,0,1,0,0,0,0,0,0,0,0,0,0
6461022,1,4,7,11,5,1,4,5,3,3,7,2,2,2,4,2,4,3,5,3,0,0,0,0,0,0,0,0
6461022,3,13,7,11,5,1,4,5,3,4,7,4,4,3,6,2,5,6,7,5,0,0,0,0,0,0,0,0
6465942,1,2,0,0,2,1,0,1,2,0,0,2,0,0,0,0,0,0,0,0,0,0,0,0,0,0,0,0
6465942,1,4,0,0,0,1,0,1,0,0,0,0,0,0,0,0,0,0,0,0,0,0,0,0,0,0,0,0
6465942,3,13,0,0,2,2,0,2,2,0,0,2,0,0,0,0,0,0,0,0,0,0,0,0,0,0,0,0
6466963,1,1,5,6,0,0,0,0,1,1,1,1,0,0,1,0,1,0,0,0,0,0,1,1,0,0,0,0
6466963,1,2,8,9,3,2,4,2,4,1,4,2,1,0,1,2,1,1,0,0,0,3,1,1,0,0,0,0
6466963,1,3,0,1,1,0,0,0,1,0,0,0,0,0,0,0,0,0,0,1,0,0,0,0,0,0,0,0
6466963,1,4,88,59,38,25,45,27,14,22,26,14,25,16,17,6,17,10,22,7,10,9,3,7,0,0,0,0
6466963,2,5,7,2,1,3,9,3,2,2,0,0,2,1,1,0,0,0,1,0,0,1,0,0,0,0,0,0
6466963,2,6,1,0,1,1,2,0,0,0,1,1,3,1,1,0,1,0,0,0,2,1,0,0,0,0,0,0
6466963,3,13,13,6,0,0,0,0,0,1,1,0,0,0,1,0,1,0,0,0,0,0,1,1,0,0,0,0
6469550,1,1,0,0,6,2,0,1,0,1,0,1,1,1,0,0,0,0,0,0,0,0,0,0,0,0,0,0
6469550,1,2,0,0,1,5,7,3,1,3,7,6,5,6,0,0,0,0,0,0,0,0,0,0,0,0,0,0
6469550,1,3,0,0,1,2,0,0,0,0,0,0,0,0,0,0,0,0,0,0,0,0,0,0,0,0,0,0
6469550,1,4,0,0,3,1,6,1,10,11,5,6,7,7,0,0,0,0,0,0,0,0,0,0,0,0,0,0
6469550,2,5,0,0,0,1,0,1,1,0,0,0,1,1,0,0,0,0,0,0,0,0,0,0,0,0,0,0
6476087,1,1,0,0,0,0,0,1,0,0,0,2,0,0,0,0,0,0,0,0,0,0,0,0,0,0,0,0
6476087,1,2,0,0,2,2,2,3,0,2,4,1,2,1,0,0,0,0,0,0,0,0,0,0,0,0,0,0
6476087,1,4,0,0,1,4,3,4,0,0,1,3,1,0,0,0,0,0,0,0,0,0,0,0,0,0,0,0
6476087,3,13,0,0,0,0,0,1,0,0,0,2,0,0,0,0,0,0,0,0,0,0,0,0,0,0,0,0
6481875,1,1,0,0,0,0,0,0,0,0,0,0,0,0,0,1,0,1,0,0,0,0,0,0,0,0,0,0
6481875,1,2,0,0,0,0,0,0,0,0,0,0,0,0,3,2,1,1,4,1,0,0,0,0,0,0,0,0
6481875,1,3,0,0,0,0,0,0,0,0,0,0,0,0,0,1,0,1,1,0,0,0,0,0,0,0,0,0
6481875,1,4,16,14,6,12,7,11,8,14,9,12,15,10,25,34,25,18,28,30,0,0,0,0,0,0,0,0
6481875,2,5,0,0,0,0,0,0,0,0,0,1,1,0,0,0,0,0,0,0,0,0,0,0,0,0,0,0
6481875,3,13,1,0,0,0,0,0,0,1,0,0,0,0,4,2,2,1,1,0,0,0,0,0,0,0,0,0
6483761,1,4,0,0,2,6,4,4,1,6,4,7,1,6,0,0,0,0,0,0,0,0,0,0,0,0,0,0
6483761,3,13,0,0,2,5,0,0,0,0,0,0,0,0,0,0,0,0,0,0,0,0,0,0,0,0,0,0
6485376,1,1,0,0,0,0,0,0,0,1,0,0,1,0,0,0,0,0,0,0,0,0,0,0,0,0,0,0
6485376,1,2,0,0,0,1,0,0,0,0,0,0,0,1,0,0,0,0,0,0,0,0,0,0,0,0,0,0
6485376,1,4,0,0,1,0,0,1,2,2,4,2,3,4,0,0,0,0,0,0,0,0,0,0,0,0,0,0
6485376,3,13,0,0,0,0,0,0,0,1,1,0,1,0,0,0,0,0,0,0,0,0,0,0,0,0,0,0
6485742,1,1,0,0,3,1,0,0,0,0,0,0,0,0,0,0,0,0,0,0,0,0,0,0,0,0,0,0
6485742,1,2,0,0,0,5,2,3,1,2,1,2,3,0,0,0,0,0,0,0,0,0,0,0,0,0,0,0
6485742,1,4,0,0,0,0,5,1,0,2,2,2,4,1,0,0,0,0,0,0,0,0,0,0,0,0,0,0
6485742,3,13,0,0,3,6,6,4,1,4,3,4,7,1,0,0,0,0,0,0,0,0,0,0,0,0,0,0
6489684,1,4,0,0,2,1,1,2,6,3,1,3,4,2,0,0,0,0,0,0,0,0,0,0,0,0,0,0
6489684,3,13,0,0,2,1,1,2,6,3,1,3,4,2,0,0,0,0,0,0,0,0,0,0,0,0,0,0
6490154,1,1,0,0,0,0,1,0,0,1,0,0,1,0,0,0,0,0,0,1,0,0,0,0,0,0,0,0
6490154,1,2,0,0,2,0,3,4,2,1,4,2,3,1,3,2,3,4,4,7,0,0,0,0,0,0,0,0
6490154,1,3,0,0,0,0,0,0,0,0,0,0,0,0,0,0,0,0,1,0,0,0,0,0,0,0,0,0
6490154,1,4,0,0,3,2,0,1,2,5,6,3,2,1,6,4,7,6,3,5,0,0,0,0,0,0,0,0
6490154,2,5,0,0,0,1,0,0,1,1,0,0,1,0,0,1,1,0,0,2,0,0,0,0,0,0,0,0
6490154,2,6,0,0,3,0,0,1,0,1,1,2,2,0,2,1,2,1,2,0,0,0,0,0,0,0,0,0
6490154,3,13,0,0,0,0,0,0,2,0,0,0,1,0,0,0,0,0,0,1,0,0,0,0,0,0,0,0
6493828,1,2,0,0,0,0,0,0,0,0,0,1,0,1,0,0,0,0,0,0,0,0,0,0,0,0,0,0
6493828,1,4,0,0,3,1,7,2,7,6,6,2,2,5,0,0,0,0,0,0,0,0,0,0,0,0,0,0
6496992,1,1,0,0,0,0,0,1,1,0,0,0,0,1,0,0,0,0,0,0,0,0,0,0,0,0,0,0
6496992,1,2,0,0,3,2,3,0,3,2,1,2,0,2,0,0,0,0,0,0,0,0,0,0,0,0,0,0
6496992,1,3,0,0,0,2,1,1,2,1,3,3,0,0,0,0,0,0,0,0,0,0,0,0,0,0,0,0
6496992,1,4,0,0,7,7,8,12,12,9,16,12,14,10,0,0,0,0,0,0,0,0,0,0,0,0,0,0
6496992,2,5,0,0,3,0,0,3,1,0,1,0,1,0,0,0,0,0,0,0,0,0,0,0,0,0,0,0
6496992,2,6,0,0,0,0,0,0,0,1,2,0,0,0,0,0,0,0,0,0,0,0,0,0,0,0,0,0
6496992,3,13,0,0,10,11,12,14,18,12,19,17,14,13,0,0,0,0,0,0,0,0,0,0,0,0,0,0
6497925,1,2,0,0,0,0,1,0,1,0,1,0,0,1,0,0,0,0,0,0,0,0,0,0,0,0,0,0
6497925,1,4,0,0,1,2,1,0,5,1,3,3,3,2,0,0,0,0,0,0,0,0,0,0,0,0,0,0
6497925,3,13,0,0,1,2,2,0,6,1,4,2,3,3,0,0,0,0,0,0,0,0,0,0,0,0,0,0
6506351,1,4,0,0,2,2,3,3,4,1,3,5,1,6,0,0,0,0,0,0,0,0,0,0,0,0,0,0
6506351,3,13,0,0,2,2,3,3,4,1,3,5,1,6,0,0,0,0,0,0,0,0,0,0,0,0,0,0
6508902,1,2,0,0,6,2,2,2,2,4,3,4,1,6,0,0,0,0,0,0,0,0,0,0,0,0,0,0
6508902,1,4,0,0,1,1,2,0,2,2,4,0,2,4,0,0,0,0,0,0,0,0,0,0,0,0,0,0
6508902,3,13,0,0,1,2,0,1,4,6,4,3,0,0,0,0,0,0,0,0,0,0,0,0,0,0,0,0
6514462,1,1,28,30,1,1,2,0,0,2,0,1,1,1,0,1,1,1,2,1,2,2,0,0,1,0,2,1
6514462,1,2,6,4,2,0,3,1,4,3,1,1,0,0,0,1,4,0,2,2,1,0,3,0,1,4,4,1
6514462,1,3,0,1,0,0,0,0,0,0,0,0,0,0,0,0,1,0,1,0,0,0,0,1,0,0,0,0
6514462,1,4,18,18,18,23,18,11,22,12,13,12,17,10,10,15,21,10,11,11,18,10,20,9,28,11,23,13
6514462,2,5,12,16,8,10,7,6,11,5,5,5,6,3,4,7,3,2,2,3,6,1,2,1,4,1,3,1
6514462,2,6,0,1,0,0,0,0,0,1,0,1,0,0,1,0,0,0,0,2,1,1,1,0,2,2,1,1
6514462,2,7,4,3,0,0,0,0,0,0,0,0,0,0,0,0,0,0,0,0,0,0,0,0,0,0,0,0
6514462,3,13,1,0,0,0,0,0,0,2,0,1,0,0,0,0,0,0,1,1,2,2,0,0,2,0,2,1
6516162,1,4,0,0,2,3,2,1,4,5,1,2,5,7,0,0,0,0,0,0,0,0,0,0,0,0,0,0
6516162,3,13,0,0,2,3,2,1,4,5,1,2,5,7,0,0,0,0,0,0,0,0,0,0,0,0,0,0
6525852,1,2,0,0,0,0,0,0,0,0,0,0,0,0,0,4,4,5,4,0,3,2,3,4,9,7,5,5
6525852,1,4,0,0,0,0,0,0,0,0,0,0,0,0,3,2,10,6,18,11,19,14,15,13,17,11,11,7
6525852,2,5,0,0,0,0,0,0,0,0,0,0,0,0,0,0,4,0,4,1,3,1,1,3,1,0,2,0
6525852,3,13,0,0,0,0,0,0,0,0,0,0,0,0,3,5,13,11,3,6,21,14,6,4,4,0,2,1
6528176,1,2,2,0,0,1,0,1,0,0,0,0,0,1,0,1,0,0,0,1,0,0,0,0,0,0,0,0
6528176,1,3,1,0,1,0,0,0,0,0,0,0,0,0,0,1,1,0,2,1,0,0,0,0,0,0,0,0
6528176,1,4,6,10,6,2,4,7,6,2,11,8,13,7,7,7,9,7,8,9,0,0,0,0,0,0,0,0
6528176,3,13,9,10,0,0,4,8,6,2,11,8,13,8,7,9,8,6,10,10,0,0,0,0,0,0,0,0
6528458,1,1,0,0,0,0,0,0,0,0,0,0,0,0,1,8,3,5,6,3,7,4,9,2,2,4,2,1
6528458,1,2,0,0,0,0,0,0,0,0,0,0,0,0,20,10,22,12,14,17,16,22,25,13,11,4,4,13
6528458,1,3,0,0,0,0,0,0,0,0,0,0,0,0,0,0,0,0,0,0,0,0,0,1,0,0,0,0
6528458,1,4,0,0,0,0,0,0,0,0,0,0,0,0,35,35,33,37,30,26,43,31,31,31,22,26,21,24
6528458,2,5,0,0,0,0,0,0,0,0,0,0,0,0,0,2,2,2,0,1,1,0,0,0,1,0,0,0
6528458,2,6,0,0,0,0,0,0,0,0,0,0,0,0,1,0,0,1,1,0,3,2,1,0,2,1,1,3
6528458,3,13,0,0,0,0,0,0,0,0,0,0,0,0,56,53,36,42,50,46,38,43,64,47,35,33,25,38
6531392,1,1,0,0,0,0,0,0,0,0,1,0,1,0,0,0,0,0,0,0,0,0,0,0,0,0,0,0
6531392,1,2,0,0,0,0,0,0,1,0,0,1,0,0,0,0,0,0,0,0,0,0,0,0,0,0,0,0
6531392,1,4,0,0,2,3,7,6,4,7,8,6,12,4,0,0,0,0,0,0,0,0,0,0,0,0,0,0
6531392,3,13,0,0,0,0,0,0,0,0,2,0,1,0,0,0,0,0,0,0,0,0,0,0,0,0,0,0
6534067,1,1,0,0,2,0,0,0,0,0,0,0,0,0,0,0,0,0,0,0,0,0,0,0,0,0,0,0
6534067,1,4,0,0,2,0,1,4,0,3,3,1,3,2,0,0,0,0,0,0,0,0,0,0,0,0,0,0
6537248,1,2,0,0,0,0,0,1,0,1,0,0,0,1,0,0,0,0,0,0,0,0,0,0,0,0,0,0
6537248,1,4,0,0,2,3,3,1,3,6,4,1,1,8,0,0,0,0,0,0,0,0,0,0,0,0,0,0
6548663,1,4,0,0,0,2,0,2,0,1,2,2,2,1,0,0,0,0,0,0,0,0,0,0,0,0,0,0
6556102,1,2,0,0,0,0,0,0,0,0,0,1,0,0,0,0,0,0,0,0,0,0,0,0,0,0,0,0
6556102,1,4,0,0,6,4,1,2,2,3,4,6,7,8,0,0,0,0,0,0,0,0,0,0,0,0,0,0
6556102,3,13,0,0,0,0,0,0,0,0,0,1,0,1,0,0,0,0,0,0,0,0,0,0,0,0,0,0
6557348,1,4,0,0,0,1,1,0,2,1,0,1,2,2,0,0,0,0,0,0,0,0,0,0,0,0,0,0
6557348,3,13,0,0,0,1,1,0,2,1,0,1,2,2,0,0,0,0,0,0,0,0,0,0,0,0,0,0
6557615,1,1,0,0,0,0,0,0,0,0,0,1,0,0,0,0,0,0,0,0,0,0,0,0,0,0,0,0
6557615,1,2,0,0,0,0,1,0,0,0,0,0,0,0,0,0,0,0,0,0,0,0,0,0,0,0,0,0
6557615,1,4,0,0,8,14,9,7,8,12,8,7,6,9,0,0,0,0,0,0,0,0,0,0,0,0,0,0
6557615,2,5,0,0,0,0,0,1,0,0,0,0,0,0,0,0,0,0,0,0,0,0,0,0,0,0,0,0
6557615,3,13,0,0,8,14,10,7,8,11,8,8,6,9,0,0,0,0,0,0,0,0,0,0,0,0,0,0
6564562,1,1,0,0,0,0,0,0,0,0,0,0,0,0,2,1,2,1,4,1,1,0,0,2,0,0,0,0
6564562,1,2,0,0,0,0,0,0,0,0,0,0,0,0,6,8,11,9,7,12,12,9,3,6,0,0,0,0
6564562,1,3,0,0,0,0,0,0,0,0,0,0,0,0,1,1,0,0,0,0,0,0,1,0,0,0,0,0
6564562,1,4,0,0,0,0,0,0,0,0,0,0,0,0,14,6,10,20,16,9,16,9,12,15,0,0,0,0
6564562,2,5,0,0,0,0,0,0,0,0,0,0,0,0,2,0,1,1,0,1,1,1,0,0,0,0,0,0
6564562,3,13,0,0,0,0,0,0,0,0,0,0,0,0,2,1,0,0,4,0,2,2,1,3,0,0,0,0
6572155,1,1,29,39,16,9,2,5,8,4,3,5,4,4,5,6,1,1,4,1,0,2,0,0,0,0,0,0
6572155,1,2,8,11,3,3,5,3,6,4,6,5,5,2,3,6,2,1,2,1,3,0,0,0,0,0,0,0
6572155,1,4,17,25,26,27,31,33,37,35,25,21,30,18,29,25,13,17,20,17,9,5,8,6,0,0,0,0
6572155,2,5,2,2,1,0,0,0,1,0,2,0,0,0,2,0,0,1,0,2,0,0,1,0,0,0,0,0
6572155,2,6,0,0,3,1,3,0,0,0,1,0,0,0,2,1,0,0,0,0,1,0,0,0,0,0,0,0
6572155,3,13,0,0,1,0,0,1,2,2,3,3,1,2,1,3,0,1,3,1,0,1,0,0,0,0,0,0
6574482,1,1,15,10,5,3,1,2,2,3,5,3,1,1,5,6,2,3,3,1,0,0,0,0,0,0,0,0
6574482,1,2,8,2,1,0,3,3,4,4,0,1,4,2,2,1,1,0,2,0,0,0,0,0,0,0,0,0
6574482,1,3,2,0,1,0,0,0,0,0,0,0,0,0,1,0,0,0,0,0,0,0,0,0,0,0,0,0
6574482,1,4,54,39,17,15,15,15,17,10,22,20,11,14,14,9,5,8,4,4,0,0,0,0,0,0,0,0
6574482,2,5,8,7,2,5,1,2,2,3,3,4,1,2,2,0,0,1,0,0,0,0,0,0,0,0,0,0
6574482,2,6,3,0,2,0,0,0,1,0,0,0,0,0,0,0,0,0,0,1,0,0,0,0,0,0,0,0
6574482,2,9,1,0,0,0,0,0,0,0,0,0,0,0,0,0,0,0,0,0,0,0,0,0,0,0,0,0
6574482,2,10,1,0,0,0,0,0,0,0,0,0,0,0,0,0,0,0,0,0,0,0,0,0,0,0,0,0
6574482,3,13,1,0,1,1,0,0,0,1,5,1,2,1,4,6,2,2,3,1,0,0,0,0,0,0,0,0
6574637,1,2,0,0,1,4,0,0,1,1,1,2,1,0,0,0,0,0,0,0,0,0,0,0,0,0,0,0
6574637,1,4,0,0,4,1,3,6,4,4,4,2,4,5,0,0,0,0,0,0,0,0,0,0,0,0,0,0
6574637,3,13,0,0,5,5,1,6,4,5,5,4,5,5,0,0,0,0,0,0,0,0,0,0,0,0,0,0
6576716,1,2,0,0,1,0,2,0,1,1,1,0,1,0,0,0,0,0,0,0,0,0,0,0,0,0,0,0
6576716,1,4,0,0,1,1,1,1,2,3,2,2,3,1,0,0,0,0,0,0,0,0,0,0,0,0,0,0
6577033,1,2,0,0,1,2,0,2,0,0,0,1,1,0,0,0,0,0,0,0,0,0,0,0,0,0,0,0
6577033,1,4,0,0,11,8,16,8,14,11,15,11,16,14,0,0,0,0,0,0,0,0,0,0,0,0,0,0
6577033,2,6,0,0,0,0,0,0,0,0,1,0,0,1,0,0,0,0,0,0,0,0,0,0,0,0,0,0
6577033,3,13,0,0,12,10,16,10,14,11,15,12,17,14,0,0,0,0,0,0,0,0,0,0,0,0,0,0
6585440,1,1,0,0,4,0,0,0,0,0,0,0,0,0,0,0,0,0,0,0,0,0,0,0,0,0,0,0
6585440,1,2,0,0,0,0,0,0,2,0,0,1,3,1,0,0,0,0,0,0,0,0,0,0,0,0,0,0
6585440,1,4,0,0,0,0,0,0,1,1,0,0,0,1,0,0,0,0,0,0,0,0,0,0,0,0,0,0
6585440,2,6,0,0,0,0,0,0,0,0,0,0,0,1,0,0,0,0,0,0,0,0,0,0,0,0,0,0
6587914,1,1,0,0,0,0,1,1,0,0,2,1,0,1,0,0,0,0,0,0,0,0,0,0,0,0,0,0
6587914,1,2,0,0,0,0,2,1,0,4,0,0,1,2,0,0,0,0,0,0,0,0,0,0,0,0,0,0
6587914,1,4,0,0,0,1,3,2,5,2,2,4,2,3,0,0,0,0,0,0,0,0,0,0,0,0,0,0
6587914,3,13,0,0,0,1,1,0,0,0,2,2,0,1,0,0,0,0,0,0,0,0,0,0,0,0,0,0
6592254,1,2,0,0,0,0,2,2,0,0,2,1,4,1,0,0,0,0,0,0,0,0,0,0,0,0,0,0
6592254,1,4,0,0,1,0,2,1,0,2,2,1,1,3,0,0,0,0,0,0,0,0,0,0,0,0,0,0
6592254,3,13,0,0,1,0,4,2,0,2,4,2,5,4,0,0,0,0,0,0,0,0,0,0,0,0,0,0
6592321,1,2,0,0,0,0,0,0,0,0,0,0,0,0,4,1,1,1,0,0,1,0,2,0,0,0,0,0
6592321,1,4,0,0,0,0,0,0,0,0,0,0,0,0,9,9,8,7,14,3,16,5,11,10,0,0,0,0
6592321,2,5,0,0,0,0,0,0,0,0,0,0,0,0,0,0,1,0,0,0,0,0,0,0,0,0,0,0
6592321,3,13,0,0,0,0,0,0,0,0,0,0,0,0,0,0,0,0,0,0,0,0,1,0,0,0,0,0
6592356,1,2,0,0,1,2,4,3,1,7,0,3,2,1,0,0,0,0,0,0,0,0,0,0,0,0,0,0
6592356,3,13,0,0,0,0,0,0,0,0,0,0,1,0,0,0,0,0,0,0,0,0,0,0,0,0,0,0
6594016,1,2,0,0,0,0,0,0,0,0,0,0,0,0,1,3,1,1,1,1,2,2,3,2,0,0,0,0
6594016,1,4,0,0,0,0,0,0,0,0,0,0,0,0,16,18,17,19,15,22,16,22,20,9,0,0,0,0
6594016,3,13,0,0,0,0,0,0,0,0,0,0,0,0,17,21,11,9,15,21,15,21,1,0,0,0,0,0
6615547,1,2,0,0,0,0,3,0,1,0,0,0,0,1,1,0,2,0,0,0,0,0,0,0,0,0,0,0
6615547,1,4,0,0,8,6,6,3,6,5,6,7,9,6,6,7,6,9,7,6,0,0,0,0,0,0,0,0
6615547,2,6,0,0,0,0,0,0,0,0,0,0,0,0,0,1,0,0,0,0,0,0,0,0,0,0,0,0
6617309,1,1,0,0,0,0,0,0,0,0,0,0,0,0,1,1,0,0,0,0,2,0,0,0,0,0,1,0
6617309,1,2,0,0,0,0,0,0,0,0,0,0,0,0,18,10,21,19,27,27,36,41,27,31,20,37,16,26
6617309,1,3,0,0,0,0,0,0,0,0,0,0,0,0,1,2,0,0,1,0,0,0,0,0,1,0,0,0
6617309,1,4,0,0,0,0,0,0,0,0,0,0,0,0,26,25,28,20,39,26,47,50,43,29,28,36,23,23
6617309,2,5,0,0,0,0,0,0,0,0,0,0,0,0,9,8,10,8,14,11,11,25,14,15,14,14,9,8
6617309,2,6,0,0,0,0,0,0,0,0,0,0,0,0,0,3,1,0,0,0,2,1,1,1,0,2,3,1
6617309,3,13,0,0,0,0,0,0,0,0,0,0,0,0,4,3,3,3,1,3,3,4,4,2,3,8,3,3
6617510,1,2,0,0,1,0,2,2,3,1,0,4,1,1,0,0,0,0,0,0,0,0,0,0,0,0,0,0
6617510,1,3,0,0,0,0,0,0,0,0,0,1,0,0,0,0,0,0,0,0,0,0,0,0,0,0,0,0
6617510,1,4,0,0,0,1,0,0,3,1,0,0,3,1,0,0,0,0,0,0,0,0,0,0,0,0,0,0
6617510,3,13,0,0,1,1,1,1,6,2,0,4,4,2,0,0,0,0,0,0,0,0,0,0,0,0,0,0
6624149,1,2,0,0,0,0,0,0,0,0,0,0,0,0,3,2,4,1,4,3,3,3,1,5,0,0,0,0
6624149,1,3,0,0,0,0,0,0,0,0,0,0,0,0,1,0,0,0,0,0,1,0,0,0,0,0,0,0
6624149,1,4,0,0,0,0,0,0,0,0,0,0,0,0,17,15,19,14,22,18,24,24,24,19,0,0,0,0
6624149,3,13,0,0,0,0,0,0,0,0,0,0,0,0,0,0,0,1,0,0,0,4,4,2,0,0,0,0
6626685,1,2,0,0,3,0,1,0,1,3,0,2,2,2,0,0,0,0,0,0,0,0,0,0,0,0,0,0
6626685,1,4,0,0,6,11,6,7,6,9,8,9,6,10,0,0,0,0,0,0,0,0,0,0,0,0,0,0
6626685,2,5,0,0,0,2,0,0,0,2,2,0,0,1,0,0,0,0,0,0,0,0,0,0,0,0,0,0
6626685,3,13,0,0,4,3,5,1,4,8,4,5,5,9,0,0,0,0,0,0,0,0,0,0,0,0,0,0
6629779,1,4,0,0,2,2,1,3,0,3,2,1,1,2,0,0,0,0,0,0,0,0,0,0,0,0,0,0
6629779,3,13,0,0,0,0,1,2,0,1,0,0,0,0,0,0,0,0,0,0,0,0,0,0,0,0,0,0
6638919,1,2,0,0,4,1,1,0,2,2,2,4,1,3,0,0,0,0,0,0,0,0,0,0,0,0,0,0
6638919,1,4,0,0,2,3,2,3,3,4,3,2,2,4,0,0,0,0,0,0,0,0,0,0,0,0,0,0
6638919,2,5,0,0,2,1,0,0,0,2,0,1,0,1,0,0,0,0,0,0,0,0,0,0,0,0,0,0
6638919,3,13,0,0,0,0,0,2,0,0,3,1,1,2,0,0,0,0,0,0,0,0,0,0,0,0,0,0
6640997,1,2,0,0,0,0,0,0,1,0,0,0,1,0,0,0,0,0,0,0,0,0,0,0,0,0,0,0
6640997,1,3,0,0,1,0,0,0,0,1,2,0,0,0,0,0,0,0,0,0,0,0,0,0,0,0,0,0
6640997,1,4,0,0,4,6,4,5,9,7,6,7,11,12,0,0,0,0,0,0,0,0,0,0,0,0,0,0
6640997,3,13,0,0,5,6,3,4,3,3,3,0,9,10,0,0,0,0,0,0,0,0,0,0,0,0,0,0
6641511,1,4,0,0,2,3,4,5,5,1,2,3,1,3,0,0,0,0,0,0,0,0,0,0,0,0,0,0
6641511,3,13,0,0,1,2,2,2,5,1,0,2,1,1,0,0,0,0,0,0,0,0,0,0,0,0,0,0
6648539,1,2,0,0,0,0,0,0,0,0,0,0,0,0,0,1,0,5,0,8,0,7,0,4,0,8,0,7
6648539,1,3,0,0,0,0,0,0,0,0,0,0,0,0,0,0,0,0,0,0,0,0,0,1,0,0,0,0
6648539,1,4,0,0,0,0,0,0,0,0,0,0,0,0,0,39,0,44,0,60,0,85,0,57,0,86,0,62
6648539,2,5,0,0,0,0,0,0,0,0,0,0,0,0,0,0,0,0,0,0,0,1,0,2,0,3,0,0
6648539,2,6,0,0,0,0,0,0,0,0,0,0,0,0,0,1,0,0,0,0,0,0,0,0,0,0,0,0
6648539,3,13,0,0,0,0,0,0,0,0,0,0,0,0,0,2,0,0,0,1,0,5,0,1,0,0,0,1
6660417,1,2,0,0,1,0,0,2,0,2,2,3,1,1,0,0,0,0,0,0,0,0,0,0,0,0,0,0
6660417,1,4,0,0,1,0,0,1,0,1,0,1,0,2,0,0,0,0,0,0,0,0,0,0,0,0,0,0
6660417,3,13,0,0,2,0,0,3,0,3,2,4,1,3,0,0,0,0,0,0,0,0,0,0,0,0,0,0
6661334,1,1,0,0,0,0,0,0,0,0,0,0,0,0,0,0,0,0,0,0,0,1,0,0,0,0,0,0
6661334,1,2,0,0,0,0,0,0,0,0,0,0,0,0,3,1,0,3,2,2,1,1,3,2,0,0,0,0
6661334,1,4,0,0,0,0,0,0,0,0,0,0,0,0,11,11,15,11,18,14,12,13,18,18,0,0,0,0
6661334,2,5,0,0,0,0,0,0,0,0,0,0,0,0,3,2,6,4,9,7,3,2,3,6,0,0,0,0
6661334,3,13,0,0,0,0,0,0,0,0,0,0,0,0,0,2,0,0,2,0,0,1,2,0,0,0,0,0
6664991,1,2,0,0,1,0,0,1,0,0,0,0,1,2,0,0,0,0,0,0,0,0,0,0,0,0,0,0
6664991,1,4,0,0,1,2,4,2,3,3,4,3,5,4,0,0,0,0,0,0,0,0,0,0,0,0,0,0
6664991,3,13,0,0,2,2,4,3,3,3,4,3,6,6,0,0,0,0,0,0,0,0,0,0,0,0,0,0
6667713,1,1,0,0,2,6,1,0,0,0,0,0,0,0,0,0,0,0,0,0,0,0,0,0,0,0,0,0
6667713,1,3,0,0,0,0,1,1,1,0,1,0,0,1,0,0,0,0,0,0,0,0,0,0,0,0,0,0
6667713,1,4,0,0,0,0,1,4,4,2,2,1,3,6,0,0,0,0,0,0,0,0,0,0,0,0,0,0
6667713,3,13,0,0,0,0,0,0,0,0,1,0,0,0,0,0,0,0,0,0,0,0,0,0,0,0,0,0
6668494,1,2,0,0,0,0,0,0,0,0,0,0,0,0,0,1,1,1,1,1,0,2,1,1,0,0,0,0
6668494,1,4,0,0,0,0,0,0,0,0,0,0,0,0,15,20,20,13,17,14,20,9,15,13,0,0,0,0
6668494,2,5,0,0,0,0,0,0,0,0,0,0,0,0,0,0,0,1,0,0,0,0,0,1,0,0,0,0
6668494,2,6,0,0,0,0,0,0,0,0,0,0,0,0,0,1,0,0,0,0,0,0,0,0,0,0,0,0
6668494,3,13,0,0,0,0,0,0,0,0,0,0,0,0,5,4,21,14,17,14,16,11,0,1,0,0,0,0
6678348,1,1,0,0,0,0,0,1,0,0,0,0,0,0,0,0,0,0,1,0,0,0,0,0,0,0,0,0
6678348,1,2,2,4,2,1,1,4,2,1,3,0,2,1,4,2,0,0,4,3,0,0,0,0,0,0,0,0
6678348,1,4,3,6,6,5,5,2,7,5,4,3,6,5,10,12,15,10,17,9,0,0,0,0,0,0,0,0
6678348,2,5,0,1,2,1,2,0,0,1,0,2,2,0,1,0,0,1,0,0,0,0,0,0,0,0,0,0
6678348,3,13,5,10,8,6,6,7,9,6,7,3,8,6,14,14,15,10,22,12,0,0,0,0,0,0,0,0
6679822,1,2,0,0,0,3,3,1,1,4,6,3,0,3,4,1,2,3,2,1,0,0,0,0,0,0,0,0
6679822,1,3,0,0,1,1,0,0,0,0,0,0,0,0,0,0,0,0,0,0,0,0,0,0,0,0,0,0
6679822,1,4,0,0,1,2,0,0,0,0,0,0,0,0,2,1,2,0,3,0,0,0,0,0,0,0,0,0
6679822,3,13,0,0,2,6,3,1,1,4,6,3,0,2,4,1,3,3,2,1,0,0,0,0,0,0,0,0
6699909,1,2,3,4,3,2,1,0,0,1,0,0,1,0,0,0,0,0,0,0,0,0,0,0,0,0,0,0
6699909,1,4,78,74,30,20,28,31,27,24,23,16,14,22,0,0,0,0,0,0,0,0,0,0,0,0,0,0
6699909,2,5,1,1,2,0,0,1,1,1,1,0,0,1,0,0,0,0,0,0,0,0,0,0,0,0,0,0
6702441,1,2,0,0,0,1,0,0,0,1,1,0,0,1,0,0,0,0,0,0,0,0,0,0,0,0,0,0
6702441,1,4,0,0,2,1,2,2,2,5,3,2,3,9,0,0,0,0,0,0,0,0,0,0,0,0,0,0
6702441,2,6,0,0,0,0,0,0,1,1,0,0,1,0,0,0,0,0,0,0,0,0,0,0,0,0,0,0
6702441,3,13,0,0,1,0,0,0,0,0,1,0,0,0,0,0,0,0,0,0,0,0,0,0,0,0,0,0
6712191,1,1,9,10,0,1,1,1,0,0,1,0,3,5,3,3,4,1,5,1,1,0,3,0,1,2,2,1
6712191,1,2,10,6,6,6,10,8,3,6,4,4,3,5,3,4,4,4,3,2,1,5,4,2,5,6,5,2
6712191,1,3,1,0,0,1,1,0,0,0,1,0,0,0,0,0,0,0,0,1,0,0,0,1,0,0,1,2
6712191,1,4,82,73,69,50,62,71,47,48,66,46,44,43,61,37,58,40,66,36,49,41,60,33,54,48,69,59
6712191,2,5,0,0,0,1,2,1,2,0,1,1,1,0,3,0,2,0,0,0,0,0,0,0,1,3,2,0
6712191,2,6,0,1,0,0,1,4,1,1,0,0,1,0,0,0,1,3,0,0,1,0,0,0,4,0,5,3
6712191,2,10,0,0,0,0,0,1,0,0,0,0,0,0,0,0,0,0,0,0,0,0,0,0,0,0,0,0
6712191,3,13,0,0,0,0,0,1,0,0,1,0,3,3,2,3,3,2,2,1,2,0,2,0,0,0,2,1
6718059,1,1,5,2,0,0,0,0,0,0,1,0,0,0,0,0,1,0,0,0,0,0,0,0,0,0,0,0
6718059,1,2,12,8,7,5,3,5,1,3,3,3,4,1,5,6,6,1,5,2,2,5,6,0,0,0,0,0
6718059,1,4,25,17,13,16,11,10,9,9,12,8,11,13,16,16,16,7,15,11,18,6,17,8,0,0,0,0
6718059,2,5,7,3,5,5,4,1,2,1,6,3,2,3,2,2,3,2,3,3,3,1,0,1,0,0,0,0
6718059,2,6,6,6,0,0,2,3,0,4,2,1,1,5,3,4,4,3,3,0,0,2,8,2,0,0,0,0
6718059,3,13,2,0,0,0,0,0,0,0,0,0,0,1,0,0,1,0,1,0,0,0,0,0,0,0,0,0
6719425,1,2,0,0,0,0,0,0,0,0,0,0,0,0,1,0,0,1,1,0,0,0,0,0,0,0,0,0
6719425,1,4,0,0,8,3,3,7,11,13,5,4,8,11,10,9,5,5,9,9,0,0,0,0,0,0,0,0
6719425,3,13,0,0,0,0,0,0,0,0,0,0,0,0,5,2,1,0,0,0,0,0,0,0,0,0,0,0
6731225,1,2,0,0,12,8,9,12,15,15,7,7,2,9,8,14,13,11,12,8,0,0,0,0,0,0,0,0
6731225,3,13,0,0,12,8,9,12,15,14,7,7,2,9,8,14,13,11,12,8,0,0,0,0,0,0,0,0
6735608,1,4,0,0,1,2,4,2,0,1,2,4,1,5,0,0,0,0,0,0,0,0,0,0,0,0,0,0
6739535,1,2,0,0,0,0,0,0,0,0,0,0,1,0,0,0,0,0,0,0,0,0,0,0,0,0,0,0
6739535,1,4,0,0,4,8,6,2,7,3,4,5,6,7,0,0,0,0,0,0,0,0,0,0,0,0,0,0
6739535,3,13,0,0,4,8,3,2,7,3,4,5,3,4,0,0,0,0,0,0,0,0,0,0,0,0,0,0
6746079,1,2,0,0,0,1,0,1,1,2,5,0,0,0,0,0,0,0,0,0,0,0,0,0,0,0,0,0
6746079,1,4,0,0,1,0,0,1,2,0,1,0,1,0,0,0,0,0,0,0,0,0,0,0,0,0,0,0
6746079,3,13,0,0,1,0,0,0,0,0,0,0,0,0,0,0,0,0,0,0,0,0,0,0,0,0,0,0
6747824,1,2,23,19,14,14,3,7,2,10,7,7,1,3,0,0,0,0,0,0,0,0,0,0,0,0,0,0
6747824,1,3,1,0,0,1,0,0,0,1,0,0,0,0,0,0,0,0,0,0,0,0,0,0,0,0,0,0
6747824,1,4,38,24,22,13,11,8,13,8,4,7,10,8,0,0,0,0,0,0,0,0,0,0,0,0,0,0
6747824,2,5,5,3,0,1,2,2,1,0,0,0,2,1,0,0,0,0,0,0,0,0,0,0,0,0,0,0
6747824,2,6,0,0,0,0,0,0,0,0,0,0,1,0,0,0,0,0,0,0,0,0,0,0,0,0,0,0
6748404,1,1,0,0,0,0,0,0,0,0,0,0,0,0,1,0,0,0,0,0,0,0,0,0,0,0,0,0
6748404,1,2,0,0,0,0,0,0,0,0,0,0,0,0,6,0,4,3,2,1,5,3,6,0,0,0,0,0
6748404,1,3,0,0,0,0,0,0,0,0,0,0,0,0,0,1,0,0,0,0,0,0,0,0,0,0,0,0
6748404,1,4,0,0,0,0,0,0,0,0,0,0,0,0,20,14,21,10,22,15,18,8,17,11,0,0,0,0
6748404,2,5,0,0,0,0,0,0,0,0,0,0,0,0,0,1,0,1,0,0,1,0,1,0,0,0,0,0
6748404,2,6,0,0,0,0,0,0,0,0,0,0,0,0,1,5,4,2,4,4,8,5,2,6,0,0,0,0
6748404,3,13,0,0,0,0,0,0,0,0,0,0,0,0,1,1,1,0,0,0,0,0,1,0,0,0,0,0
6756475,1,1,0,0,10,4,0,0,0,0,0,0,0,0,0,0,0,0,0,0,0,0,0,0,0,0,0,0
6756475,1,4,0,0,0,10,7,12,11,11,12,7,7,9,5,9,5,9,8,10,0,0,0,0,0,0,0,0
6756475,3,13,0,0,0,0,0,0,0,0,0,0,0,0,0,0,0,1,0,0,0,0,0,0,0,0,0,0
6757005,1,2,0,0,0,0,0,0,0,0,0,0,0,0,3,0,4,0,2,2,5,1,0,2,0,0,0,0
6757005,1,4,0,0,0,0,0,0,0,0,0,0,0,0,2,3,2,0,4,0,3,3,2,1,0,0,0,0
6776363,1,4,0,0,4,2,4,1,6,5,2,4,9,1,0,0,0,0,0,0,0,0,0,0,0,0,0,0
6776363,3,13,0,0,4,2,4,1,6,5,2,4,9,1,0,0,0,0,0,0,0,0,0,0,0,0,0,0
6780893,1,2,0,0,1,4,6,6,4,1,4,6,5,4,2,6,4,0,8,1,0,0,0,0,0,0,0,0
6780893,1,4,0,0,3,5,4,2,3,3,9,4,8,3,4,5,6,9,2,4,0,0,0,0,0,0,0,0
6780893,2,5,0,0,0,0,0,0,0,0,0,0,0,0,0,0,0,1,0,0,0,0,0,0,0,0,0,0
6780893,3,13,0,0,4,9,10,8,7,4,13,10,13,7,6,11,10,9,10,5,0,0,0,0,0,0,0,0
6783761,1,1,0,0,0,0,0,1,0,0,0,0,0,0,0,0,0,0,0,0,0,0,0,0,0,0,0,0
6783761,1,2,0,0,3,0,2,3,2,3,1,1,0,3,0,0,0,0,0,0,0,0,0,0,0,0,0,0
6783761,1,3,0,0,0,0,0,0,1,0,0,0,0,0,0,0,0,0,0,0,0,0,0,0,0,0,0,0
6783761,1,4,0,0,9,6,5,6,10,9,7,9,9,11,0,0,0,0,0,0,0,0,0,0,0,0,0,0
6783761,2,5,0,0,2,2,3,2,2,5,1,3,3,5,0,0,0,0,0,0,0,0,0,0,0,0,0,0
6783761,2,6,0,0,0,0,0,1,0,0,0,0,0,0,0,0,0,0,0,0,0,0,0,0,0,0,0,0
6783761,3,13,0,0,12,6,7,9,13,12,8,10,9,14,0,0,0,0,0,0,0,0,0,0,0,0,0,0
6787738,1,2,0,0,0,0,1,0,0,0,0,0,0,0,0,0,0,0,0,0,0,0,0,0,0,0,0,0
6787738,1,4,0,0,2,0,4,5,1,1,5,3,2,1,0,0,0,0,0,0,0,0,0,0,0,0,0,0
6787738,3,13,0,0,2,0,5,5,1,1,5,3,2,1,0,0,0,0,0,0,0,0,0,0,0,0,0,0
6792648,1,2,0,0,0,1,1,1,1,0,1,0,1,0,0,0,0,0,0,0,0,0,0,0,0,0,0,0
6792648,1,4,0,0,3,0,1,0,2,0,0,5,4,2,0,0,0,0,0,0,0,0,0,0,0,0,0,0
6792648,3,13,0,0,3,0,2,1,3,0,1,5,5,2,0,0,0,0,0,0,0,0,0,0,0,0,0,0
6793199,1,2,0,0,0,0,0,0,0,0,0,0,0,0,0,0,0,0,0,0,0,1,0,0,0,0,0,0
6793199,1,3,0,0,0,0,0,0,0,0,0,0,0,0,2,2,3,3,3,5,0,2,2,1,0,0,0,0
6793199,1,4,0,0,0,0,0,0,0,0,0,0,0,0,17,18,14,24,28,14,27,31,23,15,0,0,0,0
6793199,3,13,0,0,0,0,0,0,0,0,0,0,0,0,2,2,0,0,1,1,1,2,0,0,0,0,0,0
6797344,1,1,16,11,5,7,1,0,1,0,0,0,0,0,0,0,0,0,0,0,0,0,0,0,0,0,0,0
6797344,1,2,3,6,12,11,11,2,10,7,13,7,10,4,0,0,0,0,0,0,0,0,0,0,0,0,0,0
6797344,1,4,24,25,18,24,30,29,22,33,34,32,36,28,0,0,0,0,0,0,0,0,0,0,0,0,0,0
6797344,2,5,17,18,10,10,11,14,9,19,15,13,14,12,0,0,0,0,0,0,0,0,0,0,0,0,0,0
6797344,2,6,0,0,0,0,0,0,0,0,1,0,1,0,0,0,0,0,0,0,0,0,0,0,0,0,0,0
6797344,3,13,0,0,0,0,0,0,1,0,0,0,0,0,0,0,0,0,0,0,0,0,0,0,0,0,0,0
6803512,1,1,0,0,0,1,0,0,0,0,0,0,0,0,0,0,0,0,0,0,0,0,0,0,0,0,0,0
6803512,1,2,0,0,0,3,1,3,0,4,2,1,4,3,0,0,0,0,0,0,0,0,0,0,0,0,0,0
6803512,1,4,0,0,6,9,1,4,19,7,4,10,7,9,0,0,0,0,0,0,0,0,0,0,0,0,0,0
6803512,3,13,0,0,5,12,0,0,0,0,0,1,0,0,0,0,0,0,0,0,0,0,0,0,0,0,0,0
6805964,1,3,0,0,0,0,0,0,0,0,0,0,0,1,0,0,0,0,0,0,0,0,0,0,0,0,0,0
6805964,1,4,0,0,0,1,1,0,1,0,0,2,2,2,0,0,0,0,0,0,0,0,0,0,0,0,0,0
6805964,3,13,0,0,0,1,1,0,1,0,0,2,2,3,0,0,0,0,0,0,0,0,0,0,0,0,0,0
6814719,1,2,0,0,1,4,1,5,2,6,5,4,7,4,0,0,0,0,0,0,0,0,0,0,0,0,0,0
6814719,1,4,0,0,0,0,1,0,0,0,0,0,0,0,0,0,0,0,0,0,0,0,0,0,0,0,0,0
6814881,1,2,13,1,2,4,2,1,3,0,0,0,1,0,0,0,0,0,0,0,0,0,0,0,0,0,0,0
6814881,1,4,62,63,33,18,33,18,24,22,22,14,16,9,0,0,0,0,0,0,0,0,0,0,0,0,0,0
6814881,2,6,0,0,0,0,0,1,0,0,0,0,0,0,0,0,0,0,0,0,0,0,0,0,0,0,0,0
6814881,3,13,0,3,0,2,0,0,1,0,0,0,2,1,0,0,0,0,0,0,0,0,0,0,0,0,0,0
6816560,1,2,0,0,0,2,2,2,4,5,8,6,2,2,8,7,1,9,6,6,0,0,0,0,0,0,0,0
6816560,1,3,0,0,1,3,0,2,0,0,2,1,0,0,0,2,0,0,0,0,0,0,0,0,0,0,0,0
6816560,1,4,0,0,2,6,2,3,5,3,5,4,6,3,0,1,3,2,3,0,0,0,0,0,0,0,0,0
6816560,2,5,0,0,0,0,0,0,1,1,2,0,1,0,0,1,0,0,0,0,0,0,0,0,0,0,0,0
6816560,3,13,0,0,1,0,0,0,0,0,1,0,1,0,4,1,1,7,0,1,0,0,0,0,0,0,0,0
6832318,1,2,0,0,0,1,0,0,0,0,1,0,0,1,0,0,0,0,0,1,0,0,0,0,0,0,0,0
6832318,1,4,0,0,6,2,4,3,2,5,11,6,7,7,5,6,8,13,6,5,0,0,0,0,0,0,0,0
6834042,1,1,0,0,0,0,0,0,0,0,0,0,0,0,2,1,2,0,0,2,4,2,2,1,0,0,0,0
6834042,1,2,0,0,0,0,0,0,0,0,0,0,0,0,3,6,4,3,5,4,6,1,6,1,0,0,0,0
6834042,1,4,0,0,0,0,0,0,0,0,0,0,0,0,13,13,18,22,16,19,32,22,35,16,0,0,0,0
6834042,2,5,0,0,0,0,0,0,0,0,0,0,0,0,0,0,0,0,0,0,0,0,1,1,0,0,0,0
6834042,2,6,0,0,0,0,0,0,0,0,0,0,0,0,0,0,1,0,0,0,0,0,0,0,0,0,0,0
6834042,3,13,0,0,0,0,0,0,0,0,0,0,0,0,2,2,0,1,0,3,3,1,2,1,0,0,0,0
6838932,1,4,0,0,0,0,1,1,0,2,1,2,1,0,0,0,0,0,0,0,0,0,0,0,0,0,0,0
6838932,3,13,0,0,0,0,1,1,0,2,1,2,1,0,0,0,0,0,0,0,0,0,0,0,0,0,0,0
6847019,1,2,0,0,0,2,0,0,0,0,1,1,0,1,0,0,0,0,0,0,0,0,0,0,0,0,0,0
6847019,1,4,0,0,0,0,1,1,2,0,0,1,1,0,0,0,0,0,0,0,0,0,0,0,0,0,0,0
6847356,1,1,0,0,0,0,0,0,1,0,0,0,1,3,0,0,0,0,0,0,0,0,0,0,0,0,0,0
6847356,1,2,0,0,3,2,4,3,3,2,4,6,5,6,0,0,0,0,0,0,0,0,0,0,0,0,0,0
6847356,1,3,0,0,1,0,0,0,0,0,0,0,1,0,0,0,0,0,0,0,0,0,0,0,0,0,0,0
6847356,1,4,0,0,11,16,9,14,14,11,18,22,20,19,0,0,0,0,0,0,0,0,0,0,0,0,0,0
6847356,2,5,0,0,3,1,1,2,2,0,1,4,3,4,0,0,0,0,0,0,0,0,0,0,0,0,0,0
6847356,2,6,0,0,0,0,0,0,0,1,0,1,1,0,0,0,0,0,0,0,0,0,0,0,0,0,0,0
6847356,3,13,0,0,0,0,0,0,1,0,1,0,4,4,0,0,0,0,0,0,0,0,0,0,0,0,0,0
6848299,1,1,0,2,0,0,0,0,0,0,0,0,0,0,4,4,7,4,2,5,8,4,3,4,1,2,2,0
6848299,1,2,1,9,1,2,2,0,3,1,3,0,2,3,16,3,10,7,5,3,11,3,5,1,5,1,2,0
6848299,1,3,0,0,0,0,0,0,0,0,0,0,0,0,0,0,1,0,0,0,1,1,0,0,0,0,0,0
6848299,1,4,20,19,5,14,12,5,11,5,4,8,7,3,47,46,42,24,22,18,25,22,23,16,19,15,18,14
6848299,2,5,4,5,2,2,4,1,0,0,1,0,0,2,3,9,4,1,3,0,2,2,0,4,2,1,3,2
6848299,2,6,0,0,0,0,0,0,0,0,0,0,0,0,2,2,0,1,0,0,1,0,1,0,0,0,1,0
6848299,2,7,0,0,0,0,0,0,0,0,0,0,0,0,0,0,1,0,0,0,0,0,0,0,0,1,0,0
6848299,3,13,0,0,0,0,0,0,0,0,0,0,0,0,5,4,5,4,2,5,7,3,3,4,2,2,2,0
6864715,1,1,0,0,0,1,1,0,1,0,1,2,1,3,0,0,1,1,0,0,0,0,0,0,0,0,0,0
6864715,1,2,1,3,1,3,1,3,3,2,1,3,0,5,5,1,2,5,3,2,0,0,0,0,0,0,0,0
6864715,1,3,2,0,0,0,1,0,0,1,0,0,0,0,0,0,1,0,0,0,0,0,0,0,0,0,0,0
6864715,1,4,4,10,7,8,10,6,8,6,10,8,13,8,14,8,5,11,11,11,0,0,0,0,0,0,0,0
6864715,2,5,0,0,0,1,0,0,1,0,0,0,1,0,0,0,0,1,0,0,0,0,0,0,0,0,0,0
6864715,3,13,7,13,7,11,12,9,10,7,2,1,3,5,4,2,4,5,5,3,0,0,0,0,0,0,0,0
6868268,1,2,0,0,1,1,2,0,2,0,1,0,3,1,0,0,0,0,0,0,0,0,0,0,0,0,0,0
6868268,1,3,0,0,0,0,0,0,1,0,1,0,0,0,0,0,0,0,0,0,0,0,0,0,0,0,0,0
6868268,1,4,0,0,0,2,1,3,1,1,1,3,2,1,0,0,0,0,0,0,0,0,0,0,0,0,0,0
6868268,2,5,0,0,0,0,0,0,0,0,0,0,0,1,0,0,0,0,0,0,0,0,0,0,0,0,0,0
6871035,1,4,0,0,2,2,1,2,0,1,0,3,0,0,0,0,0,0,0,0,0,0,0,0,0,0,0,0
6871035,3,13,0,0,2,2,1,2,0,1,0,3,0,0,0,0,0,0,0,0,0,0,0,0,0,0,0,0
6873337,1,2,0,0,0,0,0,0,0,0,0,0,0,0,2,3,2,1,2,1,1,1,3,5,0,0,0,0
6873337,1,4,0,0,0,0,0,0,0,0,0,0,0,0,26,25,25,16,28,31,36,49,40,39,0,0,0,0
6873337,2,5,0,0,0,0,0,0,0,0,0,0,0,0,0,0,0,0,0,1,0,0,0,0,0,0,0,0
6873337,3,13,0,0,0,0,0,0,0,0,0,0,0,0,0,1,12,5,6,8,12,27,9,14,0,0,0,0
6882168,1,2,0,0,0,0,0,0,0,0,0,0,0,0,2,4,4,3,2,1,3,4,2,3,0,0,0,0
6882168,1,4,0,0,0,0,0,0,0,0,0,0,0,0,7,9,8,13,11,17,10,16,8,9,0,0,0,0
6882168,2,5,0,0,0,0,0,0,0,0,0,0,0,0,0,0,0,0,0,1,0,0,0,0,0,0,0,0
6882168,3,13,0,0,0,0,0,0,0,0,0,0,0,0,7,12,9,15,7,9,11,20,10,9,0,0,0,0
6885873,1,2,0,0,0,0,0,0,0,0,0,0,0,0,1,4,2,4,4,2,1,0,2,2,0,0,0,0
6885873,1,4,0,0,0,0,0,0,0,0,0,0,0,0,13,14,7,10,11,9,15,4,6,14,0,0,0,0
6885873,2,5,0,0,0,0,0,0,0,0,0,0,0,0,1,0,0,0,0,0,0,0,0,0,0,0,0,0
6886067,1,4,0,0,2,1,5,1,4,0,2,1,1,4,0,0,0,0,0,0,0,0,0,0,0,0,0,0
6886067,3,13,0,0,2,1,5,1,4,0,2,1,1,4,0,0,0,0,0,0,0,0,0,0,0,0,0,0
6886506,1,1,0,0,3,0,0,0,0,0,0,1,1,0,0,0,0,0,0,0,0,0,0,0,0,0,0,0
6886506,1,2,0,0,0,0,0,0,1,1,0,0,0,1,0,0,0,0,0,2,0,0,0,0,0,0,0,0
6886506,1,3,0,0,2,1,1,1,3,2,1,0,2,0,1,1,3,0,0,1,0,0,0,0,0,0,0,0
6886506,1,4,0,0,0,2,3,2,3,5,4,3,3,4,8,4,4,3,9,4,0,0,0,0,0,0,0,0
6889095,1,1,0,0,3,0,0,1,0,0,0,0,0,0,0,0,0,0,0,0,0,0,0,0,0,0,0,0
6889095,1,2,0,0,1,0,1,1,2,2,0,0,0,1,3,2,2,0,0,1,0,0,0,0,0,0,0,0
6889095,1,3,0,0,0,0,0,0,0,0,0,0,0,0,0,1,0,0,0,0,0,0,0,0,0,0,0,0
6889095,1,4,0,0,0,1,4,2,4,2,0,5,4,3,4,2,7,9,11,10,0,0,0,0,0,0,0,0
6889095,2,5,0,0,0,1,0,1,0,1,0,0,2,2,0,0,0,2,1,1,0,0,0,0,0,0,0,0
6889095,3,13,0,0,4,1,5,4,6,4,0,5,4,4,6,4,9,8,11,11,0,0,0,0,0,0,0,0
6893182,1,1,0,0,2,2,0,0,0,0,0,0,0,0,0,0,0,0,0,0,0,0,0,0,0,0,0,0
6893182,1,3,0,0,0,0,0,0,2,2,0,0,0,2,0,0,0,0,0,0,0,0,0,0,0,0,0,0
6893182,1,4,0,0,1,0,1,1,3,2,0,3,0,1,0,0,0,0,0,0,0,0,0,0,0,0,0,0
6893182,3,13,0,0,0,0,1,0,0,0,0,1,0,0,0,0,0,0,0,0,0,0,0,0,0,0,0,0
6895640,1,2,0,0,0,0,0,0,0,0,0,0,0,0,0,13,0,12,0,13,0,11,0,12,0,0,0,0
6895640,1,3,0,0,0,0,0,0,0,0,0,0,0,0,0,1,0,1,0,2,0,0,0,1,0,0,0,0
6895640,1,4,0,0,0,0,0,0,0,0,0,0,0,0,0,34,0,35,0,42,0,37,0,48,0,0,0,0
6895640,2,5,0,0,0,0,0,0,0,0,0,0,0,0,0,4,0,1,0,4,0,0,0,2,0,0,0,0
6895640,3,13,0,0,0,0,0,0,0,0,0,0,0,0,0,47,0,47,0,56,0,46,0,60,0,0,0,0
6896672,1,1,0,0,0,0,0,0,0,0,0,2,0,0,0,0,0,0,0,0,0,0,0,0,0,0,0,0
6896672,1,2,0,0,1,2,2,3,1,6,3,2,4,3,0,0,0,0,0,0,0,0,0,0,0,0,0,0
6896672,1,4,0,0,7,1,0,3,2,3,1,0,0,0,0,0,0,0,0,0,0,0,0,0,0,0,0,0
6896672,3,13,0,0,0,0,0,0,0,0,0,2,0,0,0,0,0,0,0,0,0,0,0,0,0,0,0,0
6905745,1,2,0,0,2,0,0,0,1,3,1,1,1,0,0,0,0,0,0,0,0,0,0,0,0,0,0,0
6905745,1,4,0,0,11,6,10,7,3,12,9,9,17,14,0,0,0,0,0,0,0,0,0,0,0,0,0,0
6905745,2,5,0,0,3,4,6,4,2,5,4,5,8,6,0,0,0,0,0,0,0,0,0,0,0,0,0,0
6905745,3,13,0,0,0,0,0,0,0,1,0,0,0,0,0,0,0,0,0,0,0,0,0,0,0,0,0,0
6909303,1,1,0,0,1,0,0,0,0,0,0,0,0,0,0,0,0,0,0,0,0,0,0,0,0,0,0,0
6909303,1,2,0,0,1,2,1,1,0,1,2,2,0,2,0,0,0,0,0,0,0,0,0,0,0,0,0,0
6909303,1,4,0,0,0,3,0,1,1,0,0,2,0,1,0,0,0,0,0,0,0,0,0,0,0,0,0,0
6909303,3,13,0,0,2,5,1,2,1,1,2,4,0,3,0,0,0,0,0,0,0,0,0,0,0,0,0,0
6911283,1,2,0,0,0,0,0,0,0,0,0,0,0,0,2,0,1,3,2,2,2,7,3,8,3,9,1,4
6911283,1,3,0,0,0,0,0,0,0,0,0,0,0,0,0,1,0,0,0,2,0,0,1,0,0,0,0,1
6911283,1,4,0,0,0,0,0,0,0,0,0,0,0,0,4,8,7,5,9,10,29,27,21,29,11,29,16,15
6911283,3,13,0,0,0,0,0,0,0,0,0,0,0,0,0,1,1,0,1,1,6,6,3,5,3,1,3,6
6939898,1,1,0,1,0,0,0,0,0,0,0,0,0,0,0,0,0,0,0,0,0,0,0,0,0,0,0,0
6939898,1,2,1,0,0,1,0,0,1,0,0,0,0,0,0,0,0,0,0,0,0,0,0,0,0,0,0,0
6939898,1,4,7,5,3,4,4,1,4,1,1,0,1,0,0,0,0,0,0,0,0,0,0,0,0,0,0,0
6939898,2,6,0,0,0,0,0,0,1,0,0,0,0,0,0,0,0,0,0,0,0,0,0,0,0,0,0,0
6939898,3,13,0,1,0,0,0,0,0,0,0,0,0,0,0,0,0,0,0,0,0,0,0,0,0,0,0,0
6941508,1,2,0,0,0,0,0,0,0,0,0,0,0,0,0,0,1,0,0,0,0,0,0,0,0,0,0,0
6941508,1,3,0,0,2,0,0,0,3,0,3,1,1,1,4,3,2,0,2,2,0,0,0,0,0,0,0,0
6941508,1,4,0,0,1,7,3,7,2,3,6,4,4,6,3,8,9,8,6,12,0,0,0,0,0,0,0,0
6941508,3,13,0,0,0,0,1,6,1,0,5,2,0,0,2,3,1,1,1,2,0,0,0,0,0,0,0,0
6946237,1,2,0,0,0,0,0,1,1,1,0,1,1,2,0,0,0,0,0,0,0,0,0,0,0,0,0,0
6946237,1,4,0,0,0,2,1,5,1,2,4,1,2,1,0,0,0,0,0,0,0,0,0,0,0,0,0,0
6950325,1,2,0,0,1,1,0,1,1,1,0,1,1,1,0,0,0,0,0,0,0,0,0,0,0,0,0,0
6950325,1,3,0,0,0,0,0,0,0,0,1,0,0,1,0,0,0,0,0,0,0,0,0,0,0,0,0,0
6950325,1,4,0,0,6,8,3,3,6,3,2,3,9,6,0,0,0,0,0,0,0,0,0,0,0,0,0,0
6950325,2,5,0,0,0,1,0,1,1,0,1,0,1,0,0,0,0,0,0,0,0,0,0,0,0,0,0,0
6950325,3,13,0,0,7,9,3,4,7,4,3,4,10,8,0,0,0,0,0,0,0,0,0,0,0,0,0,0
6952609,1,1,0,0,1,1,0,0,0,0,1,1,0,1,0,0,0,0,0,0,0,0,0,0,0,0,0,0
6952609,1,2,0,0,0,1,3,1,0,1,2,1,0,1,0,0,0,0,0,0,0,0,0,0,0,0,0,0
6952609,1,3,0,0,0,0,0,1,0,0,0,0,0,0,0,0,0,0,0,0,0,0,0,0,0,0,0,0
6952609,1,4,0,0,0,0,1,0,0,0,3,0,0,2,0,0,0,0,0,0,0,0,0,0,0,0,0,0
6952609,2,5,0,0,0,0,1,0,0,0,1,0,0,0,0,0,0,0,0,0,0,0,0,0,0,0,0,0
6952609,3,13,0,0,1,2,4,2,0,1,6,2,0,4,0,0,0,0,0,0,0,0,0,0,0,0,0,0
6955667,1,4,7,10,4,9,7,7,5,5,15,6,11,10,12,15,16,12,10,11,0,0,0,0,0,0,0,0
6955667,2,5,5,8,4,8,6,7,4,5,11,4,9,8,12,11,13,9,9,7,0,0,0,0,0,0,0,0
6955667,3,13,7,10,4,9,7,7,5,5,14,5,11,10,11,15,16,12,10,11,0,0,0,0,0,0,0,0
6959992,1,2,0,0,0,0,0,0,0,0,0,0,0,0,2,1,0,0,1,1,1,1,3,0,0,0,0,0
6959992,1,3,0,0,0,0,0,0,0,0,0,0,0,0,2,0,2,0,1,2,1,1,0,0,0,0,0,0
6959992,1,4,0,0,0,0,0,0,0,0,0,0,0,0,15,9,11,10,17,11,12,9,15,11,0,0,0,0
6959992,3,13,0,0,0,0,0,0,0,0,0,0,0,0,0,0,0,0,0,0,0,3,0,0,0,0,0,0
6966161,1,4,0,0,2,2,2,1,2,2,3,1,3,2,0,0,0,0,0,0,0,0,0,0,0,0,0,0
6966161,3,13,0,0,2,2,2,1,2,2,3,1,3,2,0,0,0,0,0,0,0,0,0,0,0,0,0,0
6976509,1,4,0,0,2,2,1,3,2,2,5,2,2,0,0,0,0,0,0,0,0,0,0,0,0,0,0,0
6982445,1,1,39,32,20,24,31,19,13,14,19,12,16,12,0,0,0,0,0,0,0,0,0,0,0,0,0,0
6982445,1,2,17,10,13,12,11,12,7,4,7,6,4,3,0,0,0,0,0,0,0,0,0,0,0,0,0,0
6982445,1,3,0,0,0,0,0,0,0,1,0,0,0,0,0,0,0,0,0,0,0,0,0,0,0,0,0,0
6982445,1,4,2,4,2,0,0,0,1,2,0,0,1,1,0,0,0,0,0,0,0,0,0,0,0,0,0,0
6982445,2,5,14,11,9,7,12,7,5,5,7,7,4,7,0,0,0,0,0,0,0,0,0,0,0,0,0,0
6982445,2,6,4,3,0,3,2,1,1,0,1,1,2,0,0,0,0,0,0,0,0,0,0,0,0,0,0,0
6982445,3,13,0,0,0,0,0,0,0,1,0,1,0,0,0,0,0,0,0,0,0,0,0,0,0,0,0,0
6986279,1,2,0,0,1,0,0,0,0,0,0,0,0,0,0,0,0,0,0,0,0,0,0,0,0,0,0,0
6986279,1,4,0,0,2,0,0,1,2,0,3,3,1,4,0,0,0,0,0,0,0,0,0,0,0,0,0,0
6987107,1,2,0,0,1,1,0,0,2,1,4,2,1,0,0,0,0,0,0,0,0,0,0,0,0,0,0,0
6987107,3,13,0,0,1,0,0,0,2,1,4,2,0,0,0,0,0,0,0,0,0,0,0,0,0,0,0,0
6990123,1,4,0,0,1,1,0,1,1,2,2,2,0,0,0,0,0,0,0,0,0,0,0,0,0,0,0,0
6991857,1,2,0,0,0,0,0,0,0,1,0,1,0,1,0,0,0,0,0,0,0,0,0,0,0,0,0,0
6991857,1,4,0,0,1,4,2,5,1,8,9,5,7,6,0,0,0,0,0,0,0,0,0,0,0,0,0,0
6991857,2,5,0,0,0,0,1,0,1,1,4,0,0,1,0,0,0,0,0,0,0,0,0,0,0,0,0,0
6991857,3,13,0,0,1,4,2,5,1,9,9,5,7,7,0,0,0,0,0,0,0,0,0,0,0,0,0,0
6994409,1,2,0,0,3,3,2,1,2,2,4,0,3,1,0,0,0,0,0,0,0,0,0,0,0,0,0,0
6994409,1,4,0,0,5,1,2,1,2,2,2,3,4,3,0,0,0,0,0,0,0,0,0,0,0,0,0,0
6994409,3,13,0,0,8,4,1,1,4,4,5,3,6,4,0,0,0,0,0,0,0,0,0,0,0,0,0,0
6996830,1,1,0,0,1,1,0,1,0,2,2,1,0,1,0,0,0,0,0,0,0,0,0,0,0,0,0,0
6996830,1,2,0,0,0,0,0,0,0,0,0,1,0,0,0,0,0,0,0,0,0,0,0,0,0,0,0,0
6996830,1,4,0,0,1,4,1,4,1,0,3,4,5,2,0,0,0,0,0,0,0,0,0,0,0,0,0,0
6996830,3,13,0,0,0,0,0,0,0,2,2,1,0,1,0,0,0,0,0,0,0,0,0,0,0,0,0,0
6999638,1,2,0,0,0,0,0,0,3,3,1,1,1,0,0,0,0,0,0,0,0,0,0,0,0,0,0,0
6999638,1,3,0,0,0,0,0,0,0,0,0,0,1,0,0,0,0,0,0,0,0,0,0,0,0,0,0,0
6999638,1,4,0,0,6,6,4,3,6,1,2,5,8,10,0,0,0,0,0,0,0,0,0,0,0,0,0,0
6999638,2,6,0,0,0,0,0,0,0,0,0,0,0,1,0,0,0,0,0,0,0,0,0,0,0,0,0,0
7006358,1,4,0,0,0,0,0,0,1,1,0,2,3,1,0,0,0,0,0,0,0,0,0,0,0,0,0,0
7010299,1,4,0,0,13,8,8,10,7,9,15,8,9,6,0,0,0,0,0,0,0,0,0,0,0,0,0,0
7010299,3,13,0,0,12,7,8,8,7,8,15,8,9,6,0,0,0,0,0,0,0,0,0,0,0,0,0,0
7017714,1,4,0,0,1,2,3,6,6,2,6,3,4,3,0,0,0,0,0,0,0,0,0,0,0,0,0,0
7020982,1,1,58,45,2,2,3,2,0,1,2,3,1,2,1,1,2,2,2,2,1,2,0,4,2,1,3,0
7020982,1,2,14,11,11,10,9,10,2,10,16,9,10,8,9,4,6,4,6,4,4,4,2,1,2,1,3,4
7020982,1,3,2,0,1,1,0,0,0,0,1,0,0,0,0,0,0,0,0,0,0,1,0,0,0,0,0,0
7020982,1,4,85,92,56,54,44,39,36,32,46,40,43,40,45,28,41,34,34,23,28,17,29,25,16,14,23,25
7020982,2,5,14,17,13,5,7,6,8,8,6,6,11,3,6,5,8,2,6,3,6,3,2,2,2,1,1,1
7020982,2,6,4,3,1,2,1,0,1,0,1,1,0,1,0,1,1,0,1,0,0,0,0,0,0,0,1,0
7020982,3,13,0,1,1,1,1,2,0,1,2,3,0,3,1,1,3,2,2,2,1,2,0,4,2,1,3,0
7021084,1,1,0,0,0,1,0,1,0,1,0,1,0,2,0,0,0,0,0,0,0,0,0,0,0,0,0,0
7021084,1,2,0,0,0,1,0,0,1,0,0,0,0,0,0,0,0,0,0,0,0,0,0,0,0,0,0,0
7021084,1,4,0,0,0,2,0,2,0,3,0,0,1,3,0,0,0,0,0,0,0,0,0,0,0,0,0,0
7021084,3,13,0,0,0,0,0,0,0,1,0,0,0,2,0,0,0,0,0,0,0,0,0,0,0,0,0,0
7025795,1,2,0,0,0,0,1,3,3,2,2,2,3,1,2,1,1,3,0,1,0,0,0,0,0,0,0,0
7025795,1,4,0,0,3,5,3,10,7,6,7,5,4,10,9,8,6,11,9,9,0,0,0,0,0,0,0,0
7025795,3,13,0,0,2,4,4,13,10,8,9,7,6,11,10,8,7,14,8,10,0,0,0,0,0,0,0,0
7028745,1,1,1,0,1,0,0,0,0,0,0,0,0,0,0,0,0,0,0,0,0,0,0,0,0,0,0,0
7028745,1,2,0,1,0,0,0,0,0,0,0,0,0,0,0,0,0,0,0,1,0,0,0,0,0,0,0,0
7028745,1,4,1,7,1,2,1,2,4,0,4,3,4,6,3,7,5,2,2,3,0,0,0,0,0,0,0,0
7028745,2,5,0,0,0,0,0,0,1,0,0,0,0,0,1,0,0,0,1,0,0,0,0,0,0,0,0,0
7028745,3,13,0,2,0,0,0,0,0,0,0,0,0,0,0,0,0,0,0,0,0,0,0,0,0,0,0,0
7040642,1,2,0,0,0,0,0,0,0,0,0,0,0,0,0,0,0,0,1,0,0,0,0,0,0,0,0,0
7040642,1,4,0,0,3,8,3,2,4,5,4,5,7,7,2,7,5,3,3,5,0,0,0,0,0,0,0,0
7040642,3,13,0,0,3,8,3,2,4,5,4,5,7,7,2,7,5,3,4,5,0,0,0,0,0,0,0,0
7049281,1,1,0,0,0,0,0,0,0,0,0,0,0,0,0,0,2,0,0,1,0,0,0,0,0,0,0,0
7049281,1,2,0,0,0,1,1,3,2,3,2,1,4,3,1,1,2,1,1,1,0,0,0,0,0,0,0,0
7049281,1,4,0,0,6,1,1,4,1,4,3,6,1,2,6,8,8,6,5,4,0,0,0,0,0,0,0,0
7049281,3,13,0,0,6,2,2,7,3,7,5,7,5,5,7,9,12,7,6,6,0,0,0,0,0,0,0,0
7051352,1,2,0,0,1,2,1,3,2,1,2,0,3,2,0,0,0,0,0,0,0,0,0,0,0,0,0,0
7051352,1,4,0,0,1,0,2,1,1,2,1,1,1,0,0,0,0,0,0,0,0,0,0,0,0,0,0,0
7059715,1,1,113,106,0,2,0,0,3,3,4,5,1,0,4,6,2,5,4,1,2,0,0,0,0,1,0,1
7059715,1,2,13,5,8,4,5,4,2,3,1,3,4,3,1,6,3,0,5,2,2,0,2,2,1,0,4,2
7059715,1,3,1,0,2,0,0,0,2,0,0,1,0,0,0,0,0,0,0,0,0,0,1,0,0,0,0,0
7059715,1,4,95,76,93,56,69,61,67,57,55,50,71,43,69,58,72,46,60,42,57,37,66,27,44,31,36,25
7059715,2,5,22,16,23,12,18,12,20,20,14,14,20,7,17,18,30,8,18,9,18,5,14,8,5,5,3,2
7059715,2,6,0,0,1,0,1,3,0,1,0,0,0,0,0,0,0,0,0,1,0,0,0,0,0,0,0,0
7059715,2,7,0,0,0,0,0,0,0,0,0,0,0,0,0,0,0,0,0,0,0,0,1,0,0,0,0,0
7059715,2,8,0,0,0,0,1,0,0,0,0,0,0,0,0,0,0,0,0,0,0,0,0,0,0,0,0,0
7059715,3,13,0,0,0,0,0,0,1,0,0,1,0,1,1,1,2,2,0,0,1,0,0,0,1,2,0,0
7069328,1,2,0,0,5,2,0,1,1,2,1,1,2,4,0,0,0,0,0,0,0,0,0,0,0,0,0,0
7069328,1,3,0,0,1,0,0,0,0,0,0,0,0,0,0,0,0,0,0,0,0,0,0,0,0,0,0,0
7069328,1,4,0,0,2,4,1,3,0,1,4,0,2,3,0,0,0,0,0,0,0,0,0,0,0,0,0,0
7069328,2,5,0,0,2,3,0,1,0,1,2,0,1,3,0,0,0,0,0,0,0,0,0,0,0,0,0,0
7069328,3,13,0,0,3,4,0,1,1,2,3,1,1,4,0,0,0,0,0,0,0,0,0,0,0,0,0,0
7069824,1,2,0,0,0,0,0,0,0,0,0,0,0,0,2,0,3,0,4,0,3,0,5,0,7,0,9,0
7069824,1,3,0,0,0,0,0,0,0,0,0,0,0,0,0,0,0,0,0,0,0,0,0,0,1,0,0,0
7069824,1,4,0,0,0,0,0,0,0,0,0,0,0,0,33,0,32,0,39,0,74,0,63,0,64,0,67,0
7069824,2,5,0,0,0,0,0,0,0,0,0,0,0,0,0,0,0,0,0,0,1,0,0,0,1,0,1,0
7069824,2,6,0,0,0,0,0,0,0,0,0,0,0,0,0,0,0,0,0,0,0,0,1,0,0,0,0,0
7069824,3,13,0,0,0,0,0,0,0,0,0,0,0,0,35,0,35,0,43,0,76,0,68,0,68,0,0,0
7071310,1,2,0,0,4,5,7,5,3,3,10,5,8,8,0,0,0,0,0,0,0,0,0,0,0,0,0,0
7071310,1,3,0,0,0,0,0,0,0,1,1,1,1,1,0,0,0,0,0,0,0,0,0,0,0,0,0,0
7071310,1,4,0,0,15,33,18,26,21,30,27,34,39,46,0,0,0,0,0,0,0,0,0,0,0,0,0,0
7071310,2,5,0,0,1,3,0,0,1,0,1,3,5,0,0,0,0,0,0,0,0,0,0,0,0,0,0,0
7071310,2,6,0,0,0,0,0,1,0,0,1,0,0,0,0,0,0,0,0,0,0,0,0,0,0,0,0,0
7071310,2,7,0,0,0,0,0,0,0,0,0,0,0,1,0,0,0,0,0,0,0,0,0,0,0,0,0,0
7071310,3,13,0,0,17,36,14,17,16,26,37,37,34,35,0,0,0,0,0,0,0,0,0,0,0,0,0,0
7076071,1,1,1,2,1,0,0,0,0,1,0,0,0,0,0,0,1,0,0,0,0,0,0,0,0,0,0,0
7076071,1,2,0,0,2,4,2,0,2,0,0,2,2,2,4,1,5,1,4,4,0,0,0,0,0,0,0,0
7076071,1,3,0,0,0,0,0,0,0,0,0,0,0,0,0,1,0,0,0,0,0,0,0,0,0,0,0,0
7076071,1,4,4,6,0,2,7,7,4,10,7,10,5,6,9,10,16,14,16,5,0,0,0,0,0,0,0,0
7076071,2,5,1,6,0,0,2,3,4,4,3,6,4,2,6,7,7,4,6,4,0,0,0,0,0,0,0,0
7076071,3,13,2,1,1,2,2,0,0,0,0,0,0,1,0,0,1,0,0,0,0,0,0,0,0,0,0,0
7076836,1,3,0,0,0,0,0,1,0,1,0,0,1,0,0,0,0,0,0,0,0,0,0,0,0,0,0,0
7076836,1,4,0,0,3,2,1,0,0,2,1,0,2,1,0,0,0,0,0,0,0,0,0,0,0,0,0,0
7088463,1,4,0,0,0,0,0,0,1,0,1,0,1,1,0,0,0,0,0,0,0,0,0,0,0,0,0,0
7088463,3,13,0,0,0,0,0,0,1,0,1,0,1,1,0,0,0,0,0,0,0,0,0,0,0,0,0,0
7097413,1,2,0,0,0,1,1,0,1,2,2,1,2,0,0,0,0,0,0,0,0,0,0,0,0,0,0,0
7097413,1,4,0,0,4,9,2,9,8,7,11,13,3,18,0,0,0,0,0,0,0,0,0,0,0,0,0,0
7097413,3,13,0,0,0,0,0,0,0,0,0,0,0,1,0,0,0,0,0,0,0,0,0,0,0,0,0,0
7105176,1,2,0,0,4,7,4,7,3,6,1,4,6,8,0,0,0,0,0,0,0,0,0,0,0,0,0,0
7105176,1,3,0,0,1,0,1,2,1,0,1,0,0,1,0,0,0,0,0,0,0,0,0,0,0,0,0,0
7105176,1,4,0,0,5,5,11,11,13,8,13,9,16,12,0,0,0,0,0,0,0,0,0,0,0,0,0,0
7105176,2,5,0,0,0,0,3,1,0,1,4,1,1,1,0,0,0,0,0,0,0,0,0,0,0,0,0,0
7106597,1,1,0,0,1,1,0,0,0,0,0,0,0,0,0,0,0,0,0,0,0,0,0,0,0,0,0,0
7106597,1,4,3,8,1,4,4,4,10,4,3,4,5,4,6,5,2,5,2,4,0,0,0,0,0,0,0,0
7111627,1,2,0,0,1,2,0,1,1,0,1,1,1,1,0,1,0,0,0,0,0,0,0,0,0,0,0,0
7111627,1,4,0,0,12,7,4,5,13,16,12,16,13,9,9,9,21,13,7,9,0,0,0,0,0,0,0,0
7111627,3,13,0,0,0,0,0,0,0,1,0,1,0,0,0,0,1,0,0,0,0,0,0,0,0,0,0,0
7115992,1,2,0,0,0,1,3,2,0,1,1,1,0,2,0,0,0,0,0,0,0,0,0,0,0,0,0,0
7115992,1,4,0,0,0,0,1,1,1,1,0,1,0,0,0,0,0,0,0,0,0,0,0,0,0,0,0,0
7115992,3,13,0,0,0,0,4,3,1,2,1,2,0,2,0,0,0,0,0,0,0,0,0,0,0,0,0,0
7117849,1,1,1,0,0,1,0,0,0,0,0,0,0,0,0,0,0,0,0,0,0,0,0,0,0,0,0,0
7117849,1,4,43,35,16,5,9,4,4,12,3,6,1,1,0,0,0,0,0,0,0,0,0,0,0,0,0,0
7117849,2,5,0,1,0,0,0,0,0,0,0,0,0,0,0,0,0,0,0,0,0,0,0,0,0,0,0,0
7117849,3,13,1,1,0,0,0,0,0,0,0,0,0,0,0,0,0,0,0,0,0,0,0,0,0,0,0,0
7118193,1,4,0,0,0,2,0,1,1,3,0,2,3,0,0,0,0,0,0,0,0,0,0,0,0,0,0,0
7123383,1,1,16,14,7,8,5,4,3,5,5,7,4,2,5,0,5,2,2,4,1,2,2,0,0,0,0,0
7123383,1,2,8,9,3,5,5,3,6,4,3,2,0,8,3,1,0,1,0,1,2,0,0,0,0,0,0,0
7123383,1,3,0,1,0,0,0,0,0,1,0,0,0,0,0,0,0,1,0,0,0,0,0,0,0,0,0,0
7123383,1,4,50,59,41,41,42,34,55,38,19,19,21,9,16,20,7,9,6,7,9,6,4,2,0,0,0,0
7123383,2,5,0,3,3,3,2,2,2,2,1,1,3,0,1,1,1,1,2,2,0,1,0,0,0,0,0,0
7123383,2,6,4,2,2,1,1,1,2,3,0,1,0,0,1,0,0,0,1,0,0,0,1,0,0,0,0,0
7123383,3,13,0,0,0,0,0,0,1,0,0,3,3,1,1,0,2,1,0,2,1,1,0,0,0,0,0,0
7124805,1,2,0,2,0,0,1,0,0,1,0,2,0,0,0,0,0,0,0,0,0,0,0,0,0,0,0,0
7124805,1,3,0,0,0,1,1,0,0,0,0,1,0,0,0,0,0,0,0,0,0,0,0,0,0,0,0,0
7124805,1,4,16,16,9,10,8,8,11,11,13,7,10,14,0,0,0,0,0,0,0,0,0,0,0,0,0,0
7124805,3,13,16,18,9,10,9,7,11,12,12,10,9,14,0,0,0,0,0,0,0,0,0,0,0,0,0,0
7126546,1,2,0,0,0,0,0,0,0,0,0,1,0,0,0,0,0,0,0,0,0,0,0,0,0,0,0,0
7126546,1,4,0,0,2,4,3,3,3,7,2,2,1,4,0,0,0,0,0,0,0,0,0,0,0,0,0,0
7126779,1,1,0,2,0,0,0,1,0,0,0,0,0,0,1,1,0,0,0,0,1,1,0,0,0,0,0,0
7126779,1,2,10,9,4,6,2,1,3,3,3,2,4,2,4,3,2,5,2,3,3,2,2,5,0,0,0,0
7126779,1,3,1,0,0,0,1,0,0,0,0,0,0,0,0,0,0,0,0,0,0,0,0,0,0,0,0,0
7126779,1,4,82,65,47,33,26,22,22,20,23,24,33,20,19,18,32,26,19,14,25,19,23,15,0,0,0,0
7126779,2,5,15,23,10,9,6,4,6,3,4,7,6,3,2,4,10,8,1,2,5,7,2,4,0,0,0,0
7126779,2,6,3,1,0,4,0,0,0,1,0,1,0,2,0,1,0,0,1,0,0,1,2,0,0,0,0,0
7126779,3,13,0,0,0,0,0,1,0,0,1,1,0,0,0,0,0,0,0,0,0,0,0,0,0,0,0,0
7129594,1,1,0,0,0,0,1,0,0,1,1,0,1,2,0,1,1,2,1,1,0,0,0,0,0,0,0,0
7129594,1,2,0,0,3,0,3,2,3,1,2,2,2,3,4,7,8,4,11,6,0,0,0,0,0,0,0,0
7129594,1,4,0,0,10,6,6,6,9,8,11,3,12,10,6,9,6,7,9,13,0,0,0,0,0,0,0,0
7129594,2,5,0,0,1,0,0,0,0,0,0,0,1,0,0,1,1,0,0,1,0,0,0,0,0,0,0,0
7129594,2,6,0,0,0,0,0,0,0,0,0,0,1,0,0,0,0,0,0,0,0,0,0,0,0,0,0,0
7129594,3,13,0,0,13,6,10,8,12,10,14,5,15,15,10,17,14,12,21,19,0,0,0,0,0,0,0,0
7133141,1,2,0,0,1,0,0,0,0,0,0,1,0,0,0,0,0,0,0,0,0,0,0,0,0,0,0,0
7133141,1,4,0,0,2,1,5,8,5,8,9,6,12,7,0,0,0,0,0,0,0,0,0,0,0,0,0,0
7149271,1,1,0,0,0,0,0,0,0,0,0,0,0,0,11,2,2,4,5,6,1,1,8,3,0,0,0,0
7149271,1,2,0,0,0,0,0,0,0,0,0,0,0,0,0,2,1,0,1,0,0,0,0,0,0,0,0,0
7149271,1,4,0,0,0,0,0,0,0,0,0,0,0,0,1,0,0,0,0,0,0,0,1,0,0,0,0,0
7149271,2,5,0,0,0,0,0,0,0,0,0,0,0,0,0,0,1,1,1,0,0,0,1,0,0,0,0,0
7164591,1,1,2,0,0,0,1,0,0,0,0,0,0,0,0,0,0,0,0,0,0,0,0,0,0,0,0,0
7164591,1,2,1,0,0,0,1,0,1,0,0,0,1,1,0,0,0,0,0,0,0,0,0,0,0,0,0,0
7164591,1,4,37,45,11,35,17,18,9,14,15,13,16,9,0,0,0,0,0,0,0,0,0,0,0,0,0,0
7164591,2,5,34,44,11,31,14,16,9,11,15,9,15,9,0,0,0,0,0,0,0,0,0,0,0,0,0,0
7164676,1,1,35,37,19,13,28,24,25,24,25,29,33,22,12,19,23,19,18,10,19,9,23,15,12,8,10,9
7164676,1,2,12,6,4,8,4,4,6,4,2,2,5,2,8,3,5,3,3,2,5,3,3,0,2,2,3,5
7164676,1,3,0,0,0,0,0,0,0,0,1,1,0,0,2,1,1,0,1,1,1,1,0,0,1,0,0,0
7164676,1,4,158,144,110,87,88,81,87,65,73,75,82,51,77,51,69,57,58,29,50,29,47,34,27,27,36,25
7164676,2,5,4,4,5,6,3,2,6,4,3,1,3,1,3,5,1,2,4,2,2,1,2,1,0,2,2,1
7164676,2,6,8,3,3,4,6,2,4,2,2,2,4,4,4,3,2,6,4,1,2,1,3,2,3,3,3,2
7164676,2,7,0,0,0,0,0,0,0,0,0,0,0,0,1,0,0,0,1,0,0,0,0,0,0,0,0,1
7164676,2,8,0,1,0,0,0,0,0,0,0,0,0,0,0,0,0,0,0,0,0,0,0,0,0,0,0,0
7164676,2,10,0,1,0,0,0,0,0,0,1,1,0,0,0,0,0,1,0,1,0,0,0,0,0,0,1,0
7164676,3,13,0,0,0,0,0,0,0,0,0,0,0,0,0,0,0,0,2,3,3,0,0,0,7,6,8,9
7165476,1,1,0,0,0,0,0,0,0,0,0,0,0,0,0,0,0,0,0,0,0,1,0,0,0,0,0,0
7165476,1,2,0,0,0,0,0,0,0,0,0,0,0,0,1,4,5,0,2,2,1,3,5,2,0,0,0,0
7165476,1,3,0,0,0,0,0,0,0,0,0,0,0,0,0,1,0,0,0,0,0,0,0,0,0,0,0,0
7165476,1,4,0,0,0,0,0,0,0,0,0,0,0,0,8,15,12,12,15,17,29,34,24,18,0,0,0,0
7165476,2,6,0,0,0,0,0,0,0,0,0,0,0,0,0,0,0,0,0,0,0,0,1,0,0,0,0,0
7165476,3,13,0,0,0,0,0,0,0,0,0,0,0,0,3,5,0,0,1,0,4,7,0,0,0,0,0,0
7170787,1,1,125,89,15,12,0,0,0,0,0,0,2,0,0,0,0,0,0,0,0,0,0,0,0,0,0,0
7170787,1,2,1,1,3,0,0,5,3,1,5,1,1,0,6,0,4,0,1,3,0,0,0,0,0,0,0,0
7170787,1,4,20,18,27,17,25,17,23,17,30,22,37,4,40,19,36,19,26,17,0,0,0,0,0,0,0,0
7170787,2,5,0,2,1,0,1,1,0,0,0,1,2,1,2,0,1,0,1,1,0,0,0,0,0,0,0,0
7170787,2,10,1,0,0,0,0,0,0,0,0,0,0,0,0,0,0,0,0,0,0,0,0,0,0,0,0,0
7170787,3,13,0,0,0,0,0,0,0,0,0,0,2,0,0,0,0,0,0,0,0,0,0,0,0,0,0,0
7176721,1,2,0,0,0,0,0,0,0,0,0,0,0,0,7,3,8,10,11,9,8,11,7,6,9,10,7,8
7176721,1,4,0,0,0,0,0,0,0,0,0,0,0,0,4,6,4,6,9,3,5,3,8,5,4,3,6,9
7176721,2,5,0,0,0,0,0,0,0,0,0,0,0,0,4,2,2,2,5,0,3,0,3,1,2,0,1,5
7176721,2,6,0,0,0,0,0,0,0,0,0,0,0,0,0,0,0,0,0,0,0,0,1,0,1,0,0,0
7176721,3,13,0,0,0,0,0,0,0,0,0,0,0,0,0,0,0,0,0,1,0,1,0,0,0,1,0,0
7181551,1,2,0,0,1,1,1,0,0,1,1,1,0,1,0,0,0,0,0,0,0,0,0,0,0,0,0,0
7181551,1,4,0,0,6,5,10,12,6,12,1,10,5,7,0,0,0,0,0,0,0,0,0,0,0,0,0,0
7181551,3,13,0,0,7,4,4,5,1,1,0,2,3,6,0,0,0,0,0,0,0,0,0,0,0,0,0,0
7184450,1,2,0,0,0,1,4,3,1,2,1,3,1,4,0,0,0,0,0,0,0,0,0,0,0,0,0,0
7184450,1,3,0,0,1,3,2,0,1,2,1,0,0,0,0,0,0,0,0,0,0,0,0,0,0,0,0,0
7184450,1,4,0,0,2,2,2,4,3,6,2,2,3,8,0,0,0,0,0,0,0,0,0,0,0,0,0,0
7184450,2,5,0,0,1,0,1,0,0,1,0,0,0,0,0,0,0,0,0,0,0,0,0,0,0,0,0,0
7184450,3,13,0,0,3,3,8,7,5,10,4,5,4,12,0,0,0,0,0,0,0,0,0,0,0,0,0,0
7188755,1,1,0,0,2,1,0,0,0,0,0,0,0,0,0,0,0,0,0,0,0,0,0,0,0,0,0,0
7188755,1,2,0,0,0,0,0,0,0,1,0,0,0,0,0,0,0,0,0,0,0,0,0,0,0,0,0,0
7188755,1,4,0,0,1,0,1,1,3,0,2,1,2,6,0,0,0,0,0,0,0,0,0,0,0,0,0,0
7188755,2,5,0,0,0,0,1,0,1,0,0,0,0,1,0,0,0,0,0,0,0,0,0,0,0,0,0,0
7190243,1,3,0,0,1,0,1,0,0,0,0,2,0,3,0,0,0,0,0,0,0,0,0,0,0,0,0,0
7190243,1,4,0,0,7,4,0,3,3,5,4,4,1,1,0,0,0,0,0,0,0,0,0,0,0,0,0,0
7190243,3,13,0,0,6,2,1,3,3,3,3,6,1,4,0,0,0,0,0,0,0,0,0,0,0,0,0,0
7191894,1,1,0,0,0,0,0,0,0,0,0,0,0,0,0,0,0,0,2,1,0,0,0,0,0,0,0,0
7191894,1,2,0,0,0,0,0,0,0,0,0,0,0,0,6,4,7,6,4,3,6,4,1,10,0,0,0,0
7191894,1,4,0,0,0,0,0,0,0,0,0,0,0,0,13,8,15,12,11,11,16,11,21,16,0,0,0,0
7191894,2,5,0,0,0,0,0,0,0,0,0,0,0,0,4,1,3,4,3,2,1,1,2,2,0,0,0,0
7191894,2,6,0,0,0,0,0,0,0,0,0,0,0,0,0,0,0,0,0,0,0,0,0,1,0,0,0,0
7191894,3,13,0,0,0,0,0,0,0,0,0,0,0,0,16,12,22,15,17,14,21,15,22,26,0,0,0,0
7196741,1,4,0,0,0,2,0,4,0,7,0,11,0,11,0,5,0,7,0,5,0,0,0,0,0,0,0,0
7196741,2,5,0,0,0,2,0,4,0,7,0,11,0,11,0,5,0,7,0,5,0,0,0,0,0,0,0,0
7196741,3,13,0,0,0,0,0,0,0,0,0,0,0,6,0,0,0,1,0,0,0,0,0,0,0,0,0,0
7204665,1,2,0,0,1,1,2,1,1,3,1,1,2,3,0,0,0,0,0,0,0,0,0,0,0,0,0,0
7204665,1,4,0,0,2,2,1,1,7,3,2,4,8,2,0,0,0,0,0,0,0,0,0,0,0,0,0,0
7204665,3,13,0,0,0,0,0,0,1,0,0,0,0,0,0,0,0,0,0,0,0,0,0,0,0,0,0,0
7209148,1,1,0,0,0,1,0,0,0,0,0,0,0,0,0,0,0,0,0,0,0,0,0,0,0,0,0,0
7209148,1,2,0,0,1,2,0,0,2,1,1,0,1,0,0,0,0,0,0,0,0,0,0,0,0,0,0,0
7209148,1,4,0,0,0,0,0,0,1,0,1,1,0,0,0,0,0,0,0,0,0,0,0,0,0,0,0,0
7209148,2,6,0,0,1,1,0,0,0,0,0,0,0,0,0,0,0,0,0,0,0,0,0,0,0,0,0,0
7209842,1,1,0,0,1,1,1,0,2,0,1,1,0,0,0,0,0,0,0,0,0,0,0,0,0,0,0,0
7209842,1,2,0,0,1,2,1,0,1,0,1,0,1,0,0,0,0,0,0,0,0,0,0,0,0,0,0,0
7209842,1,4,0,0,0,2,1,0,0,0,1,2,3,1,0,0,0,0,0,0,0,0,0,0,0,0,0,0
7209842,3,13,0,0,2,5,2,0,3,0,3,3,3,1,0,0,0,0,0,0,0,0,0,0,0,0,0,0
7210326,1,1,0,0,0,0,0,2,0,1,0,1,1,1,0,0,1,1,0,0,0,0,0,0,0,0,0,0
7210326,1,2,0,0,4,3,4,3,4,2,4,6,6,3,5,3,2,3,4,8,0,0,0,0,0,0,0,0
7210326,1,4,0,0,6,5,3,1,4,4,4,4,3,4,3,5,3,7,2,0,0,0,0,0,0,0,0,0
7210326,3,13,0,0,10,8,7,6,8,7,8,11,10,8,8,8,6,11,6,8,0,0,0,0,0,0,0,0
7210498,1,1,0,0,3,3,0,0,0,0,0,0,0,0,0,0,0,0,0,0,0,0,0,0,0,0,0,0
7210498,1,2,0,0,0,0,1,0,1,0,1,2,1,2,0,0,0,0,0,0,0,0,0,0,0,0,0,0
7210498,1,4,0,0,0,0,2,3,0,1,0,0,2,2,0,0,0,0,0,0,0,0,0,0,0,0,0,0
7210498,3,13,0,0,3,3,3,3,1,1,1,2,3,4,0,0,0,0,0,0,0,0,0,0,0,0,0,0
7213915,1,2,0,0,0,0,0,0,0,0,0,1,0,0,0,0,0,0,0,0,0,0,0,0,0,0,0,0
7213915,1,4,0,0,2,4,0,0,1,0,1,0,1,2,0,0,0,0,0,0,0,0,0,0,0,0,0,0
7213915,3,13,0,0,2,4,0,0,1,0,1,1,1,2,0,0,0,0,0,0,0,0,0,0,0,0,0,0
7221642,1,1,0,0,0,0,0,0,0,0,0,0,0,0,0,0,0,0,0,0,0,1,0,0,0,0,0,0
7221642,1,2,0,0,0,0,0,0,0,0,0,0,0,0,0,0,0,0,0,0,0,0,3,0,2,1,3,3
7221642,1,3,0,0,0,0,0,0,0,0,0,0,0,0,0,0,0,0,0,0,0,0,0,0,0,0,1,0
7221642,1,4,0,0,0,0,0,0,0,0,0,0,0,0,0,0,0,0,0,0,12,3,15,0,14,6,13,5
7221642,2,5,0,0,0,0,0,0,0,0,0,0,0,0,0,0,0,0,0,0,0,0,0,0,0,0,1,0
7221642,2,6,0,0,0,0,0,0,0,0,0,0,0,0,0,0,0,0,0,0,0,0,1,0,0,0,0,0
7221642,3,13,0,0,0,0,0,0,0,0,0,0,0,0,0,0,0,0,0,0,1,1,0,0,0,0,0,0
7225427,1,2,0,0,0,0,5,3,4,2,0,1,1,7,0,0,0,0,0,0,0,0,0,0,0,0,0,0
7225427,1,4,0,0,5,1,2,4,3,3,8,4,3,5,0,0,0,0,0,0,0,0,0,0,0,0,0,0
7225427,3,13,0,0,5,1,5,6,6,4,8,4,4,11,0,0,0,0,0,0,0,0,0,0,0,0,0,0
7228769,1,2,0,0,0,0,0,0,0,0,0,0,0,0,0,1,0,0,0,0,0,0,0,0,0,0,0,0
7228769,1,4,1,2,1,3,0,0,3,2,3,7,3,10,1,5,3,4,4,5,0,0,0,0,0,0,0,0
7228769,3,13,0,0,0,0,0,0,0,0,0,0,0,0,0,1,0,0,1,0,0,0,0,0,0,0,0,0
7229178,1,3,0,0,3,4,2,7,2,5,3,2,0,6,0,0,0,0,0,0,0,0,0,0,0,0,0,0
7229178,1,4,0,0,0,0,0,0,0,0,1,0,0,0,0,0,0,0,0,0,0,0,0,0,0,0,0,0
7229178,2,5,0,0,0,0,0,0,0,0,1,0,0,0,0,0,0,0,0,0,0,0,0,0,0,0,0,0
7229322,1,2,4,4,1,1,1,0,1,2,1,0,1,0,0,0,0,0,0,0,0,0,0,0,0,0,0,0
7229322,1,4,16,10,7,5,2,3,6,1,3,2,8,1,0,0,0,0,0,0,0,0,0,0,0,0,0,0
7229322,2,5,0,1,0,2,0,0,2,0,0,0,0,0,0,0,0,0,0,0,0,0,0,0,0,0,0,0
7229322,2,6,0,1,1,0,0,0,0,0,1,0,0,0,0,0,0,0,0,0,0,0,0,0,0,0,0,0
7232927,1,2,0,0,1,0,0,0,2,0,0,1,0,2,6,0,1,0,3,2,0,0,0,0,0,0,0,0
7232927,1,4,0,0,4,2,6,3,3,4,6,5,8,12,3,7,8,5,8,8,0,0,0,0,0,0,0,0
7232927,3,13,0,0,5,2,6,3,5,4,6,6,8,14,9,7,9,5,11,10,0,0,0,0,0,0,0,0
7244365,1,4,0,0,0,5,1,5,4,5,6,5,2,7,0,0,0,0,0,0,0,0,0,0,0,0,0,0
7244365,3,13,0,0,0,1,0,1,0,0,0,0,0,0,0,0,0,0,0,0,0,0,0,0,0,0,0,0
7250936,1,2,0,0,1,1,1,1,0,1,1,1,0,1,1,2,3,2,0,0,0,0,0,0,0,0,0,0
7250936,1,3,0,0,1,1,0,1,0,1,1,1,0,1,0,0,0,1,1,1,0,0,0,0,0,0,0,0
7250936,1,4,0,0,2,3,1,1,3,1,2,3,3,3,5,8,7,5,4,2,0,0,0,0,0,0,0,0
7250936,3,13,0,0,0,0,0,0,0,0,0,1,1,5,0,1,4,3,0,0,0,0,0,0,0,0,0,0
7262050,1,2,0,0,0,0,0,0,0,0,0,0,0,0,1,3,7,2,2,1,2,0,0,1,0,0,0,0
7262050,1,3,0,0,0,0,0,0,0,0,0,0,0,0,0,2,0,0,0,1,0,1,0,1,0,0,0,0
7262050,1,4,0,0,0,0,0,0,0,0,0,0,0,0,2,1,4,3,3,5,3,2,3,5,0,0,0,0
7262050,3,13,0,0,0,0,0,0,0,0,0,0,0,0,0,0,0,0,0,0,4,1,0,1,0,0,0,0
7263095,1,3,0,0,1,2,1,0,0,0,1,2,0,0,0,0,0,0,0,0,0,0,0,0,0,0,0,0
7263095,1,4,0,0,1,0,2,1,1,2,2,3,2,2,0,0,0,0,0,0,0,0,0,0,0,0,0,0
7263095,3,13,0,0,2,2,3,1,1,2,3,5,2,2,0,0,0,0,0,0,0,0,0,0,0,0,0,0
7266639,1,1,0,0,0,1,0,0,0,0,0,0,0,2,0,0,0,0,0,0,0,0,0,0,0,0,0,0
7266639,1,2,0,0,0,3,2,1,2,3,0,1,2,2,0,0,0,0,0,0,0,0,0,0,0,0,0,0
7266639,1,4,0,0,0,0,0,0,0,1,1,2,1,2,0,0,0,0,0,0,0,0,0,0,0,0,0,0
7266639,3,13,0,0,0,4,2,1,2,4,1,3,3,6,0,0,0,0,0,0,0,0,0,0,0,0,0,0
7273657,1,1,0,0,1,1,0,0,0,0,0,2,1,0,0,0,0,0,0,0,0,0,0,0,0,0,0,0
7273657,1,2,0,0,3,0,0,2,2,1,2,1,2,2,0,0,0,0,0,0,0,0,0,0,0,0,0,0
7273657,1,3,0,0,1,0,0,0,0,0,0,0,0,0,0,0,0,0,0,0,0,0,0,0,0,0,0,0
7273657,1,4,0,0,19,16,9,10,16,8,15,18,25,13,0,0,0,0,0,0,0,0,0,0,0,0,0,0
7273657,2,5,0,0,5,4,2,1,2,1,5,5,5,4,0,0,0,0,0,0,0,0,0,0,0,0,0,0
7273657,2,6,0,0,1,0,0,0,0,0,0,0,1,0,0,0,0,0,0,0,0,0,0,0,0,0,0,0
7273657,2,10,0,0,1,0,0,0,0,0,0,0,0,0,0,0,0,0,0,0,0,0,0,0,0,0,0,0
7273657,3,13,0,0,24,16,9,12,17,8,14,21,24,12,0,0,0,0,0,0,0,0,0,0,0,0,0,0
7274283,1,1,5,9,6,4,6,3,5,1,3,4,3,4,5,8,8,4,4,5,8,3,4,5,7,13,4,5
7274283,1,2,29,30,22,11,15,14,11,16,22,16,14,18,13,12,13,19,14,12,14,16,10,12,6,16,9,11
7274283,1,3,0,0,0,0,0,0,0,0,1,0,0,1,0,1,0,1,0,0,0,0,0,0,0,1,0,0
7274283,1,4,137,121,64,46,44,53,54,46,53,54,47,36,76,58,63,52,60,58,77,49,40,54,42,50,64,64
7274283,2,5,27,20,10,10,5,12,6,10,9,7,11,5,16,7,7,6,8,3,12,7,2,2,3,5,2,3
7274283,2,6,15,18,14,5,7,4,7,6,4,10,7,3,4,7,9,15,10,10,15,2,8,4,11,10,11,12
7274283,2,7,0,0,0,0,0,0,0,0,0,1,0,0,0,0,0,0,0,0,0,0,0,0,0,0,0,0
7274283,2,8,0,0,0,1,0,0,0,0,0,0,0,0,0,0,0,0,0,0,0,0,0,0,0,0,0,0
7274283,2,10,0,0,0,0,0,1,0,0,0,0,0,0,0,0,0,0,0,0,1,0,0,0,0,1,0,0
7274283,3,13,0,0,1,1,3,1,3,0,2,3,3,1,5,7,7,3,3,5,7,3,4,4,9,10,4,5
7276886,1,2,0,0,2,1,1,1,1,3,4,4,1,2,0,0,0,0,0,0,0,0,0,0,0,0,0,0
7276886,1,4,0,0,0,0,0,0,0,0,0,0,1,0,0,0,0,0,0,0,0,0,0,0,0,0,0,0
7276886,3,13,0,0,2,1,1,1,1,3,4,4,2,2,0,0,0,0,0,0,0,0,0,0,0,0,0,0
7284863,1,4,0,0,0,1,3,1,1,4,1,2,7,4,0,0,0,0,0,0,0,0,0,0,0,0,0,0
7289472,1,1,96,60,0,0,0,0,0,0,0,0,0,1,0,0,0,0,0,0,0,0,0,0,0,0,0,0
7289472,1,2,35,33,19,17,15,12,13,10,8,8,12,5,14,7,10,9,10,1,4,2,2,2,0,1,4,2
7289472,1,3,2,0,2,1,0,0,0,1,0,1,2,0,1,0,1,1,0,1,0,0,0,0,0,0,0,1
7289472,1,4,63,57,69,57,64,56,58,48,55,51,45,38,64,52,58,41,56,51,49,28,46,29,35,29,39,26
7289472,2,5,1,3,0,3,1,0,0,1,0,0,0,2,1,2,0,0,0,1,2,0,0,0,1,1,0,0
7289472,2,6,0,0,0,0,0,0,0,0,0,0,0,0,0,0,0,0,0,0,0,0,0,0,0,0,0,1
7289472,2,10,0,2,0,0,0,0,0,0,0,0,0,0,0,0,0,0,0,0,0,0,0,0,0,0,0,0
7289472,3,13,0,0,0,0,0,0,0,0,0,0,0,1,0,0,0,0,0,0,0,0,0,0,0,0,0,0
7291479,1,2,0,0,0,0,0,0,3,0,0,1,0,0,0,0,0,0,0,0,0,0,0,0,0,0,0,0
7291479,1,3,0,0,0,0,0,1,0,0,1,0,0,0,0,0,0,0,0,0,0,0,0,0,0,0,0,0
7291479,1,4,0,0,3,2,1,1,1,7,1,0,1,1,0,0,0,0,0,0,0,0,0,0,0,0,0,0
7291479,3,13,0,0,0,0,0,0,0,0,1,1,0,0,0,0,0,0,0,0,0,0,0,0,0,0,0,0
7294101,1,4,0,0,1,0,2,0,3,0,0,0,3,0,0,0,0,0,0,0,0,0,0,0,0,0,0,0
7294101,2,5,0,0,1,0,2,0,3,0,0,0,3,0,0,0,0,0,0,0,0,0,0,0,0,0,0,0
7294101,3,13,0,0,0,0,1,0,0,0,0,0,0,0,0,0,0,0,0,0,0,0,0,0,0,0,0,0
7300834,1,4,0,0,1,0,2,0,1,0,1,3,0,1,0,0,0,0,0,0,0,0,0,0,0,0,0,0
7300834,3,13,0,0,1,0,2,0,1,0,1,3,0,1,0,0,0,0,0,0,0,0,0,0,0,0,0,0
7305312,1,2,3,1,0,1,0,1,0,1,0,1,0,0,0,0,0,0,0,0,0,0,0,0,0,0,0,0
7305312,1,4,6,14,7,8,4,7,3,4,3,2,4,4,0,0,0,0,0,0,0,0,0,0,0,0,0,0
7313823,1,4,0,0,3,0,4,5,3,2,2,5,4,0,0,0,0,0,0,0,0,0,0,0,0,0,0,0
7313823,3,13,0,0,3,0,0,0,0,1,0,1,0,0,0,0,0,0,0,0,0,0,0,0,0,0,0,0
7319298,1,2,0,0,0,0,0,0,0,0,0,0,0,0,9,4,8,11,12,12,7,7,8,9,5,8,6,14
7319298,1,3,0,0,0,0,0,0,0,0,0,0,0,0,1,1,1,4,2,2,2,4,2,0,1,2,1,2
7319298,1,4,0,0,0,0,0,0,0,0,0,0,0,0,20,10,8,28,12,12,24,17,16,16,19,11,27,9
7319298,2,6,0,0,0,0,0,0,0,0,0,0,0,0,0,2,1,2,0,0,2,1,0,0,1,0,1,0
7319298,3,13,0,0,0,0,0,0,0,0,0,0,0,0,9,5,9,13,14,13,6,5,2,1,8,8,2,0
7320477,1,2,0,0,3,1,1,3,2,0,1,1,2,2,0,0,0,0,0,0,0,0,0,0,0,0,0,0
7320477,1,4,0,0,0,0,1,1,2,1,3,2,3,2,0,0,0,0,0,0,0,0,0,0,0,0,0,0
7325213,1,1,0,0,0,0,0,0,1,0,0,0,0,0,0,1,0,1,3,0,1,0,0,0,0,0,0,0
7325213,1,2,7,4,2,3,1,4,2,2,4,3,0,3,2,2,3,2,2,1,3,2,2,0,0,0,0,0
7325213,1,3,0,1,0,0,0,0,0,0,0,0,0,0,0,0,0,0,0,0,0,0,0,0,0,0,0,0
7325213,1,4,11,18,4,8,10,3,10,6,3,6,8,4,10,5,9,7,5,1,3,2,5,2,0,0,0,0
7325213,2,5,0,0,0,1,0,1,1,0,0,0,2,0,0,0,0,1,1,0,0,0,0,0,0,0,0,0
7325213,2,6,1,0,0,0,1,0,0,0,0,0,0,0,0,0,0,0,0,0,0,0,1,0,0,0,0,0
7325213,3,13,0,0,0,0,0,0,1,0,0,0,0,0,1,0,3,1,3,0,1,0,0,0,0,0,0,0
7325839,1,4,0,0,1,5,3,3,1,7,2,3,3,4,0,0,0,0,0,0,0,0,0,0,0,0,0,0
7325839,3,13,0,0,1,5,3,3,1,7,2,3,3,4,0,0,0,0,0,0,0,0,0,0,0,0,0,0
7326314,1,1,0,0,9,3,2,0,0,1,1,0,3,0,0,0,0,0,0,0,0,0,0,0,0,0,0,0
7326314,1,2,0,0,3,2,5,2,2,3,4,1,5,4,0,0,0,0,0,0,0,0,0,0,0,0,0,0
7326314,1,3,0,0,1,0,0,0,0,0,0,0,0,0,0,0,0,0,0,0,0,0,0,0,0,0,0,0
7326314,1,4,0,0,5,4,10,6,11,11,12,15,17,12,0,0,0,0,0,0,0,0,0,0,0,0,0,0
7326314,2,5,0,0,6,2,2,2,5,4,5,5,5,4,0,0,0,0,0,0,0,0,0,0,0,0,0,0
7326314,3,13,0,0,12,7,11,2,9,9,11,10,18,11,0,0,0,0,0,0,0,0,0,0,0,0,0,0
7336514,1,4,0,0,5,4,5,5,4,2,3,3,1,5,0,0,0,0,0,0,0,0,0,0,0,0,0,0
7336514,2,6,0,0,0,0,0,0,0,0,0,0,0,1,0,0,0,0,0,0,0,0,0,0,0,0,0,0
7336514,3,13,0,0,3,4,4,2,2,1,3,2,1,4,0,0,0,0,0,0,0,0,0,0,0,0,0,0
7341654,1,2,0,0,0,0,0,0,0,0,0,0,0,0,2,5,1,5,4,2,5,1,5,5,0,0,0,0
7341654,1,3,0,0,0,0,0,0,0,0,0,0,0,0,0,0,1,0,0,0,1,1,0,0,0,0,0,0
7341654,1,4,0,0,0,0,0,0,0,0,0,0,0,0,11,15,10,8,15,12,16,11,19,13,0,0,0,0
7341654,2,5,0,0,0,0,0,0,0,0,0,0,0,0,0,0,0,0,1,1,1,0,1,0,0,0,0,0
7341654,3,13,0,0,0,0,0,0,0,0,0,0,0,0,3,7,0,0,1,0,0,1,1,0,0,0,0,0
7341735,1,2,0,0,1,0,0,1,0,0,0,0,0,0,0,1,0,1,0,0,0,0,0,0,0,0,0,0
7341735,1,4,0,0,2,1,2,3,3,5,5,3,2,6,5,8,4,5,6,4,0,0,0,0,0,0,0,0
7353499,1,3,0,0,1,0,0,0,0,1,0,0,0,0,0,0,0,0,0,0,0,0,0,0,0,0,0,0
7353499,1,4,0,0,3,5,4,6,2,7,7,6,11,8,0,0,0,0,0,0,0,0,0,0,0,0,0,0
7353499,3,13,0,0,4,5,4,6,2,8,7,6,11,8,0,0,0,0,0,0,0,0,0,0,0,0,0,0
7355285,1,1,10,15,1,0,2,0,0,0,1,1,2,0,0,1,0,0,1,1,2,0,2,4,4,1,4,2
7355285,1,2,17,15,5,8,5,2,4,3,6,4,11,7,12,5,9,4,15,9,12,4,12,10,10,20,12,17
7355285,1,3,2,0,0,0,0,0,0,1,0,0,0,0,0,0,0,0,0,0,1,1,0,0,2,0,0,0
7355285,1,4,187,151,57,37,47,30,45,35,59,57,74,32,78,45,89,62,94,67,109,91,122,91,174,117,182,115
7355285,2,5,17,23,6,4,4,1,5,4,4,10,9,1,11,5,12,2,8,5,16,13,16,8,20,17,16,9
7355285,2,6,3,8,0,1,2,0,0,0,1,1,2,1,1,0,4,1,1,2,3,1,7,1,7,3,7,5
7355285,2,10,1,1,0,0,0,0,0,0,0,0,0,0,0,0,0,0,0,0,0,0,0,0,0,0,0,0
7355285,3,13,1,0,0,0,0,0,0,0,0,1,2,0,1,1,1,0,1,1,2,1,3,4,4,1,5,3
7366254,1,1,0,0,0,0,0,0,0,0,0,1,0,0,0,0,0,0,0,0,0,0,0,0,0,0,0,0
7366254,1,2,0,0,1,0,0,0,1,0,0,1,0,0,0,0,0,0,0,0,0,0,0,0,0,0,0,0
7366254,1,4,0,0,2,4,1,1,2,1,0,1,1,2,0,0,0,0,0,0,0,0,0,0,0,0,0,0
7366254,2,5,0,0,0,1,1,1,1,0,0,0,1,0,0,0,0,0,0,0,0,0,0,0,0,0,0,0
7366254,3,13,0,0,3,4,1,0,2,0,0,2,0,1,0,0,0,0,0,0,0,0,0,0,0,0,0,0
7368743,1,4,0,0,3,5,6,7,5,8,3,9,5,10,0,0,0,0,0,0,0,0,0,0,0,0,0,0
7368743,2,5,0,0,3,5,6,7,5,8,3,9,5,10,0,0,0,0,0,0,0,0,0,0,0,0,0,0
7374441,1,1,0,0,0,0,0,0,0,0,0,0,0,0,5,0,13,3,3,5,8,7,12,4,11,6,9,1
7374441,1,2,0,0,0,0,0,0,0,0,0,0,0,0,3,1,2,1,4,3,0,3,3,2,4,1,3,6
7374441,1,3,0,0,0,0,0,0,0,0,0,0,0,0,0,0,0,0,0,0,0,0,1,0,1,0,1,0
7374441,1,4,0,0,0,0,0,0,0,0,0,0,0,0,21,12,25,17,16,25,15,19,17,13,8,6,18,9
7374441,2,6,0,0,0,0,0,0,0,0,0,0,0,0,5,8,17,9,10,17,13,14,7,10,8,5,10,9
7374441,2,10,0,0,0,0,0,0,0,0,0,0,0,0,0,0,0,0,0,0,1,0,0,0,0,0,0,0
7374441,3,13,0,0,0,0,0,0,0,0,0,0,0,0,29,13,40,21,23,32,23,29,32,18,23,13,31,16
7375723,1,1,0,0,1,0,0,0,0,0,0,0,0,0,0,1,0,0,0,0,0,0,0,0,0,0,0,0
7375723,1,2,0,0,2,4,1,3,1,2,0,4,1,3,1,1,4,1,2,3,0,0,0,0,0,0,0,0
7375723,1,3,0,0,0,0,0,1,2,0,0,0,1,0,2,0,3,0,2,0,0,0,0,0,0,0,0,0
7375723,1,4,0,0,2,3,8,3,10,6,13,4,5,13,10,4,11,8,14,8,0,0,0,0,0,0,0,0
7375723,2,5,0,0,1,2,6,2,6,2,7,2,2,9,5,3,6,5,9,6,0,0,0,0,0,0,0,0
7375723,2,6,0,0,0,0,0,1,0,0,0,0,0,0,0,0,0,0,0,0,0,0,0,0,0,0,0,0
7375723,3,13,0,0,1,2,0,0,1,0,0,0,0,0,0,1,0,0,0,0,0,0,0,0,0,0,0,0
7377253,1,1,17,17,2,7,4,4,6,5,15,5,10,4,12,5,15,12,9,4,6,5,4,6,8,12,4,9
7377253,1,2,7,2,3,2,2,1,4,4,2,1,6,2,2,4,5,4,1,1,4,3,0,0,1,1,1,2
7377253,1,3,1,0,0,0,0,0,0,0,0,0,0,0,0,0,0,0,0,0,0,0,1,0,0,0,0,0
7377253,1,4,67,71,19,27,28,28,20,25,30,38,34,35,20,18,26,25,25,26,24,24,18,24,17,28,23,28
7377253,2,5,0,1,0,0,1,0,1,0,0,0,3,0,0,1,2,1,2,0,1,0,1,0,1,2,1,1
7377253,2,6,1,1,2,1,2,0,1,0,1,2,2,1,1,0,0,1,0,2,2,2,0,1,1,1,0,4
7377253,2,8,0,0,0,0,0,0,0,0,0,1,0,0,0,0,0,0,1,0,0,0,0,0,0,0,0,0
7377253,3,13,0,0,0,0,0,0,2,2,11,5,7,4,11,2,12,9,4,3,1,1,1,5,3,5,2,4
7377370,1,2,0,0,1,0,0,1,0,1,0,0,1,1,0,0,0,0,0,0,0,0,0,0,0,0,0,0
7377370,1,4,0,0,2,3,1,0,2,2,2,0,5,4,0,0,0,0,0,0,0,0,0,0,0,0,0,0
7377370,3,13,0,0,3,3,1,1,2,3,2,0,6,5,0,0,0,0,0,0,0,0,0,0,0,0,0,0
7382106,1,1,1,1,0,0,0,0,0,0,0,0,0,0,0,0,0,0,0,0,0,0,0,0,0,0,0,0
7382106,1,2,4,4,7,6,2,1,0,2,3,1,0,1,0,0,0,0,0,0,0,0,0,0,0,0,0,0
7382106,1,4,30,36,14,17,13,8,12,6,13,11,14,7,0,0,0,0,0,0,0,0,0,0,0,0,0,0
7382106,2,5,3,2,0,2,0,0,0,0,0,1,0,0,0,0,0,0,0,0,0,0,0,0,0,0,0,0
7382106,2,6,1,1,0,0,0,0,0,1,0,1,1,0,0,0,0,0,0,0,0,0,0,0,0,0,0,0
7397753,1,1,0,0,0,0,0,0,0,0,0,0,0,0,0,1,0,0,0,0,0,0,0,0,0,0,0,0
7397753,1,4,0,0,3,6,5,7,1,3,4,3,4,4,3,6,1,6,1,2,0,0,0,0,0,0,0,0
7397753,2,5,0,0,3,6,5,7,1,3,4,3,4,4,3,7,1,6,1,2,0,0,0,0,0,0,0,0
7397753,3,13,0,0,3,6,5,7,1,3,4,3,4,4,3,6,1,4,1,2,0,0,0,0,0,0,0,0
7402325,1,1,0,0,0,0,2,2,0,3,1,1,2,2,0,0,0,0,0,0,0,0,0,0,0,0,0,0
7402325,1,2,0,0,1,1,4,0,1,1,3,1,1,1,0,0,0,0,0,0,0,0,0,0,0,0,0,0
7402325,1,4,0,0,9,7,3,4,2,12,5,9,7,3,0,0,0,0,0,0,0,0,0,0,0,0,0,0
7402325,3,13,0,0,9,7,9,6,3,16,9,11,10,6,0,0,0,0,0,0,0,0,0,0,0,0,0,0
7404318,1,1,0,0,4,10,6,4,6,6,5,10,6,3,7,1,4,6,2,7,8,8,3,6,6,10,7,9
7404318,1,2,0,0,0,0,0,0,1,1,0,0,2,0,0,0,0,0,1,0,1,0,0,0,1,0,1,0
7404318,1,3,0,0,0,0,0,0,0,0,1,0,0,0,0,0,0,0,0,0,0,0,0,0,0,0,0,0
7404318,1,4,0,0,15,10,16,14,13,14,14,10,12,12,13,17,13,16,12,16,5,7,13,13,7,15,11,6
7404318,2,5,0,0,0,0,0,0,0,0,1,0,0,0,0,0,0,0,0,0,0,1,1,0,1,1,0,1
7404318,2,6,0,0,0,0,1,0,0,0,1,1,0,3,2,0,0,0,0,1,0,0,0,1,1,0,1,0
7404318,3,13,0,0,0,0,0,0,0,0,3,5,0,0,0,0,1,1,0,2,0,1,1,1,2,4,3,3
7415818,1,2,0,0,0,0,0,0,0,0,0,0,0,0,2,1,2,1,2,2,0,0,0,0,0,0,0,0
7415818,1,3,0,0,0,0,0,0,0,0,0,1,0,0,0,0,0,0,0,0,0,0,0,0,0,0,0,0
7415818,1,4,0,0,6,2,2,3,5,4,5,4,6,8,13,6,7,9,10,6,0,0,0,0,0,0,0,0
7415818,3,13,0,0,6,2,2,3,5,4,5,5,6,8,15,7,9,10,11,8,0,0,0,0,0,0,0,0
7417787,1,2,0,0,2,0,1,1,0,3,0,1,0,1,0,0,0,0,0,0,0,0,0,0,0,0,0,0
7417787,1,4,0,0,2,4,4,0,3,7,2,4,4,4,0,0,0,0,0,0,0,0,0,0,0,0,0,0
7417787,3,13,0,0,4,4,5,1,3,10,2,5,4,5,0,0,0,0,0,0,0,0,0,0,0,0,0,0
7425964,1,1,0,0,0,0,0,0,0,0,0,0,0,0,0,1,0,1,0,1,0,0,0,1,0,0,0,0
7425964,1,2,0,0,0,0,0,0,0,0,0,0,0,0,0,13,0,15,0,5,0,24,0,19,0,0,0,0
7425964,1,3,0,0,0,0,0,0,0,0,0,0,0,0,0,3,0,2,0,6,0,9,0,4,0,0,0,0
7425964,1,4,0,0,0,0,0,0,0,0,0,0,0,0,0,22,0,15,0,15,0,41,0,40,0,0,0,0
7425964,2,5,0,0,0,0,0,0,0,0,0,0,0,0,0,2,0,0,0,1,0,1,0,0,0,0,0,0
7425964,2,6,0,0,0,0,0,0,0,0,0,0,0,0,0,0,0,0,0,1,0,0,0,0,0,0,0,0
7425964,3,13,0,0,0,0,0,0,0,0,0,0,0,0,0,38,0,30,0,27,0,72,0,60,0,0,0,0
7426023,1,4,7,12,12,8,6,2,5,9,8,6,7,6,12,6,8,5,11,6,0,0,0,0,0,0,0,0
7426023,3,13,7,12,12,8,6,2,5,9,8,6,6,6,12,6,8,5,11,6,0,0,0,0,0,0,0,0
7428093,1,1,0,0,3,4,0,0,0,0,0,0,0,0,0,0,0,0,0,0,0,0,0,0,0,0,0,0
7428093,1,2,0,0,0,0,0,0,0,0,0,0,0,1,0,0,0,0,0,0,0,0,0,0,0,0,0,0
7428093,1,3,0,0,0,1,0,0,0,0,1,0,1,0,0,0,0,0,0,0,0,0,0,0,0,0,0,0
7428093,1,4,0,0,0,1,2,2,3,3,1,5,4,4,0,0,0,0,0,0,0,0,0,0,0,0,0,0
7428093,3,13,0,0,3,6,2,2,3,3,2,5,5,5,0,0,0,0,0,0,0,0,0,0,0,0,0,0
7443417,1,2,0,0,1,2,2,2,0,1,1,2,0,2,0,0,0,0,0,0,0,0,0,0,0,0,0,0
7443417,1,3,0,0,2,1,1,1,3,0,0,0,0,0,0,0,0,0,0,0,0,0,0,0,0,0,0,0
7443417,1,4,0,0,4,3,1,1,2,5,3,2,5,0,0,0,0,0,0,0,0,0,0,0,0,0,0,0
7443417,2,5,0,0,2,2,1,0,2,2,1,1,1,0,0,0,0,0,0,0,0,0,0,0,0,0,0,0
7446147,1,1,0,0,1,3,0,0,0,0,1,0,0,0,0,0,0,0,0,0,0,0,0,0,0,0,0,0
7446147,1,2,0,0,0,1,0,2,0,1,0,1,2,2,0,0,0,0,0,0,0,0,0,0,0,0,0,0
7446147,1,4,0,0,3,1,2,3,2,1,5,3,1,3,0,0,0,0,0,0,0,0,0,0,0,0,0,0
7446147,3,13,0,0,4,5,2,5,2,2,6,4,3,5,0,0,0,0,0,0,0,0,0,0,0,0,0,0
7454295,1,4,0,0,2,2,3,4,3,2,0,2,2,1,0,0,0,0,0,0,0,0,0,0,0,0,0,0
7454295,3,13,0,0,2,2,3,4,3,2,0,2,2,1,0,0,0,0,0,0,0,0,0,0,0,0,0,0
7466035,1,2,0,0,0,2,0,0,3,0,1,2,0,2,0,0,0,0,0,0,0,0,0,0,0,0,0,0
7466035,1,4,0,0,2,1,0,1,0,2,1,1,2,2,0,0,0,0,0,0,0,0,0,0,0,0,0,0
7467705,1,3,0,0,0,3,1,1,1,0,1,1,3,6,0,0,0,0,0,0,0,0,0,0,0,0,0,0
7467705,1,4,0,0,0,0,2,3,0,0,1,0,0,0,0,0,0,0,0,0,0,0,0,0,0,0,0,0
7467705,3,13,0,0,0,3,3,4,1,0,2,1,3,6,0,0,0,0,0,0,0,0,0,0,0,0,0,0
7471605,1,1,0,0,3,1,1,0,0,0,0,0,0,0,1,0,0,0,0,0,0,0,0,0,0,0,0,0
7471605,1,2,14,8,3,8,8,6,1,2,6,1,1,4,10,1,5,2,6,2,3,3,7,1,8,0,8,5
7471605,1,3,0,0,0,0,0,0,1,0,0,0,0,0,0,0,0,0,0,0,0,0,0,0,0,0,0,0
7471605,1,4,29,19,14,12,3,8,12,7,9,10,9,9,13,5,9,15,21,4,23,10,9,14,35,15,24,13
7471605,2,5,4,1,2,1,2,1,0,3,0,2,1,3,1,1,0,4,3,1,6,0,0,3,3,1,7,1
7471605,2,6,2,0,3,1,1,1,1,1,3,2,0,2,2,1,0,2,4,1,2,2,3,4,5,3,0,2
7471605,3,13,0,0,0,0,0,0,0,0,0,0,0,0,2,0,0,0,1,0,1,0,0,1,0,0,0,0
7473947,1,4,0,0,5,6,4,0,3,6,3,2,2,4,0,0,0,0,0,0,0,0,0,0,0,0,0,0
7473947,3,13,0,0,1,3,1,0,0,0,0,0,0,0,0,0,0,0,0,0,0,0,0,0,0,0,0,0
7475969,1,4,0,0,1,3,2,5,2,5,1,0,2,2,0,0,0,0,0,0,0,0,0,0,0,0,0,0
7475969,2,5,0,0,0,1,0,0,0,1,0,0,0,0,0,0,0,0,0,0,0,0,0,0,0,0,0,0
7475969,3,13,0,0,1,3,2,5,2,5,1,0,2,2,0,0,0,0,0,0,0,0,0,0,0,0,0,0
7478071,1,1,0,0,0,0,0,0,0,0,0,0,0,0,0,0,0,1,3,1,0,0,1,2,0,0,0,0
7478071,1,2,0,0,0,0,0,0,0,0,0,0,0,0,11,7,3,4,7,3,8,8,10,11,0,0,0,0
7478071,1,4,0,0,0,0,0,0,0,0,0,0,0,0,11,10,12,9,13,8,16,13,15,14,0,0,0,0
7478071,2,6,0,0,0,0,0,0,0,0,0,0,0,0,1,0,0,0,0,0,0,0,0,0,0,0,0,0
7478071,3,13,0,0,0,0,0,0,0,0,0,0,0,0,22,17,15,14,23,12,24,21,26,27,0,0,0,0
7485498,1,2,2,0,0,0,0,1,0,0,0,0,0,0,0,0,0,0,0,0,0,0,0,0,0,0,0,0
7485498,1,4,9,10,7,5,6,6,2,1,0,0,3,3,0,0,0,0,0,0,0,0,0,0,0,0,0,0
7485498,2,5,3,1,0,1,3,1,0,0,0,0,1,0,0,0,0,0,0,0,0,0,0,0,0,0,0,0
7487302,1,2,0,0,0,2,1,1,3,0,4,0,0,2,0,0,0,0,0,0,0,0,0,0,0,0,0,0
7487302,1,4,0,0,1,2,2,1,2,0,1,0,1,2,0,0,0,0,0,0,0,0,0,0,0,0,0,0
7487302,2,5,0,0,0,1,0,0,0,0,0,0,0,0,0,0,0,0,0,0,0,0,0,0,0,0,0,0
7487302,3,13,0,0,1,4,3,2,5,0,5,0,1,4,0,0,0,0,0,0,0,0,0,0,0,0,0,0
7492434,1,1,0,0,0,1,0,0,0,0,0,0,0,0,0,0,0,0,0,0,0,0,0,0,0,0,0,0
7492434,1,2,0,0,2,3,3,4,3,1,3,4,2,2,0,0,0,0,0,0,0,0,0,0,0,0,0,0
7492434,1,4,0,0,0,2,0,1,1,0,1,2,0,2,0,0,0,0,0,0,0,0,0,0,0,0,0,0
7495833,1,1,0,0,1,7,0,0,0,0,0,0,0,0,0,0,0,0,0,0,0,0,0,0,0,0,0,0
7495833,1,3,0,0,0,0,0,2,0,0,0,1,0,0,0,0,0,0,0,0,0,0,0,0,0,0,0,0
7495833,1,4,0,0,0,0,1,9,4,3,6,3,3,7,0,0,0,0,0,0,0,0,0,0,0,0,0,0
7495833,3,13,0,0,1,7,1,0,0,0,1,1,0,0,0,0,0,0,0,0,0,0,0,0,0,0,0,0
7498632,1,1,0,0,0,0,0,0,0,0,0,0,0,0,0,1,0,0,0,1,0,1,0,3,0,3,0,2
7498632,1,2,0,0,0,0,0,0,0,0,0,0,0,0,0,35,0,32,0,45,0,76,0,57,0,108,0,107
7498632,1,3,0,0,0,0,0,0,0,0,0,0,0,0,0,0,0,0,0,0,0,2,0,1,0,3,0,1
7498632,1,4,0,0,0,0,0,0,0,0,0,0,0,0,0,174,0,200,0,219,0,333,0,388,0,563,0,551
7498632,2,5,0,0,0,0,0,0,0,0,0,0,0,0,0,68,0,98,0,77,0,127,0,143,0,153,0,120
7498632,2,6,0,0,0,0,0,0,0,0,0,0,0,0,0,0,0,3,0,1,0,4,0,3,0,6,0,4
7498632,2,10,0,0,0,0,0,0,0,0,0,0,0,0,0,1,0,0,0,0,0,0,0,0,0,0,0,0
7498632,3,13,0,0,0,0,0,0,0,0,0,0,0,0,0,164,0,15,0,10,0,67,0,51,0,238,0,117
7501809,1,1,0,0,0,1,1,0,0,1,0,0,1,1,0,0,0,0,0,0,0,0,0,0,0,0,0,0
7501809,1,2,0,0,3,3,4,6,4,8,7,7,4,5,0,0,0,0,0,0,0,0,0,0,0,0,0,0
7501809,1,4,0,0,9,11,10,6,4,4,10,12,6,8,0,0,0,0,0,0,0,0,0,0,0,0,0,0
7501809,2,5,0,0,2,0,0,1,0,0,0,0,0,1,0,0,0,0,0,0,0,0,0,0,0,0,0,0
7501809,2,6,0,0,0,0,0,0,0,0,1,0,0,0,0,0,0,0,0,0,0,0,0,0,0,0,0,0
7501809,3,13,0,0,11,13,14,12,6,12,17,19,11,14,0,0,0,0,0,0,0,0,0,0,0,0,0,0
7508040,1,2,0,0,0,0,0,1,0,0,0,1,0,0,0,0,0,0,0,0,0,0,0,0,0,0,0,0
7508040,1,4,0,0,4,5,3,5,3,8,3,4,3,9,0,0,0,0,0,0,0,0,0,0,0,0,0,0
7508040,3,13,0,0,4,5,3,6,3,7,3,5,3,9,0,0,0,0,0,0,0,0,0,0,0,0,0,0
7513830,1,2,1,1,1,0,1,2,2,0,2,0,1,0,0,0,3,0,0,0,0,0,0,0,0,0,0,0
7513830,1,4,2,4,3,3,0,2,3,4,2,3,4,4,6,2,3,2,2,2,0,0,0,0,0,0,0,0
7513830,3,13,0,0,4,3,1,3,5,4,4,3,5,4,6,2,6,2,2,2,0,0,0,0,0,0,0,0
7521177,1,4,0,0,1,0,0,2,0,1,2,0,0,0,1,5,1,3,1,2,0,0,0,0,0,0,0,0
7527015,1,2,0,0,2,1,1,1,2,1,1,0,2,1,0,0,0,0,0,0,0,0,0,0,0,0,0,0
7527015,1,4,0,0,2,1,3,3,3,3,4,3,3,2,0,0,0,0,0,0,0,0,0,0,0,0,0,0
7527015,2,5,0,0,0,0,1,0,0,0,0,0,0,0,0,0,0,0,0,0,0,0,0,0,0,0,0,0
7527015,3,13,0,0,3,2,4,4,5,4,5,2,5,3,0,0,0,0,0,0,0,0,0,0,0,0,0,0
7528180,1,1,0,0,0,0,0,0,0,0,0,0,0,0,0,0,0,0,0,0,0,0,0,0,1,0,0,0
7528180,1,2,0,0,0,0,0,0,0,0,0,0,0,0,4,6,4,6,6,7,20,22,19,28,21,27,15,19
7528180,1,3,0,0,0,0,0,0,0,0,0,0,0,0,1,1,1,1,2,0,2,4,3,1,4,7,4,1
7528180,1,4,0,0,0,0,0,0,0,0,0,0,0,0,37,28,52,34,62,40,110,103,92,95,181,167,149,149
7528180,2,5,0,0,0,0,0,0,0,0,0,0,0,0,2,0,5,6,3,6,3,8,1,6,5,2,5,2
7528180,2,6,0,0,0,0,0,0,0,0,0,0,0,0,0,0,0,0,0,0,1,1,0,0,2,0,1,0
7528180,3,13,0,0,0,0,0,0,0,0,0,0,0,0,2,4,3,2,5,1,10,16,5,5,10,10,14,3
7555208,1,2,9,7,6,1,3,0,1,0,2,1,0,1,0,0,0,0,0,0,0,0,0,0,0,0,0,0
7555208,1,4,8,6,1,2,3,2,2,1,2,0,0,0,0,0,0,0,0,0,0,0,0,0,0,0,0,0
7562032,1,1,0,0,2,2,0,0,0,0,0,0,0,0,0,0,0,0,0,0,0,0,0,0,0,0,0,0
7562032,1,4,0,0,0,0,5,5,1,1,1,3,2,8,0,0,0,0,0,0,0,0,0,0,0,0,0,0
7562032,3,13,0,0,2,2,5,5,1,1,1,3,2,8,0,0,0,0,0,0,0,0,0,0,0,0,0,0
7563009,1,2,0,0,0,1,0,0,0,0,0,0,0,0,0,0,0,0,0,0,0,0,0,0,0,0,0,0
7563009,1,4,0,0,1,6,1,1,1,3,1,4,1,4,0,0,0,0,0,0,0,0,0,0,0,0,0,0
7563009,2,5,0,0,0,0,0,0,0,1,0,0,0,0,0,0,0,0,0,0,0,0,0,0,0,0,0,0
7563009,3,13,0,0,1,7,1,1,1,3,1,4,1,4,0,0,0,0,0,0,0,0,0,0,0,0,0,0
7563991,1,2,1,1,0,1,0,1,2,0,1,0,0,2,0,1,1,0,2,2,0,0,0,0,0,0,0,0
7563991,1,4,31,23,22,17,12,13,10,4,9,7,12,1,21,8,13,5,6,5,0,0,0,0,0,0,0,0
7563991,2,5,0,0,0,0,0,0,0,0,0,0,0,0,1,1,0,0,0,0,0,0,0,0,0,0,0,0
7563991,2,6,0,0,1,0,0,0,0,0,0,0,0,0,0,0,0,0,0,0,0,0,0,0,0,0,0,0
7563991,3,13,1,1,1,0,2,0,0,0,0,0,1,0,0,0,0,0,0,0,0,0,0,0,0,0,0,0
7569619,1,4,0,0,2,3,8,7,2,4,5,6,8,4,0,0,0,0,0,0,0,0,0,0,0,0,0,0
7569619,3,13,0,0,2,3,8,7,2,4,5,6,8,4,0,0,0,0,0,0,0,0,0,0,0,0,0,0
7570109,1,1,0,0,9,6,0,0,0,0,0,0,0,0,0,0,0,0,0,0,0,0,0,0,0,0,0,0
7570109,1,2,0,0,1,1,0,1,4,2,1,0,1,2,0,0,0,0,0,0,0,0,0,0,0,0,0,0
7570109,1,4,0,0,0,1,11,9,11,16,16,9,12,14,0,0,0,0,0,0,0,0,0,0,0,0,0,0
7570109,3,13,0,0,0,0,1,0,0,0,14,8,0,0,0,0,0,0,0,0,0,0,0,0,0,0,0,0
7572568,1,1,0,0,2,1,0,0,0,0,0,0,0,0,0,0,0,0,0,0,0,0,0,0,0,0,0,0
7572568,1,4,0,0,0,1,3,0,2,3,2,1,0,4,0,0,0,0,0,0,0,0,0,0,0,0,0,0
7572568,3,13,0,0,2,2,3,0,2,3,2,1,0,4,0,0,0,0,0,0,0,0,0,0,0,0,0,0
7576582,1,1,0,0,1,0,1,1,1,0,0,2,2,0,1,1,0,2,1,2,0,0,0,0,0,0,0,0
7576582,1,2,0,3,1,1,0,0,1,2,1,0,0,1,1,3,1,1,0,1,0,0,0,0,0,0,0,0
7576582,1,4,5,6,3,5,2,6,2,7,4,4,7,2,15,18,17,24,16,13,0,0,0,0,0,0,0,0
7576582,3,13,5,9,5,6,3,7,4,9,5,6,9,3,17,22,18,27,17,16,0,0,0,0,0,0,0,0
7577217,1,4,0,0,3,5,2,4,6,4,5,2,3,6,0,0,0,0,0,0,0,0,0,0,0,0,0,0
7577217,3,13,0,0,1,4,1,3,3,1,3,0,3,4,0,0,0,0,0,0,0,0,0,0,0,0,0,0
7577271,1,1,0,0,2,1,0,0,0,0,0,0,0,0,0,0,0,0,0,0,0,0,0,0,0,0,0,0
7577271,1,2,0,0,2,3,1,3,0,1,2,2,1,0,1,0,1,1,2,1,0,0,0,0,0,0,0,0
7577271,1,4,0,0,1,2,0,4,4,3,3,5,6,6,2,2,3,4,3,2,0,0,0,0,0,0,0,0
7577271,2,5,0,0,0,0,0,1,0,0,1,2,0,1,0,1,0,0,0,0,0,0,0,0,0,0,0,0
7577271,3,13,0,0,3,4,1,6,1,2,0,3,0,0,3,0,1,4,2,3,0,0,0,0,0,0,0,0
7577986,1,1,0,0,0,0,0,0,0,0,0,0,0,0,0,0,0,0,0,3,0,0,1,1,2,0,1,0
7577986,1,2,0,0,0,0,0,0,0,0,0,0,0,0,4,0,4,2,5,8,11,4,9,2,8,3,7,2
7577986,1,3,0,0,0,0,0,0,0,0,0,0,0,0,1,3,1,1,1,3,2,1,6,4,3,2,2,4
7577986,1,4,0,0,0,0,0,0,0,0,0,0,0,0,14,21,23,17,17,23,37,23,29,25,42,24,36,26
7577986,2,5,0,0,0,0,0,0,0,0,0,0,0,0,3,2,1,2,2,1,0,0,0,6,1,0,2,3
7577986,2,6,0,0,0,0,0,0,0,0,0,0,0,0,0,1,0,0,0,0,0,0,0,0,0,0,0,0
7577986,3,13,0,0,0,0,0,0,0,0,0,0,0,0,0,1,5,1,1,5,15,7,4,5,25,10,14,7
7600157,1,2,0,0,0,0,0,0,0,0,0,0,0,0,0,1,1,0,0,0,1,0,0,1,0,0,0,0
7600157,1,4,0,0,0,0,0,0,0,0,0,0,0,0,1,2,3,9,8,2,5,6,4,6,0,0,0,0
7600415,1,1,0,0,0,0,0,0,0,0,0,0,1,0,0,0,0,0,0,0,0,0,0,0,0,0,0,0
7600415,1,2,0,0,3,1,2,1,1,2,0,3,3,2,2,3,0,3,1,1,0,0,0,0,0,0,0,0
7600415,1,3,0,0,0,0,0,0,0,0,0,0,0,0,0,0,0,0,0,1,0,0,0,0,0,0,0,0
7600415,1,4,0,0,3,2,5,5,3,5,2,8,5,3,7,3,10,3,8,2,0,0,0,0,0,0,0,0
7600415,2,5,0,0,2,1,3,0,1,3,0,3,0,1,1,1,1,1,1,0,0,0,0,0,0,0,0,0
7600415,3,13,0,0,6,3,6,6,4,6,2,11,9,5,8,6,5,6,9,4,0,0,0,0,0,0,0,0
7605588,1,4,0,0,0,1,0,0,0,0,0,0,1,0,0,0,0,0,0,0,0,0,0,0,0,0,0,0
7615250,1,2,0,0,0,1,1,2,1,0,1,0,0,1,0,0,0,0,0,0,0,0,0,0,0,0,0,0
7615250,1,4,0,0,3,1,3,0,5,1,2,1,4,0,0,0,0,0,0,0,0,0,0,0,0,0,0,0
7615250,3,13,0,0,3,2,4,2,6,1,3,1,4,1,0,0,0,0,0,0,0,0,0,0,0,0,0,0
7616025,1,1,0,0,0,0,0,0,1,0,0,0,0,0,0,0,0,0,0,0,0,0,0,0,0,0,0,0
7616025,1,2,0,0,1,0,1,2,1,2,5,3,5,2,0,0,0,0,0,0,0,0,0,0,0,0,0,0
7616025,1,4,0,0,3,2,2,8,2,2,2,5,7,4,0,0,0,0,0,0,0,0,0,0,0,0,0,0
7616025,2,5,0,0,0,0,1,1,0,1,0,1,0,1,0,0,0,0,0,0,0,0,0,0,0,0,0,0
7616025,3,13,0,0,4,2,3,9,4,4,7,8,12,6,0,0,0,0,0,0,0,0,0,0,0,0,0,0
7625466,1,2,0,0,2,2,2,2,2,3,1,1,3,4,0,0,0,0,0,0,0,0,0,0,0,0,0,0
7625466,1,3,0,0,0,1,0,0,0,2,1,1,0,0,0,0,0,0,0,0,0,0,0,0,0,0,0,0
7625466,1,4,0,0,11,10,10,11,17,7,9,10,12,15,0,0,0,0,0,0,0,0,0,0,0,0,0,0
7625466,2,5,0,0,1,1,0,0,0,0,0,1,0,1,0,0,0,0,0,0,0,0,0,0,0,0,0,0
7625466,3,13,0,0,13,13,11,11,18,12,11,12,14,19,0,0,0,0,0,0,0,0,0,0,0,0,0,0
7628332,1,1,0,0,1,1,0,1,0,0,0,0,0,0,0,0,0,0,0,0,0,0,0,0,0,0,0,0
7628332,1,3,0,0,0,2,0,0,2,3,1,2,1,2,0,0,0,0,0,0,0,0,0,0,0,0,0,0
7628332,1,4,0,0,0,0,0,1,0,0,1,2,2,2,0,0,0,0,0,0,0,0,0,0,0,0,0,0
7629315,1,2,0,0,0,0,0,0,0,0,0,0,0,0,1,1,1,0,0,2,1,0,4,1,0,0,0,0
7629315,1,4,0,0,0,0,0,0,0,0,0,0,0,0,10,16,9,18,8,11,12,9,11,6,0,0,0,0
7629315,2,5,0,0,0,0,0,0,0,0,0,0,0,0,1,0,0,1,0,0,2,0,1,1,0,0,0,0
7629315,3,13,0,0,0,0,0,0,0,0,0,0,0,0,0,1,0,3,0,1,1,0,3,0,0,0,0,0
7633684,1,4,0,0,4,4,0,0,4,3,0,4,2,4,0,0,0,0,0,0,0,0,0,0,0,0,0,0
7641626,1,2,0,0,0,0,1,1,0,2,1,0,0,1,1,4,3,4,2,5,0,0,0,0,0,0,0,0
7641626,1,4,0,0,5,5,8,3,4,7,3,7,10,5,6,8,6,9,7,7,0,0,0,0,0,0,0,0
7641626,2,5,0,0,1,0,0,0,0,0,0,1,0,0,0,1,0,0,1,0,0,0,0,0,0,0,0,0
7641626,2,6,0,0,0,0,1,1,0,1,0,0,1,0,0,0,0,0,0,0,0,0,0,0,0,0,0,0
7641626,3,13,0,0,0,1,0,0,1,1,0,0,0,1,0,0,0,0,0,1,0,0,0,0,0,0,0,0
7644034,1,1,0,0,1,1,2,0,1,2,0,1,0,1,0,0,0,0,0,0,0,0,0,0,0,0,0,0
7644034,1,2,0,0,2,4,3,0,5,3,2,1,4,3,0,0,0,0,0,0,0,0,0,0,0,0,0,0
7644034,1,4,0,0,13,9,7,9,8,5,11,4,8,10,0,0,0,0,0,0,0,0,0,0,0,0,0,0
7644034,2,5,0,0,1,0,0,1,0,0,1,0,0,0,0,0,0,0,0,0,0,0,0,0,0,0,0,0
7644034,2,6,0,0,3,0,0,1,0,0,1,0,1,0,0,0,0,0,0,0,0,0,0,0,0,0,0,0
7644034,3,13,0,0,16,11,3,0,1,2,2,1,3,2,0,0,0,0,0,0,0,0,0,0,0,0,0,0
7644750,1,2,0,0,2,1,1,0,1,0,1,1,2,1,3,4,1,1,1,2,0,0,0,0,0,0,0,0
7644750,1,4,7,12,4,2,8,5,4,3,7,7,4,2,14,11,10,11,14,7,0,0,0,0,0,0,0,0
7644750,2,5,1,2,2,0,1,1,1,0,1,1,0,1,1,3,3,0,1,2,0,0,0,0,0,0,0,0
7644750,3,13,0,0,0,1,0,0,0,0,0,1,0,0,1,0,1,1,0,0,0,0,0,0,0,0,0,0
7645221,1,1,0,0,0,1,0,0,0,0,0,0,0,1,0,0,0,0,0,0,0,0,0,0,0,0,0,0
7645221,1,2,0,0,15,12,17,16,16,7,20,17,21,20,0,0,0,0,0,0,0,0,0,0,0,0,0,0
7645221,1,4,0,0,16,21,18,14,21,19,24,17,10,19,0,0,0,0,0,0,0,0,0,0,0,0,0,0
7645221,2,5,0,0,5,5,6,6,9,11,6,5,1,8,0,0,0,0,0,0,0,0,0,0,0,0,0,0
7645221,2,6,0,0,0,3,4,0,4,2,8,4,3,3,0,0,0,0,0,0,0,0,0,0,0,0,0,0
7645221,3,13,0,0,0,0,0,0,0,0,0,0,0,1,0,0,0,0,0,0,0,0,0,0,0,0,0,0
7648291,1,4,0,0,4,2,1,1,3,1,0,5,4,2,0,0,0,0,0,0,0,0,0,0,0,0,0,0
7648291,3,13,0,0,4,2,1,1,3,1,0,5,4,2,0,0,0,0,0,0,0,0,0,0,0,0,0,0
7653462,1,1,0,0,0,0,0,0,0,0,0,0,0,0,0,0,1,1,0,0,1,0,0,0,0,0,0,0
7653462,1,2,0,0,0,0,0,0,0,0,0,0,0,0,0,2,1,1,2,5,5,1,1,7,0,0,0,0
7653462,1,4,0,0,0,0,0,0,0,0,0,0,0,0,21,18,16,19,19,24,26,29,37,21,0,0,0,0
7653462,2,5,0,0,0,0,0,0,0,0,0,0,0,0,1,0,0,0,1,0,3,0,2,0,0,0,0,0
7653462,3,13,0,0,0,0,0,0,0,0,0,0,0,0,2,1,2,1,1,0,1,2,3,1,0,0,0,0
7665529,1,4,0,0,1,2,1,0,1,1,1,5,3,0,0,0,0,0,0,0,0,0,0,0,0,0,0,0
7665529,2,6,0,0,0,0,0,0,0,0,0,1,0,0,0,0,0,0,0,0,0,0,0,0,0,0,0,0
7665529,3,13,0,0,1,2,1,0,1,1,1,5,3,0,0,0,0,0,0,0,0,0,0,0,0,0,0,0
7671386,1,2,0,0,1,1,0,1,0,1,1,0,0,0,0,0,0,0,0,0,0,0,0,0,0,0,0,0
7671386,1,4,0,0,1,0,2,4,4,2,4,1,3,3,0,0,0,0,0,0,0,0,0,0,0,0,0,0
7671386,2,6,0,0,0,0,0,0,2,1,0,0,0,0,0,0,0,0,0,0,0,0,0,0,0,0,0,0
7677207,1,1,0,0,0,2,0,0,0,0,0,0,0,0,0,0,0,0,0,0,0,0,0,0,0,0,0,0
7677207,1,4,0,0,0,0,0,5,0,7,0,7,0,10,0,0,0,0,0,0,0,0,0,0,0,0,0,0
7677207,2,5,0,0,0,2,0,5,0,7,0,7,0,10,0,0,0,0,0,0,0,0,0,0,0,0,0,0
7677207,3,13,0,0,0,0,0,1,0,0,0,5,0,6,0,0,0,0,0,0,0,0,0,0,0,0,0,0
7688821,1,2,0,0,0,0,0,0,0,0,0,0,0,0,3,2,4,2,2,3,4,1,4,2,0,0,0,0
7688821,1,3,0,0,0,0,0,0,0,0,0,0,0,0,2,0,0,0,0,0,0,0,0,0,0,0,0,0
7688821,1,4,0,0,0,0,0,0,0,0,0,0,0,0,10,11,11,9,15,14,11,9,12,8,0,0,0,0
7688821,2,5,0,0,0,0,0,0,0,0,0,0,0,0,1,0,0,1,0,1,1,1,0,1,0,0,0,0
7688821,2,6,0,0,0,0,0,0,0,0,0,0,0,0,0,1,0,0,0,0,0,0,0,0,0,0,0,0
7688821,3,13,0,0,0,0,0,0,0,0,0,0,0,0,13,10,13,10,17,17,15,10,16,10,0,0,0,0
7696125,1,2,0,0,1,2,2,0,1,0,1,2,1,2,1,1,1,0,0,1,0,0,0,0,0,0,0,0
7696125,1,4,0,0,2,2,3,1,2,4,4,2,1,0,4,5,8,2,4,4,0,0,0,0,0,0,0,0
7696125,3,13,0,0,3,4,3,1,2,2,5,4,2,2,5,6,9,2,4,5,0,0,0,0,0,0,0,0
7707518,1,2,0,0,0,0,0,0,0,0,0,1,0,0,0,0,0,0,0,0,0,0,0,0,0,0,0,0
7707518,1,3,0,0,1,3,0,2,1,0,0,0,0,0,0,0,0,0,0,0,0,0,0,0,0,0,0,0
7707518,1,4,0,0,0,1,0,1,2,0,3,4,1,0,0,0,0,0,0,0,0,0,0,0,0,0,0,0
7707518,2,6,0,0,0,1,0,1,2,0,2,4,1,0,0,0,0,0,0,0,0,0,0,0,0,0,0,0
7707518,3,13,0,0,1,4,0,3,3,0,2,5,1,0,0,0,0,0,0,0,0,0,0,0,0,0,0,0
7708229,1,2,0,0,0,1,4,3,0,3,3,3,5,2,0,0,0,0,0,0,0,0,0,0,0,0,0,0
7708229,1,4,0,0,2,4,1,1,4,3,6,1,4,2,0,0,0,0,0,0,0,0,0,0,0,0,0,0
7708229,2,5,0,0,0,2,0,0,1,1,1,1,2,0,0,0,0,0,0,0,0,0,0,0,0,0,0,0
7708229,3,13,0,0,2,5,5,4,4,6,9,4,9,4,0,0,0,0,0,0,0,0,0,0,0,0,0,0
7709982,1,1,0,0,0,0,1,0,0,1,2,1,0,0,0,0,0,0,0,0,0,0,0,0,0,0,0,0
7709982,1,2,0,0,1,4,2,0,0,1,1,3,1,2,0,0,0,0,0,0,0,0,0,0,0,0,0,0
7709982,1,4,0,0,3,2,0,2,0,2,2,3,0,2,0,0,0,0,0,0,0,0,0,0,0,0,0,0
7709982,3,13,0,0,0,0,0,0,0,0,1,0,0,0,0,0,0,0,0,0,0,0,0,0,0,0,0,0
7717356,1,2,0,0,0,0,0,0,0,1,0,1,3,0,0,1,2,0,1,0,0,0,0,0,0,0,0,0
7717356,1,3,0,0,1,3,2,2,2,3,0,0,1,1,3,3,0,1,2,0,0,0,0,0,0,0,0,0
7717356,1,4,0,0,0,3,5,4,2,5,4,6,6,4,8,8,10,3,9,4,0,0,0,0,0,0,0,0
7717356,2,5,0,0,0,0,1,0,0,0,0,0,0,0,0,0,0,0,0,0,0,0,0,0,0,0,0,0
7717356,3,13,0,0,1,6,7,6,4,9,4,7,10,5,11,12,12,4,12,4,0,0,0,0,0,0,0,0
7718085,1,3,0,0,0,3,2,1,1,0,3,1,1,2,0,0,0,0,0,0,0,0,0,0,0,0,0,0
7718085,1,4,0,0,1,6,2,5,3,2,1,5,9,5,0,0,0,0,0,0,0,0,0,0,0,0,0,0
7726712,1,4,0,0,5,3,5,3,3,2,7,5,1,5,0,0,0,0,0,0,0,0,0,0,0,0,0,0
7726712,3,13,0,0,0,1,0,0,0,0,0,0,0,0,0,0,0,0,0,0,0,0,0,0,0,0,0,0
7732328,1,2,0,0,0,1,1,3,1,0,1,2,2,1,0,0,0,0,0,0,0,0,0,0,0,0,0,0
7732328,1,4,0,0,3,1,0,1,1,2,1,0,0,0,0,0,0,0,0,0,0,0,0,0,0,0,0,0
7732328,3,13,0,0,0,0,0,0,0,0,0,0,2,0,0,0,0,0,0,0,0,0,0,0,0,0,0,0
7734990,1,1,7,7,2,2,2,1,2,3,1,3,6,3,4,5,7,4,6,4,0,0,0,0,0,0,0,0
7734990,1,2,1,1,1,0,1,1,1,1,3,3,1,2,4,2,2,3,5,2,0,0,0,0,0,0,0,0
7734990,1,3,0,0,0,0,0,0,0,0,0,0,0,0,0,0,0,0,0,1,0,0,0,0,0,0,0,0
7734990,1,4,3,0,0,2,1,0,1,3,1,2,1,1,10,6,4,1,3,3,0,0,0,0,0,0,0,0
7734990,2,5,3,0,0,1,0,0,0,1,0,1,1,0,1,3,0,1,0,1,0,0,0,0,0,0,0,0
7734990,2,6,0,0,0,0,0,0,0,1,0,0,0,0,0,1,0,1,0,0,0,0,0,0,0,0,0,0
7734990,3,13,0,0,0,0,2,0,2,1,1,3,5,1,5,5,2,2,6,2,0,0,0,0,0,0,0,0
7737443,1,4,0,0,3,3,1,5,6,8,7,5,5,4,8,5,7,8,2,12,0,0,0,0,0,0,0,0
7737443,2,5,0,0,3,3,1,5,6,8,7,5,5,4,8,5,7,8,2,12,0,0,0,0,0,0,0,0
7737443,3,13,0,0,3,1,0,3,4,4,5,4,3,2,6,2,4,2,1,5,0,0,0,0,0,0,0,0
7741810,1,2,0,0,1,0,0,0,2,2,1,0,0,0,0,0,0,0,0,0,0,0,0,0,0,0,0,0
7741810,1,4,0,0,2,1,8,4,3,5,7,5,5,6,0,0,0,0,0,0,0,0,0,0,0,0,0,0
7741810,3,13,0,0,3,1,8,4,5,7,7,5,5,6,0,0,0,0,0,0,0,0,0,0,0,0,0,0
7752450,1,2,0,0,0,0,0,0,0,0,0,0,0,0,2,2,2,2,2,1,0,3,2,2,2,2,1,2
7752450,1,3,0,0,0,0,0,0,0,0,0,0,0,0,0,0,0,1,0,0,0,0,0,0,0,2,2,0
7752450,1,4,0,0,0,0,0,0,0,0,0,0,0,0,22,21,26,18,28,20,34,25,30,36,43,54,40,36
7752450,2,5,0,0,0,0,0,0,0,0,0,0,0,0,2,4,3,1,4,0,3,2,1,1,1,4,1,5
7752450,3,13,0,0,0,0,0,0,0,0,0,0,0,0,0,0,19,13,17,11,32,25,24,32,45,57,41,36
7755307,1,1,0,0,5,2,0,0,2,0,1,5,2,3,0,0,0,0,0,0,0,0,0,0,0,0,0,0
7755307,1,2,0,0,0,0,0,1,0,1,3,1,1,0,0,0,0,0,0,0,0,0,0,0,0,0,0,0
7755307,1,3,0,0,5,4,5,3,4,3,3,4,3,3,0,0,0,0,0,0,0,0,0,0,0,0,0,0
7755307,1,4,0,0,0,1,2,4,1,6,1,1,1,0,0,0,0,0,0,0,0,0,0,0,0,0,0,0
7755372,1,2,0,0,1,2,0,0,1,1,2,2,1,1,0,0,0,0,0,0,0,0,0,0,0,0,0,0
7755372,1,4,0,0,0,3,1,0,0,2,3,1,1,1,0,0,0,0,0,0,0,0,0,0,0,0,0,0
7755372,3,13,0,0,1,5,0,0,0,0,1,1,0,0,0,0,0,0,0,0,0,0,0,0,0,0,0,0
7757205,1,2,0,0,0,0,0,0,0,0,0,0,0,0,0,1,0,3,0,4,0,11,0,9,0,11,0,14
7757205,1,4,0,0,0,0,0,0,0,0,0,0,0,0,0,34,0,44,0,46,0,66,0,55,0,73,0,77
7757205,3,13,0,0,0,0,0,0,0,0,0,0,0,0,0,23,0,47,0,50,0,2,0,61,0,82,0,44
7765036,1,1,0,0,1,0,0,0,0,0,0,0,0,0,0,0,0,0,0,0,0,0,0,0,0,0,0,0
7765036,1,2,0,0,0,0,2,4,2,5,3,7,4,1,0,0,0,0,0,0,0,0,0,0,0,0,0,0
7765036,1,3,0,0,0,0,3,1,1,0,0,1,1,0,0,0,0,0,0,0,0,0,0,0,0,0,0,0
7765036,1,4,0,0,11,12,4,8,7,6,8,8,7,4,0,0,0,0,0,0,0,0,0,0,0,0,0,0
7765036,2,5,0,0,1,0,0,1,1,0,1,0,1,1,0,0,0,0,0,0,0,0,0,0,0,0,0,0
7765036,2,6,0,0,0,1,0,0,0,0,0,0,0,0,0,0,0,0,0,0,0,0,0,0,0,0,0,0
7765036,3,13,0,0,7,8,2,2,0,0,1,0,1,0,0,0,0,0,0,0,0,0,0,0,0,0,0,0
7773730,1,1,0,0,0,1,0,1,3,1,0,1,1,1,1,2,2,1,2,2,0,0,0,0,0,0,0,0
7773730,1,2,0,0,0,1,0,1,1,2,2,3,1,1,6,4,5,2,6,5,0,0,0,0,0,0,0,0
7773730,1,4,0,0,0,2,1,1,2,3,1,2,2,1,4,3,1,1,3,2,0,0,0,0,0,0,0,0
7773730,2,5,0,0,0,0,0,0,0,0,0,0,0,1,0,0,0,0,1,0,0,0,0,0,0,0,0,0
7773730,3,13,0,0,0,0,0,1,3,2,0,2,1,1,1,1,1,1,2,0,0,0,0,0,0,0,0,0
7780960,1,2,0,0,1,0,1,0,0,0,1,0,0,0,0,0,0,0,0,0,0,0,0,0,0,0,0,0
7780960,1,4,0,0,0,0,1,1,0,2,2,3,2,1,0,0,0,0,0,0,0,0,0,0,0,0,0,0
7780960,2,5,0,0,0,0,0,0,0,1,0,0,0,0,0,0,0,0,0,0,0,0,0,0,0,0,0,0
7780960,3,13,0,0,1,0,2,1,0,2,3,3,2,1,0,0,0,0,0,0,0,0,0,0,0,0,0,0
7793924,1,2,3,1,0,4,1,0,1,1,1,1,1,1,0,0,0,0,0,0,0,0,0,0,0,0,0,0
7793924,1,4,34,30,20,16,19,22,22,7,12,15,14,5,0,0,0,0,0,0,0,0,0,0,0,0,0,0
7793924,2,5,1,1,0,1,1,1,0,1,0,0,0,0,0,0,0,0,0,0,0,0,0,0,0,0,0,0
7793924,3,13,1,0,0,0,0,0,0,0,0,0,0,0,0,0,0,0,0,0,0,0,0,0,0,0,0,0
7796170,1,2,0,0,0,0,0,0,0,0,0,0,0,0,7,2,6,4,4,4,6,5,3,6,0,0,0,0
7796170,1,4,0,0,0,0,0,0,0,0,0,0,0,0,16,11,22,20,18,18,18,17,23,22,0,0,0,0
7796170,3,13,0,0,0,0,0,0,0,0,0,0,0,0,1,0,5,1,2,1,2,2,0,4,0,0,0,0
7804788,1,2,0,0,0,1,0,0,0,1,0,0,0,0,0,0,0,0,0,0,0,0,0,0,0,0,0,0
7804788,1,4,0,0,4,5,6,4,2,2,4,7,3,3,0,0,0,0,0,0,0,0,0,0,0,0,0,0
7804788,2,6,0,0,0,0,0,1,0,0,0,0,0,0,0,0,0,0,0,0,0,0,0,0,0,0,0,0
7804788,3,13,0,0,0,0,0,0,0,0,0,3,0,0,0,0,0,0,0,0,0,0,0,0,0,0,0,0
7806644,1,3,0,0,2,4,3,5,3,6,3,5,1,4,0,0,0,0,0,0,0,0,0,0,0,0,0,0
7806644,3,13,0,0,2,4,2,4,2,3,2,4,1,2,0,0,0,0,0,0,0,0,0,0,0,0,0,0
7808361,1,1,23,19,22,15,15,16,13,14,32,23,32,27,37,20,18,22,21,12,16,19,12,20,13,11,10,15
7808361,1,2,17,15,13,4,10,7,16,12,12,8,5,14,13,5,8,11,11,13,12,7,11,7,6,6,7,4
7808361,1,3,0,2,2,1,3,1,1,1,0,0,0,1,2,0,2,0,1,3,0,1,1,1,1,2,1,1
7808361,1,4,142,123,122,101,110,105,119,81,115,89,90,95,113,84,106,103,91,107,91,103,82,89,63,93,56,63
7808361,2,5,12,3,11,4,7,5,5,5,12,6,4,4,3,4,3,6,4,7,5,0,4,5,5,2,4,2
7808361,2,6,23,25,21,15,18,22,20,9,23,21,25,15,30,16,19,23,16,17,16,20,17,14,26,29,12,13
7808361,2,7,0,0,0,0,0,0,0,0,0,0,1,0,0,0,0,0,0,0,0,0,0,0,0,0,0,0
7808361,3,13,1,3,14,7,8,7,9,10,30,21,23,24,29,15,18,18,19,9,14,19,9,18,13,10,8,11
7810989,1,2,0,0,3,1,2,0,2,1,1,1,1,2,0,0,0,0,0,0,0,0,0,0,0,0,0,0
7810989,1,4,0,0,3,2,4,5,3,5,5,5,4,7,0,0,0,0,0,0,0,0,0,0,0,0,0,0
7810989,3,13,0,0,0,0,6,5,5,6,5,6,5,9,0,0,0,0,0,0,0,0,0,0,0,0,0,0
7817521,1,4,0,0,1,1,0,2,3,1,1,1,3,0,0,0,0,0,0,0,0,0,0,0,0,0,0,0
7817676,1,2,0,0,0,0,0,0,0,0,0,0,0,0,0,0,0,0,1,0,0,1,0,0,0,0,0,0
7817676,1,4,0,0,0,0,0,0,0,0,0,0,0,0,10,12,13,11,8,11,10,9,12,5,0,0,0,0
7819273,1,2,0,0,0,0,0,0,0,0,0,0,0,0,2,2,2,2,1,2,20,13,14,17,0,0,0,0
7819273,1,3,0,0,0,0,0,0,0,0,0,0,0,0,1,0,0,0,0,1,1,1,0,0,0,0,0,0
7819273,1,4,0,0,0,0,0,0,0,0,0,0,0,0,16,8,13,15,13,10,12,13,16,2,0,0,0,0
7819273,2,5,0,0,0,0,0,0,0,0,0,0,0,0,2,0,1,2,1,3,0,1,1,0,0,0,0,0
7819273,3,13,0,0,0,0,0,0,0,0,0,0,0,0,0,0,0,0,0,0,1,0,0,0,0,0,0,0
7820066,1,2,0,0,0,0,0,0,0,0,0,1,0,0,0,0,0,0,0,0,0,0,0,0,0,0,0,0
7820066,1,4,0,0,0,0,1,0,0,1,1,2,2,3,0,0,0,0,0,0,0,0,0,0,0,0,0,0
7820066,3,13,0,0,0,0,0,0,0,1,1,3,2,3,0,0,0,0,0,0,0,0,0,0,0,0,0,0
7822447,1,2,0,0,0,0,0,1,0,0,0,0,0,1,0,0,0,0,0,0,0,0,0,0,0,0,0,0
7822447,1,3,0,0,6,2,0,1,2,2,0,1,2,1,0,0,0,0,0,0,0,0,0,0,0,0,0,0
7822447,1,4,0,0,1,0,0,4,3,1,2,3,1,3,0,0,0,0,0,0,0,0,0,0,0,0,0,0
7822447,3,13,0,0,0,0,0,1,0,0,1,2,1,0,0,0,0,0,0,0,0,0,0,0,0,0,0,0
7823312,1,2,0,0,0,0,0,0,0,0,0,0,0,0,2,4,2,2,4,2,3,3,2,2,0,0,0,0
7823312,1,4,0,0,0,0,0,0,0,0,0,0,0,0,9,12,9,6,7,9,15,17,10,7,0,0,0,0
7823312,2,5,0,0,0,0,0,0,0,0,0,0,0,0,0,1,2,2,2,2,6,8,4,4,0,0,0,0
7823312,3,13,0,0,0,0,0,0,0,0,0,0,0,0,4,2,0,0,0,0,0,0,0,0,0,0,0,0
7825449,1,3,0,0,0,1,0,0,0,1,0,0,0,0,0,0,0,0,0,0,0,0,0,0,0,0,0,0
7825449,1,4,0,0,3,2,4,1,0,1,2,0,4,0,0,0,0,0,0,0,0,0,0,0,0,0,0,0
7825449,3,13,0,0,2,1,2,0,0,1,0,0,1,0,0,0,0,0,0,0,0,0,0,0,0,0,0,0
7834410,1,2,0,0,1,1,0,0,1,1,1,0,0,1,0,0,0,0,0,0,0,0,0,0,0,0,0,0
7834410,1,4,0,0,2,8,3,1,2,4,5,1,4,7,0,0,0,0,0,0,0,0,0,0,0,0,0,0
7834410,3,13,0,0,2,9,1,1,3,5,5,0,3,6,0,0,0,0,0,0,0,0,0,0,0,0,0,0
7840056,1,3,0,0,0,2,2,4,3,2,4,1,1,1,0,0,0,0,0,0,0,0,0,0,0,0,0,0
7840056,1,4,0,0,1,2,1,0,3,3,0,2,3,1,0,0,0,0,0,0,0,0,0,0,0,0,0,0
7840056,3,13,0,0,1,4,3,4,6,5,4,3,4,2,0,0,0,0,0,0,0,0,0,0,0,0,0,0
7857230,1,3,0,0,1,2,4,1,4,3,2,2,2,3,0,0,0,0,0,0,0,0,0,0,0,0,0,0
7857230,1,4,0,0,4,8,7,5,9,4,8,8,8,9,0,0,0,0,0,0,0,0,0,0,0,0,0,0
7857230,2,5,0,0,0,1,0,1,0,2,2,2,1,1,0,0,0,0,0,0,0,0,0,0,0,0,0,0
7857230,3,13,0,0,0,0,0,0,0,0,0,0,1,1,0,0,0,0,0,0,0,0,0,0,0,0,0,0
7865025,1,2,0,0,0,0,0,1,1,0,2,0,0,2,0,0,0,0,0,0,0,0,0,0,0,0,0,0
7865025,1,3,0,0,0,0,0,0,0,1,0,0,0,0,0,0,0,0,0,0,0,0,0,0,0,0,0,0
7865025,1,4,0,0,4,4,1,2,1,3,1,3,6,2,0,0,0,0,0,0,0,0,0,0,0,0,0,0
7865332,1,2,0,0,0,0,0,0,0,0,0,0,1,0,0,0,0,0,0,0,0,0,0,0,0,0,0,0
7865332,1,3,0,0,1,0,1,2,2,0,1,0,0,1,0,0,0,0,0,0,0,0,0,0,0,0,0,0
7865332,1,4,0,0,4,4,2,6,8,8,9,5,12,11,0,0,0,0,0,0,0,0,0,0,0,0,0,0
7871505,1,1,0,0,0,1,0,0,0,0,0,0,0,0,0,0,0,0,0,0,0,0,0,0,0,0,0,0
7871505,1,2,1,0,0,1,0,0,0,0,0,0,0,0,0,0,0,0,0,0,0,0,0,0,0,0,0,0
7871505,1,4,4,1,3,2,3,4,1,0,0,0,0,1,0,0,0,0,0,0,0,0,0,0,0,0,0,0
7871505,2,5,0,0,0,0,0,1,1,0,0,0,0,0,0,0,0,0,0,0,0,0,0,0,0,0,0,0
7888518,1,1,0,0,0,0,0,0,0,0,0,0,0,1,0,0,0,0,0,0,0,0,0,0,0,0,0,0
7888518,1,2,0,0,5,1,1,2,1,2,0,1,3,2,0,0,0,0,0,0,0,0,0,0,0,0,0,0
7888518,1,4,0,0,2,0,1,0,0,4,2,0,1,1,0,0,0,0,0,0,0,0,0,0,0,0,0,0
7888518,3,13,0,0,7,1,2,2,1,6,2,1,4,4,0,0,0,0,0,0,0,0,0,0,0,0,0,0
7889933,1,1,0,0,0,0,0,1,1,0,0,0,0,0,0,0,0,0,0,0,0,0,0,0,0,0,0,0
7889933,1,2,0,0,0,2,2,1,0,0,0,1,0,0,0,0,0,0,0,0,0,0,0,0,0,0,0,0
7889933,1,4,0,0,0,0,0,0,1,0,4,1,1,3,0,0,0,0,0,0,0,0,0,0,0,0,0,0
7889933,2,6,0,0,0,0,0,0,1,0,4,1,1,2,0,0,0,0,0,0,0,0,0,0,0,0,0,0
7889933,3,13,0,0,0,2,2,2,2,0,4,2,1,3,0,0,0,0,0,0,0,0,0,0,0,0,0,0
7890560,1,1,0,0,0,0,0,1,0,0,0,0,0,0,0,0,0,0,0,0,0,0,0,0,0,0,0,0
7890560,1,4,0,0,3,5,5,4,5,3,7,2,8,8,10,2,7,8,5,14,0,0,0,0,0,0,0,0
7890560,3,13,0,0,3,5,4,5,5,3,7,2,8,8,10,2,7,8,5,14,0,0,0,0,0,0,0,0
7902671,1,3,0,0,1,2,4,3,4,1,0,2,2,6,0,0,0,0,0,0,0,0,0,0,0,0,0,0
7903514,1,4,0,0,4,7,0,6,7,1,4,3,2,2,0,0,0,0,0,0,0,0,0,0,0,0,0,0
7903514,3,13,0,0,4,7,0,6,7,1,4,3,2,2,0,0,0,0,0,0,0,0,0,0,0,0,0,0
7915987,1,4,0,0,0,1,1,3,1,2,1,0,2,0,0,0,0,0,0,0,0,0,0,0,0,0,0,0
7915987,3,13,0,0,0,1,1,3,1,2,1,0,2,0,0,0,0,0,0,0,0,0,0,0,0,0,0,0
7926533,1,2,0,0,0,0,0,0,0,0,0,0,0,0,4,4,4,1,3,2,6,3,4,2,0,0,0,0
7926533,1,4,0,0,0,0,0,0,0,0,0,0,0,0,4,4,7,6,3,3,6,6,2,6,0,0,0,0
7930523,1,1,0,0,1,0,0,0,0,0,0,0,0,0,0,0,0,0,0,0,0,0,0,0,0,0,0,0
7930523,1,2,0,0,18,12,1,5,1,2,3,4,4,1,0,0,0,0,0,0,0,0,0,0,0,0,0,0
7930523,1,4,0,0,4,4,3,4,4,7,7,6,5,5,0,0,0,0,0,0,0,0,0,0,0,0,0,0
7930523,2,5,0,0,4,0,0,1,2,1,1,4,1,0,0,0,0,0,0,0,0,0,0,0,0,0,0,0
7930523,3,13,0,0,12,7,0,0,5,6,7,8,9,4,0,0,0,0,0,0,0,0,0,0,0,0,0,0
7934552,1,2,0,0,1,1,0,0,1,0,1,2,1,1,0,0,0,0,0,0,0,0,0,0,0,0,0,0
7934552,1,4,0,0,1,1,1,1,1,0,0,1,0,1,0,0,0,0,0,0,0,0,0,0,0,0,0,0
7934552,3,13,0,0,2,2,0,0,0,0,0,0,0,0,0,0,0,0,0,0,0,0,0,0,0,0,0,0
7941077,1,2,0,0,0,0,0,0,0,0,0,0,0,0,1,2,3,0,2,2,2,2,2,1,0,0,0,0
7941077,1,4,0,0,0,0,0,0,0,0,0,0,0,0,7,8,8,2,11,7,10,10,12,8,0,0,0,0
7941077,2,5,0,0,0,0,0,0,0,0,0,0,0,0,1,2,0,0,1,0,0,0,0,0,0,0,0,0
7941077,3,13,0,0,0,0,0,0,0,0,0,0,0,0,8,9,11,2,12,8,11,12,14,5,0,0,0,0
7941503,1,1,0,0,0,0,0,0,0,0,0,0,0,0,0,0,0,0,0,0,0,0,1,0,1,0,0,0
7941503,1,2,0,0,0,0,0,0,0,0,0,0,0,0,11,6,12,4,10,10,16,13,8,13,15,7,10,2
7941503,1,3,0,0,0,0,0,0,0,0,0,0,0,0,3,2,4,1,3,2,4,2,1,1,0,1,0,1
7941503,1,4,0,0,0,0,0,0,0,0,0,0,0,0,21,19,24,27,31,25,30,24,31,28,44,31,19,25
7941503,2,5,0,0,0,0,0,0,0,0,0,0,0,0,5,5,3,7,8,5,7,1,4,6,3,5,2,1
7941503,3,13,0,0,0,0,0,0,0,0,0,0,0,0,16,12,21,11,41,37,39,34,37,38,11,9,3,3
7942026,1,2,0,0,0,2,2,1,0,0,0,1,0,0,0,0,0,0,0,0,0,0,0,0,0,0,0,0
7942026,1,3,0,0,0,0,0,0,0,0,0,0,1,0,0,0,0,0,0,0,0,0,0,0,0,0,0,0
7942026,1,4,0,0,4,11,7,15,8,10,14,14,10,12,0,0,0,0,0,0,0,0,0,0,0,0,0,0
7942026,2,5,0,0,0,3,0,2,2,3,2,4,1,2,0,0,0,0,0,0,0,0,0,0,0,0,0,0
7942026,2,6,0,0,0,0,0,1,0,0,0,0,0,0,0,0,0,0,0,0,0,0,0,0,0,0,0,0
7942026,3,13,0,0,4,13,9,16,7,10,14,15,11,12,0,0,0,0,0,0,0,0,0,0,0,0,0,0
7951009,1,1,0,0,0,0,1,0,0,0,0,0,0,0,0,0,0,0,0,0,0,0,0,0,0,0,0,0
7951009,1,2,0,0,1,1,1,3,1,6,1,2,3,2,1,4,2,1,3,3,0,0,0,0,0,0,0,0
7951009,1,4,0,0,5,13,9,14,14,13,17,13,16,15,9,18,28,15,21,22,0,0,0,0,0,0,0,0
7951009,2,5,0,0,3,10,3,10,12,5,9,4,6,8,5,10,14,3,7,10,0,0,0,0,0,0,0,0
7951009,3,13,0,0,6,12,8,11,2,0,0,0,2,0,1,3,0,0,1,1,0,0,0,0,0,0,0,0
7953530,1,4,0,0,1,3,4,4,3,2,1,7,4,6,0,0,0,0,0,0,0,0,0,0,0,0,0,0
7953530,3,13,0,0,1,1,3,4,0,1,1,4,1,4,0,0,0,0,0,0,0,0,0,0,0,0,0,0
7955996,1,1,1,1,0,1,0,0,0,0,0,0,1,3,0,0,0,0,0,0,0,0,0,0,0,0,0,0
7955996,1,2,13,9,3,1,2,1,1,1,5,2,3,3,0,0,0,0,0,0,0,0,0,0,0,0,0,0
7955996,1,4,24,31,9,9,10,7,7,3,14,7,8,14,0,0,0,0,0,0,0,0,0,0,0,0,0,0
7955996,2,5,11,11,1,4,5,1,1,0,8,3,3,7,0,0,0,0,0,0,0,0,0,0,0,0,0,0
7955996,3,13,0,0,0,0,0,0,0,0,0,0,0,2,0,0,0,0,0,0,0,0,0,0,0,0,0,0
7962044,1,2,0,0,0,3,1,0,0,0,1,0,2,0,0,0,0,0,0,0,0,0,0,0,0,0,0,0
7962044,1,3,0,0,0,2,1,1,0,1,0,2,0,0,2,0,1,0,0,0,0,0,0,0,0,0,0,0
7962044,1,4,0,0,6,1,2,3,3,3,3,6,4,6,2,3,1,3,0,2,0,0,0,0,0,0,0,0
7962044,3,13,0,0,3,3,0,0,0,0,0,0,0,0,0,0,0,0,0,0,0,0,0,0,0,0,0,0
7973523,1,4,0,0,1,2,1,2,2,0,2,2,2,1,0,0,0,0,0,0,0,0,0,0,0,0,0,0
7979702,1,2,0,0,0,0,0,0,1,2,0,0,1,0,0,0,0,0,0,0,0,0,0,0,0,0,0,0
7979702,1,4,0,0,3,2,4,4,3,6,1,6,5,2,0,0,0,0,0,0,0,0,0,0,0,0,0,0
7979702,3,13,0,0,3,2,4,4,3,8,1,6,6,2,0,0,0,0,0,0,0,0,0,0,0,0,0,0
7982744,1,2,0,0,0,0,0,0,0,1,0,0,0,2,0,0,2,0,0,0,0,0,0,0,0,0,0,0
7982744,1,4,0,0,5,2,8,7,2,6,7,11,11,8,8,7,6,9,5,10,0,0,0,0,0,0,0,0
7982744,2,5,0,0,0,0,1,1,0,0,0,0,0,0,0,0,0,0,0,2,0,0,0,0,0,0,0,0
7982744,3,13,0,0,5,2,8,7,2,7,7,11,10,10,8,7,8,9,5,10,0,0,0,0,0,0,0,0
7982824,1,1,0,1,0,5,3,2,2,1,1,2,0,0,0,0,0,0,0,0,0,0,0,0,0,0,0,0
7982824,1,2,5,3,2,0,3,0,0,0,2,0,0,0,0,0,0,0,0,0,0,0,0,0,0,0,0,0
7982824,1,3,0,0,0,0,0,0,0,0,0,0,0,1,0,0,0,0,0,0,0,0,0,0,0,0,0,0
7982824,1,4,19,19,14,14,8,10,8,7,9,3,4,4,0,0,0,0,0,0,0,0,0,0,0,0,0,0
7982824,2,5,2,1,3,5,3,0,1,2,4,0,0,0,0,0,0,0,0,0,0,0,0,0,0,0,0,0
7982824,2,6,0,0,0,0,0,0,0,0,0,0,0,1,0,0,0,0,0,0,0,0,0,0,0,0,0,0
7982824,3,13,0,0,0,0,0,1,1,0,1,1,0,0,0,0,0,0,0,0,0,0,0,0,0,0,0,0
7991141,1,2,0,0,2,0,3,1,5,4,2,0,5,1,0,0,0,0,0,0,0,0,0,0,0,0,0,0
7991141,1,3,0,0,0,0,1,0,0,0,0,1,0,1,0,0,0,0,0,0,0,0,0,0,0,0,0,0
7991141,1,4,0,0,3,5,5,9,5,6,9,10,1,9,0,0,0,0,0,0,0,0,0,0,0,0,0,0
7991141,3,13,0,0,1,0,0,0,0,0,1,1,0,0,0,0,0,0,0,0,0,0,0,0,0,0,0,0
8007297,1,1,0,0,5,5,4,1,2,1,3,0,1,1,0,0,0,0,0,0,0,0,0,0,0,0,0,0
8007297,1,2,0,0,0,2,2,3,1,0,2,0,1,1,0,0,0,0,0,0,0,0,0,0,0,0,0,0
8007297,1,4,0,0,1,1,0,3,1,1,1,1,5,2,0,0,0,0,0,0,0,0,0,0,0,0,0,0
8007297,2,5,0,0,0,0,0,1,0,1,0,0,2,0,0,0,0,0,0,0,0,0,0,0,0,0,0,0
8007297,3,13,0,0,0,0,0,0,0,0,0,0,1,1,0,0,0,0,0,0,0,0,0,0,0,0,0,0
8011657,1,4,0,0,0,0,1,0,2,1,0,0,2,0,0,1,1,1,1,1,0,0,0,0,0,0,0,0
8011657,2,5,0,0,0,0,1,0,2,1,0,0,2,0,0,1,1,1,1,1,0,0,0,0,0,0,0,0
8011657,3,13,0,0,0,0,0,0,2,0,0,0,0,0,0,1,1,1,1,1,0,0,0,0,0,0,0,0
8019306,1,2,0,0,0,0,0,0,0,0,0,0,1,0,0,0,0,0,0,0,0,0,0,0,0,0,0,0
8019306,1,3,0,0,2,0,0,1,3,1,2,1,1,0,0,0,0,0,0,0,0,0,0,0,0,0,0,0
8019306,1,4,0,0,0,0,3,2,1,0,1,2,0,3,0,0,0,0,0,0,0,0,0,0,0,0,0,0
8019306,3,13,0,0,2,0,1,2,4,1,3,3,2,2,0,0,0,0,0,0,0,0,0,0,0,0,0,0
8023893,1,1,0,0,0,0,0,0,0,0,0,0,0,0,0,0,0,0,0,0,0,0,0,1,0,0,0,1
8023893,1,2,0,0,0,0,0,0,0,0,0,0,0,0,0,4,2,1,1,5,1,0,3,1,4,7,3,4
8023893,1,3,0,0,0,0,0,0,0,0,0,0,0,0,0,0,0,0,0,0,0,0,0,0,1,0,0,0
8023893,1,4,0,0,0,0,0,0,0,0,0,0,0,0,19,11,24,16,31,26,38,29,33,34,64,51,52,36
8023893,2,5,0,0,0,0,0,0,0,0,0,0,0,0,0,0,1,0,0,0,0,0,0,0,1,0,1,0
8023893,3,13,0,0,0,0,0,0,0,0,0,0,0,0,19,15,26,17,16,17,38,29,36,36,69,58,39,31
8024100,1,1,0,0,1,0,0,0,0,0,0,0,0,0,0,0,0,0,0,0,0,0,0,0,0,0,0,0
8024100,1,4,0,0,9,12,7,4,10,7,10,13,9,9,0,0,0,0,0,0,0,0,0,0,0,0,0,0
8024100,2,10,0,0,1,0,0,0,0,0,0,0,0,0,0,0,0,0,0,0,0,0,0,0,0,0,0,0
8024100,3,13,0,0,1,1,0,0,0,0,0,0,0,0,0,0,0,0,0,0,0,0,0,0,0,0,0,0
8024821,1,1,93,75,20,21,7,2,7,2,7,5,5,10,4,5,8,1,9,10,5,9,4,10,10,14,22,21
8024821,1,2,7,3,8,10,7,8,11,10,9,13,7,7,14,11,13,7,15,14,13,9,5,7,10,13,16,18
8024821,1,3,1,0,0,1,0,0,0,1,0,1,0,0,0,0,0,0,1,1,0,0,0,0,1,0,0,0
8024821,1,4,68,57,71,79,75,69,84,81,84,82,69,56,72,63,77,74,90,67,101,95,105,75,150,141,163,147
8024821,2,5,18,6,12,10,12,7,9,13,11,7,3,7,11,5,4,10,9,5,5,4,6,4,7,7,8,4
8024821,2,6,2,2,1,2,0,1,0,1,0,1,1,0,2,0,1,0,1,1,5,2,1,0,4,4,3,5
8024821,2,7,0,0,0,0,0,0,0,0,0,0,0,1,0,0,0,0,0,0,0,0,0,0,0,0,0,0
8024821,2,8,0,0,0,0,0,0,0,0,0,0,0,1,1,0,0,0,0,0,0,0,0,0,0,0,0,0
8024821,2,9,0,0,0,0,0,0,0,0,0,1,1,0,0,0,0,0,0,0,0,0,0,0,0,0,0,0
8024821,2,10,0,0,0,0,1,0,0,0,1,0,0,0,0,0,0,0,0,0,0,0,0,0,0,0,0,0
8024821,3,13,4,4,0,0,0,0,3,0,5,2,3,5,2,2,3,0,3,5,2,9,2,10,8,12,20,16
8030027,1,2,2,2,1,0,0,1,0,1,0,0,0,0,0,0,0,0,0,0,0,0,0,0,0,0,0,0
8030027,1,4,33,28,9,1,5,6,4,2,1,5,2,3,0,0,0,0,0,0,0,0,0,0,0,0,0,0
8030027,2,5,0,0,0,0,1,0,0,0,0,0,0,0,0,0,0,0,0,0,0,0,0,0,0,0,0,0
8036084,1,2,0,0,2,3,5,1,4,3,6,5,5,4,4,5,3,4,6,4,0,0,0,0,0,0,0,0
8036084,1,4,0,0,1,0,1,0,0,0,0,2,1,2,0,0,1,0,2,1,0,0,0,0,0,0,0,0
8036084,3,13,0,0,3,3,6,1,4,3,6,7,6,6,4,5,4,4,8,5,0,0,0,0,0,0,0,0
8040071,1,1,16,2,10,12,5,6,3,2,5,5,10,4,11,7,5,3,7,8,6,5,4,7,0,0,0,0
8040071,1,2,6,3,3,8,1,2,6,2,2,3,0,0,2,1,0,1,5,1,3,3,1,2,0,0,0,0
8040071,1,3,0,0,1,1,1,1,0,0,1,0,0,1,0,0,1,0,0,1,0,0,0,0,0,0,0,0
8040071,1,4,70,74,52,58,57,44,36,33,65,33,35,35,34,28,38,25,29,26,22,25,18,22,0,0,0,0
8040071,2,5,2,2,4,4,3,4,4,0,3,0,1,2,1,2,7,1,1,3,0,2,0,2,0,0,0,0
8040071,2,6,13,9,6,10,10,10,5,4,11,4,8,7,9,6,2,10,4,2,4,5,5,4,0,0,0,0
8040071,2,8,0,0,0,0,0,0,1,0,0,0,0,0,0,0,0,0,0,0,0,0,0,0,0,0,0,0
8040071,3,13,0,0,3,1,2,1,1,0,1,0,4,3,5,5,4,2,4,4,5,3,4,5,0,0,0,0
8054882,1,1,2,1,0,0,0,0,1,0,0,1,0,0,0,0,0,0,0,0,0,0,0,0,0,0,0,0
8054882,1,2,6,2,1,2,1,0,1,0,1,0,1,0,0,0,0,0,0,0,0,0,0,0,0,0,0,0
8054882,1,4,31,38,14,21,13,13,7,4,14,7,7,12,0,0,0,0,0,0,0,0,0,0,0,0,0,0
8054882,2,5,3,6,1,4,0,1,0,0,2,0,1,3,0,0,0,0,0,0,0,0,0,0,0,0,0,0
8054882,2,6,1,1,1,0,0,0,0,0,0,1,0,0,0,0,0,0,0,0,0,0,0,0,0,0,0,0
8057464,1,3,0,0,2,0,0,1,1,2,3,1,1,1,0,0,0,0,0,0,0,0,0,0,0,0,0,0
8057464,1,4,0,0,5,4,5,1,8,3,4,3,3,7,0,0,0,0,0,0,0,0,0,0,0,0,0,0
8057464,3,13,0,0,0,1,3,1,1,0,0,0,0,0,0,0,0,0,0,0,0,0,0,0,0,0,0,0
8058313,1,2,0,0,0,0,0,0,0,0,0,0,0,0,6,4,4,4,4,3,4,4,1,2,0,0,0,0
8058313,1,3,0,0,0,0,0,0,0,0,0,0,0,0,2,3,5,6,4,3,3,4,0,3,0,0,0,0
8058313,1,4,0,0,0,0,0,0,0,0,0,0,0,0,14,13,19,9,16,14,14,15,19,9,0,0,0,0
8058313,2,5,0,0,0,0,0,0,0,0,0,0,0,0,1,0,0,0,0,1,0,2,0,0,0,0,0,0
8058313,3,13,0,0,0,0,0,0,0,0,0,0,0,0,0,0,1,0,0,2,0,5,0,0,0,0,0,0
8063589,1,1,0,0,1,0,0,0,0,0,0,0,0,1,0,0,0,0,0,0,0,0,0,0,0,0,0,0
8063589,1,2,0,0,8,3,5,1,2,3,10,3,3,4,0,0,0,0,0,0,0,0,0,0,0,0,0,0
8063589,1,4,0,0,2,3,2,4,3,2,3,5,4,3,0,0,0,0,0,0,0,0,0,0,0,0,0,0
8063589,2,5,0,0,0,0,1,1,1,0,0,0,2,0,0,0,0,0,0,0,0,0,0,0,0,0,0,0
8063589,3,13,0,0,0,1,0,0,0,0,0,0,0,3,0,0,0,0,0,0,0,0,0,0,0,0,0,0
8067355,1,1,6,11,0,0,0,1,1,0,0,2,0,1,1,1,0,0,2,0,0,0,1,0,0,1,0,0
8067355,1,2,3,3,0,1,5,4,1,0,3,2,1,1,1,0,1,2,0,0,0,0,0,0,0,0,0,0
8067355,1,4,7,6,8,12,3,4,4,8,1,5,3,8,4,4,10,3,2,5,0,4,0,0,0,0,0,0
8067355,2,5,8,4,2,3,2,2,2,3,0,3,3,2,1,0,4,1,2,2,0,1,0,0,0,0,0,0
8067355,2,6,1,1,0,0,0,0,0,0,0,0,0,1,0,0,0,0,0,0,0,0,0,0,0,0,0,0
8067355,3,13,0,0,0,0,0,0,0,0,0,1,0,1,1,2,0,0,2,0,0,0,0,0,0,1,0,0
8069127,1,1,0,0,0,0,0,0,0,0,0,0,0,0,0,1,0,0,0,0,0,0,0,0,0,0,0,0
8069127,1,2,0,0,0,0,0,0,0,0,0,0,0,0,3,4,2,3,2,4,3,0,4,6,5,7,5,8
8069127,1,3,0,0,0,0,0,0,0,0,0,0,0,0,0,0,0,0,0,0,0,1,0,0,0,0,0,0
8069127,1,4,0,0,0,0,0,0,0,0,0,0,0,0,9,15,15,19,15,19,23,23,23,29,18,32,30,21
8069127,2,5,0,0,0,0,0,0,0,0,0,0,0,0,0,2,1,0,0,1,0,3,0,1,1,1,0,0
8069127,2,6,0,0,0,0,0,0,0,0,0,0,0,0,0,1,0,1,0,0,0,0,0,0,1,1,0,0
8069127,3,13,0,0,0,0,0,0,0,0,0,0,0,0,0,1,0,0,0,0,0,0,1,0,0,0,3,0
8070062,1,1,0,0,0,1,0,0,0,0,0,0,0,0,0,0,0,0,0,0,0,0,0,0,0,0,0,0
8070062,1,2,0,0,0,0,0,0,1,1,1,1,2,3,0,0,0,0,0,0,0,0,0,0,0,0,0,0
8070062,1,4,0,0,4,5,4,5,5,6,10,2,4,8,0,0,0,0,0,0,0,0,0,0,0,0,0,0
8070062,2,5,0,0,0,0,0,0,1,1,1,0,1,2,0,0,0,0,0,0,0,0,0,0,0,0,0,0
8070062,3,13,0,0,4,6,3,3,2,1,8,2,5,8,0,0,0,0,0,0,0,0,0,0,0,0,0,0
8073716,1,1,0,1,1,0,0,0,0,0,0,0,0,0,0,0,0,0,0,0,0,0,0,0,0,0,0,0
8073716,1,2,0,1,3,2,2,3,2,1,2,1,2,0,0,0,0,0,0,0,0,0,0,0,0,0,0,0
8073716,1,3,0,0,0,0,1,0,0,0,0,1,0,0,0,0,0,0,0,0,0,0,0,0,0,0,0,0
8073716,1,4,83,99,46,24,22,19,17,16,24,21,21,15,0,0,0,0,0,0,0,0,0,0,0,0,0,0
8073716,2,5,24,23,11,8,4,6,7,6,4,3,9,3,0,0,0,0,0,0,0,0,0,0,0,0,0,0
8073716,3,13,1,0,0,0,1,0,0,0,0,1,1,0,0,0,0,0,0,0,0,0,0,0,0,0,0,0
8087314,1,1,0,0,2,3,0,0,0,0,0,0,0,0,0,0,0,0,0,0,0,0,0,0,0,0,0,0
8087314,1,2,0,0,1,0,0,1,1,2,1,0,0,2,0,0,0,0,0,0,0,0,0,0,0,0,0,0
8087314,1,4,0,0,2,2,2,3,3,2,3,3,5,4,0,0,0,0,0,0,0,0,0,0,0,0,0,0
8095212,1,2,0,0,0,0,0,0,0,0,0,0,0,0,15,14,17,18,8,17,26,11,10,11,9,12,10,13
8095212,1,3,0,0,0,0,0,0,0,0,0,0,0,0,0,0,0,0,1,0,0,0,0,1,0,0,0,0
8095212,1,4,0,0,0,0,0,0,0,0,0,0,0,0,13,17,19,13,14,10,16,15,11,16,14,20,17,22
8095212,2,5,0,0,0,0,0,0,0,0,0,0,0,0,0,1,1,0,0,0,1,0,0,0,0,1,1,0
8095212,3,13,0,0,0,0,0,0,0,0,0,0,0,0,0,0,0,0,0,0,0,0,0,2,1,0,0,0
8096119,1,2,0,0,3,4,1,3,2,2,4,3,2,2,0,0,0,0,0,0,0,0,0,0,0,0,0,0
8096119,1,4,0,0,1,0,0,0,0,0,1,1,0,0,0,0,0,0,0,0,0,0,0,0,0,0,0,0
8096119,3,13,0,0,0,0,0,1,1,0,0,0,0,0,0,0,0,0,0,0,0,0,0,0,0,0,0,0
8097963,1,1,0,0,0,0,0,0,0,0,0,0,0,0,0,0,0,0,0,0,0,0,1,0,0,0,0,0
8097963,1,2,0,0,0,0,0,0,0,0,0,0,0,0,5,6,5,4,5,6,7,8,7,7,16,9,4,9
8097963,1,3,0,0,0,0,0,0,0,0,0,0,0,0,0,0,0,0,0,1,0,0,0,0,0,0,0,0
8097963,1,4,0,0,0,0,0,0,0,0,0,0,0,0,22,23,22,27,36,24,26,32,30,28,53,44,45,20
8097963,2,5,0,0,0,0,0,0,0,0,0,0,0,0,2,0,2,4,3,4,1,0,0,1,2,3,2,1
8097963,2,6,0,0,0,0,0,0,0,0,0,0,0,0,0,0,0,0,0,0,1,0,0,1,0,0,0,0
8097963,3,13,0,0,0,0,0,0,0,0,0,0,0,0,2,1,0,1,1,4,0,1,2,2,3,1,1,0
8098398,1,1,0,0,0,0,0,0,0,0,0,0,0,1,0,0,0,0,0,0,0,0,0,0,0,0,0,0
8098398,1,2,0,0,0,0,0,0,0,1,0,0,0,0,0,0,0,0,0,0,0,0,0,0,0,0,0,0
8098398,1,4,0,0,1,2,0,1,1,4,1,1,1,3,0,0,0,0,0,0,0,0,0,0,0,0,0,0
8098398,3,13,0,0,1,2,0,1,1,5,1,1,1,4,0,0,0,0,0,0,0,0,0,0,0,0,0,0
8099990,1,1,0,0,1,1,1,1,1,1,2,2,1,1,0,0,0,0,0,0,0,0,0,0,0,0,0,0
8099990,1,2,0,0,1,0,2,0,0,1,3,1,1,1,0,0,0,0,0,0,0,0,0,0,0,0,0,0
8099990,1,4,0,0,0,0,1,0,0,0,0,0,1,1,0,0,0,0,0,0,0,0,0,0,0,0,0,0
8099990,2,5,0,0,0,0,1,0,1,0,0,0,1,2,0,0,0,0,0,0,0,0,0,0,0,0,0,0
8099990,3,13,0,0,0,0,0,0,0,0,2,0,0,0,0,0,0,0,0,0,0,0,0,0,0,0,0,0
8101698,1,3,0,0,0,1,0,1,1,0,1,2,0,0,0,0,0,0,0,0,0,0,0,0,0,0,0,0
8101698,1,4,0,0,1,0,3,3,0,2,3,1,2,3,0,0,0,0,0,0,0,0,0,0,0,0,0,0
8101698,3,13,0,0,1,1,3,4,1,2,3,2,2,3,0,0,0,0,0,0,0,0,0,0,0,0,0,0
8102573,1,1,1,0,0,1,0,1,0,0,0,0,0,0,0,0,0,0,0,0,0,0,0,0,0,0,0,0
8102573,1,2,0,2,1,0,1,0,1,1,1,0,0,2,0,1,1,0,1,0,0,0,0,0,0,0,0,0
8102573,1,4,8,5,5,3,4,1,5,4,7,8,3,7,2,8,6,9,9,8,0,0,0,0,0,0,0,0
8102573,2,5,1,0,0,1,0,1,0,0,0,0,0,0,0,0,0,0,0,0,0,0,0,0,0,0,0,0
8102573,3,13,9,7,6,4,5,2,0,0,0,0,0,0,2,9,7,9,10,8,0,0,0,0,0,0,0,0
8108966,1,2,0,0,0,1,1,2,0,1,1,3,2,2,0,0,0,0,0,0,0,0,0,0,0,0,0,0
8108966,1,4,0,0,0,0,1,1,0,0,0,0,0,1,0,0,0,0,0,0,0,0,0,0,0,0,0,0
8108966,3,13,0,0,0,1,1,2,0,0,0,0,0,0,0,0,0,0,0,0,0,0,0,0,0,0,0,0
8116324,1,2,0,0,0,0,1,1,0,1,0,0,1,3,0,0,0,0,0,0,0,0,0,0,0,0,0,0
8116324,1,4,0,0,2,2,1,1,3,1,1,1,1,0,0,0,0,0,0,0,0,0,0,0,0,0,0,0
8116324,3,13,0,0,0,0,0,0,1,0,0,1,0,0,0,0,0,0,0,0,0,0,0,0,0,0,0,0
8122207,1,1,0,0,2,0,0,0,0,0,0,0,0,0,0,0,0,0,0,0,0,0,0,0,0,0,0,0
8122207,1,4,0,0,1,1,2,1,4,3,1,2,1,2,0,0,0,0,0,0,0,0,0,0,0,0,0,0
8122207,3,13,0,0,3,1,2,1,4,3,1,2,1,2,0,0,0,0,0,0,0,0,0,0,0,0,0,0
8128109,1,2,0,0,0,0,0,0,0,3,0,1,0,1,2,0,0,1,1,1,0,0,0,0,0,0,0,0
8128109,1,4,0,0,4,5,1,5,1,5,1,3,1,4,4,7,5,4,8,8,0,0,0,0,0,0,0,0
8128109,3,13,0,0,4,4,1,4,1,8,1,4,1,5,6,7,5,5,9,9,0,0,0,0,0,0,0,0
8128199,1,1,0,0,0,0,1,0,0,0,0,0,0,1,0,0,0,0,0,0,0,0,0,0,0,0,0,0
8128199,1,2,0,0,0,3,0,2,4,1,0,2,1,3,0,0,0,0,0,0,0,0,0,0,0,0,0,0
8128199,1,4,0,0,6,6,3,5,5,4,4,10,13,10,0,0,0,0,0,0,0,0,0,0,0,0,0,0
8128199,2,5,0,0,2,2,0,2,2,1,0,2,1,2,0,0,0,0,0,0,0,0,0,0,0,0,0,0
8128199,3,13,0,0,5,9,1,1,8,3,3,5,9,8,0,0,0,0,0,0,0,0,0,0,0,0,0,0
8131616,1,2,0,0,0,1,0,1,0,0,0,0,1,1,0,0,0,0,0,0,0,0,0,0,0,0,0,0
8131616,1,4,0,0,2,1,0,3,3,5,3,3,6,3,0,0,0,0,0,0,0,0,0,0,0,0,0,0
8147313,1,4,0,0,3,4,1,4,6,3,4,4,7,7,0,0,0,0,0,0,0,0,0,0,0,0,0,0
8147313,3,13,0,0,3,4,1,4,6,3,4,4,7,7,0,0,0,0,0,0,0,0,0,0,0,0,0,0
8147933,1,1,0,0,6,12,1,1,1,1,1,0,0,0,0,0,0,0,0,0,0,0,0,0,0,0,0,0
8147933,1,2,0,0,0,1,1,4,2,2,3,2,4,3,0,0,0,0,0,0,0,0,0,0,0,0,0,0
8147933,1,4,0,0,0,2,11,12,14,8,12,13,8,9,0,0,0,0,0,0,0,0,0,0,0,0,0,0
8147933,2,5,0,0,1,0,0,1,2,2,2,0,0,1,0,0,0,0,0,0,0,0,0,0,0,0,0,0
8147933,2,6,0,0,0,0,1,0,0,1,0,1,0,0,0,0,0,0,0,0,0,0,0,0,0,0,0,0
8147933,3,13,0,0,5,13,3,8,2,3,3,0,3,1,0,0,0,0,0,0,0,0,0,0,0,0,0,0
8148833,1,2,0,0,2,0,0,1,0,0,1,0,1,0,0,0,0,0,0,0,0,0,0,0,0,0,0,0
8148833,1,4,0,0,0,2,4,1,2,5,0,0,0,2,0,0,0,0,0,0,0,0,0,0,0,0,0,0
8148833,3,13,0,0,2,2,4,2,2,3,0,0,0,0,0,0,0,0,0,0,0,0,0,0,0,0,0,0
8161144,1,4,0,0,8,8,12,10,8,10,13,10,16,8,11,8,13,2,10,14,0,0,0,0,0,0,0,0
8161144,2,6,0,0,0,0,0,0,0,1,0,0,0,0,0,0,0,0,0,0,0,0,0,0,0,0,0,0
8165569,1,2,0,0,0,1,0,0,0,0,0,0,0,0,0,0,0,0,0,0,0,0,0,0,0,0,0,0
8165569,1,3,0,0,0,0,2,0,2,1,1,0,1,0,0,0,0,0,0,0,0,0,0,0,0,0,0,0
8165569,1,4,0,0,1,1,1,2,2,3,0,0,3,1,0,0,0,0,0,0,0,0,0,0,0,0,0,0
8167553,1,4,0,0,4,11,2,3,3,5,5,7,3,7,0,0,0,0,0,0,0,0,0,0,0,0,0,0
8173514,1,2,0,0,0,0,0,0,0,0,0,0,0,0,0,0,0,1,1,0,1,0,1,0,0,0,0,0
8173514,1,4,0,0,0,0,0,0,0,0,0,0,0,0,13,14,5,12,12,18,7,8,6,11,0,0,0,0
8173514,3,13,0,0,0,0,0,0,0,0,0,0,0,0,10,13,5,11,13,16,8,8,7,11,0,0,0,0
8175778,1,2,0,0,0,1,0,1,1,1,0,0,1,0,0,0,0,0,0,0,0,0,0,0,0,0,0,0
8175778,1,3,0,0,1,0,0,3,0,0,2,2,0,0,0,0,0,0,0,0,0,0,0,0,0,0,0,0
8175778,1,4,0,0,5,9,4,4,8,9,10,6,5,13,0,0,0,0,0,0,0,0,0,0,0,0,0,0
8175778,2,5,0,0,0,1,0,0,0,0,0,0,0,0,0,0,0,0,0,0,0,0,0,0,0,0,0,0
8175778,3,13,0,0,6,10,4,8,9,10,12,8,6,13,0,0,0,0,0,0,0,0,0,0,0,0,0,0
8180869,1,1,0,0,1,1,0,0,0,0,0,0,0,0,0,0,0,0,0,0,0,0,0,0,0,0,0,0
8180869,1,2,0,0,0,0,0,0,2,0,0,0,0,0,0,0,0,0,0,0,0,0,0,0,0,0,0,0
8180869,1,4,0,0,0,0,2,0,0,2,3,3,2,1,0,0,0,0,0,0,0,0,0,0,0,0,0,0
8181941,1,1,0,0,2,7,0,0,0,0,0,0,0,0,0,0,0,0,0,0,0,0,0,0,0,0,0,0
8181941,1,2,0,0,1,0,2,2,0,6,3,3,4,1,0,0,0,0,0,0,0,0,0,0,0,0,0,0
8181941,1,4,0,0,0,0,2,3,3,6,7,4,2,3,0,0,0,0,0,0,0,0,0,0,0,0,0,0
8181941,2,6,0,0,0,0,0,0,0,1,0,0,0,0,0,0,0,0,0,0,0,0,0,0,0,0,0,0
8181941,3,13,0,0,2,6,1,1,3,9,9,7,5,3,0,0,0,0,0,0,0,0,0,0,0,0,0,0
8184821,1,2,1,4,0,4,2,1,0,2,0,1,0,0,0,0,0,0,0,0,0,0,0,0,0,0,0,0
8184821,1,4,46,52,29,17,14,15,16,12,14,9,8,8,0,0,0,0,0,0,0,0,0,0,0,0,0,0
8184821,2,5,2,2,3,0,1,3,1,0,2,0,2,0,0,0,0,0,0,0,0,0,0,0,0,0,0,0
8184821,2,6,2,2,0,0,0,0,0,1,0,0,0,0,0,0,0,0,0,0,0,0,0,0,0,0,0,0
8184821,3,13,42,51,7,19,10,13,5,5,14,10,8,8,0,0,0,0,0,0,0,0,0,0,0,0,0,0
8185410,1,2,0,0,1,2,0,3,3,2,3,1,2,1,0,0,0,0,0,0,0,0,0,0,0,0,0,0
8185410,1,4,0,0,0,0,2,2,1,2,3,1,2,1,0,0,0,0,0,0,0,0,0,0,0,0,0,0
8185659,1,1,0,0,0,0,0,0,0,0,0,0,0,0,0,1,0,1,0,0,0,0,3,1,1,0,1,0
8185659,1,2,0,0,0,0,0,0,0,0,0,0,0,0,18,22,18,19,17,23,23,23,25,18,36,43,40,29
8185659,1,3,0,0,0,0,0,0,0,0,0,0,0,0,0,0,0,0,0,0,1,0,0,1,0,4,1,0
8185659,1,4,0,0,0,0,0,0,0,0,0,0,0,0,38,37,39,45,60,43,58,55,63,50,113,96,98,71
8185659,2,5,0,0,0,0,0,0,0,0,0,0,0,0,3,3,5,2,4,2,3,2,2,3,3,8,5,2
8185659,3,13,0,0,0,0,0,0,0,0,0,0,0,0,4,3,1,2,2,3,6,6,26,15,9,8,28,26
8187099,1,1,0,0,1,1,0,0,0,0,0,0,0,1,0,0,0,0,0,0,0,0,0,0,0,0,0,0
8187099,1,2,0,0,0,4,2,1,3,2,1,2,1,2,0,0,0,0,0,0,0,0,0,0,0,0,0,0
8187099,1,4,0,0,1,2,6,7,4,3,4,4,5,2,0,0,0,0,0,0,0,0,0,0,0,0,0,0
8187099,3,13,0,0,0,0,0,0,0,0,0,0,0,1,0,0,0,0,0,0,0,0,0,0,0,0,0,0
8190014,1,2,0,0,2,7,5,4,3,6,2,7,2,3,5,4,3,5,2,5,0,0,0,0,0,0,0,0
8190014,1,3,0,0,0,0,0,2,1,1,1,1,2,1,5,3,4,0,5,1,0,0,0,0,0,0,0,0
8190014,1,4,0,0,0,0,0,0,0,0,0,1,1,0,2,1,0,0,0,1,0,0,0,0,0,0,0,0
8190014,3,13,0,0,2,7,5,6,4,7,3,9,4,4,12,8,7,5,7,7,0,0,0,0,0,0,0,0
8195420,1,2,0,0,0,1,0,0,0,0,1,0,1,0,0,0,0,0,0,0,0,0,0,0,0,0,0,0
8195420,1,4,0,0,3,4,1,4,2,2,5,1,3,3,0,0,0,0,0,0,0,0,0,0,0,0,0,0
8196190,1,1,0,0,0,0,0,0,0,0,0,1,4,2,2,0,0,0,1,0,1,1,1,1,1,0,0,0
8196190,1,2,1,3,1,0,0,0,1,0,2,1,1,0,1,1,1,2,0,1,1,2,0,1,0,0,1,0
8196190,1,4,40,28,29,14,13,23,16,4,17,6,13,12,18,10,8,10,7,4,4,3,4,2,7,2,3,4
8196190,2,5,0,0,0,0,0,0,0,0,0,0,0,0,0,0,0,0,0,0,0,0,0,0,1,1,0,0
8196190,2,6,0,0,1,0,0,0,0,0,0,0,0,0,0,1,0,1,0,0,0,0,0,0,2,0,0,2
8196190,3,13,0,0,0,0,0,0,0,0,0,1,0,0,0,0,0,0,0,0,0,0,0,0,0,0,0,0
8197313,1,1,0,0,0,0,0,0,0,0,0,0,0,0,1,3,4,0,4,1,3,2,3,0,0,0,0,0
8197313,1,2,0,0,0,0,0,0,0,0,0,0,0,0,10,10,12,14,14,16,4,11,13,4,0,0,0,0
8197313,1,4,0,0,0,0,0,0,0,0,0,0,0,0,19,13,21,9,19,10,21,7,9,11,0,0,0,0
8197313,3,13,0,0,0,0,0,0,0,0,0,0,0,0,28,22,34,22,33,26,24,17,22,15,0,0,0,0
8210130,1,2,0,0,0,0,0,0,0,0,0,0,0,0,0,0,0,2,1,1,0,3,0,2,0,0,0,0
8210130,1,4,0,0,0,0,0,0,0,0,0,0,0,0,11,4,8,10,7,9,10,9,11,10,0,0,0,0
8210130,3,13,0,0,0,0,0,0,0,0,0,0,0,0,11,4,5,10,7,9,6,7,6,5,0,0,0,0
8212075,1,1,0,0,2,1,0,1,0,0,0,0,1,0,0,0,0,0,0,0,0,0,0,0,0,0,0,0
8212075,1,2,0,0,0,0,1,0,0,0,0,1,0,0,0,0,0,0,0,0,0,0,0,0,0,0,0,0
8212075,1,4,0,0,0,0,1,0,1,2,0,2,2,2,0,0,0,0,0,0,0,0,0,0,0,0,0,0
8212075,3,13,0,0,2,1,2,1,1,2,0,3,3,2,0,0,0,0,0,0,0,0,0,0,0,0,0,0
8227374,1,3,0,0,0,1,1,1,0,2,4,1,2,0,0,0,0,0,0,0,0,0,0,0,0,0,0,0
8227374,3,13,0,0,0,0,1,0,0,0,0,0,0,0,0,0,0,0,0,0,0,0,0,0,0,0,0,0
8229581,1,3,0,0,0,1,2,0,0,0,0,0,0,0,0,0,0,0,0,0,0,0,0,0,0,0,0,0
8229581,1,4,0,0,2,2,2,3,3,3,3,3,7,3,0,0,0,0,0,0,0,0,0,0,0,0,0,0
8229581,3,13,0,0,0,0,0,0,0,0,0,0,0,1,0,0,0,0,0,0,0,0,0,0,0,0,0,0
8243728,1,1,6,6,1,2,1,0,3,1,2,4,1,0,0,3,1,2,0,1,0,0,1,1,0,0,0,0
8243728,1,4,1,2,0,1,2,1,0,0,1,1,1,1,1,0,0,0,0,0,0,0,0,0,0,0,0,0
8243728,2,5,0,0,0,0,0,0,0,0,0,0,0,0,0,0,0,0,0,0,0,0,1,0,0,0,0,0
8243728,2,6,0,0,0,1,0,0,0,0,0,0,0,0,0,0,0,0,0,0,0,0,0,0,0,0,0,0
8243728,3,13,4,7,1,2,1,0,3,0,1,3,0,0,0,0,0,1,0,0,0,0,0,0,0,0,0,0
8248876,1,3,0,0,1,1,1,1,1,2,1,0,1,1,0,0,0,0,0,0,0,0,0,0,0,0,0,0
8248876,1,4,0,0,4,1,0,1,3,2,4,0,2,2,0,0,0,0,0,0,0,0,0,0,0,0,0,0
8248876,3,13,0,0,5,2,0,0,2,0,3,0,1,0,0,0,0,0,0,0,0,0,0,0,0,0,0,0
8251801,1,1,1,0,1,0,0,0,1,0,0,0,0,1,0,0,0,0,0,0,0,0,0,0,0,0,0,0
8251801,1,2,6,5,3,0,2,2,0,1,1,1,1,4,0,0,0,0,0,0,0,0,0,0,0,0,0,0
8251801,1,4,31,27,18,14,14,16,11,12,12,16,18,10,0,0,0,0,0,0,0,0,0,0,0,0,0,0
8251801,2,5,1,0,1,0,2,1,4,1,1,2,2,1,0,0,0,0,0,0,0,0,0,0,0,0,0,0
8251801,2,6,2,0,0,0,0,2,0,0,1,2,1,2,0,0,0,0,0,0,0,0,0,0,0,0,0,0
8251801,2,10,0,1,0,0,0,0,0,0,0,0,0,0,0,0,0,0,0,0,0,0,0,0,0,0,0,0
8251801,3,13,34,32,22,14,16,18,12,13,13,17,17,15,0,0,0,0,0,0,0,0,0,0,0,0,0,0
8255590,1,4,0,0,0,1,4,3,3,3,3,1,0,4,0,0,0,0,0,0,0,0,0,0,0,0,0,0
8255590,3,13,0,0,0,0,4,2,0,0,2,0,0,1,0,0,0,0,0,0,0,0,0,0,0,0,0,0
8255750,1,3,0,0,0,0,0,0,1,0,0,0,0,0,0,0,0,0,0,0,0,0,0,0,0,0,0,0
8255750,1,4,0,0,7,0,4,1,4,2,6,5,5,1,5,6,7,5,5,4,0,0,0,0,0,0,0,0
8255750,3,13,0,0,1,0,0,0,0,0,0,0,0,0,0,1,0,0,0,1,0,0,0,0,0,0,0,0
8263053,1,4,0,0,6,3,5,4,4,6,5,9,6,5,5,4,3,11,0,7,0,0,0,0,0,0,0,0
8263053,2,5,0,0,6,3,5,4,4,6,5,9,6,5,5,4,3,11,0,7,0,0,0,0,0,0,0,0
8263053,3,13,0,0,0,0,0,0,0,0,0,0,0,0,1,0,0,0,0,0,0,0,0,0,0,0,0,0
8270904,1,2,0,0,0,0,0,0,0,0,0,0,0,0,5,1,1,2,3,3,2,4,1,1,0,0,0,0
8270904,1,4,0,0,0,0,0,0,0,0,0,0,0,0,21,18,26,26,29,22,12,21,26,19,0,0,0,0
8270904,3,13,0,0,0,0,0,0,0,0,0,0,0,0,11,2,9,11,9,6,1,8,15,7,0,0,0,0
8281379,1,1,0,0,0,0,0,0,0,0,0,0,1,0,0,0,0,0,0,0,0,0,0,0,0,0,0,0
8281379,1,2,1,1,2,0,2,0,1,3,0,1,2,3,2,1,1,1,0,0,0,1,0,1,0,1,2,0
8281379,1,4,51,56,23,19,19,17,15,6,16,15,11,10,12,7,9,5,7,4,4,2,1,2,1,1,1,1
8281379,2,5,1,1,4,0,2,2,1,0,3,2,2,1,0,0,0,0,0,0,0,0,0,1,0,0,0,0
8281379,2,6,0,0,0,0,0,0,0,0,0,0,0,0,0,0,0,0,0,0,0,0,0,0,0,0,1,0
8281379,2,10,1,0,0,0,0,0,0,0,0,0,0,0,0,0,0,0,0,0,0,0,0,0,0,0,0,0
8281379,3,13,0,0,0,0,0,0,0,0,0,0,0,0,0,0,1,0,0,0,0,0,0,0,0,0,0,0
8288229,1,2,0,0,0,0,0,0,1,0,0,0,1,0,0,0,0,0,0,0,0,0,0,0,0,0,0,0
8288229,1,4,0,0,0,3,1,0,3,1,0,1,4,1,0,0,0,0,0,0,0,0,0,0,0,0,0,0
8298312,1,2,3,1,1,1,1,0,1,1,1,0,0,0,0,0,0,0,0,0,0,0,0,0,0,0,0,0
8298312,1,4,36,28,3,10,4,4,7,9,6,6,2,1,0,0,0,0,0,0,0,0,0,0,0,0,0,0
8303457,1,1,0,0,1,4,0,0,0,0,0,0,0,0,0,0,0,0,0,0,0,0,0,0,0,0,0,0
8303457,1,2,0,0,1,0,0,0,0,0,0,0,0,1,0,0,0,0,0,0,0,0,0,0,0,0,0,0
8303457,1,4,0,0,0,0,0,3,3,0,3,2,2,1,0,0,0,0,0,0,0,0,0,0,0,0,0,0
8304450,1,2,0,0,1,3,0,1,2,0,2,0,1,3,0,0,0,0,0,0,0,0,0,0,0,0,0,0
8304450,1,4,0,0,0,0,1,0,0,0,0,0,0,0,0,0,0,0,0,0,0,0,0,0,0,0,0,0
8304450,3,13,0,0,1,2,1,1,1,0,2,0,1,2,0,0,0,0,0,0,0,0,0,0,0,0,0,0
8315019,1,1,0,0,0,0,0,1,0,0,0,0,0,0,0,0,0,0,0,0,0,0,0,0,0,0,0,0
8315019,1,2,0,0,1,0,0,0,0,0,2,0,0,1,0,0,0,0,0,0,0,0,0,0,0,0,0,0
8315019,1,4,0,0,1,6,6,7,5,5,11,4,7,8,0,0,0,0,0,0,0,0,0,0,0,0,0,0
8315019,3,13,0,0,0,0,0,0,1,0,0,0,0,0,0,0,0,0,0,0,0,0,0,0,0,0,0,0
8316280,1,3,0,0,2,5,2,2,5,1,2,1,1,3,0,0,0,0,0,0,0,0,0,0,0,0,0,0
8316280,3,13,0,0,2,5,0,0,0,0,0,0,0,0,0,0,0,0,0,0,0,0,0,0,0,0,0,0
8316680,1,2,0,0,1,9,0,2,1,3,2,5,2,5,0,0,0,0,0,0,0,0,0,0,0,0,0,0
8320756,1,2,0,0,5,6,7,7,7,8,6,8,12,10,0,0,0,0,0,0,0,0,0,0,0,0,0,0
8320756,1,3,0,0,0,0,0,0,0,0,0,0,1,0,0,0,0,0,0,0,0,0,0,0,0,0,0,0
8320756,1,4,0,0,1,2,4,3,2,4,2,6,3,7,0,0,0,0,0,0,0,0,0,0,0,0,0,0
8320756,2,5,0,0,0,0,0,1,0,0,0,0,0,0,0,0,0,0,0,0,0,0,0,0,0,0,0,0
8320756,3,13,0,0,6,8,11,10,9,12,8,14,16,17,0,0,0,0,0,0,0,0,0,0,0,0,0,0
8321809,1,2,0,0,2,5,5,2,3,2,5,1,4,1,0,0,0,0,0,0,0,0,0,0,0,0,0,0
8326816,1,1,28,28,1,1,2,2,0,1,0,1,0,4,0,0,0,0,0,0,0,0,0,0,0,0,0,0
8326816,1,2,7,10,8,5,3,6,4,10,5,2,5,11,0,0,0,0,0,0,0,0,0,0,0,0,0,0
8326816,1,3,1,0,1,0,0,0,0,0,0,0,0,0,0,0,0,0,0,0,0,0,0,0,0,0,0,0
8326816,1,4,16,35,45,30,29,36,26,24,39,36,20,30,0,0,0,0,0,0,0,0,0,0,0,0,0,0
8326816,2,5,8,13,6,6,6,8,4,6,8,7,4,4,0,0,0,0,0,0,0,0,0,0,0,0,0,0
8326816,2,6,7,5,8,5,3,1,7,1,6,4,2,6,0,0,0,0,0,0,0,0,0,0,0,0,0,0
8326816,3,13,28,27,0,0,1,0,0,1,0,1,0,4,0,0,0,0,0,0,0,0,0,0,0,0,0,0
8327132,1,2,0,0,2,2,5,1,6,4,5,5,4,6,0,0,0,0,0,0,0,0,0,0,0,0,0,0
8333302,1,1,0,0,0,0,0,0,0,0,0,0,0,0,1,0,0,0,0,0,0,0,0,0,0,0,0,0
8333302,1,2,0,0,0,0,0,0,0,0,0,0,0,0,2,0,16,0,10,0,15,0,16,0,13,0,16,0
8333302,1,3,0,0,0,0,0,0,0,0,0,0,0,0,1,0,0,0,3,0,1,0,0,0,1,0,0,0
8333302,1,4,0,0,0,0,0,0,0,0,0,0,0,0,36,0,51,0,45,0,68,0,91,0,63,0,78,0
8333302,2,5,0,0,0,0,0,0,0,0,0,0,0,0,13,0,18,0,15,0,17,0,25,0,11,0,7,0
8333302,2,6,0,0,0,0,0,0,0,0,0,0,0,0,0,0,0,0,0,0,1,0,0,0,0,0,0,0
8333302,3,13,0,0,0,0,0,0,0,0,0,0,0,0,40,0,61,0,55,0,81,0,104,0,77,0,92,0
8337857,1,2,0,0,0,0,0,0,0,0,0,0,0,0,0,0,1,1,2,0,1,1,3,3,0,0,0,0
8337857,1,3,0,0,0,0,0,0,0,0,0,0,0,0,1,0,0,0,1,0,0,1,0,1,0,0,0,0
8337857,1,4,0,0,0,0,0,0,0,0,0,0,0,0,11,7,10,11,14,15,19,13,14,15,0,0,0,0
8337857,2,5,0,0,0,0,0,0,0,0,0,0,0,0,0,0,2,4,0,3,2,4,0,1,0,0,0,0
8337857,3,13,0,0,0,0,0,0,0,0,0,0,0,0,0,0,1,1,0,0,4,0,0,0,0,0,0,0
8343411,1,1,0,0,8,15,0,3,0,0,1,0,0,1,1,1,0,1,0,3,0,0,0,0,0,0,0,0
8343411,1,2,0,0,0,0,4,1,6,0,4,2,2,1,1,7,3,2,2,5,0,0,0,0,0,0,0,0
8343411,1,3,0,0,0,1,0,0,0,0,0,1,0,0,0,0,0,0,0,0,0,0,0,0,0,0,0,0
8343411,1,4,0,0,0,0,5,11,12,14,14,12,13,12,13,12,14,16,15,16,0,0,0,0,0,0,0,0
8343411,2,5,0,0,1,1,0,0,0,0,2,1,0,1,1,2,3,0,1,0,0,0,0,0,0,0,0,0
8343411,3,13,0,0,0,2,0,0,0,1,1,0,0,1,3,4,0,1,1,3,0,0,0,0,0,0,0,0
8348717,1,2,0,0,0,0,1,1,1,2,7,3,4,2,0,0,0,0,0,0,0,0,0,0,0,0,0,0
8348717,1,4,0,0,0,0,1,1,1,0,1,1,3,0,0,0,0,0,0,0,0,0,0,0,0,0,0,0
8348717,2,5,0,0,0,0,0,0,0,0,0,0,1,0,0,0,0,0,0,0,0,0,0,0,0,0,0,0
8356628,1,1,0,0,0,0,1,0,0,0,0,0,0,0,0,0,0,0,0,0,0,0,0,0,0,0,0,0
8356628,1,2,0,0,2,6,7,4,6,6,6,6,5,7,0,0,0,0,0,0,0,0,0,0,0,0,0,0
8356628,1,4,0,0,5,3,10,10,7,10,5,12,8,20,0,0,0,0,0,0,0,0,0,0,0,0,0,0
8356628,2,5,0,0,2,0,0,1,1,1,1,1,0,6,0,0,0,0,0,0,0,0,0,0,0,0,0,0
8356628,2,6,0,0,0,0,1,0,0,0,0,0,0,0,0,0,0,0,0,0,0,0,0,0,0,0,0,0
8356628,3,13,0,0,7,9,18,13,13,16,11,18,13,27,0,0,0,0,0,0,0,0,0,0,0,0,0,0
8359478,1,1,0,0,1,1,0,0,0,0,0,0,0,0,0,0,0,0,0,0,0,0,0,0,0,0,0,0
8359478,1,3,0,0,0,1,0,0,0,0,0,0,1,0,0,0,0,0,0,0,0,0,0,0,0,0,0,0
8359478,1,4,0,0,0,1,0,0,2,0,0,2,3,0,0,0,0,0,0,0,0,0,0,0,0,0,0,0
8359478,3,13,0,0,1,3,0,0,2,0,0,2,4,0,0,0,0,0,0,0,0,0,0,0,0,0,0,0
8359493,1,1,0,0,0,0,0,0,0,0,0,0,0,0,0,0,0,0,0,0,0,0,0,0,0,1,0,0
8359493,1,2,0,0,0,0,0,0,0,0,0,0,0,0,6,13,7,7,4,6,9,11,14,11,4,12,8,9
8359493,1,3,0,0,0,0,0,0,0,0,0,0,0,0,2,2,3,3,0,2,1,4,1,3,1,1,0,0
8359493,1,4,0,0,0,0,0,0,0,0,0,0,0,0,37,47,37,31,37,51,58,68,71,63,52,52,48,73
8359493,2,5,0,0,0,0,0,0,0,0,0,0,0,0,6,8,5,5,5,11,4,7,5,3,2,1,0,0
8359493,2,6,0,0,0,0,0,0,0,0,0,0,0,0,0,0,0,0,0,0,1,0,1,0,0,0,0,1
8359493,3,13,0,0,0,0,0,0,0,0,0,0,0,0,2,2,1,4,3,9,8,11,12,11,7,7,3,1
8361233,1,1,0,0,0,0,0,0,0,0,0,0,0,0,0,0,0,0,0,1,0,0,0,0,0,0,0,0
8361233,1,2,0,0,0,0,0,0,0,0,0,0,0,0,0,2,0,10,0,2,0,5,0,10,0,0,0,0
8361233,1,3,0,0,0,0,0,0,0,0,0,0,0,0,0,0,0,0,0,0,0,1,0,0,0,0,0,0
8361233,1,4,0,0,0,0,0,0,0,0,0,0,0,0,0,25,0,40,0,35,0,32,0,42,0,0,0,0
8361233,2,5,0,0,0,0,0,0,0,0,0,0,0,0,0,0,0,0,0,0,0,1,0,0,0,0,0,0
8361233,2,6,0,0,0,0,0,0,0,0,0,0,0,0,0,0,0,1,0,0,0,0,0,0,0,0,0,0
8361233,3,13,0,0,0,0,0,0,0,0,0,0,0,0,0,0,0,0,0,1,0,0,0,0,0,0,0,0
8371676,1,2,0,0,0,0,0,1,0,0,1,0,0,0,0,0,0,0,0,0,0,0,0,0,0,0,0,0
8371676,1,4,7,12,15,11,13,14,15,9,10,10,8,21,20,16,13,8,13,25,0,0,0,0,0,0,0,0
8371676,3,13,7,12,15,11,7,8,15,9,11,10,8,20,18,16,13,7,11,25,0,0,0,0,0,0,0,0
8371731,1,2,0,0,0,2,1,7,0,3,4,1,3,0,0,0,0,0,0,0,0,0,0,0,0,0,0,0
8371731,1,4,0,0,5,2,4,1,1,5,5,1,1,3,0,0,0,0,0,0,0,0,0,0,0,0,0,0
8374438,1,4,0,0,0,0,0,0,0,0,0,0,0,0,8,13,15,9,14,8,18,6,20,11,0,0,0,0
8374438,3,13,0,0,0,0,0,0,0,0,0,0,0,0,0,0,0,0,0,0,2,1,1,1,0,0,0,0
8381012,1,1,3,0,1,3,1,3,5,2,1,2,4,1,1,3,1,0,0,3,1,0,1,0,1,1,2,0
8381012,1,2,12,13,8,7,10,8,12,5,5,7,3,7,6,5,3,4,6,1,6,5,2,7,0,2,2,2
8381012,1,3,1,1,1,0,0,1,2,0,2,0,5,2,2,1,0,0,1,1,0,0,0,1,0,2,1,0
8381012,1,4,89,112,45,37,47,47,32,44,33,35,32,36,25,29,29,22,11,19,21,26,12,12,12,16,15,11
8381012,2,5,2,8,2,3,3,2,1,2,2,3,3,2,2,4,3,2,0,0,3,1,1,1,0,1,3,2
8381012,2,6,6,12,5,5,7,4,1,6,3,3,4,7,3,4,3,2,1,2,2,1,0,1,3,3,1,3
8381012,2,10,0,1,0,0,0,0,0,0,0,0,0,0,0,0,0,0,0,0,0,0,0,0,0,0,0,0
8381012,3,13,0,0,1,2,1,2,3,2,1,2,2,0,1,2,1,0,0,2,1,0,1,0,1,2,2,0
8385589,1,2,0,0,1,0,1,1,0,0,0,1,0,0,0,0,0,0,0,0,0,0,0,0,0,0,0,0
8385589,1,4,0,0,0,3,1,3,0,2,5,0,1,4,0,0,0,0,0,0,0,0,0,0,0,0,0,0
8385589,3,13,0,0,1,3,2,4,0,2,5,1,1,4,0,0,0,0,0,0,0,0,0,0,0,0,0,0
8388257,1,1,0,0,0,0,1,0,0,0,0,0,0,0,0,0,0,0,0,0,0,0,0,0,0,0,0,0
8388257,1,4,4,7,5,3,4,5,10,7,11,6,6,5,0,0,0,0,0,0,0,0,0,0,0,0,0,0
8388257,2,5,0,0,0,0,0,0,0,1,0,1,0,0,0,0,0,0,0,0,0,0,0,0,0,0,0,0
8389254,1,4,0,0,2,1,4,2,4,0,3,3,1,1,0,0,0,0,0,0,0,0,0,0,0,0,0,0
8389254,3,13,0,0,2,1,4,2,4,0,2,3,1,1,0,0,0,0,0,0,0,0,0,0,0,0,0,0
8391243,1,2,0,0,0,0,0,0,0,0,0,0,0,0,4,3,9,4,5,2,3,9,5,2,0,0,0,0
8391243,1,4,0,0,0,0,0,0,0,0,0,0,0,0,10,13,21,6,15,11,15,15,10,15,0,0,0,0
8391243,2,5,0,0,0,0,0,0,0,0,0,0,0,0,0,1,2,3,1,1,1,2,0,2,0,0,0,0
8391243,3,13,0,0,0,0,0,0,0,0,0,0,0,0,14,15,14,5,19,13,4,8,1,2,0,0,0,0
8391281,1,2,0,0,0,0,0,0,0,0,0,0,0,0,1,0,2,1,1,1,0,0,0,0,0,0,0,0
8391281,1,4,5,6,3,2,1,3,4,4,7,5,6,2,11,5,11,12,7,8,0,0,0,0,0,0,0,0
8391281,3,13,5,6,3,1,1,3,4,4,7,5,6,2,12,5,13,13,8,9,0,0,0,0,0,0,0,0
8403584,1,4,0,0,2,3,3,8,11,12,11,12,15,15,0,0,0,0,0,0,0,0,0,0,0,0,0,0
8403584,3,13,0,0,2,3,3,8,11,12,11,12,15,15,0,0,0,0,0,0,0,0,0,0,0,0,0,0
8406439,1,1,0,0,4,52,1,2,1,6,0,5,0,2,0,0,0,0,0,0,0,0,0,0,0,0,0,0
8406439,1,2,0,0,11,36,8,34,6,26,5,24,8,35,0,0,0,0,0,0,0,0,0,0,0,0,0,0
8406439,1,3,0,0,0,0,0,2,1,0,0,1,0,0,0,0,0,0,0,0,0,0,0,0,0,0,0,0
8406439,1,4,0,0,11,43,21,90,19,97,25,104,23,72,0,0,0,0,0,0,0,0,0,0,0,0,0,0
8406439,2,5,0,0,1,11,4,15,5,13,4,14,6,8,0,0,0,0,0,0,0,0,0,0,0,0,0,0
8406439,2,6,0,0,0,5,3,9,2,4,2,5,1,4,0,0,0,0,0,0,0,0,0,0,0,0,0,0
8406439,3,13,0,0,12,131,21,123,6,83,17,70,15,70,0,0,0,0,0,0,0,0,0,0,0,0,0,0
8407029,1,1,0,0,0,0,0,0,0,0,0,0,0,0,0,0,0,1,0,0,0,0,0,0,0,0,0,0
8407029,1,2,0,0,0,0,0,0,0,0,0,0,0,0,5,4,4,1,1,2,0,5,1,2,0,0,0,0
8407029,1,3,0,0,0,0,0,0,0,0,0,0,0,0,0,1,1,2,4,0,2,0,0,0,0,0,0,0
8407029,1,4,0,0,0,0,0,0,0,0,0,0,0,0,9,9,6,9,9,10,12,11,9,15,0,0,0,0
8407029,2,5,0,0,0,0,0,0,0,0,0,0,0,0,0,0,1,0,0,1,3,0,1,0,0,0,0,0
8407029,2,6,0,0,0,0,0,0,0,0,0,0,0,0,0,0,0,0,0,0,0,0,0,1,0,0,0,0
8407029,3,13,0,0,0,0,0,0,0,0,0,0,0,0,1,1,0,0,0,0,1,0,1,0,0,0,0,0
8412161,1,4,0,0,4,0,0,1,2,2,2,4,2,3,0,0,0,0,0,0,0,0,0,0,0,0,0,0
8412161,3,13,0,0,0,0,0,0,0,0,0,1,0,0,0,0,0,0,0,0,0,0,0,0,0,0,0,0
8431387,1,4,0,0,6,3,4,8,5,4,4,6,3,4,0,0,0,0,0,0,0,0,0,0,0,0,0,0
8431387,2,5,0,0,0,1,0,1,0,0,0,1,0,0,0,0,0,0,0,0,0,0,0,0,0,0,0,0
8431387,3,13,0,0,6,3,4,8,5,4,4,6,3,4,0,0,0,0,0,0,0,0,0,0,0,0,0,0
8444047,1,1,0,0,0,0,0,0,0,0,0,0,0,0,0,0,0,0,0,0,0,0,0,1,0,0,0,0
8444047,1,2,0,0,0,0,0,0,0,0,0,0,0,0,2,4,1,1,2,3,0,2,2,2,0,0,0,0
8444047,1,4,0,0,0,0,0,0,0,0,0,0,0,0,9,13,6,9,7,11,5,6,7,7,0,0,0,0
8444047,3,13,0,0,0,0,0,0,0,0,0,0,0,0,0,0,0,0,0,0,0,3,5,8,0,0,0,0
8446865,1,1,20,21,2,2,3,0,0,1,3,3,0,0,0,1,4,1,4,2,0,3,2,4,0,0,0,0
8446865,1,2,8,9,7,7,4,2,5,3,2,10,3,3,3,5,6,2,4,0,3,2,3,0,0,0,0,0
8446865,1,3,0,0,0,0,0,0,1,0,0,0,0,0,1,0,0,0,0,0,0,0,0,0,0,0,0,0
8446865,1,4,41,33,33,32,35,30,32,23,30,27,31,31,35,20,24,20,14,24,21,30,22,20,0,0,0,0
8446865,2,5,16,5,11,10,4,9,6,5,8,8,8,5,9,9,3,1,3,5,5,4,2,2,0,0,0,0
8446865,2,6,1,2,0,1,0,0,2,0,1,0,0,0,0,0,0,1,0,2,0,0,0,1,0,0,0,0
8446865,3,13,0,0,0,1,1,0,0,1,3,3,0,0,0,1,4,1,4,1,0,3,2,4,0,0,0,0
8453268,1,2,0,0,1,0,1,5,1,2,1,2,0,1,0,0,0,0,0,0,0,0,0,0,0,0,0,0
8453268,1,4,0,0,5,8,11,8,14,9,8,12,14,10,0,0,0,0,0,0,0,0,0,0,0,0,0,0
8453268,2,5,0,0,0,1,0,0,1,0,0,0,1,0,0,0,0,0,0,0,0,0,0,0,0,0,0,0
8453268,3,13,0,0,0,0,0,0,0,0,0,0,1,0,0,0,0,0,0,0,0,0,0,0,0,0,0,0
8453962,1,2,0,0,2,2,1,2,1,4,5,1,1,1,1,1,1,2,1,2,0,0,0,0,0,0,0,0
8453962,1,4,0,0,17,13,14,11,14,19,5,11,15,10,14,8,16,11,18,11,0,0,0,0,0,0,0,0
8453962,3,13,0,0,0,1,15,13,15,23,10,12,16,11,15,9,17,13,19,13,0,0,0,0,0,0,0,0
8464243,1,4,0,0,2,4,4,6,4,5,5,4,5,7,0,0,0,0,0,0,0,0,0,0,0,0,0,0
8464243,3,13,0,0,2,4,4,6,4,5,4,4,4,6,0,0,0,0,0,0,0,0,0,0,0,0,0,0
8466388,1,1,0,0,0,0,0,0,0,0,0,0,0,0,0,0,0,0,0,1,0,0,0,0,0,0,0,0
8466388,1,2,0,0,0,0,0,0,0,0,0,0,0,0,0,3,0,7,0,5,0,0,0,0,0,0,0,0
8466388,1,3,0,0,0,0,0,0,0,0,0,0,0,0,0,2,0,1,0,0,0,0,0,0,0,0,0,0
8466388,1,4,0,0,0,0,0,0,0,0,0,0,0,0,0,18,0,18,0,32,0,0,0,0,0,0,0,0
8466388,2,5,0,0,0,0,0,0,0,0,0,0,0,0,0,1,0,0,0,0,0,0,0,0,0,0,0,0
8466388,3,13,0,0,0,0,0,0,0,0,0,0,0,0,0,1,0,0,0,1,0,0,0,0,0,0,0,0
8466613,1,2,0,0,2,2,1,1,0,3,1,1,0,0,0,0,0,0,0,0,0,0,0,0,0,0,0,0
8466613,1,4,0,0,0,1,1,0,3,1,1,1,1,1,0,0,0,0,0,0,0,0,0,0,0,0,0,0
8466613,3,13,0,0,2,3,2,1,3,4,2,2,1,1,0,0,0,0,0,0,0,0,0,0,0,0,0,0
8467646,1,1,13,15,3,7,12,6,1,1,4,7,3,9,7,8,2,12,3,5,3,5,3,5,0,0,0,0
8467646,1,2,5,3,2,3,4,2,0,0,0,0,1,2,0,0,0,1,0,1,0,1,0,0,0,0,0,0
8467646,1,4,36,24,14,15,20,13,6,6,8,7,4,7,5,8,8,5,5,4,4,2,4,3,0,0,0,0
8467646,2,5,1,0,0,0,0,1,0,0,0,0,0,2,0,0,1,1,0,0,0,0,0,0,0,0,0,0
8467646,2,6,1,0,1,0,0,0,0,0,0,0,0,0,0,0,0,0,2,0,0,0,0,0,0,0,0,0
8467646,2,7,0,0,0,0,0,0,0,0,0,0,0,0,0,1,0,1,0,0,0,0,0,0,0,0,0,0
8467646,2,8,0,0,1,0,0,0,0,0,0,0,1,0,0,0,0,0,0,0,0,0,0,0,0,0,0,0
8467646,3,13,0,0,0,0,2,0,1,1,4,6,3,9,6,8,2,12,3,5,3,5,3,5,0,0,0,0
8469718,1,1,0,0,0,1,0,0,0,0,0,0,0,0,0,0,0,0,0,0,0,0,0,0,0,0,0,0
8469718,1,2,0,0,0,1,1,1,2,1,1,0,1,1,0,0,0,0,0,0,0,0,0,0,0,0,0,0
8469718,1,4,0,0,7,7,10,3,11,12,8,11,18,7,0,0,0,0,0,0,0,0,0,0,0,0,0,0
8477144,1,1,15,15,2,1,0,0,0,0,0,0,1,0,0,0,0,0,0,0,0,0,0,0,0,0,0,0
8477144,1,2,0,0,0,1,1,0,0,0,0,0,2,1,1,1,0,0,1,0,0,0,0,1,0,0,0,0
8477144,1,3,0,0,0,0,0,0,1,0,0,0,0,0,0,0,0,0,0,0,0,0,0,0,0,0,0,0
8477144,1,4,8,8,13,14,8,4,8,9,8,9,10,12,15,7,7,8,8,3,5,5,8,6,0,0,0,0
8477144,2,5,2,2,0,0,0,0,0,0,0,0,0,0,0,0,0,0,0,0,0,0,0,0,0,0,0,0
8477144,3,13,0,0,0,0,1,0,0,0,0,0,0,0,0,0,0,0,0,0,0,0,0,0,0,0,0,0
8478256,1,1,0,0,0,0,0,0,0,0,0,0,0,0,0,1,0,1,0,0,0,4,0,6,0,0,0,0
8478256,1,2,0,0,0,0,0,0,0,0,0,0,0,0,0,3,0,7,0,1,0,23,0,21,0,0,0,0
8478256,1,3,0,0,0,0,0,0,0,0,0,0,0,0,0,0,0,1,0,1,0,0,0,0,0,0,0,0
8478256,1,4,0,0,0,0,0,0,0,0,0,0,0,0,0,19,0,24,0,25,0,65,0,37,0,0,0,0
8478256,2,5,0,0,0,0,0,0,0,0,0,0,0,0,0,8,0,6,0,9,0,13,0,8,0,0,0,0
8478256,2,6,0,0,0,0,0,0,0,0,0,0,0,0,0,0,0,2,0,0,0,2,0,0,0,0,0,0
8478256,3,13,0,0,0,0,0,0,0,0,0,0,0,0,0,2,0,1,0,0,0,10,0,7,0,0,0,0
8487367,1,1,0,0,1,0,2,0,0,1,0,0,0,1,0,0,0,0,0,0,0,0,0,0,0,0,0,0
8487367,1,2,0,0,2,0,2,0,3,1,0,3,5,1,0,0,0,0,0,0,0,0,0,0,0,0,0,0
8487367,1,4,0,0,1,0,1,1,0,1,0,2,1,0,0,0,0,0,0,0,0,0,0,0,0,0,0,0
8490325,1,2,4,4,5,4,3,2,4,4,4,6,2,2,0,0,0,0,0,0,0,0,0,0,0,0,0,0
8490325,1,4,60,57,28,17,20,25,16,15,12,9,18,17,0,0,0,0,0,0,0,0,0,0,0,0,0,0
8490325,2,5,21,19,13,5,7,9,6,4,2,5,3,5,0,0,0,0,0,0,0,0,0,0,0,0,0,0
8490325,2,6,0,2,0,0,0,1,0,1,1,0,3,0,0,0,0,0,0,0,0,0,0,0,0,0,0,0
8496989,1,2,0,0,0,0,1,0,0,0,0,0,1,0,0,0,0,0,0,0,0,0,0,0,0,0,0,0
8496989,1,4,0,0,1,2,3,0,4,1,2,3,2,1,0,0,0,0,0,0,0,0,0,0,0,0,0,0
8500579,1,2,0,0,2,2,2,2,1,0,3,2,0,3,0,0,0,0,0,0,0,0,0,0,0,0,0,0
8500579,1,3,0,0,0,1,0,0,0,0,0,0,0,1,0,0,0,0,0,0,0,0,0,0,0,0,0,0
8500579,1,4,0,0,8,6,7,2,4,7,3,6,1,3,0,0,0,0,0,0,0,0,0,0,0,0,0,0
8500579,2,10,0,0,0,1,0,0,0,0,0,0,0,0,0,0,0,0,0,0,0,0,0,0,0,0,0,0
8500579,3,13,0,0,6,9,8,3,5,7,6,6,1,6,0,0,0,0,0,0,0,0,0,0,0,0,0,0
8506431,1,2,0,0,2,4,2,4,4,2,4,1,3,1,0,0,0,0,0,0,0,0,0,0,0,0,0,0
8506431,1,4,0,0,0,0,0,1,0,1,0,0,0,1,0,0,0,0,0,0,0,0,0,0,0,0,0,0
8506431,3,13,0,0,2,4,2,5,4,3,4,1,3,2,0,0,0,0,0,0,0,0,0,0,0,0,0,0
8507593,1,1,17,11,0,0,0,0,2,0,2,0,4,3,0,1,0,0,0,0,0,0,0,0,0,0,1,0
8507593,1,2,37,40,21,15,9,9,9,8,18,6,7,13,14,11,12,6,7,5,9,3,5,2,8,5,10,2
8507593,1,3,2,2,0,0,3,2,1,1,0,0,0,0,0,0,0,0,0,0,0,0,0,0,1,0,0,0
8507593,1,4,208,192,102,78,70,54,62,32,64,38,42,40,66,50,53,27,53,28,45,35,33,23,69,40,46,41
8507593,2,5,12,10,2,0,2,2,2,4,5,0,3,1,6,2,4,0,0,2,3,0,3,1,1,0,2,2
8507593,2,6,1,0,0,1,0,0,0,0,0,0,0,0,0,0,1,0,0,0,0,0,1,0,1,0,1,2
8507593,2,10,4,1,0,0,0,0,0,0,0,0,0,0,0,0,0,0,0,0,0,0,0,0,0,0,0,0
8507593,3,13,0,2,0,0,0,0,0,0,0,0,0,0,0,1,0,0,0,0,0,0,0,0,0,0,1,0
8509743,1,2,0,0,0,0,0,0,1,0,1,1,0,1,0,0,0,0,0,0,0,0,0,0,0,0,0,0
8509743,1,3,0,0,3,2,0,1,2,2,0,0,0,1,0,0,0,0,0,0,0,0,0,0,0,0,0,0
8509743,1,4,0,0,2,8,2,3,6,3,4,4,4,2,0,0,0,0,0,0,0,0,0,0,0,0,0,0
8509743,3,13,0,0,0,1,0,0,0,0,0,0,0,0,0,0,0,0,0,0,0,0,0,0,0,0,0,0
8512869,1,4,0,0,5,5,5,7,5,5,6,10,8,7,0,0,0,0,0,0,0,0,0,0,0,0,0,0
8512869,3,13,0,0,5,5,5,7,5,5,6,10,8,7,0,0,0,0,0,0,0,0,0,0,0,0,0,0
8522881,1,4,0,0,1,4,5,4,1,3,6,3,3,4,0,0,0,0,0,0,0,0,0,0,0,0,0,0
8522881,3,13,0,0,0,1,0,0,0,0,0,0,0,0,0,0,0,0,0,0,0,0,0,0,0,0,0,0
8530895,1,1,0,0,0,0,0,1,0,0,0,0,0,0,0,0,0,1,0,0,0,0,0,0,0,0,0,0
8530895,1,2,0,0,0,0,0,0,0,1,0,0,0,0,0,1,0,0,0,1,0,0,0,0,0,0,0,0
8530895,1,3,0,0,0,1,0,0,0,0,0,0,0,0,0,0,0,0,0,0,0,0,0,0,0,0,0,0
8530895,1,4,0,0,9,9,6,11,16,10,11,14,9,11,10,14,10,13,14,18,0,0,0,0,0,0,0,0
8530895,2,10,0,0,0,1,0,0,0,0,0,0,0,0,0,0,0,0,0,0,0,0,0,0,0,0,0,0
8530895,3,13,0,0,9,10,2,6,1,0,2,0,2,0,9,11,1,2,9,18,0,0,0,0,0,0,0,0
8535756,1,2,0,0,1,0,0,1,0,0,1,0,0,0,0,0,0,0,0,0,0,0,0,0,0,0,0,0
8535756,1,4,0,0,1,2,2,0,0,1,1,3,2,1,0,0,0,0,0,0,0,0,0,0,0,0,0,0
8544414,1,3,0,0,2,0,0,2,0,0,0,0,0,1,0,0,0,0,0,0,0,0,0,0,0,0,0,0
8544414,1,4,0,0,0,1,0,1,4,2,1,2,0,0,0,0,0,0,0,0,0,0,0,0,0,0,0,0
8544414,3,13,0,0,0,0,0,0,0,0,0,0,0,1,0,0,0,0,0,0,0,0,0,0,0,0,0,0
8544896,1,1,0,0,1,0,0,0,1,0,0,2,1,0,1,0,1,0,0,0,0,0,0,0,0,0,0,0
8544896,1,2,0,0,2,1,0,0,1,2,0,2,0,0,1,1,0,2,0,0,0,0,0,0,0,0,0,0
8544896,1,4,0,0,1,1,3,0,1,2,3,1,1,3,5,8,2,2,3,3,0,0,0,0,0,0,0,0
8544896,3,13,0,0,1,0,0,0,1,0,0,2,0,0,1,2,1,1,2,2,0,0,0,0,0,0,0,0
8556432,1,1,0,0,0,0,0,0,0,0,0,0,0,0,3,0,1,0,4,0,3,3,4,1,0,0,3,2
8556432,1,2,0,0,0,0,0,0,0,0,0,0,0,0,10,5,6,7,6,14,12,11,7,13,9,10,6,5
8556432,1,3,0,0,0,0,0,0,0,0,0,0,0,0,1,0,0,0,0,1,0,0,0,0,0,0,0,0
8556432,1,4,0,0,0,0,0,0,0,0,0,0,0,0,13,6,10,12,8,15,12,9,17,12,14,16,9,12
8556432,2,5,0,0,0,0,0,0,0,0,0,0,0,0,1,2,0,0,0,0,1,1,1,2,1,1,0,1
8556432,2,6,0,0,0,0,0,0,0,0,0,0,0,0,0,0,0,0,0,1,1,0,0,0,1,0,0,0
8556432,3,13,0,0,0,0,0,0,0,0,0,0,0,0,20,9,12,17,18,30,27,22,20,16,7,12,3,2
8559108,1,1,0,0,2,0,0,0,1,0,0,0,0,2,0,0,1,0,1,1,0,0,0,0,0,0,0,0
8559108,1,2,0,0,1,3,1,0,0,0,0,0,0,0,3,0,2,1,1,1,0,0,0,0,0,0,0,0
8559108,1,3,0,0,0,0,1,2,0,0,0,0,0,0,0,0,0,0,0,0,0,0,0,0,0,0,0,0
8559108,1,4,0,0,4,11,11,12,10,8,4,8,15,13,8,19,10,12,10,11,0,0,0,0,0,0,0,0
8559108,2,5,0,0,2,1,0,3,1,3,0,0,0,3,2,1,0,2,0,0,0,0,0,0,0,0,0,0
8559108,3,13,0,0,5,14,9,9,5,7,4,7,11,13,9,10,9,10,9,12,0,0,0,0,0,0,0,0
8559117,1,1,0,0,0,0,0,0,0,0,0,0,0,0,0,0,0,0,1,0,0,0,0,0,0,0,0,0
8559117,1,2,1,3,0,1,1,2,1,1,2,3,0,2,5,0,1,1,0,3,0,0,0,0,0,0,0,0
8559117,1,4,3,4,1,3,1,2,2,2,1,2,3,2,3,2,1,3,2,3,0,0,0,0,0,0,0,0
8559117,3,13,0,0,1,4,2,4,3,3,2,5,3,3,8,2,2,3,2,5,0,0,0,0,0,0,0,0
8565081,1,2,0,0,0,0,0,0,0,0,0,0,0,0,2,3,1,3,3,6,5,14,4,3,3,3,2,3
8565081,1,3,0,0,0,0,0,0,0,0,0,0,0,0,0,0,0,1,1,1,1,2,1,1,0,1,1,2
8565081,1,4,0,0,0,0,0,0,0,0,0,0,0,0,19,24,22,15,32,29,61,42,60,51,35,24,24,37
8565081,2,5,0,0,0,0,0,0,0,0,0,0,0,0,0,0,0,0,0,0,0,0,1,0,0,0,0,0
8565081,2,6,0,0,0,0,0,0,0,0,0,0,0,0,1,0,0,0,0,0,1,1,0,0,0,0,0,0
8565081,3,13,0,0,0,0,0,0,0,0,0,0,0,0,0,4,1,6,1,0,6,5,5,4,3,1,0,1
8566453,1,1,0,0,0,0,0,0,1,0,1,1,0,1,0,1,0,1,1,2,1,0,0,1,0,2,1,0
8566453,1,2,13,10,7,4,6,5,10,2,7,5,3,3,12,3,10,6,11,6,6,5,4,4,11,8,12,12
8566453,1,3,0,0,0,0,0,0,0,0,0,0,0,0,0,0,1,0,0,0,0,0,0,0,0,1,0,1
8566453,1,4,88,58,40,29,36,22,30,29,33,39,33,33,56,38,67,32,50,30,64,28,82,46,81,64,82,57
8566453,2,5,27,23,12,10,11,7,12,11,13,12,8,14,14,10,16,15,11,11,11,10,16,12,15,9,15,11
8566453,2,6,1,0,0,1,0,0,0,1,0,0,0,0,0,1,1,0,0,0,0,0,0,1,2,0,0,0
8566453,3,13,0,1,0,0,0,0,0,0,1,1,0,1,0,1,1,0,0,2,1,0,0,1,0,2,1,0
8574132,1,2,0,0,3,6,2,2,7,0,2,2,3,2,0,0,0,0,0,0,0,0,0,0,0,0,0,0
8574132,1,4,0,0,16,10,12,10,8,7,14,13,6,9,0,0,0,0,0,0,0,0,0,0,0,0,0,0
8574132,2,6,0,0,0,0,0,0,0,0,0,1,0,0,0,0,0,0,0,0,0,0,0,0,0,0,0,0
8574132,3,13,0,0,19,16,14,12,15,7,16,15,9,11,0,0,0,0,0,0,0,0,0,0,0,0,0,0
8580419,1,1,0,0,2,5,0,0,0,0,0,0,0,0,0,0,0,0,0,0,0,0,0,0,0,0,0,0
8580419,1,2,0,0,0,0,1,0,0,0,0,0,0,1,0,0,0,0,0,0,0,0,0,0,0,0,0,0
8580419,1,4,0,0,0,0,4,3,3,3,6,3,5,8,0,0,0,0,0,0,0,0,0,0,0,0,0,0
8580419,3,13,0,0,0,1,0,0,0,0,0,0,0,0,0,0,0,0,0,0,0,0,0,0,0,0,0,0
8580463,1,1,0,0,0,0,0,1,0,0,0,2,0,0,0,0,0,0,0,0,0,0,0,0,0,0,0,0
8580463,1,2,0,0,0,0,0,0,2,1,0,1,0,1,0,0,0,0,0,0,0,0,0,0,0,0,0,0
8580463,1,3,0,0,0,0,0,0,0,0,1,0,0,0,0,0,0,0,0,0,0,0,0,0,0,0,0,0
8580463,1,4,0,0,1,4,1,3,0,1,3,1,1,4,0,0,0,0,0,0,0,0,0,0,0,0,0,0
8580463,3,13,0,0,0,0,0,0,0,0,1,1,0,0,0,0,0,0,0,0,0,0,0,0,0,0,0,0
8584553,1,2,0,0,1,1,2,0,0,0,1,0,0,0,0,0,0,0,0,0,0,0,0,0,0,0,0,0
8584553,1,4,0,0,1,2,4,1,3,5,1,0,3,0,0,0,0,0,0,0,0,0,0,0,0,0,0,0
8584553,3,13,0,0,0,0,1,0,1,2,0,0,0,0,0,0,0,0,0,0,0,0,0,0,0,0,0,0
8603515,1,4,0,0,2,0,3,1,1,2,0,3,3,5,0,0,0,0,0,0,0,0,0,0,0,0,0,0
8603515,3,13,0,0,2,0,3,0,1,2,0,3,3,4,0,0,0,0,0,0,0,0,0,0,0,0,0,0
8614839,1,1,0,0,0,1,0,0,0,0,0,0,0,0,0,0,0,0,0,0,0,0,0,0,0,0,0,0
8614839,1,4,0,0,0,0,1,1,3,1,3,0,2,2,0,0,0,0,0,0,0,0,0,0,0,0,0,0
8615535,1,1,17,7,1,3,6,3,6,8,14,5,0,1,5,5,3,1,4,7,2,4,23,5,8,11,4,4
8615535,1,2,2,1,1,0,3,0,1,0,3,1,1,1,2,2,0,4,2,0,5,3,3,3,1,0,4,0
8615535,1,3,0,0,0,0,0,0,0,0,0,0,0,0,1,0,0,0,1,0,0,0,0,0,0,0,0,2
8615535,1,4,1,2,12,6,12,2,5,0,8,2,14,6,19,19,14,8,20,17,22,12,14,7,10,3,28,13
8615535,2,5,0,0,1,0,0,0,1,0,0,0,1,0,1,0,1,0,1,0,3,0,0,0,0,0,0,2
8615535,2,6,1,0,1,2,4,0,2,1,2,1,0,0,2,2,3,3,1,2,2,3,2,2,1,2,3,0
8615535,3,13,0,0,0,0,0,0,0,0,2,1,0,1,2,2,1,1,3,6,2,3,5,2,2,3,0,2
8615783,1,2,0,0,0,0,0,0,0,0,0,0,0,0,0,0,1,1,0,0,0,0,1,2,0,0,1,0
8615783,1,4,0,0,0,0,0,0,0,0,0,0,0,0,17,11,22,22,22,17,20,18,18,15,15,13,10,15
8615783,3,13,0,0,0,0,0,0,0,0,0,0,0,0,0,0,0,0,0,0,0,0,1,0,1,0,0,0
8619567,1,1,0,0,2,0,0,0,0,1,0,0,0,0,0,0,0,0,0,0,0,0,0,0,0,0,0,0
8619567,1,2,0,0,1,0,2,1,1,1,3,3,1,1,0,0,0,0,0,0,0,0,0,0,0,0,0,0
8619567,1,3,0,0,0,2,0,0,1,0,1,0,0,0,0,0,0,0,0,0,0,0,0,0,0,0,0,0
8619567,1,4,0,0,0,1,0,3,1,0,0,2,2,1,0,0,0,0,0,0,0,0,0,0,0,0,0,0
8619567,2,5,0,0,1,0,0,0,0,0,0,0,0,0,0,0,0,0,0,0,0,0,0,0,0,0,0,0
8619567,3,13,0,0,0,0,0,0,0,1,0,0,0,0,0,0,0,0,0,0,0,0,0,0,0,0,0,0
8621352,1,2,0,0,0,0,0,0,1,0,0,0,0,1,0,0,0,0,0,0,0,0,0,0,0,0,0,0
8621352,1,4,0,0,0,1,1,0,0,1,0,1,1,1,0,0,0,0,0,0,0,0,0,0,0,0,0,0
8622520,1,2,0,0,1,0,1,0,0,0,0,0,2,0,0,0,0,0,0,0,0,0,0,0,0,0,0,0
8622520,1,4,0,0,0,0,1,0,1,0,1,3,0,0,0,0,0,0,0,0,0,0,0,0,0,0,0,0
8622520,3,13,0,0,1,0,2,0,1,0,1,2,1,0,0,0,0,0,0,0,0,0,0,0,0,0,0,0
8634958,1,2,0,0,1,1,0,2,2,2,5,0,1,1,0,0,4,4,5,4,0,0,0,0,0,0,0,0
8634958,1,3,0,0,0,0,0,0,0,0,0,0,0,0,1,0,0,0,1,2,0,0,0,0,0,0,0,0
8634958,1,4,0,0,5,3,3,3,7,3,1,4,6,3,10,12,14,12,13,10,0,0,0,0,0,0,0,0
8634958,3,13,0,0,0,0,0,0,0,0,0,0,0,0,0,0,2,3,1,0,0,0,0,0,0,0,0,0
8635537,1,4,0,0,4,3,3,4,3,2,6,2,2,5,0,0,0,0,0,0,0,0,0,0,0,0,0,0
8635537,3,13,0,0,4,1,3,4,3,1,5,0,2,5,0,0,0,0,0,0,0,0,0,0,0,0,0,0
8639394,1,1,0,0,0,1,0,0,1,1,0,0,0,0,0,0,0,0,0,0,0,0,0,0,0,0,0,0
8639394,1,2,0,0,4,1,3,3,1,0,2,4,0,2,0,0,0,0,0,0,0,0,0,0,0,0,0,0
8639394,1,4,0,0,2,1,0,0,0,1,0,0,1,0,0,0,0,0,0,0,0,0,0,0,0,0,0,0
8639394,3,13,0,0,0,0,0,0,0,1,0,0,0,0,0,0,0,0,0,0,0,0,0,0,0,0,0,0
8645261,1,4,0,0,1,1,1,0,6,2,0,1,0,3,0,0,0,0,0,0,0,0,0,0,0,0,0,0
8645754,1,2,0,0,1,1,1,3,0,0,1,0,0,0,0,0,0,0,0,0,0,0,0,0,0,0,0,0
8645754,1,4,0,0,0,0,2,1,0,0,0,0,0,0,0,0,0,0,0,0,0,0,0,0,0,0,0,0
8658127,1,1,4,1,0,0,0,0,4,1,4,5,7,0,0,0,0,0,0,0,0,0,0,0,0,0,0,0
8658127,1,2,0,3,1,0,0,0,0,0,1,1,0,0,0,0,0,0,0,0,0,0,0,0,0,0,0,0
8658127,1,4,18,24,14,5,8,2,4,3,0,1,0,1,0,0,0,0,0,0,0,0,0,0,0,0,0,0
8658127,2,5,3,5,2,1,1,0,2,0,1,1,2,0,0,0,0,0,0,0,0,0,0,0,0,0,0,0
8658127,3,13,0,0,0,0,0,0,0,0,0,0,1,0,0,0,0,0,0,0,0,0,0,0,0,0,0,0
8659257,1,1,0,0,3,1,0,0,0,0,0,0,0,0,0,0,0,0,0,0,0,0,0,0,0,0,0,0
8659257,1,2,0,0,0,1,0,0,0,1,0,0,0,0,0,0,0,0,0,0,0,0,0,0,0,0,0,0
8659257,1,4,0,0,0,1,1,3,1,6,2,2,4,7,0,0,0,0,0,0,0,0,0,0,0,0,0,0
8659257,3,13,0,0,3,3,1,3,1,7,2,2,4,7,0,0,0,0,0,0,0,0,0,0,0,0,0,0
8673480,1,2,0,0,0,0,0,1,1,2,1,0,1,0,0,0,0,0,0,0,0,0,0,0,0,0,0,0
8673480,1,4,0,0,4,5,6,8,2,7,5,8,8,5,0,0,0,0,0,0,0,0,0,0,0,0,0,0
8673480,2,5,0,0,0,0,1,2,1,0,0,0,1,0,0,0,0,0,0,0,0,0,0,0,0,0,0,0
8673480,3,13,0,0,4,5,6,9,3,8,6,8,9,5,0,0,0,0,0,0,0,0,0,0,0,0,0,0
8674787,1,2,0,0,1,1,0,2,2,1,1,2,2,1,0,0,0,0,0,0,0,0,0,0,0,0,0,0
8674787,1,4,0,0,1,3,4,4,5,4,6,9,5,5,0,0,0,0,0,0,0,0,0,0,0,0,0,0
8675397,1,1,1,0,0,0,0,0,2,0,2,1,2,2,0,1,0,0,0,1,0,0,1,1,2,0,0,1
8675397,1,2,6,3,0,1,0,1,0,3,4,1,1,1,0,0,2,2,0,1,1,1,1,0,1,0,0,2
8675397,1,3,0,0,0,0,0,0,2,1,1,1,0,0,1,0,3,0,2,1,0,0,0,1,0,0,1,0
8675397,1,4,55,52,24,14,36,23,38,18,34,10,25,20,20,7,12,13,19,11,14,12,23,11,7,2,18,13
8675397,2,5,1,0,1,0,0,0,0,0,1,0,0,1,1,0,0,1,0,0,0,0,0,0,0,0,2,2
8675397,2,6,1,2,0,0,7,0,0,0,0,0,2,0,0,1,0,0,0,0,2,0,1,0,0,0,0,0
8675397,2,8,0,0,1,0,0,0,0,0,0,0,0,0,0,0,0,0,0,0,0,0,0,0,0,0,0,0
8675397,2,10,0,1,0,0,0,0,0,0,0,0,0,0,0,0,0,0,0,0,0,0,0,0,0,0,0,0
8675397,3,13,3,2,0,0,0,0,0,0,0,0,2,2,0,0,0,0,0,1,0,0,1,1,1,0,0,1
8677756,1,2,0,0,0,0,0,0,2,1,0,0,0,1,0,0,0,0,0,0,0,0,0,0,0,0,0,0
8677756,1,4,0,0,1,5,3,2,3,3,0,5,6,3,0,0,0,0,0,0,0,0,0,0,0,0,0,0
8682934,1,1,56,35,1,0,0,0,0,0,0,0,0,0,0,0,0,0,0,0,0,0,0,0,0,0,0,0
8682934,1,2,1,2,1,2,1,0,1,0,0,0,0,0,0,0,0,0,0,0,0,0,0,0,0,0,0,0
8682934,1,4,51,32,43,25,39,22,26,19,13,9,12,6,0,0,0,0,0,0,0,0,0,0,0,0,0,0
8682934,2,5,2,1,0,0,0,1,0,1,0,0,0,0,0,0,0,0,0,0,0,0,0,0,0,0,0,0
8682934,2,6,0,1,0,0,0,0,0,0,0,0,0,0,0,0,0,0,0,0,0,0,0,0,0,0,0,0
8682934,2,10,1,0,0,0,0,0,0,0,0,0,0,0,0,0,0,0,0,0,0,0,0,0,0,0,0,0
8682934,3,13,0,0,0,0,0,0,0,0,0,0,1,0,0,0,0,0,0,0,0,0,0,0,0,0,0,0
8684542,1,1,29,27,9,6,5,5,3,3,2,1,10,2,4,1,1,2,0,0,1,0,0,0,0,0,0,0
8684542,1,2,5,5,4,9,2,4,9,4,5,3,7,4,6,6,2,3,0,3,1,3,1,3,1,3,5,1
8684542,1,3,2,0,0,2,0,0,0,0,1,0,0,0,0,0,1,0,0,0,0,0,0,0,0,0,0,0
8684542,1,4,162,126,91,69,69,60,61,48,55,47,54,29,50,34,34,29,47,20,44,11,21,9,39,15,12,15
8684542,2,5,9,6,5,2,3,7,3,1,6,2,4,2,2,2,0,2,5,2,0,1,0,1,3,1,0,0
8684542,2,6,0,0,1,1,1,0,0,0,2,0,0,0,0,0,1,0,1,0,0,0,1,0,0,0,1,0
8684542,2,10,3,0,4,4,1,0,0,0,0,0,0,0,0,0,0,0,0,0,0,0,0,0,0,0,0,0
8684542,3,13,0,0,0,0,0,0,0,0,0,0,0,0,2,0,1,0,0,0,0,0,0,0,0,0,0,0
8684730,1,4,0,0,10,5,4,7,7,4,5,8,9,6,17,6,13,10,9,8,0,0,0,0,0,0,0,0
8684730,3,13,0,0,0,0,0,0,0,0,0,0,0,0,2,1,0,0,1,2,0,0,0,0,0,0,0,0
8691392,1,2,0,0,1,3,4,4,4,4,3,7,7,4,5,6,5,3,5,7,0,0,0,0,0,0,0,0
8691392,1,4,0,0,2,2,2,0,0,2,0,1,4,2,1,1,0,6,2,3,0,0,0,0,0,0,0,0
8691392,3,13,0,0,3,5,6,4,4,6,3,8,11,6,6,7,5,9,7,10,0,0,0,0,0,0,0,0
8692873,1,2,0,0,0,0,0,0,0,0,0,1,0,0,0,0,0,0,0,0,0,0,0,0,0,0,0,0
8692873,1,4,0,0,7,3,5,4,5,2,3,3,5,4,0,0,0,0,0,0,0,0,0,0,0,0,0,0
8692873,3,13,0,0,6,3,5,3,5,2,3,4,5,4,0,0,0,0,0,0,0,0,0,0,0,0,0,0
8696125,1,2,0,0,1,0,0,0,0,1,0,0,0,0,0,0,0,1,0,0,0,0,0,0,0,0,0,0
8696125,1,4,0,0,2,5,1,1,2,2,3,4,0,4,0,4,3,1,9,3,0,0,0,0,0,0,0,0
8696125,3,13,0,0,3,5,1,1,1,3,3,4,0,4,0,4,3,2,9,3,0,0,0,0,0,0,0,0
8708149,1,2,0,0,0,0,0,0,0,0,0,0,0,0,1,3,1,0,1,0,2,0,0,0,0,0,0,0
8708149,1,4,0,0,0,0,0,0,0,0,0,0,0,0,13,11,12,14,12,10,12,19,6,12,0,0,0,0
8708149,3,13,0,0,0,0,0,0,0,0,0,0,0,0,0,1,1,2,1,0,0,4,3,9,0,0,0,0
8711221,1,1,0,0,0,0,0,0,0,0,0,0,0,0,4,2,4,5,7,1,18,11,9,14,9,5,8,10
8711221,1,2,0,0,0,0,0,0,0,0,0,0,0,0,24,24,27,29,29,19,36,27,33,28,32,34,31,39
8711221,1,3,0,0,0,0,0,0,0,0,0,0,0,0,6,1,1,4,2,1,2,0,1,1,0,1,0,0
8711221,1,4,0,0,0,0,0,0,0,0,0,0,0,0,87,71,84,81,75,72,127,113,107,99,117,125,87,115
8711221,2,5,0,0,0,0,0,0,0,0,0,0,0,0,4,4,5,6,7,2,4,7,7,3,9,4,2,3
8711221,2,6,0,0,0,0,0,0,0,0,0,0,0,0,0,4,2,2,2,3,5,2,2,1,3,4,0,2
8711221,2,7,0,0,0,0,0,0,0,0,0,0,0,0,0,0,1,0,0,0,0,0,0,0,0,0,0,0
8711221,3,13,0,0,0,0,0,0,0,0,0,0,0,0,7,8,9,8,9,1,26,18,13,17,11,14,13,11
8724239,1,1,0,0,1,1,0,5,1,4,3,2,2,1,0,0,0,0,0,0,0,0,0,0,0,0,0,0
8724239,1,2,0,0,9,4,4,5,8,8,6,8,14,8,0,0,0,0,0,0,0,0,0,0,0,0,0,0
8724239,1,3,0,0,0,0,0,0,0,0,0,0,0,1,0,0,0,0,0,0,0,0,0,0,0,0,0,0
8724239,1,4,0,0,34,39,38,35,32,33,41,31,34,46,0,0,0,0,0,0,0,0,0,0,0,0,0,0
8724239,2,5,0,0,13,9,8,10,4,6,10,7,8,8,0,0,0,0,0,0,0,0,0,0,0,0,0,0
8724239,2,6,0,0,3,9,4,5,4,3,5,7,7,5,0,0,0,0,0,0,0,0,0,0,0,0,0,0
8724239,2,7,0,0,0,0,1,0,0,0,0,0,0,0,0,0,0,0,0,0,0,0,0,0,0,0,0,0
8724239,3,13,0,0,42,42,40,43,39,44,48,41,49,54,0,0,0,0,0,0,0,0,0,0,0,0,0,0
8725776,1,2,0,0,0,0,0,0,0,0,0,0,0,0,2,0,2,3,2,2,4,2,1,1,0,0,0,0
8725776,1,4,0,0,0,0,0,0,0,0,0,0,0,0,17,22,25,21,27,24,29,12,28,21,0,0,0,0
8725776,3,13,0,0,0,0,0,0,0,0,0,0,0,0,2,0,2,1,2,0,0,0,1,1,0,0,0,0
8726453,1,1,0,0,0,0,0,1,0,2,0,3,0,1,1,1,1,1,0,0,0,0,0,0,0,0,0,0
8726453,1,2,0,0,0,1,0,0,1,0,0,1,0,0,1,3,0,2,0,1,0,0,0,0,0,0,0,0
8726453,1,3,0,0,0,0,0,1,0,0,0,0,0,0,0,0,0,0,0,0,0,0,0,0,0,0,0,0
8726453,1,4,0,0,2,7,3,2,4,6,4,5,7,4,7,5,3,7,10,4,0,0,0,0,0,0,0,0
8726453,2,5,0,0,2,4,2,2,2,1,2,5,3,2,2,1,1,1,4,1,0,0,0,0,0,0,0,0
8726453,3,13,0,0,1,7,3,4,5,7,4,8,7,5,9,9,4,10,6,3,0,0,0,0,0,0,0,0
8726899,1,2,0,0,0,0,1,0,0,0,0,0,0,0,0,0,0,0,0,0,0,0,0,0,0,0,0,0
8726899,1,3,0,0,1,0,1,0,0,0,0,0,0,0,0,0,0,0,0,0,0,0,0,0,0,0,0,0
8726899,1,4,0,0,0,3,3,2,2,0,1,2,0,0,0,0,0,0,0,0,0,0,0,0,0,0,0,0
8727322,1,4,0,0,0,0,1,0,2,2,0,1,0,0,0,0,0,0,0,0,0,0,0,0,0,0,0,0
8727322,2,5,0,0,0,0,1,0,0,1,0,0,0,0,0,0,0,0,0,0,0,0,0,0,0,0,0,0
8727322,3,13,0,0,0,0,0,0,2,1,0,1,0,0,0,0,0,0,0,0,0,0,0,0,0,0,0,0
8735206,1,4,0,0,0,1,0,2,1,1,2,2,3,0,0,0,0,0,0,0,0,0,0,0,0,0,0,0
8735206,3,13,0,0,0,1,0,2,1,1,2,2,3,0,0,0,0,0,0,0,0,0,0,0,0,0,0,0
8735684,1,2,0,0,0,0,3,0,0,2,1,0,1,0,0,1,1,4,1,1,0,0,0,0,0,0,0,0
8735684,1,3,0,0,0,1,1,1,0,1,0,1,0,1,1,0,0,1,0,0,0,0,0,0,0,0,0,0
8735684,1,4,0,0,6,3,5,5,6,6,9,1,6,6,6,10,5,6,8,7,0,0,0,0,0,0,0,0
8735684,3,13,0,0,6,4,9,6,6,9,10,2,7,7,7,11,6,11,9,8,0,0,0,0,0,0,0,0
8741264,1,1,0,0,0,0,0,2,0,1,0,0,0,0,0,0,0,0,0,0,0,0,0,0,0,0,0,0
8741264,1,2,0,0,0,0,0,1,1,0,1,0,1,1,0,0,0,0,0,0,0,0,0,0,0,0,0,0
8741264,1,4,0,0,3,2,2,0,2,0,0,0,6,1,0,0,0,0,0,0,0,0,0,0,0,0,0,0
8741264,2,6,0,0,0,1,0,0,0,0,0,0,1,0,0,0,0,0,0,0,0,0,0,0,0,0,0,0
8741264,3,13,0,0,3,1,1,0,0,1,0,0,0,0,0,0,0,0,0,0,0,0,0,0,0,0,0,0
8742397,1,1,0,1,0,0,1,1,0,1,0,0,0,0,0,0,0,0,0,0,0,0,0,0,0,0,0,0
8742397,1,2,4,2,1,2,1,0,0,1,0,2,0,4,0,0,0,0,0,0,0,0,0,0,0,0,0,0
8742397,1,4,25,15,9,9,6,1,4,1,7,2,3,3,0,0,0,0,0,0,0,0,0,0,0,0,0,0
8742397,2,5,2,1,0,1,0,0,0,1,0,0,0,0,0,0,0,0,0,0,0,0,0,0,0,0,0,0
8742397,2,6,3,2,2,2,2,0,0,0,0,0,1,1,0,0,0,0,0,0,0,0,0,0,0,0,0,0
8742432,1,1,0,0,9,10,0,0,0,0,0,0,0,0,0,0,0,0,1,0,0,0,0,0,0,0,0,0
8742432,1,2,0,0,0,2,1,1,3,2,2,2,1,1,3,1,0,3,3,1,0,0,0,0,0,0,0,0
8742432,1,4,0,0,1,0,9,13,14,11,18,18,14,17,7,8,9,11,16,10,0,0,0,0,0,0,0,0
8742432,2,5,0,0,0,1,1,2,0,2,0,2,1,0,0,0,0,0,0,0,0,0,0,0,0,0,0,0
8742432,3,13,0,0,0,0,0,0,0,0,0,1,1,0,0,0,1,0,1,0,0,0,0,0,0,0,0,0
8749140,1,2,0,0,1,1,1,0,0,0,0,0,0,0,0,0,0,0,0,0,0,0,0,0,0,0,0,0
8749140,1,4,0,0,2,1,3,3,4,4,3,2,3,11,0,0,0,0,0,0,0,0,0,0,0,0,0,0
8749140,3,13,0,0,3,2,0,0,0,0,0,0,0,0,0,0,0,0,0,0,0,0,0,0,0,0,0,0
8751571,1,1,0,0,0,0,0,0,0,1,0,0,0,0,0,0,0,0,0,0,0,0,0,0,0,0,0,0
8751571,1,2,0,0,0,0,0,0,1,0,0,0,0,0,0,0,0,0,0,0,0,0,0,0,0,0,0,0
8751571,1,3,0,0,0,0,0,1,0,1,0,0,0,1,0,0,0,0,0,0,0,0,0,0,0,0,0,0
8751571,1,4,0,0,4,7,2,4,6,6,5,10,7,8,0,0,0,0,0,0,0,0,0,0,0,0,0,0
8751571,2,6,0,0,0,0,0,0,1,0,0,0,0,0,0,0,0,0,0,0,0,0,0,0,0,0,0,0
8751571,3,13,0,0,0,0,0,0,0,0,0,0,0,1,0,0,0,0,0,0,0,0,0,0,0,0,0,0
8755901,1,4,0,0,1,2,6,2,5,1,1,3,7,5,0,0,0,0,0,0,0,0,0,0,0,0,0,0
8758559,1,2,0,0,1,2,0,4,0,0,2,3,0,1,0,0,0,0,0,0,0,0,0,0,0,0,0,0
8758559,1,3,0,0,0,0,1,0,1,0,0,0,0,0,0,0,0,0,0,0,0,0,0,0,0,0,0,0
8758559,1,4,0,0,1,1,1,0,0,1,2,0,0,2,0,0,0,0,0,0,0,0,0,0,0,0,0,0
8758559,3,13,0,0,2,3,2,4,1,1,4,3,0,3,0,0,0,0,0,0,0,0,0,0,0,0,0,0
8758783,1,1,2,4,3,1,0,1,0,1,3,1,2,1,3,1,0,3,1,0,0,1,2,2,0,0,0,0
8758783,1,2,4,5,3,4,1,2,4,1,1,0,2,1,1,0,0,1,1,0,2,0,0,0,0,0,0,0
8758783,1,3,0,0,0,1,1,0,0,0,0,0,0,0,0,0,0,0,0,0,0,0,0,0,0,0,0,0
8758783,1,4,39,44,23,14,25,22,19,23,15,19,16,11,23,14,19,9,15,14,11,10,10,12,0,0,0,0
8758783,2,5,17,20,13,9,10,12,10,10,8,11,11,6,12,8,8,7,9,6,8,7,6,5,0,0,0,0
8758783,2,6,0,0,0,0,2,1,0,1,0,0,0,0,0,1,0,0,0,0,0,0,0,0,0,0,0,0
8758783,3,13,0,1,0,0,0,0,0,0,1,0,0,0,1,2,0,0,0,0,0,0,0,0,0,0,0,0
8759307,1,4,0,0,0,3,3,2,1,0,2,1,3,1,0,0,0,0,0,0,0,0,0,0,0,0,0,0
8776676,1,2,0,0,0,0,0,0,0,0,1,0,0,0,0,0,0,0,0,0,0,0,0,0,0,0,0,0
8776676,1,4,0,0,1,1,1,0,2,0,1,2,1,3,0,0,0,0,0,0,0,0,0,0,0,0,0,0
8783948,1,2,0,0,0,0,0,0,0,0,0,1,0,0,0,0,0,0,0,0,0,0,0,0,0,0,0,0
8783948,1,3,0,0,0,0,0,0,0,0,0,0,1,0,0,0,0,0,0,0,0,0,0,0,0,0,0,0
8783948,1,4,0,0,3,1,3,3,3,2,3,4,2,5,0,0,0,0,0,0,0,0,0,0,0,0,0,0
8783948,3,13,0,0,3,1,3,3,3,2,3,5,3,5,0,0,0,0,0,0,0,0,0,0,0,0,0,0
8784681,1,1,0,0,0,0,0,0,0,0,0,0,1,0,0,0,0,0,0,0,0,0,0,0,0,0,0,0
8784681,1,2,0,0,2,0,4,4,1,3,4,2,2,3,0,0,0,0,0,0,0,0,0,0,0,0,0,0
8784681,1,4,0,0,3,7,5,3,9,3,4,2,6,7,0,0,0,0,0,0,0,0,0,0,0,0,0,0
8784681,3,13,0,0,5,7,8,6,8,6,5,4,9,9,0,0,0,0,0,0,0,0,0,0,0,0,0,0
8787317,1,1,0,0,1,1,0,0,0,0,0,0,0,0,0,0,0,0,0,0,0,0,0,0,0,0,0,0
8787317,1,4,0,0,0,0,3,2,3,1,4,4,2,3,0,0,0,0,0,0,0,0,0,0,0,0,0,0
8787317,2,5,0,0,0,0,0,0,0,0,0,0,1,0,0,0,0,0,0,0,0,0,0,0,0,0,0,0
8787317,3,13,0,0,0,0,0,0,0,1,1,0,0,0,0,0,0,0,0,0,0,0,0,0,0,0,0,0
8791681,1,1,0,0,0,0,1,1,1,0,0,0,0,0,0,0,0,0,0,0,0,0,0,0,0,0,0,0
8791681,1,4,0,0,6,5,3,8,9,6,5,8,5,7,0,0,0,0,0,0,0,0,0,0,0,0,0,0
8791681,2,5,0,0,6,5,3,8,9,6,5,8,5,7,0,0,0,0,0,0,0,0,0,0,0,0,0,0
8791681,3,13,0,0,0,0,1,1,1,0,0,0,0,0,0,0,0,0,0,0,0,0,0,0,0,0,0,0
8801650,1,2,0,0,0,1,0,0,0,0,0,0,0,0,0,0,0,0,0,0,0,0,0,0,0,0,0,0
8801650,1,4,0,0,0,1,1,0,1,5,1,1,0,1,0,0,0,0,0,0,0,0,0,0,0,0,0,0
8807983,1,2,0,0,1,0,1,1,4,2,0,2,4,1,0,0,0,0,0,0,0,0,0,0,0,0,0,0
8807983,1,4,0,0,2,1,1,0,2,4,1,5,0,5,0,0,0,0,0,0,0,0,0,0,0,0,0,0
8807983,2,5,0,0,1,1,1,0,2,4,1,3,0,2,0,0,0,0,0,0,0,0,0,0,0,0,0,0
8807983,3,13,0,0,0,0,0,0,1,0,0,0,0,0,0,0,0,0,0,0,0,0,0,0,0,0,0,0
8816652,1,1,0,0,0,0,0,0,0,0,0,0,0,0,0,0,1,0,0,1,0,2,2,0,2,2,0,3
8816652,1,2,0,0,0,0,0,0,0,0,0,0,0,0,3,5,2,1,3,4,9,5,3,1,4,5,3,8
8816652,1,4,0,0,0,0,0,0,0,0,0,0,0,0,5,1,6,2,5,4,15,5,15,9,5,12,8,3
8816652,2,5,0,0,0,0,0,0,0,0,0,0,0,0,1,0,0,0,1,2,0,0,0,0,0,0,0,0
8816652,3,13,0,0,0,0,0,0,0,0,0,0,0,0,8,6,9,3,8,9,24,12,20,10,11,19,11,14
8823052,1,1,0,0,0,0,0,0,0,0,0,0,0,0,0,1,0,0,0,0,0,0,0,0,0,0,0,0
8823052,1,2,0,0,0,0,0,0,0,0,0,0,0,0,0,6,0,7,0,6,0,0,0,0,0,0,0,0
8823052,1,3,0,0,0,0,0,0,0,0,0,0,0,0,0,3,0,8,0,6,0,0,0,0,0,0,0,0
8823052,1,4,0,0,0,0,0,0,0,0,0,0,0,0,0,13,0,19,0,17,0,0,0,0,0,0,0,0
8823052,2,6,0,0,0,0,0,0,0,0,0,0,0,0,0,0,0,0,0,1,0,0,0,0,0,0,0,0
8823052,3,13,0,0,0,0,0,0,0,0,0,0,0,0,0,20,0,25,0,23,0,0,0,0,0,0,0,0
8824502,1,2,0,0,0,0,0,0,0,0,1,0,0,0,0,0,0,0,0,0,0,0,0,0,0,0,0,0
8824502,1,4,0,0,2,3,0,3,3,3,3,1,4,4,0,0,0,0,0,0,0,0,0,0,0,0,0,0
8824502,3,13,0,0,2,3,0,3,3,3,4,1,4,4,0,0,0,0,0,0,0,0,0,0,0,0,0,0
8825719,1,2,0,0,1,0,3,0,1,0,1,2,2,0,0,0,0,0,0,0,0,0,0,0,0,0,0,0
8825719,1,4,0,0,1,2,1,2,1,1,3,0,0,7,0,0,0,0,0,0,0,0,0,0,0,0,0,0
8825719,3,13,0,0,2,2,4,2,2,1,4,2,2,7,0,0,0,0,0,0,0,0,0,0,0,0,0,0
8826458,1,1,0,0,0,0,0,0,0,1,0,0,0,1,0,0,0,0,0,0,0,0,0,0,0,0,0,0
8826458,1,2,0,0,0,0,0,0,1,0,0,0,0,1,0,0,0,0,0,0,0,0,0,0,0,0,0,0
8826458,1,3,0,0,0,0,0,0,0,1,0,0,0,0,0,0,0,0,0,0,0,0,0,0,0,0,0,0
8826458,1,4,0,0,0,1,0,1,0,0,2,1,0,1,0,0,0,0,0,0,0,0,0,0,0,0,0,0
8826458,3,13,0,0,0,1,0,1,1,2,2,1,0,3,0,0,0,0,0,0,0,0,0,0,0,0,0,0
8830819,1,1,0,0,2,1,0,0,0,0,0,0,0,0,0,0,0,0,0,0,0,0,0,0,0,0,0,0
8830819,1,2,0,0,0,0,0,0,0,0,0,1,0,0,0,0,0,0,0,0,0,0,0,0,0,0,0,0
8830819,1,4,0,0,0,2,2,3,3,3,3,4,3,5,0,0,0,0,0,0,0,0,0,0,0,0,0,0
8830819,2,5,0,0,0,0,1,1,1,0,0,0,1,1,0,0,0,0,0,0,0,0,0,0,0,0,0,0
8837845,1,1,13,18,6,8,2,2,7,6,5,7,9,5,6,9,14,8,11,9,14,15,8,11,4,24,6,15
8837845,1,2,10,14,9,10,11,9,6,7,12,9,9,3,6,6,11,7,4,5,9,7,6,3,1,7,3,5
8837845,1,3,0,0,0,0,0,1,0,0,0,1,0,0,0,0,0,0,0,0,1,0,0,0,0,1,0,0
8837845,1,4,87,71,65,49,48,32,55,49,59,39,70,30,39,36,50,39,45,41,45,40,31,29,37,29,29,38
8837845,2,5,3,3,3,4,4,3,0,2,4,0,2,1,2,1,2,0,3,1,3,2,0,1,0,1,1,1
8837845,2,6,5,3,1,3,4,2,5,4,4,2,7,3,1,3,4,3,2,3,1,3,3,0,2,3,3,0
8837845,2,10,0,0,0,0,0,0,0,0,0,0,0,0,0,0,0,0,0,0,0,0,1,0,0,0,0,0
8837845,3,13,50,51,4,4,0,0,2,3,6,6,9,5,7,10,17,8,11,9,10,13,8,11,4,27,6,15
8838406,1,2,3,5,2,0,0,1,0,3,1,0,1,1,7,2,5,2,5,3,0,0,0,0,0,0,0,0
8838406,1,4,2,0,0,1,1,0,1,2,1,1,1,2,4,2,2,4,8,1,0,0,0,0,0,0,0,0
8841026,1,1,0,0,0,0,0,0,0,0,0,0,0,0,2,5,5,1,3,0,1,3,0,1,1,0,0,0
8841026,1,2,0,0,0,0,0,0,0,0,0,0,0,0,7,10,11,12,14,15,11,11,7,13,10,12,7,16
8841026,1,3,0,0,0,0,0,0,0,0,0,0,0,0,0,0,0,1,0,0,0,0,0,0,0,0,0,1
8841026,1,4,0,0,0,0,0,0,0,0,0,0,0,0,48,50,56,66,57,65,51,76,46,52,42,43,27,44
8841026,2,5,0,0,0,0,0,0,0,0,0,0,0,0,5,6,6,10,6,10,7,10,3,6,6,3,1,3
8841026,2,6,0,0,0,0,0,0,0,0,0,0,0,0,8,4,8,14,13,9,4,20,5,12,8,13,7,10
8841026,3,13,0,0,0,0,0,0,0,0,0,0,0,0,6,8,4,2,1,0,2,4,0,1,1,0,1,0
8846301,1,1,0,0,3,2,0,0,0,0,0,0,0,0,0,0,0,0,0,0,0,0,0,0,0,0,0,0
8846301,1,4,0,0,0,0,7,3,2,3,2,5,4,3,0,0,0,0,0,0,0,0,0,0,0,0,0,0
8854846,1,2,0,1,0,1,2,1,0,0,1,0,2,1,2,0,2,2,1,1,0,0,0,0,0,0,0,0
8854846,1,4,5,5,5,2,3,6,2,5,6,3,9,3,5,4,3,4,2,4,0,0,0,0,0,0,0,0
8854846,3,13,5,6,5,3,5,7,2,5,6,3,11,4,7,4,5,6,3,5,0,0,0,0,0,0,0,0
8857173,1,2,0,0,0,0,0,0,0,0,0,0,0,0,7,7,4,2,4,3,4,4,4,3,0,0,0,0
8857173,1,3,0,0,0,0,0,0,0,0,0,0,0,0,0,3,0,3,0,2,1,1,1,0,0,0,0,0
8857173,1,4,0,0,0,0,0,0,0,0,0,0,0,0,6,12,6,8,8,8,6,10,4,6,0,0,0,0
8857173,3,13,0,0,0,0,0,0,0,0,0,0,0,0,0,0,0,0,0,0,0,1,0,0,0,0,0,0
8859992,1,1,0,0,0,2,0,0,0,0,0,0,0,0,0,0,0,0,0,0,0,0,0,0,0,0,0,0
8859992,1,2,0,0,1,1,3,1,0,0,2,3,0,1,0,0,0,0,0,0,0,0,0,0,0,0,0,0
8859992,1,4,0,0,6,3,10,4,10,7,5,6,8,12,0,0,0,0,0,0,0,0,0,0,0,0,0,0
8859992,2,5,0,0,5,1,1,1,6,4,1,2,3,6,0,0,0,0,0,0,0,0,0,0,0,0,0,0
8859992,3,13,0,0,0,1,2,3,1,2,1,1,4,3,0,0,0,0,0,0,0,0,0,0,0,0,0,0
8862454,1,1,0,0,0,0,3,0,2,1,0,0,4,1,0,0,0,0,0,0,0,0,0,0,0,0,0,0
8862454,1,2,0,0,0,0,0,0,0,0,0,0,1,0,0,0,0,0,0,0,0,0,0,0,0,0,0,0
8862454,1,4,0,0,3,3,1,3,5,4,0,4,1,0,0,0,0,0,0,0,0,0,0,0,0,0,0,0
8862454,2,5,0,0,1,0,0,1,0,0,0,0,0,0,0,0,0,0,0,0,0,0,0,0,0,0,0,0
8862454,3,13,0,0,3,3,4,3,7,5,0,4,6,1,0,0,0,0,0,0,0,0,0,0,0,0,0,0
8863732,1,1,0,1,2,0,2,0,1,2,2,0,2,0,0,1,2,1,1,1,4,0,0,1,1,1,1,1
8863732,1,2,7,2,1,2,2,0,1,1,3,2,1,0,2,1,1,2,0,1,2,2,1,1,1,1,1,1
8863732,1,4,44,31,13,13,13,4,14,12,19,8,9,11,17,7,13,7,15,11,8,5,16,6,7,6,10,9
8863732,2,5,6,2,1,1,3,1,4,1,3,1,1,4,1,0,3,2,3,1,1,2,3,1,2,1,3,0
8863732,2,6,0,0,0,0,0,0,0,0,0,0,0,0,1,0,1,1,0,1,1,0,3,0,0,0,0,0
8863732,3,13,0,0,1,0,0,0,0,0,0,0,0,0,0,0,0,0,0,0,0,0,0,0,0,0,0,0
8864545,1,2,0,0,0,0,1,0,0,0,0,1,0,0,1,0,0,1,0,1,0,0,0,0,0,0,0,0
8864545,1,4,5,4,3,4,3,3,2,1,3,5,8,4,3,9,3,4,3,9,0,0,0,0,0,0,0,0
8864545,3,13,5,4,3,4,4,3,2,1,3,6,7,4,4,7,3,4,3,10,0,0,0,0,0,0,0,0
8870228,1,2,0,0,0,0,0,0,0,0,0,0,0,0,7,21,9,10,13,19,12,12,11,12,24,10,13,17
8870228,1,3,0,0,0,0,0,0,0,0,0,0,0,0,2,0,1,1,2,1,2,1,0,0,2,5,0,3
8870228,1,4,0,0,0,0,0,0,0,0,0,0,0,0,22,16,23,19,22,19,25,31,27,30,82,69,87,40
8870228,2,5,0,0,0,0,0,0,0,0,0,0,0,0,2,0,1,1,1,1,0,1,0,0,1,1,0,0
8870228,3,13,0,0,0,0,0,0,0,0,0,0,0,0,20,16,16,17,35,34,32,37,24,28,12,6,7,5
8883783,1,2,0,0,0,0,1,0,0,0,1,0,0,1,0,0,0,0,0,0,0,0,0,0,0,0,0,0
8883783,1,3,0,0,1,2,0,0,0,2,2,1,0,0,0,0,0,0,0,0,0,0,0,0,0,0,0,0
8883783,1,4,0,0,0,2,3,3,1,2,1,1,5,0,0,0,0,0,0,0,0,0,0,0,0,0,0,0
8883783,3,13,0,0,0,0,1,0,0,0,1,1,0,0,0,0,0,0,0,0,0,0,0,0,0,0,0,0
8886963,1,1,0,0,0,0,0,0,0,0,0,0,0,0,5,0,5,0,1,0,10,0,8,0,11,8,3,4
8886963,1,2,0,0,0,0,0,0,0,0,0,0,0,0,15,0,14,0,14,0,18,0,14,0,27,29,22,31
8886963,1,3,0,0,0,0,0,0,0,0,0,0,0,0,1,0,3,0,1,0,1,0,0,0,0,0,1,0
8886963,1,4,0,0,0,0,0,0,0,0,0,0,0,0,38,0,29,0,39,0,60,0,46,0,54,72,49,70
8886963,2,5,0,0,0,0,0,0,0,0,0,0,0,0,4,0,2,0,5,0,1,0,1,0,2,2,3,1
8886963,2,6,0,0,0,0,0,0,0,0,0,0,0,0,0,0,0,0,0,0,0,0,2,0,1,1,1,0
8886963,3,13,0,0,0,0,0,0,0,0,0,0,0,0,12,0,7,0,9,0,43,0,67,0,39,27,24,33
8887519,1,4,0,0,2,0,4,3,0,6,4,1,3,2,0,0,0,0,0,0,0,0,0,0,0,0,0,0
8887585,1,2,0,0,0,0,0,0,0,0,0,1,0,0,0,0,0,0,0,0,0,0,0,0,0,0,0,0
8887585,1,4,0,0,1,1,0,1,1,0,1,1,1,2,0,0,0,0,0,0,0,0,0,0,0,0,0,0
8888084,1,1,0,0,0,0,0,0,0,0,0,0,0,1,0,0,0,1,0,1,0,0,0,0,0,0,0,0
8888084,1,2,4,7,1,4,2,0,6,1,6,5,7,4,5,6,4,5,5,3,5,3,0,1,1,1,3,3
8888084,1,4,64,79,43,42,33,29,30,31,26,22,32,32,16,25,31,22,25,29,22,24,25,33,22,28,21,20
8888084,2,5,0,0,0,0,0,1,0,0,1,0,0,1,0,0,1,0,0,0,0,2,2,2,0,0,1,1
8888084,2,6,7,20,15,8,8,10,10,10,5,8,15,15,6,8,11,10,5,13,1,9,6,6,8,10,2,4
8888084,2,7,0,0,0,0,0,0,0,0,1,0,0,0,0,0,0,0,0,0,0,0,0,0,0,0,0,0
8888084,2,10,1,0,0,0,0,0,0,0,0,0,0,0,0,0,0,0,0,0,0,0,0,0,0,0,0,0
8888084,3,13,0,0,0,0,0,0,0,0,0,0,0,1,0,0,0,1,0,1,2,0,0,0,0,0,0,0
8899851,1,1,0,0,0,0,0,0,0,0,0,0,0,0,0,7,0,2,0,2,0,4,0,7,0,4,0,1
8899851,1,2,0,0,0,0,0,0,0,0,0,0,0,0,0,32,0,35,0,40,0,68,0,61,0,124,0,120
8899851,1,3,0,0,0,0,0,0,0,0,0,0,0,0,0,2,0,1,0,1,0,4,0,5,0,7,0,15
8899851,1,4,0,0,0,0,0,0,0,0,0,0,0,0,0,83,0,99,0,130,0,151,0,150,0,269,0,243
8899851,2,5,0,0,0,0,0,0,0,0,0,0,0,0,0,9,0,17,0,13,0,10,0,18,0,22,0,22
8899851,2,6,0,0,0,0,0,0,0,0,0,0,0,0,0,1,0,1,0,2,0,1,0,1,0,2,0,1
8899851,3,13,0,0,0,0,0,0,0,0,0,0,0,0,0,8,0,9,0,5,0,17,0,22,0,21,0,15
8902857,1,2,0,0,0,0,0,0,0,0,0,0,0,0,3,0,4,0,2,0,2,8,0,4,0,0,0,0
8902857,1,3,0,0,0,0,0,0,0,0,0,0,0,0,0,0,1,0,0,0,0,1,0,0,0,0,0,0
8902857,1,4,0,0,0,0,0,0,0,0,0,0,0,0,11,18,18,15,19,19,29,22,35,30,0,0,0,0
8902857,2,5,0,0,0,0,0,0,0,0,0,0,0,0,5,3,5,3,5,9,6,6,9,4,0,0,0,0
8902857,2,6,0,0,0,0,0,0,0,0,0,0,0,0,0,0,0,0,0,0,0,0,0,1,0,0,0,0
8902857,3,13,0,0,0,0,0,0,0,0,0,0,0,0,1,0,1,1,0,0,4,5,8,2,0,0,0,0
8905502,1,2,0,0,0,0,0,0,0,0,0,0,0,0,1,0,3,1,2,1,0,3,1,4,0,0,0,0
8905502,1,3,0,0,0,0,0,0,0,0,0,0,0,0,3,0,1,2,3,2,9,2,4,8,0,0,0,0
8905502,1,4,0,0,0,0,0,0,0,0,0,0,0,0,6,15,9,13,12,8,22,12,14,15,0,0,0,0
8905502,3,13,0,0,0,0,0,0,0,0,0,0,0,0,0,5,1,0,11,10,11,8,8,12,0,0,0,0
8905944,1,2,0,0,3,2,6,5,4,1,6,3,6,8,0,0,0,0,0,0,0,0,0,0,0,0,0,0
8905944,1,3,0,0,0,0,0,1,0,0,0,0,0,0,0,0,0,0,0,0,0,0,0,0,0,0,0,0
8905944,1,4,0,0,1,1,2,2,1,1,3,3,1,2,0,0,0,0,0,0,0,0,0,0,0,0,0,0
8905944,2,5,0,0,1,0,0,0,0,0,0,0,0,0,0,0,0,0,0,0,0,0,0,0,0,0,0,0
8905944,3,13,0,0,4,3,8,8,5,2,9,6,7,10,0,0,0,0,0,0,0,0,0,0,0,0,0,0
8914205,1,2,0,0,5,2,5,3,5,7,5,2,6,2,0,0,0,0,0,0,0,0,0,0,0,0,0,0
8914205,1,4,0,0,5,6,6,6,6,8,9,6,5,7,0,0,0,0,0,0,0,0,0,0,0,0,0,0
8914205,2,5,0,0,0,0,0,0,0,0,0,0,1,0,0,0,0,0,0,0,0,0,0,0,0,0,0,0
8914205,3,13,0,0,10,8,11,9,11,15,14,8,11,9,0,0,0,0,0,0,0,0,0,0,0,0,0,0
8915244,1,2,2,5,1,1,0,0,0,1,1,0,1,0,0,0,0,0,0,0,0,0,0,0,0,0,0,0
8915244,1,3,1,0,0,0,0,0,0,0,0,0,0,0,0,0,0,0,0,0,0,0,0,0,0,0,0,0
8915244,1,4,5,10,2,4,7,1,3,1,0,3,1,3,0,0,0,0,0,0,0,0,0,0,0,0,0,0
8915244,2,5,0,0,0,0,0,0,0,0,0,0,0,1,0,0,0,0,0,0,0,0,0,0,0,0,0,0
8920986,1,4,0,0,3,7,3,4,4,7,2,3,5,3,0,0,0,0,0,0,0,0,0,0,0,0,0,0
8928083,1,1,1,0,0,0,1,0,0,1,0,0,0,0,1,0,2,0,0,0,0,0,0,0,0,0,0,0
8928083,1,2,4,1,0,2,3,0,2,2,3,2,1,4,5,5,12,5,6,6,0,0,0,0,0,0,0,0
8928083,1,3,0,0,0,1,0,0,1,0,0,0,0,0,0,0,0,0,0,0,0,0,0,0,0,0,0,0
8928083,1,4,2,7,5,4,4,6,10,7,8,4,7,9,7,10,5,9,13,12,0,0,0,0,0,0,0,0
8928083,2,5,0,2,1,1,1,3,4,5,1,4,0,2,1,0,1,3,3,1,0,0,0,0,0,0,0,0
8928083,2,6,0,0,0,0,0,0,0,0,0,0,1,0,0,0,0,0,0,0,0,0,0,0,0,0,0,0
8928083,3,13,7,8,5,7,8,6,13,10,11,6,8,13,13,15,19,14,19,18,0,0,0,0,0,0,0,0
8933598,1,2,0,0,0,0,0,0,0,0,0,0,0,0,5,11,4,2,4,5,3,7,1,1,3,8,0,1
8933598,1,4,0,0,0,0,0,0,0,0,0,0,0,0,7,9,8,4,8,8,6,6,4,10,8,10,8,10
8933598,2,5,0,0,0,0,0,0,0,0,0,0,0,0,0,0,0,0,0,0,0,0,0,0,0,1,0,0
8933598,3,13,0,0,0,0,0,0,0,0,0,0,0,0,1,10,1,1,11,12,7,5,2,6,0,1,2,1
8941611,1,1,0,0,2,1,0,0,0,0,0,0,0,0,0,0,0,0,0,0,0,0,0,0,0,0,0,0
8941611,1,4,0,0,0,0,1,3,4,2,6,3,5,7,0,0,0,0,0,0,0,0,0,0,0,0,0,0
8942500,1,2,0,0,2,0,0,1,1,2,0,2,0,0,2,2,1,0,1,0,0,0,0,0,0,0,0,0
8942500,1,4,0,0,2,4,5,2,3,2,2,1,3,3,7,9,8,6,10,10,0,0,0,0,0,0,0,0
8942500,3,13,0,0,0,0,0,0,0,0,0,0,0,0,0,0,1,1,0,0,0,0,0,0,0,0,0,0
8950350,1,1,1,4,8,6,0,0,2,0,0,0,0,0,0,0,0,0,0,0,0,0,0,0,0,0,0,0
8950350,1,2,12,14,6,6,6,5,1,4,3,4,1,4,1,1,1,0,1,0,0,0,0,0,0,0,0,0
8950350,1,4,64,73,24,15,32,20,17,12,14,4,18,12,12,9,6,6,3,3,0,0,0,0,0,0,0,0
8950350,2,5,0,0,0,0,1,0,2,0,0,0,0,0,0,0,0,0,0,0,0,0,0,0,0,0,0,0
8950350,2,6,0,0,1,1,0,0,0,0,0,0,0,0,0,0,0,0,0,0,0,0,0,0,0,0,0,0
8950350,2,10,0,0,0,0,0,0,1,0,0,0,0,0,0,0,0,0,0,0,0,0,0,0,0,0,0,0
8950350,3,13,7,6,1,1,2,0,0,0,1,0,0,0,0,0,0,0,0,0,0,0,0,0,0,0,0,0
8976252,1,1,0,0,0,0,0,0,0,0,1,0,0,0,0,0,0,0,0,0,0,0,0,0,0,0,0,0
8976252,1,2,0,0,3,5,4,2,2,4,6,7,4,3,0,0,0,0,0,0,0,0,0,0,0,0,0,0
8976252,1,4,0,0,6,7,3,7,4,6,9,6,6,8,0,0,0,0,0,0,0,0,0,0,0,0,0,0
8976252,2,5,0,0,1,1,0,1,1,1,0,1,0,3,0,0,0,0,0,0,0,0,0,0,0,0,0,0
8976252,3,13,0,0,0,0,0,0,0,1,1,0,0,1,0,0,0,0,0,0,0,0,0,0,0,0,0,0
8992805,1,4,0,0,20,9,7,16,13,16,9,11,8,14,10,11,4,18,12,7,0,0,0,0,0,0,0,0
8992805,2,5,0,0,20,9,7,16,13,16,9,11,8,14,10,11,4,18,12,7,0,0,0,0,0,0,0,0
8992805,3,13,0,0,20,9,7,16,13,16,9,11,8,14,9,11,4,18,12,7,0,0,0,0,0,0,0,0
8993327,1,4,0,0,0,4,7,1,3,4,2,4,4,5,0,0,0,0,0,0,0,0,0,0,0,0,0,0
8993327,2,5,0,0,0,0,1,0,1,0,0,1,0,0,0,0,0,0,0,0,0,0,0,0,0,0,0,0
8993327,3,13,0,0,0,4,7,1,3,4,2,4,4,5,0,0,0,0,0,0,0,0,0,0,0,0,0,0
9001494,1,4,0,0,3,4,0,2,5,5,2,1,1,4,0,0,0,0,0,0,0,0,0,0,0,0,0,0
9001494,3,13,0,0,3,4,0,2,5,5,2,1,1,4,0,0,0,0,0,0,0,0,0,0,0,0,0,0
9017613,1,3,0,0,7,6,4,3,0,0,0,0,0,0,0,0,0,0,0,0,0,0,0,0,0,0,0,0
9017613,1,4,0,0,0,0,0,0,3,7,5,3,7,6,0,0,0,0,0,0,0,0,0,0,0,0,0,0
9019137,1,4,0,0,5,3,3,4,7,2,2,6,1,4,0,0,0,0,0,0,0,0,0,0,0,0,0,0
9019137,2,5,0,0,5,3,3,4,7,2,2,6,1,4,0,0,0,0,0,0,0,0,0,0,0,0,0,0
9019137,3,13,0,0,5,3,3,4,7,2,2,6,1,4,0,0,0,0,0,0,0,0,0,0,0,0,0,0
9020386,1,2,0,0,0,1,0,1,1,1,1,0,0,0,0,0,0,0,0,0,0,0,0,0,0,0,0,0
9020386,1,4,0,0,5,7,6,8,6,3,9,6,7,5,0,0,0,0,0,0,0,0,0,0,0,0,0,0
9020386,3,13,0,0,5,8,5,9,6,4,9,6,7,5,0,0,0,0,0,0,0,0,0,0,0,0,0,0
9028816,1,4,0,0,2,2,4,3,3,6,2,2,3,2,0,0,0,0,0,0,0,0,0,0,0,0,0,0
9028816,3,13,0,0,1,2,2,1,2,4,1,1,3,2,0,0,0,0,0,0,0,0,0,0,0,0,0,0
9036362,1,1,0,0,5,4,0,0,0,0,0,1,0,0,0,0,0,0,0,0,0,0,0,0,0,0,0,0
9036362,1,2,0,0,1,2,3,0,2,2,0,3,1,0,0,0,0,0,0,0,0,0,0,0,0,0,0,0
9036362,1,4,0,0,0,2,6,10,8,7,13,14,13,17,0,0,0,0,0,0,0,0,0,0,0,0,0,0
9036362,2,5,0,0,1,0,0,0,0,0,1,2,2,1,0,0,0,0,0,0,0,0,0,0,0,0,0,0
9036362,3,13,0,0,0,0,0,0,0,0,0,1,0,1,0,0,0,0,0,0,0,0,0,0,0,0,0,0
9044231,1,1,16,18,3,1,0,0,0,0,2,1,0,0,0,0,0,0,0,0,0,0,0,0,0,0,0,0
9044231,1,2,1,3,1,0,0,0,2,0,0,1,0,1,0,0,0,0,0,0,0,0,0,0,0,0,0,0
9044231,1,4,15,16,19,10,12,10,9,8,8,7,14,13,0,0,0,0,0,0,0,0,0,0,0,0,0,0
9044231,2,5,3,1,3,1,0,3,1,0,2,0,2,2,0,0,0,0,0,0,0,0,0,0,0,0,0,0
9044231,3,13,0,0,0,0,0,0,0,0,0,0,0,1,0,0,0,0,0,0,0,0,0,0,0,0,0,0
9044495,1,2,0,0,1,1,3,1,2,2,0,0,0,2,0,0,0,0,0,0,0,0,0,0,0,0,0,0
9044495,1,4,0,0,2,3,0,4,0,4,2,2,0,1,0,0,0,0,0,0,0,0,0,0,0,0,0,0
9044495,3,13,0,0,1,0,0,0,1,0,0,0,0,1,0,0,0,0,0,0,0,0,0,0,0,0,0,0
9045791,1,2,0,0,0,1,0,0,0,0,0,2,3,1,0,0,0,0,0,0,0,0,0,0,0,0,0,0
9045791,1,4,0,0,1,2,0,0,1,0,3,4,2,2,0,0,0,0,0,0,0,0,0,0,0,0,0,0
9045791,3,13,0,0,0,0,0,0,0,0,0,1,0,0,0,0,0,0,0,0,0,0,0,0,0,0,0,0
9048180,1,2,5,8,3,4,6,0,4,9,7,2,3,4,6,5,4,5,3,3,0,0,0,0,0,0,0,0
9048180,3,13,5,8,3,4,6,0,4,9,6,2,2,3,5,5,4,5,3,2,0,0,0,0,0,0,0,0
9048788,1,4,0,0,1,2,3,2,3,1,2,3,1,3,0,0,0,0,0,0,0,0,0,0,0,0,0,0
9048788,3,13,0,0,1,2,3,2,3,1,2,3,1,3,0,0,0,0,0,0,0,0,0,0,0,0,0,0
9051960,1,1,0,0,0,0,0,0,0,0,1,0,1,0,0,0,0,0,0,0,0,0,0,0,0,0,0,0
9051960,1,2,0,0,2,4,1,3,3,2,1,4,2,4,0,0,0,0,0,0,0,0,0,0,0,0,0,0
9051960,1,4,0,0,4,10,5,5,12,7,10,6,2,6,0,0,0,0,0,0,0,0,0,0,0,0,0,0
9051960,2,5,0,0,1,1,2,1,5,1,3,2,2,0,0,0,0,0,0,0,0,0,0,0,0,0,0,0
9051960,3,13,0,0,6,14,6,8,15,9,12,10,5,10,0,0,0,0,0,0,0,0,0,0,0,0,0,0
9059451,1,1,0,0,2,4,3,4,4,0,4,3,0,3,0,0,0,0,3,4,0,0,0,0,0,0,0,0
9059451,1,2,0,0,1,0,0,0,1,0,1,0,0,1,1,0,1,0,2,0,0,0,0,0,0,0,0,0
9059451,1,3,0,0,0,1,1,1,2,2,3,0,3,2,4,4,1,2,2,4,0,0,0,0,0,0,0,0
9059451,1,4,0,0,0,0,2,2,1,1,2,1,0,1,6,5,10,2,2,1,0,0,0,0,0,0,0,0
9059451,2,5,0,0,0,1,0,1,1,1,1,0,0,1,2,2,2,1,1,2,0,0,0,0,0,0,0,0
9059451,3,13,0,0,0,0,0,1,0,0,1,0,0,0,0,0,0,0,0,0,0,0,0,0,0,0,0,0
9062446,1,2,0,0,0,0,0,0,2,2,1,0,0,2,0,0,0,0,0,0,0,0,0,0,0,0,0,0
9062446,1,3,0,0,0,0,0,0,0,1,0,0,0,0,0,0,0,0,0,0,0,0,0,0,0,0,0,0
9062446,1,4,0,0,2,0,1,1,0,1,0,0,0,0,0,0,0,0,0,0,0,0,0,0,0,0,0,0
9062446,3,13,0,0,0,0,1,0,0,2,0,0,0,0,0,0,0,0,0,0,0,0,0,0,0,0,0,0
9064492,1,2,0,0,2,1,1,2,0,1,2,2,1,2,0,0,0,0,0,0,0,0,0,0,0,0,0,0
9064492,1,4,0,0,5,1,3,4,4,5,5,4,2,7,0,0,0,0,0,0,0,0,0,0,0,0,0,0
9064492,3,13,0,0,7,2,4,6,4,6,7,6,3,8,0,0,0,0,0,0,0,0,0,0,0,0,0,0
9069569,1,2,0,0,0,0,0,0,0,0,0,0,0,0,0,0,0,0,0,1,0,0,0,0,0,0,0,0
9069569,1,4,0,0,2,4,4,7,5,6,4,4,3,2,5,7,9,5,12,7,0,0,0,0,0,0,0,0
9069569,3,13,0,0,2,4,4,7,5,6,4,4,3,2,5,7,9,5,12,8,0,0,0,0,0,0,0,0
9074330,1,2,0,0,2,1,0,0,0,0,0,3,1,0,0,0,0,0,0,0,0,0,0,0,0,0,0,0
9074330,1,4,0,0,1,1,0,1,0,2,1,0,1,0,0,0,0,0,0,0,0,0,0,0,0,0,0,0
9078365,1,1,60,63,1,3,0,1,0,0,1,0,0,1,2,3,1,1,0,0,0,0,1,0,0,1,0,0
9078365,1,2,30,16,15,16,14,8,8,14,12,13,11,6,9,6,4,3,6,1,3,3,3,3,2,0,3,2
9078365,1,3,0,0,0,0,0,0,0,0,0,0,0,1,0,0,0,0,0,0,0,0,0,0,0,0,0,0
9078365,1,4,63,57,72,62,59,54,72,62,61,41,54,34,60,30,58,26,39,32,50,30,20,8,26,10,28,12
9078365,2,5,5,5,1,4,6,5,4,5,3,1,2,2,5,2,2,0,1,1,3,3,1,0,2,1,0,1
9078365,2,6,0,1,0,0,0,0,0,0,0,1,0,0,0,0,0,1,0,0,0,0,1,0,0,1,0,0
9078365,3,13,0,0,0,0,0,0,0,0,0,0,0,0,1,1,1,0,0,0,0,1,1,0,0,1,0,0
9080433,1,2,0,0,3,6,2,6,10,9,3,3,3,5,0,0,0,0,0,0,0,0,0,0,0,0,0,0
9080433,1,4,0,0,0,1,0,0,1,0,0,0,0,0,0,0,0,0,0,0,0,0,0,0,0,0,0,0
9080433,3,13,0,0,3,7,2,6,11,9,3,3,3,5,0,0,0,0,0,0,0,0,0,0,0,0,0,0
9083060,1,1,2,2,0,0,0,1,0,0,0,0,0,0,0,0,0,0,0,0,0,0,0,0,0,0,0,0
9083060,1,2,2,3,1,1,0,1,2,0,0,0,0,0,0,0,0,0,0,0,0,0,0,0,0,0,0,0
9083060,1,3,1,0,0,2,2,1,3,1,1,2,2,4,0,0,0,0,0,0,0,0,0,0,0,0,0,0
9083060,1,4,3,1,4,2,0,3,6,2,2,3,3,1,0,0,0,0,0,0,0,0,0,0,0,0,0,0
9083060,3,13,8,6,5,5,2,6,11,3,1,2,5,5,0,0,0,0,0,0,0,0,0,0,0,0,0,0
9084762,1,2,0,0,1,1,2,0,1,1,0,3,3,1,0,0,0,0,0,0,0,0,0,0,0,0,0,0
9084762,1,4,0,0,1,0,6,3,1,1,5,6,0,6,0,0,0,0,0,0,0,0,0,0,0,0,0,0
9084762,3,13,0,0,2,1,8,3,2,2,5,9,3,7,0,0,0,0,0,0,0,0,0,0,0,0,0,0
9095220,1,1,7,14,11,4,3,0,3,4,3,3,21,24,9,8,11,11,5,9,6,2,3,9,6,9,4,7
9095220,1,2,11,5,3,5,3,4,2,2,2,1,3,3,2,2,1,2,1,1,2,5,2,4,3,0,2,3
9095220,1,3,0,0,0,0,0,0,0,0,0,1,1,0,0,0,0,0,0,0,0,0,0,0,0,0,0,0
9095220,1,4,81,90,41,45,54,45,55,45,51,50,28,29,39,53,45,39,45,49,48,42,76,49,63,60,64,79
9095220,2,5,2,2,1,1,0,2,1,0,2,1,1,1,0,1,3,0,0,1,1,0,0,2,0,2,0,0
9095220,2,6,2,4,4,3,3,2,2,2,0,0,3,1,1,0,1,3,3,1,2,1,3,2,3,2,5,1
9095220,3,13,0,0,0,0,0,0,1,0,2,1,10,9,1,1,4,6,0,4,2,1,0,2,4,5,1,3
9101266,1,2,0,0,1,2,3,0,0,0,0,1,1,0,0,0,0,0,0,0,0,0,0,0,0,0,0,0
9101266,1,3,0,0,1,2,0,1,1,1,0,0,3,3,0,0,0,0,0,0,0,0,0,0,0,0,0,0
9101266,1,4,0,0,1,4,8,3,4,2,3,7,8,3,0,0,0,0,0,0,0,0,0,0,0,0,0,0
9101266,3,13,0,0,3,8,5,2,5,3,3,8,12,6,0,0,0,0,0,0,0,0,0,0,0,0,0,0
9101369,1,2,0,0,0,0,0,0,0,0,0,0,0,2,1,2,1,2,0,4,0,0,0,0,0,0,0,0
9101369,1,4,0,0,1,2,3,5,1,3,2,5,2,3,6,6,5,8,9,9,0,0,0,0,0,0,0,0
9101369,3,13,0,0,0,0,0,0,0,1,0,0,0,0,0,0,3,5,1,3,0,0,0,0,0,0,0,0
9103498,1,2,0,0,1,1,1,1,3,4,2,1,3,1,0,0,0,0,0,0,0,0,0,0,0,0,0,0
9103498,1,4,0,0,5,9,8,6,9,6,12,11,4,4,0,0,0,0,0,0,0,0,0,0,0,0,0,0
9103498,2,5,0,0,0,1,0,0,0,0,0,0,0,0,0,0,0,0,0,0,0,0,0,0,0,0,0,0
9103498,3,13,0,0,5,10,9,7,12,10,14,11,7,5,0,0,0,0,0,0,0,0,0,0,0,0,0,0
9104664,1,2,0,0,0,1,0,1,0,1,0,1,1,0,0,0,0,0,0,0,0,0,0,0,0,0,0,0
9104664,1,4,0,0,2,1,0,3,1,3,5,2,4,6,0,0,0,0,0,0,0,0,0,0,0,0,0,0
9104664,3,13,0,0,2,2,0,4,1,4,5,3,5,6,0,0,0,0,0,0,0,0,0,0,0,0,0,0
9113535,1,1,0,0,0,0,0,0,0,0,1,0,0,0,1,2,1,2,3,1,0,0,0,0,0,0,0,0
9113535,1,2,0,0,4,1,2,0,1,1,2,2,2,2,3,0,3,1,3,1,0,0,0,0,0,0,0,0
9113535,1,4,0,0,0,1,2,0,1,0,0,1,2,1,6,1,1,4,4,1,0,0,0,0,0,0,0,0
9113535,2,6,0,0,0,0,0,0,0,0,0,1,2,1,0,0,0,1,0,0,0,0,0,0,0,0,0,0
9113535,3,13,0,0,4,2,0,0,0,0,1,0,0,0,1,2,1,2,1,1,0,0,0,0,0,0,0,0
9115400,1,1,0,0,2,6,0,2,0,2,1,0,1,0,0,0,0,0,0,0,0,0,0,0,0,0,0,0
9115400,1,2,0,0,1,1,2,0,3,5,3,7,3,1,0,0,0,0,0,0,0,0,0,0,0,0,0,0
9115400,1,3,0,0,6,0,0,0,0,0,1,0,0,0,0,0,0,0,0,0,0,0,0,0,0,0,0,0
9115400,1,4,0,0,9,13,13,7,10,19,17,14,5,9,0,0,0,0,0,0,0,0,0,0,0,0,0,0
9115400,2,6,0,0,0,0,1,0,0,0,0,0,0,0,0,0,0,0,0,0,0,0,0,0,0,0,0,0
9115400,3,13,0,0,0,0,0,0,0,2,1,0,1,0,0,0,0,0,0,0,0,0,0,0,0,0,0,0
9119662,1,2,0,0,0,1,3,1,0,1,0,0,1,2,0,0,0,0,0,0,0,0,0,0,0,0,0,0
9119662,1,3,0,0,2,2,1,1,2,2,1,1,3,1,0,0,0,0,0,0,0,0,0,0,0,0,0,0
9119662,1,4,0,0,0,0,0,1,0,0,0,0,0,0,0,0,0,0,0,0,0,0,0,0,0,0,0,0
9119662,3,13,0,0,2,3,4,3,2,3,1,1,3,3,0,0,0,0,0,0,0,0,0,0,0,0,0,0
9124592,1,2,0,0,1,3,1,2,0,0,0,3,0,0,0,0,0,0,0,0,0,0,0,0,0,0,0,0
9124592,1,3,0,0,2,2,1,4,3,1,2,1,1,1,0,0,0,0,0,0,0,0,0,0,0,0,0,0
9124592,1,4,0,0,0,0,2,0,3,0,1,1,3,3,0,0,0,0,0,0,0,0,0,0,0,0,0,0
9124592,3,13,0,0,2,4,0,0,0,0,0,1,0,0,0,0,0,0,0,0,0,0,0,0,0,0,0,0
9128095,1,4,0,0,3,3,3,5,2,6,4,1,2,4,0,0,0,0,0,0,0,0,0,0,0,0,0,0
9136749,1,1,35,43,2,1,1,0,0,1,1,0,1,1,2,0,1,0,0,1,0,0,0,0,0,0,0,0
9136749,1,2,10,12,3,6,4,2,5,3,4,1,8,2,3,2,4,1,3,2,3,2,2,1,3,7,2,2
9136749,1,3,0,0,0,0,0,1,0,0,0,0,0,0,0,0,0,0,0,0,0,0,0,0,0,0,0,0
9136749,1,4,87,44,61,46,41,32,43,29,35,33,32,32,34,30,38,20,30,23,28,25,20,21,44,36,28,14
9136749,2,5,1,1,1,2,0,1,1,2,2,1,1,0,1,1,2,0,1,0,0,0,0,2,1,0,2,0
9136749,2,6,0,3,0,1,0,1,1,0,0,0,0,1,1,1,0,0,0,0,0,0,1,1,1,1,0,0
9136749,3,13,0,0,0,0,0,0,0,0,1,0,0,0,1,0,0,0,0,0,0,0,0,0,0,1,1,0
9138856,1,1,0,0,0,0,0,0,1,0,0,1,0,0,0,0,0,0,0,0,0,0,0,0,0,0,0,0
9138856,1,2,0,0,1,4,3,1,2,0,2,3,6,1,0,0,0,0,0,0,0,0,0,0,0,0,0,0
9138856,1,3,0,0,1,0,0,1,0,1,0,0,0,0,0,0,0,0,0,0,0,0,0,0,0,0,0,0
9138856,1,4,0,0,1,3,0,1,1,3,3,1,2,0,0,0,0,0,0,0,0,0,0,0,0,0,0,0
9138856,2,5,0,0,0,0,0,0,1,1,2,0,0,0,0,0,0,0,0,0,0,0,0,0,0,0,0,0
9138856,3,13,0,0,3,7,3,3,4,4,5,5,8,1,0,0,0,0,0,0,0,0,0,0,0,0,0,0
9140157,1,1,0,0,5,5,0,0,0,0,0,0,0,0,0,0,0,0,0,0,0,0,0,0,0,0,0,0
9140157,1,2,0,0,0,0,0,1,1,0,2,1,1,0,0,0,0,0,0,0,0,0,0,0,0,0,0,0
9140157,1,4,0,0,0,1,3,5,8,7,3,10,7,11,0,0,0,0,0,0,0,0,0,0,0,0,0,0
9142869,1,2,0,0,1,0,0,0,0,0,0,0,0,0,0,0,0,0,0,0,0,0,0,0,0,0,0,0
9142869,1,4,0,0,0,3,0,1,0,1,1,3,1,2,0,0,0,0,0,0,0,0,0,0,0,0,0,0
9146247,1,1,7,6,1,0,0,0,0,0,0,0,0,0,0,0,0,0,0,0,0,0,0,0,0,0,0,0
9146247,1,2,1,3,1,1,0,0,0,1,0,1,0,1,0,0,0,0,0,0,0,0,0,0,0,0,0,0
9146247,1,3,0,0,0,2,0,1,0,0,0,0,0,0,0,0,0,0,0,0,0,0,0,0,0,0,0,0
9146247,1,4,39,25,13,9,8,11,17,3,4,7,9,7,0,0,0,0,0,0,0,0,0,0,0,0,0,0
9146247,2,5,1,0,0,0,0,0,0,0,0,0,0,1,0,0,0,0,0,0,0,0,0,0,0,0,0,0
9146247,2,6,0,0,0,0,0,0,0,0,0,0,0,1,0,0,0,0,0,0,0,0,0,0,0,0,0,0
9149398,1,4,0,0,1,2,1,2,3,9,3,1,3,3,0,0,0,0,0,0,0,0,0,0,0,0,0,0
9149398,3,13,0,0,1,2,1,2,3,9,3,0,3,3,0,0,0,0,0,0,0,0,0,0,0,0,0,0
9158867,1,4,0,0,0,0,2,2,0,0,3,1,1,1,0,0,0,0,0,0,0,0,0,0,0,0,0,0
9163972,1,2,0,0,0,0,0,0,0,0,0,0,0,0,11,4,8,10,7,8,12,6,8,8,0,0,0,0
9163972,3,13,0,0,0,0,0,0,0,0,0,0,0,0,11,4,8,10,7,8,12,6,8,8,0,0,0,0
9184143,1,4,0,0,2,2,1,2,3,4,4,9,6,5,0,0,0,0,0,0,0,0,0,0,0,0,0,0
9185121,1,2,0,0,0,0,3,0,2,0,1,1,0,2,0,0,0,0,0,0,0,0,0,0,0,0,0,0
9185121,1,4,0,0,4,2,7,5,8,8,5,7,8,4,0,0,0,0,0,0,0,0,0,0,0,0,0,0
9185121,2,5,0,0,0,0,0,0,0,0,0,0,1,0,0,0,0,0,0,0,0,0,0,0,0,0,0,0
9185121,3,13,0,0,4,2,10,5,10,8,6,8,8,6,0,0,0,0,0,0,0,0,0,0,0,0,0,0
9190903,1,2,0,0,2,2,2,1,1,4,3,6,1,2,0,0,0,0,0,0,0,0,0,0,0,0,0,0
9190903,1,4,0,0,3,4,6,4,3,2,7,5,2,4,0,0,0,0,0,0,0,0,0,0,0,0,0,0
9190903,2,6,0,0,0,0,0,0,0,0,0,0,0,1,0,0,0,0,0,0,0,0,0,0,0,0,0,0
9190903,3,13,0,0,4,6,8,5,4,6,10,11,3,6,0,0,0,0,0,0,0,0,0,0,0,0,0,0
9191948,1,1,0,0,1,4,0,0,0,0,0,0,0,0,0,0,0,0,0,0,0,0,0,0,0,0,0,0
9191948,1,2,0,0,0,1,0,0,0,1,1,1,0,2,0,1,2,1,1,1,0,0,0,0,0,0,0,0
9191948,1,4,0,0,1,0,1,2,1,4,1,2,1,4,0,2,3,4,0,3,0,0,0,0,0,0,0,0
9204734,1,1,0,0,0,0,0,1,0,0,0,0,0,0,0,0,0,0,0,0,0,0,0,0,0,0,0,0
9204734,1,2,0,0,3,1,5,0,3,2,5,3,3,2,0,0,0,0,0,0,0,0,0,0,0,0,0,0
9204734,1,4,0,0,0,0,1,2,1,1,0,3,3,3,0,0,0,0,0,0,0,0,0,0,0,0,0,0
9213950,1,2,0,0,0,0,0,0,0,0,0,0,0,0,0,0,0,0,1,0,0,0,0,0,0,0,0,0
9213950,1,3,0,0,0,0,0,0,0,0,0,0,0,0,0,0,1,0,0,0,0,0,0,0,0,0,0,0
9213950,1,4,3,3,1,1,0,2,3,4,4,2,9,4,5,4,6,8,4,5,0,0,0,0,0,0,0,0
9213950,3,13,0,0,0,0,0,0,0,0,0,0,0,0,0,0,0,2,1,0,0,0,0,0,0,0,0,0
9215213,1,1,1,0,0,0,0,0,0,1,1,0,0,0,0,0,0,0,0,0,0,0,0,0,0,0,0,0
9215213,1,2,2,3,0,1,0,2,1,1,2,0,0,0,0,0,0,0,0,0,0,0,0,0,0,0,0,0
9215213,1,4,18,21,14,8,9,4,5,4,11,3,5,5,0,0,0,0,0,0,0,0,0,0,0,0,0,0
9215213,2,5,2,4,1,1,0,0,1,0,3,3,0,0,0,0,0,0,0,0,0,0,0,0,0,0,0,0
9215213,2,6,0,0,0,0,0,0,1,0,0,0,0,0,0,0,0,0,0,0,0,0,0,0,0,0,0,0
9218032,1,1,4,1,2,1,0,0,2,0,1,0,0,0,2,1,0,1,3,1,0,1,1,2,0,1,0,0
9218032,1,2,18,25,14,16,10,4,7,19,13,9,13,5,14,13,11,11,10,8,7,5,5,6,13,4,10,13
9218032,1,3,2,8,2,0,0,1,0,0,1,0,0,0,0,0,1,0,1,0,0,0,1,0,0,0,1,1
9218032,1,4,275,213,96,90,103,70,102,72,103,81,99,65,81,61,82,53,73,44,63,34,40,42,60,31,68,46
9218032,2,5,2,2,3,6,3,0,3,2,3,1,0,3,5,3,2,2,1,0,1,0,2,0,1,0,5,3
9218032,2,6,0,1,0,0,0,0,0,0,1,0,1,0,0,1,1,1,0,0,1,1,1,1,0,1,0,0
9218032,2,7,0,0,0,0,0,0,0,0,0,0,0,0,0,0,0,0,1,0,0,0,0,0,0,0,0,0
9218032,3,13,1,0,0,0,0,0,0,0,2,0,0,0,2,1,0,1,2,0,0,1,1,2,1,0,0,0
9218684,1,2,0,0,4,1,2,1,1,5,3,6,2,2,2,4,1,6,2,2,0,0,0,0,0,0,0,0
9218684,1,4,0,0,0,0,0,0,0,0,0,0,0,0,0,0,0,1,1,0,0,0,0,0,0,0,0,0
9218684,3,13,0,0,4,1,2,1,1,5,3,6,2,2,2,4,1,7,3,2,0,0,0,0,0,0,0,0
9220825,1,2,0,0,1,1,2,1,1,0,0,0,1,3,0,0,0,0,0,0,0,0,0,0,0,0,0,0
9220825,1,4,0,0,2,1,2,2,0,3,1,7,2,1,0,0,0,0,0,0,0,0,0,0,0,0,0,0
9220825,3,13,0,0,0,0,0,0,0,0,0,0,0,1,0,0,0,0,0,0,0,0,0,0,0,0,0,0
9225488,1,1,0,0,0,2,0,0,0,0,0,0,0,0,0,0,0,0,0,0,0,0,0,0,0,0,0,0
9225488,1,3,0,0,0,0,1,0,1,0,0,1,0,0,0,0,0,0,0,0,0,0,0,0,0,0,0,0
9225488,1,4,0,0,0,2,2,2,6,3,3,2,4,6,0,0,0,0,0,0,0,0,0,0,0,0,0,0
9225488,3,13,0,0,0,3,0,1,0,0,1,1,2,2,0,0,0,0,0,0,0,0,0,0,0,0,0,0
9226538,1,2,0,0,0,0,0,0,0,0,0,0,0,0,3,0,5,2,1,0,3,2,1,2,0,0,0,0
9226538,1,4,0,0,0,0,0,0,0,0,0,0,0,0,7,11,12,16,5,14,12,15,11,10,0,0,0,0
9226538,2,5,0,0,0,0,0,0,0,0,0,0,0,0,1,0,1,1,0,1,0,0,0,0,0,0,0,0
9226538,3,13,0,0,0,0,0,0,0,0,0,0,0,0,10,11,17,18,6,14,14,17,12,12,0,0,0,0
9228260,1,4,0,0,0,0,1,1,0,2,3,2,1,0,0,0,0,0,0,0,0,0,0,0,0,0,0,0
9228260,3,13,0,0,0,0,1,1,0,2,3,1,1,0,0,0,0,0,0,0,0,0,0,0,0,0,0,0
9232139,1,2,0,0,0,1,1,2,3,0,3,1,1,0,0,0,0,0,0,0,0,0,0,0,0,0,0,0
9232139,1,3,0,0,1,1,0,1,1,1,1,1,0,1,0,0,0,0,0,0,0,0,0,0,0,0,0,0
9232139,1,4,0,0,1,3,2,0,2,3,1,0,1,3,0,0,0,0,0,0,0,0,0,0,0,0,0,0
9232139,3,13,0,0,2,5,3,3,6,4,5,2,2,4,0,0,0,0,0,0,0,0,0,0,0,0,0,0
9241012,1,2,0,0,1,2,2,0,0,0,6,1,2,0,0,0,0,0,0,0,0,0,0,0,0,0,0,0
9241012,1,4,0,0,2,2,3,1,2,1,1,1,1,5,0,0,0,0,0,0,0,0,0,0,0,0,0,0
9241012,3,13,0,0,0,0,0,0,0,0,3,0,0,0,0,0,0,0,0,0,0,0,0,0,0,0,0,0
9243252,1,4,0,0,3,5,4,5,3,0,2,4,6,2,0,0,0,0,0,0,0,0,0,0,0,0,0,0
9244608,1,2,0,0,4,1,1,2,0,2,2,3,3,0,0,0,0,0,0,0,0,0,0,0,0,0,0,0
9244608,1,4,0,0,1,0,2,0,1,1,1,2,1,1,0,0,0,0,0,0,0,0,0,0,0,0,0,0
9247258,1,2,0,0,2,3,5,9,4,5,5,2,4,5,0,0,0,0,0,0,0,0,0,0,0,0,0,0
9247258,1,3,0,0,0,0,0,0,0,0,0,1,0,0,0,0,0,0,0,0,0,0,0,0,0,0,0,0
9247258,3,13,0,0,2,2,0,0,0,0,0,1,0,0,0,0,0,0,0,0,0,0,0,0,0,0,0,0
9247870,1,4,0,0,0,3,2,3,3,1,3,5,9,3,0,0,0,0,0,0,0,0,0,0,0,0,0,0
9247870,3,13,0,0,0,0,0,0,0,0,1,0,0,0,0,0,0,0,0,0,0,0,0,0,0,0,0,0
9251150,1,4,0,0,2,1,1,9,3,7,5,2,4,11,0,0,0,0,0,0,0,0,0,0,0,0,0,0
9251150,3,13,0,0,2,1,1,8,3,7,5,2,4,11,0,0,0,0,0,0,0,0,0,0,0,0,0,0
9257197,1,2,0,0,0,0,0,0,0,0,0,0,0,1,0,0,0,0,0,0,0,0,0,0,0,0,0,0
9257197,1,4,0,0,2,3,6,4,0,2,12,3,4,4,0,0,0,0,0,0,0,0,0,0,0,0,0,0
9257197,3,13,0,0,2,3,6,4,0,2,12,3,4,5,0,0,0,0,0,0,0,0,0,0,0,0,0,0
9260712,1,1,0,0,0,3,0,0,0,0,0,0,0,0,0,0,0,1,3,0,0,0,0,0,0,0,0,0
9260712,1,4,0,0,0,0,3,1,0,0,3,1,3,0,3,2,4,3,1,3,0,0,0,0,0,0,0,0
9260712,2,5,0,0,0,3,3,1,0,0,3,1,3,0,3,2,4,4,4,3,0,0,0,0,0,0,0,0
9260712,3,13,0,0,0,3,3,1,0,0,3,1,3,0,3,2,4,3,4,2,0,0,0,0,0,0,0,0
9262842,1,4,0,0,1,3,2,2,2,2,5,4,2,4,0,0,0,0,0,0,0,0,0,0,0,0,0,0
9262842,3,13,0,0,0,3,0,0,0,0,1,0,0,1,0,0,0,0,0,0,0,0,0,0,0,0,0,0
9267087,1,2,0,0,0,0,0,0,1,0,0,0,0,0,0,1,0,0,0,0,0,0,0,0,0,0,0,0
9267087,1,4,0,0,2,4,7,5,4,3,4,6,7,8,4,8,7,9,6,10,0,0,0,0,0,0,0,0
9267087,3,13,0,0,0,0,0,0,0,0,0,1,3,5,3,3,5,7,2,7,0,0,0,0,0,0,0,0
9271030,1,1,26,26,1,2,2,0,0,0,0,0,0,0,0,0,0,0,0,0,0,0,0,0,0,0,0,0
9271030,1,2,4,7,5,1,2,2,1,2,2,2,2,1,0,0,0,0,0,0,0,0,0,0,0,0,0,0
9271030,1,4,10,9,23,13,14,5,7,7,8,11,5,7,0,0,0,0,0,0,0,0,0,0,0,0,0,0
9271030,2,5,9,12,3,7,4,1,3,2,2,5,3,1,0,0,0,0,0,0,0,0,0,0,0,0,0,0
9271030,3,13,0,0,0,0,0,1,0,0,0,0,0,0,0,0,0,0,0,0,0,0,0,0,0,0,0,0
9274462,1,2,0,0,0,0,0,0,0,0,1,0,0,0,0,0,0,0,0,0,0,0,0,0,0,0,0,0
9274462,1,3,0,0,1,1,0,0,0,0,0,0,0,0,0,0,0,0,0,0,0,0,0,0,0,0,0,0
9274462,1,4,0,0,1,1,4,1,3,2,4,4,1,4,0,0,0,0,0,0,0,0,0,0,0,0,0,0
9274462,3,13,0,0,2,2,4,1,3,2,5,4,1,3,0,0,0,0,0,0,0,0,0,0,0,0,0,0
9278181,1,4,0,0,0,0,2,0,1,0,1,1,0,2,0,0,0,0,0,0,0,0,0,0,0,0,0,0
9278181,3,13,0,0,0,0,2,0,1,0,0,1,0,1,0,0,0,0,0,0,0,0,0,0,0,0,0,0
9278260,1,4,0,0,4,2,6,4,2,6,5,4,4,2,3,8,5,6,6,2,0,0,0,0,0,0,0,0
9278260,2,5,0,0,4,2,6,4,2,6,5,4,4,2,3,8,5,6,6,2,0,0,0,0,0,0,0,0
9278260,3,13,0,0,4,2,6,4,2,6,5,4,4,2,3,8,5,6,6,2,0,0,0,0,0,0,0,0
9283918,1,1,0,0,0,0,0,0,0,0,0,0,0,0,4,2,0,3,2,5,6,7,3,2,4,4,5,5
9283918,1,2,0,0,0,0,0,0,0,0,0,0,0,0,0,2,3,3,4,4,6,2,8,3,4,6,1,5
9283918,1,4,0,0,0,0,0,0,0,0,0,0,0,0,9,13,20,10,19,12,36,24,14,15,45,29,32,36
9283918,2,5,0,0,0,0,0,0,0,0,0,0,0,0,0,0,1,0,0,0,0,0,0,0,0,0,0,0
9283918,3,13,0,0,0,0,0,0,0,0,0,0,0,0,12,17,2,5,6,5,26,14,13,11,36,30,18,26
9289216,1,4,0,0,1,4,1,1,1,2,1,0,0,1,0,0,0,0,0,0,0,0,0,0,0,0,0,0
9289216,3,13,0,0,0,1,0,0,0,0,1,0,0,0,0,0,0,0,0,0,0,0,0,0,0,0,0,0
9294105,1,2,0,0,0,0,0,0,0,0,0,0,0,0,0,2,0,1,2,1,0,0,0,0,0,0,0,0
9294105,1,4,0,0,0,0,0,1,4,0,5,1,0,2,0,3,1,2,2,1,0,0,0,0,0,0,0,0
9294852,1,1,0,0,0,0,0,0,0,0,0,0,0,0,0,0,0,0,0,1,0,0,0,0,0,0,0,1
9294852,1,2,0,0,0,0,0,0,0,0,0,0,0,0,0,13,0,22,0,13,0,30,0,18,0,42,0,37
9294852,1,3,0,0,0,0,0,0,0,0,0,0,0,0,0,2,0,1,0,3,0,7,0,5,0,6,0,5
9294852,1,4,0,0,0,0,0,0,0,0,0,0,0,0,0,130,0,171,0,143,0,218,0,189,0,263,0,255
9294852,2,5,0,0,0,0,0,0,0,0,0,0,0,0,0,6,0,4,0,5,0,11,0,8,0,8,0,8
9294852,2,6,0,0,0,0,0,0,0,0,0,0,0,0,0,0,0,0,0,1,0,0,0,0,0,1,0,0
9294852,3,13,0,0,0,0,0,0,0,0,0,0,0,0,0,4,0,3,0,6,0,26,0,35,0,27,0,30
9301577,1,2,0,0,0,1,0,1,0,0,0,0,1,1,0,0,0,0,0,0,0,0,0,0,0,0,0,0
9301577,1,4,0,0,1,1,0,1,1,2,0,3,1,0,0,0,0,0,0,0,0,0,0,0,0,0,0,0
9301819,1,2,0,0,0,0,0,0,0,0,0,0,0,0,12,0,16,0,23,0,34,0,27,0,42,0,38,0
9301819,1,3,0,0,0,0,0,0,0,0,0,0,0,0,6,0,4,0,7,0,12,0,8,0,8,0,6,0
9301819,1,4,0,0,0,0,0,0,0,0,0,0,0,0,32,0,29,0,50,0,87,0,81,0,93,0,100,0
9301819,2,5,0,0,0,0,0,0,0,0,0,0,0,0,6,0,3,0,8,0,16,0,12,0,6,0,8,0
9301819,2,6,0,0,0,0,0,0,0,0,0,0,0,0,0,0,0,0,0,0,0,0,0,0,1,0,4,0
9301819,3,13,0,0,0,0,0,0,0,0,0,0,0,0,4,0,0,0,26,0,13,0,16,0,8,0,9,0
9304762,1,2,0,0,3,3,0,0,1,3,0,6,2,4,0,0,0,0,0,0,0,0,0,0,0,0,0,0
9304762,1,4,0,0,0,0,1,1,0,2,0,0,0,1,0,0,0,0,0,0,0,0,0,0,0,0,0,0
9304762,3,13,0,0,0,0,0,1,0,0,0,0,0,0,0,0,0,0,0,0,0,0,0,0,0,0,0,0
9308654,1,4,0,0,4,5,3,2,5,2,2,1,5,1,2,2,3,4,4,5,0,0,0,0,0,0,0,0
9308654,2,5,0,0,4,5,3,2,5,2,2,1,5,1,2,2,3,4,4,5,0,0,0,0,0,0,0,0
9308654,3,13,0,0,0,1,0,0,3,1,0,0,0,0,0,1,3,1,1,0,0,0,0,0,0,0,0,0
9311640,1,1,0,0,0,0,0,0,0,0,0,0,0,0,0,0,0,0,0,1,0,5,0,4,0,7,0,10
9311640,1,2,0,0,0,0,0,0,0,0,0,0,0,0,0,18,0,27,0,24,0,34,0,37,0,68,0,74
9311640,1,3,0,0,0,0,0,0,0,0,0,0,0,0,0,0,0,2,0,3,0,6,0,3,0,11,0,2
9311640,1,4,0,0,0,0,0,0,0,0,0,0,0,0,0,90,0,95,0,111,0,218,0,209,0,304,0,280
9311640,2,5,0,0,0,0,0,0,0,0,0,0,0,0,0,23,0,29,0,21,0,54,0,26,0,40,0,35
9311640,2,6,0,0,0,0,0,0,0,0,0,0,0,0,0,1,0,0,0,0,0,3,0,3,0,1,0,1
9311640,3,13,0,0,0,0,0,0,0,0,0,0,0,0,0,97,0,112,0,123,0,250,0,244,0,296,0,318
9314494,1,2,0,0,0,0,0,0,0,0,0,0,0,1,0,0,0,0,0,0,0,0,0,0,0,0,0,0
9314494,1,4,0,0,3,3,1,5,4,1,1,3,2,6,0,0,0,0,0,0,0,0,0,0,0,0,0,0
9314494,3,13,0,0,1,2,1,4,1,0,0,2,2,2,0,0,0,0,0,0,0,0,0,0,0,0,0,0
9321189,1,1,0,0,0,1,0,0,0,0,0,0,0,0,0,0,0,0,0,1,0,0,0,0,0,0,0,0
9321189,1,2,0,0,0,0,0,0,0,0,0,0,0,0,0,0,1,0,0,0,0,0,0,0,0,0,0,0
9321189,1,4,0,0,4,6,5,5,14,9,10,7,5,5,6,7,5,5,4,3,0,0,0,0,0,0,0,0
9321189,2,5,0,0,4,7,5,5,14,9,10,7,5,5,6,7,5,4,4,3,0,0,0,0,0,0,0,0
9321189,3,13,0,0,4,7,5,5,14,9,10,6,5,5,6,7,6,3,4,4,0,0,0,0,0,0,0,0
9324034,1,1,10,6,1,1,0,2,0,0,0,1,0,0,0,0,0,0,0,0,0,0,0,1,2,0,0,0
9324034,1,2,6,5,3,4,5,5,1,3,4,4,5,0,2,4,4,4,6,4,6,1,4,4,3,4,5,3
9324034,1,3,0,1,0,1,0,0,0,0,0,0,0,0,1,0,0,0,0,0,0,0,0,0,0,0,0,0
9324034,1,4,32,31,23,31,25,21,27,13,29,20,27,22,21,19,26,21,33,22,33,27,23,23,27,19,13,9
9324034,2,5,6,8,8,6,7,2,8,2,5,3,3,3,6,1,3,4,6,4,4,6,5,2,7,2,2,1
9324034,2,6,3,2,2,5,2,5,1,2,1,3,2,2,3,2,1,2,3,1,2,2,5,3,3,7,4,2
9324034,3,13,0,0,0,2,0,0,0,0,0,1,0,0,0,0,0,0,0,0,1,0,0,1,1,0,0,0
9328696,1,1,0,0,0,0,0,0,0,0,0,0,0,0,2,0,1,0,1,0,3,0,3,0,2,0,3,0
9328696,1,2,0,0,0,0,0,0,0,0,0,0,0,0,27,0,19,0,15,0,27,0,26,0,58,0,32,0
9328696,1,3,0,0,0,0,0,0,0,0,0,0,0,0,0,0,0,0,0,0,1,0,0,0,0,0,0,0
9328696,1,4,0,0,0,0,0,0,0,0,0,0,0,0,26,0,30,0,19,0,41,0,27,0,69,0,36,0
9328696,2,5,0,0,0,0,0,0,0,0,0,0,0,0,5,0,6,0,1,0,6,0,2,0,3,0,3,0
9328696,2,6,0,0,0,0,0,0,0,0,0,0,0,0,0,0,1,0,0,0,0,0,0,0,1,0,0,0
9328696,3,13,0,0,0,0,0,0,0,0,0,0,0,0,9,0,7,0,2,0,8,0,20,0,16,0,23,0
9329766,1,2,0,0,0,0,0,0,0,0,0,0,0,0,4,5,5,1,4,3,8,3,2,3,0,0,0,0
9329766,1,4,0,0,0,0,0,0,0,0,0,0,0,0,8,8,4,6,3,3,10,4,7,4,0,0,0,0
9329766,3,13,0,0,0,0,0,0,0,0,0,0,0,0,0,0,1,0,7,4,12,6,1,1,0,0,0,0
9336572,1,2,0,0,0,0,0,0,0,0,0,0,0,0,7,4,6,6,8,11,10,10,7,9,11,6,8,8
9336572,1,4,0,0,0,0,0,0,0,0,0,0,0,0,12,16,22,22,25,24,37,41,35,36,56,35,42,32
9336572,2,6,0,0,0,0,0,0,0,0,0,0,0,0,0,1,0,0,0,0,0,0,0,0,0,0,0,0
9336572,3,13,0,0,0,0,0,0,0,0,0,0,0,0,3,1,0,2,3,3,5,3,6,7,10,3,6,9
9343390,1,1,0,0,0,0,0,0,0,1,0,0,0,0,0,0,0,0,0,0,0,0,0,0,0,0,0,0
9343390,1,2,9,5,3,6,5,2,0,3,6,3,0,0,0,0,0,0,0,0,0,0,0,0,0,0,0,0
9343390,1,3,1,0,1,0,0,0,0,0,0,0,0,0,0,0,0,0,0,0,0,0,0,0,0,0,0,0
9343390,1,4,16,11,3,3,6,6,2,4,2,1,3,0,0,0,0,0,0,0,0,0,0,0,0,0,0,0
9343390,2,5,2,1,0,0,0,2,0,1,0,0,0,0,0,0,0,0,0,0,0,0,0,0,0,0,0,0
9343390,2,6,0,1,0,0,0,0,0,0,1,0,0,0,0,0,0,0,0,0,0,0,0,0,0,0,0,0
9344958,1,4,0,0,2,4,2,2,1,3,3,2,5,2,0,0,0,0,0,0,0,0,0,0,0,0,0,0
9344958,3,13,0,0,2,4,2,2,0,3,1,2,5,2,0,0,0,0,0,0,0,0,0,0,0,0,0,0
9347028,1,2,0,0,1,0,0,0,2,1,2,0,2,2,0,0,0,0,0,0,0,0,0,0,0,0,0,0
9347028,1,4,0,0,2,4,0,4,2,1,5,1,3,5,0,0,0,0,0,0,0,0,0,0,0,0,0,0
9347028,3,13,0,0,3,4,0,4,4,2,7,1,4,7,0,0,0,0,0,0,0,0,0,0,0,0,0,0
9347612,1,1,0,0,0,0,0,0,1,0,0,0,0,0,0,0,0,0,0,0,0,0,0,0,0,0,0,0
9347612,1,2,0,0,4,2,3,2,5,3,4,1,6,4,0,0,0,0,0,0,0,0,0,0,0,0,0,0
9347612,1,4,0,0,3,6,3,5,2,3,6,3,1,4,0,0,0,0,0,0,0,0,0,0,0,0,0,0
9347612,2,5,0,0,0,0,1,0,1,0,1,0,0,1,0,0,0,0,0,0,0,0,0,0,0,0,0,0
9347612,2,6,0,0,0,0,0,2,0,0,0,0,0,1,0,0,0,0,0,0,0,0,0,0,0,0,0,0
9347612,3,13,0,0,0,0,0,0,1,0,0,0,1,0,0,0,0,0,0,0,0,0,0,0,0,0,0,0
9347810,1,1,0,0,0,0,1,0,0,0,0,0,0,0,0,0,0,0,0,0,0,0,0,0,0,0,0,0
9347810,1,4,0,0,11,2,8,7,8,8,5,2,6,8,8,7,7,7,0,4,0,0,0,0,0,0,0,0
9347810,2,5,0,0,11,2,8,7,8,8,4,2,6,8,8,7,7,7,0,4,0,0,0,0,0,0,0,0
9347810,3,13,0,0,7,1,3,1,4,6,0,0,1,1,5,5,1,0,0,3,0,0,0,0,0,0,0,0
9363046,1,2,0,0,0,0,0,1,0,0,0,0,0,0,0,0,0,0,0,0,0,0,0,0,0,0,0,0
9363046,1,4,0,0,1,0,0,0,0,1,1,0,0,1,0,0,0,0,0,0,0,0,0,0,0,0,0,0
9363818,1,2,0,0,0,0,1,1,0,3,0,2,0,0,0,0,0,0,0,0,0,0,0,0,0,0,0,0
9363818,1,4,0,0,5,8,2,12,9,7,12,6,10,3,0,0,0,0,0,0,0,0,0,0,0,0,0,0
9363818,2,5,0,0,1,3,2,8,6,3,8,2,3,3,0,0,0,0,0,0,0,0,0,0,0,0,0,0
9363818,3,13,0,0,5,8,3,13,8,10,10,7,10,2,0,0,0,0,0,0,0,0,0,0,0,0,0,0
9367522,1,4,0,0,2,1,2,1,3,2,3,6,1,2,0,0,0,0,0,0,0,0,0,0,0,0,0,0
9367522,3,13,0,0,2,1,0,0,0,0,1,0,0,0,0,0,0,0,0,0,0,0,0,0,0,0,0,0
9368464,1,1,0,0,2,0,0,1,2,0,0,0,1,1,0,0,0,0,0,0,0,0,0,0,0,0,0,0
9368464,1,2,0,0,1,0,1,1,1,1,1,1,3,2,0,0,0,0,0,0,0,0,0,0,0,0,0,0
9368464,1,3,0,0,0,1,0,0,0,1,0,0,0,0,0,0,0,0,0,0,0,0,0,0,0,0,0,0
9368464,1,4,0,0,6,4,8,1,6,4,4,7,5,4,0,0,0,0,0,0,0,0,0,0,0,0,0,0
9369329,1,1,0,0,0,1,0,0,0,0,1,1,0,0,0,0,0,0,0,0,0,0,0,0,0,0,0,0
9369329,1,2,0,0,0,0,1,0,0,0,1,0,0,2,0,0,0,0,0,0,0,0,0,0,0,0,0,0
9369329,1,3,0,0,0,0,0,0,0,0,0,0,0,1,0,0,0,0,0,0,0,0,0,0,0,0,0,0
9369329,1,4,0,0,1,2,1,0,0,3,0,1,2,0,0,0,0,0,0,0,0,0,0,0,0,0,0,0
9369329,3,13,0,0,1,3,2,0,0,3,2,2,2,3,0,0,0,0,0,0,0,0,0,0,0,0,0,0
9372053,1,2,0,0,0,0,0,0,0,0,0,0,0,0,0,0,1,0,0,1,0,0,1,1,0,0,0,0
9372053,1,3,0,0,0,0,0,0,0,0,0,0,0,0,2,1,0,8,7,4,3,6,3,1,0,0,0,0
9372053,1,4,0,0,0,0,0,0,0,0,0,0,0,0,10,7,6,6,8,7,12,9,8,10,0,0,0,0
9372053,2,5,0,0,0,0,0,0,0,0,0,0,0,0,0,0,0,0,0,0,1,0,0,0,0,0,0,0
9372053,3,13,0,0,0,0,0,0,0,0,0,0,0,0,0,0,0,0,0,1,0,0,0,0,0,0,0,0
9374094,1,1,0,0,0,1,0,0,0,0,0,0,0,0,0,0,0,0,0,0,0,0,0,0,0,0,0,0
9374094,1,2,0,0,1,0,0,1,0,1,0,1,0,0,0,0,0,0,0,0,0,0,0,0,0,0,0,0
9374094,1,4,0,0,1,1,1,3,3,3,1,2,1,2,0,0,0,0,0,0,0,0,0,0,0,0,0,0
9374094,3,13,0,0,0,0,0,0,0,1,0,0,0,0,0,0,0,0,0,0,0,0,0,0,0,0,0,0
9378315,1,1,0,0,1,3,0,0,0,0,0,1,0,0,0,0,0,0,0,0,0,0,0,0,0,0,0,0
9378315,1,4,0,0,0,1,7,3,4,7,4,5,1,2,0,0,0,0,0,0,0,0,0,0,0,0,0,0
9378315,2,5,0,0,0,0,1,0,0,1,0,0,0,0,0,0,0,0,0,0,0,0,0,0,0,0,0,0
9378315,3,13,0,0,1,4,3,1,4,7,2,5,1,2,0,0,0,0,0,0,0,0,0,0,0,0,0,0
9383672,1,1,1,0,0,1,0,1,0,0,0,0,1,1,2,0,1,0,0,0,1,1,0,1,0,0,0,0
9383672,1,2,0,0,0,1,0,2,0,0,1,1,0,1,1,0,0,0,2,0,0,0,0,0,0,0,0,0
9383672,1,4,7,3,5,2,8,5,1,1,6,9,3,5,4,6,10,7,3,8,1,0,2,2,0,0,0,0
9383672,2,5,0,0,0,0,0,0,0,0,0,0,0,0,0,0,0,0,0,0,1,0,0,0,0,0,0,0
9383672,2,6,0,0,2,0,2,1,0,0,1,4,0,0,2,1,0,2,1,2,0,0,0,0,0,0,0,0
9383672,3,13,0,0,0,0,0,0,0,0,0,1,1,0,2,0,1,0,0,0,1,1,0,0,0,0,0,0
9393357,1,2,0,0,1,1,1,1,2,0,1,1,1,1,0,0,0,0,0,0,0,0,0,0,0,0,0,0
9393357,1,3,0,0,1,1,1,1,1,0,1,1,0,2,0,0,0,0,0,0,0,0,0,0,0,0,0,0
9393357,1,4,0,0,0,0,4,2,2,3,1,1,3,3,0,0,0,0,0,0,0,0,0,0,0,0,0,0
9393357,3,13,0,0,1,1,1,0,2,1,1,0,1,3,0,0,0,0,0,0,0,0,0,0,0,0,0,0
9397924,1,2,0,0,2,1,3,2,1,3,1,2,5,1,0,0,0,0,0,0,0,0,0,0,0,0,0,0
9397924,1,4,0,0,2,1,4,3,3,3,3,4,3,2,0,0,0,0,0,0,0,0,0,0,0,0,0,0
9397924,2,5,0,0,1,0,3,1,0,2,2,1,1,0,0,0,0,0,0,0,0,0,0,0,0,0,0,0
9401344,1,1,0,0,0,0,0,0,1,0,0,0,0,0,0,0,0,0,0,0,0,0,0,0,0,0,0,0
9401344,1,2,0,0,5,11,6,15,11,10,10,9,14,14,0,0,0,0,0,0,0,0,0,0,0,0,0,0
9401344,1,3,0,0,0,0,0,0,0,0,0,0,0,1,0,0,0,0,0,0,0,0,0,0,0,0,0,0
9401344,1,4,0,0,12,4,11,5,9,13,10,12,10,7,0,0,0,0,0,0,0,0,0,0,0,0,0,0
9401344,2,5,0,0,5,1,4,2,5,5,7,6,3,2,0,0,0,0,0,0,0,0,0,0,0,0,0,0
9401344,2,6,0,0,1,0,0,0,0,1,0,0,0,0,0,0,0,0,0,0,0,0,0,0,0,0,0,0
9401344,2,7,0,0,0,0,0,0,0,0,0,0,0,1,0,0,0,0,0,0,0,0,0,0,0,0,0,0
9401344,3,13,0,0,16,15,17,20,19,23,19,21,24,22,0,0,0,0,0,0,0,0,0,0,0,0,0,0
9416552,1,2,0,0,1,1,2,1,0,0,1,0,2,0,0,0,0,0,0,0,0,0,0,0,0,0,0,0
9416552,1,3,0,0,0,0,0,0,1,0,1,0,0,0,0,0,0,0,0,0,0,0,0,0,0,0,0,0
9416552,1,4,0,0,0,1,0,0,1,0,0,1,3,1,0,0,0,0,0,0,0,0,0,0,0,0,0,0
9423700,1,1,0,0,0,0,0,0,0,0,0,0,0,0,0,0,0,0,1,0,0,0,0,0,0,0,0,0
9423700,1,2,0,0,0,0,1,0,0,0,0,0,3,0,1,2,0,1,2,1,0,0,0,0,0,0,0,0
9423700,1,3,0,0,0,0,0,0,0,0,1,0,3,0,0,0,1,0,0,0,0,0,0,0,0,0,0,0
9423700,1,4,0,0,0,0,0,1,3,6,3,6,5,6,11,12,14,6,12,2,0,0,0,0,0,0,0,0
9423700,3,13,0,0,0,0,0,0,0,0,0,0,1,0,0,0,0,1,4,0,0,0,0,0,0,0,0,0
9436833,1,1,14,13,5,7,3,0,1,4,4,2,4,2,3,5,7,5,3,3,3,1,0,0,0,0,0,0
9436833,1,2,7,3,2,0,0,2,2,1,2,2,1,3,2,2,0,2,1,1,1,1,0,1,0,0,0,0
9436833,1,3,0,0,0,0,0,0,1,0,0,0,0,0,0,0,0,0,0,0,0,0,0,0,0,0,0,0
9436833,1,4,52,36,19,16,23,14,24,17,18,12,16,11,19,14,10,14,20,10,10,14,3,6,0,0,0,0
9436833,2,5,7,3,4,2,2,2,2,0,1,1,0,1,1,1,0,0,0,0,3,1,1,0,0,0,0,0
9436833,2,6,0,0,0,0,0,0,0,0,1,0,1,0,0,0,0,0,0,1,1,0,0,0,0,0,0,0
9436833,2,8,0,0,0,0,0,0,0,0,0,0,1,0,0,0,0,0,0,0,0,0,0,0,0,0,0,0
9436833,3,13,0,0,0,0,1,0,1,0,1,0,1,0,4,2,2,2,0,2,2,1,0,1,0,0,0,0
9437646,1,4,0,0,1,1,1,6,2,5,2,4,3,2,0,0,0,0,0,0,0,0,0,0,0,0,0,0
9439359,1,1,0,0,8,8,0,1,0,0,1,0,0,0,0,0,0,0,0,0,0,0,0,0,0,0,0,0
9439359,1,2,0,0,2,0,0,2,3,2,4,3,3,2,0,0,0,0,0,0,0,0,0,0,0,0,0,0
9439359,1,4,0,0,3,0,8,3,16,7,8,6,7,9,0,0,0,0,0,0,0,0,0,0,0,0,0,0
9439359,2,5,0,0,2,3,0,1,4,0,3,1,0,3,0,0,0,0,0,0,0,0,0,0,0,0,0,0
9447917,1,2,0,0,0,1,1,0,0,0,0,0,0,0,0,0,0,0,0,0,0,0,0,0,0,0,0,0
9447917,1,4,0,0,9,11,4,11,7,13,11,11,6,9,0,0,0,0,0,0,0,0,0,0,0,0,0,0
9447917,3,13,0,0,7,12,0,0,2,0,0,0,1,0,0,0,0,0,0,0,0,0,0,0,0,0,0,0
9453941,1,2,0,0,0,0,1,0,0,1,0,0,2,1,1,2,1,2,0,4,0,0,0,0,0,0,0,0
9453941,1,4,0,0,7,11,4,8,10,9,5,10,7,9,13,11,11,7,11,14,0,0,0,0,0,0,0,0
9453941,3,13,0,0,7,11,5,8,10,10,5,10,9,10,10,9,0,0,1,0,0,0,0,0,0,0,0,0
9456551,1,2,0,0,0,0,0,0,1,0,0,0,0,0,0,0,0,0,0,0,0,0,0,0,0,0,0,0
9456551,1,4,0,0,0,0,0,0,0,1,0,0,1,0,0,0,0,0,0,0,0,0,0,0,0,0,0,0
9457115,1,2,0,0,0,0,0,0,1,1,1,0,0,1,1,2,0,0,2,0,0,0,0,0,0,0,0,0
9457115,1,3,0,0,7,5,3,2,5,5,4,2,4,5,1,1,0,2,1,1,0,0,0,0,0,0,0,0
9457115,1,4,0,0,3,4,2,2,3,6,3,2,6,3,8,5,6,6,12,9,0,0,0,0,0,0,0,0
9457115,3,13,0,0,10,9,5,4,9,12,8,4,10,9,10,8,6,7,15,10,0,0,0,0,0,0,0,0
9463693,1,1,0,0,0,0,1,1,2,0,2,2,3,0,0,1,0,1,0,1,0,0,0,0,0,0,0,0
9463693,1,2,0,0,5,4,5,7,2,6,5,5,2,6,6,5,2,4,7,6,0,0,0,0,0,0,0,0
9463693,1,3,0,0,0,0,0,0,0,0,2,0,0,1,1,0,0,1,0,0,0,0,0,0,0,0,0,0
9463693,1,4,0,0,12,20,27,22,20,18,26,21,26,27,21,17,22,25,22,15,0,0,0,0,0,0,0,0
9463693,2,5,0,0,3,8,7,6,6,5,12,9,11,5,7,7,9,9,1,4,0,0,0,0,0,0,0,0
9463693,2,6,0,0,0,0,0,0,0,0,0,0,0,1,0,0,0,0,0,0,0,0,0,0,0,0,0,0
9463693,2,7,0,0,0,1,0,0,0,0,0,0,0,0,0,0,0,0,0,0,0,0,0,0,0,0,0,0
9463693,3,13,0,0,0,0,0,0,2,0,3,4,3,1,0,1,0,1,0,1,0,0,0,0,0,0,0,0
9478378,1,2,0,0,0,0,0,0,0,0,0,0,0,0,2,0,2,0,2,0,4,0,5,0,7,18,14,15
9478378,1,3,0,0,0,0,0,0,0,0,0,0,0,0,0,0,0,0,0,0,0,0,0,0,0,0,0,1
9478378,1,4,0,0,0,0,0,0,0,0,0,0,0,0,7,0,7,0,4,0,13,0,9,0,26,10,18,12
9478378,2,5,0,0,0,0,0,0,0,0,0,0,0,0,0,0,0,0,0,0,1,0,0,0,0,0,0,0
9478378,3,13,0,0,0,0,0,0,0,0,0,0,0,0,0,0,0,0,0,0,6,0,1,0,5,4,3,9
9481300,1,2,0,0,0,0,0,0,0,0,0,0,0,0,4,1,1,1,1,4,9,3,3,5,0,0,0,0
9481300,1,4,0,0,0,0,0,0,0,0,0,0,0,0,16,20,21,20,13,22,18,20,32,24,0,0,0,0
9481300,2,5,0,0,0,0,0,0,0,0,0,0,0,0,0,0,0,0,0,0,0,0,2,0,0,0,0,0
9481300,3,13,0,0,0,0,0,0,0,0,0,0,0,0,18,21,22,21,11,24,25,23,35,27,0,0,0,0
9481347,1,1,2,2,1,1,1,0,1,0,0,2,1,1,2,1,3,0,0,1,0,3,0,1,0,0,0,0
9481347,1,2,6,6,1,2,4,1,3,1,3,3,1,0,2,0,2,0,0,2,0,1,0,0,0,0,0,0
9481347,1,4,19,10,7,9,10,5,3,2,9,7,7,1,14,4,7,3,3,9,3,9,7,4,0,0,0,0
9481347,2,5,2,0,0,0,2,0,0,0,1,1,0,0,2,0,3,1,1,1,0,2,1,1,0,0,0,0
9481347,2,6,0,0,0,0,0,0,0,0,0,0,0,0,1,0,0,0,0,1,1,0,0,0,0,0,0,0
9481347,3,13,0,0,0,0,0,0,0,0,0,1,1,1,2,1,3,0,0,1,0,3,0,0,0,0,0,0
9485159,1,1,0,0,0,0,0,0,0,0,0,1,0,0,1,0,1,0,0,0,0,0,0,0,0,0,0,0
9485159,1,2,0,0,6,2,8,3,2,3,5,5,5,1,3,5,3,6,0,3,0,0,0,0,0,0,0,0
9485159,1,4,0,0,2,6,3,4,2,6,2,6,6,6,6,5,4,3,4,8,0,0,0,0,0,0,0,0
9485159,3,13,0,0,0,0,0,0,0,0,0,1,1,0,1,0,1,0,0,0,0,0,0,0,0,0,0,0
9487267,1,2,0,0,1,1,3,3,2,1,2,1,0,2,0,0,0,0,0,0,0,0,0,0,0,0,0,0
9487267,1,4,0,0,0,1,0,1,1,2,1,1,0,0,0,0,0,0,0,0,0,0,0,0,0,0,0,0
9487267,3,13,0,0,1,2,3,3,3,3,3,2,0,2,0,0,0,0,0,0,0,0,0,0,0,0,0,0
9500126,1,2,0,0,1,2,2,5,1,0,2,2,2,3,0,0,0,0,0,0,0,0,0,0,0,0,0,0
9500126,1,4,0,0,0,0,1,3,0,0,1,3,0,2,0,0,0,0,0,0,0,0,0,0,0,0,0,0
9500126,3,13,0,0,1,2,3,8,1,0,3,5,2,5,0,0,0,0,0,0,0,0,0,0,0,0,0,0
9501234,1,2,0,0,0,0,3,1,1,1,1,1,2,3,0,0,0,0,0,0,0,0,0,0,0,0,0,0
9501234,1,3,0,0,0,0,0,0,0,0,1,2,1,0,0,0,0,0,0,0,0,0,0,0,0,0,0,0
9501234,1,4,0,0,7,6,1,10,4,3,2,9,3,1,0,0,0,0,0,0,0,0,0,0,0,0,0,0
9501234,2,5,0,0,0,0,0,1,1,1,1,1,0,0,0,0,0,0,0,0,0,0,0,0,0,0,0,0
9501234,2,6,0,0,0,0,0,0,0,0,1,3,1,0,0,0,0,0,0,0,0,0,0,0,0,0,0,0
9501234,3,13,0,0,0,0,0,0,0,1,0,2,0,0,0,0,0,0,0,0,0,0,0,0,0,0,0,0
9504712,1,2,0,0,0,0,0,0,0,0,0,0,0,0,2,4,3,1,6,0,8,2,4,3,4,0,2,2
9504712,1,4,0,0,0,0,0,0,0,0,0,0,0,0,18,15,22,17,29,23,39,19,30,22,31,29,23,15
9504712,3,13,0,0,0,0,0,0,0,0,0,0,0,0,0,0,0,0,0,0,0,1,2,6,4,9,4,1
9507829,1,2,0,0,0,0,1,1,1,1,1,1,2,0,0,0,0,0,0,0,0,0,0,0,0,0,0,0
9507829,1,4,0,0,2,4,2,1,0,2,4,4,2,4,0,0,0,0,0,0,0,0,0,0,0,0,0,0
9507829,2,5,0,0,0,0,0,0,0,0,1,0,0,0,0,0,0,0,0,0,0,0,0,0,0,0,0,0
9507829,3,13,0,0,2,4,3,2,1,3,5,5,4,4,0,0,0,0,0,0,0,0,0,0,0,0,0,0
9510661,1,2,0,0,1,0,3,0,2,0,0,0,0,0,0,0,0,0,0,0,0,0,0,0,0,0,0,0
9510661,1,4,0,0,1,0,0,1,0,0,0,1,0,2,0,0,0,0,0,0,0,0,0,0,0,0,0,0
9510661,2,5,0,0,0,0,0,1,0,0,0,0,0,0,0,0,0,0,0,0,0,0,0,0,0,0,0,0
9510661,3,13,0,0,0,0,0,0,1,0,0,0,0,0,0,0,0,0,0,0,0,0,0,0,0,0,0,0
9524337,1,2,0,0,0,1,2,1,1,1,2,0,3,3,0,0,0,0,0,0,0,0,0,0,0,0,0,0
9524337,1,4,0,0,9,7,5,10,7,7,4,9,14,5,0,0,0,0,0,0,0,0,0,0,0,0,0,0
9524337,2,5,0,0,3,3,2,4,4,2,2,3,9,2,0,0,0,0,0,0,0,0,0,0,0,0,0,0
9524337,3,13,0,0,9,8,7,11,8,8,6,9,16,8,0,0,0,0,0,0,0,0,0,0,0,0,0,0
9530504,1,3,0,0,0,0,0,1,0,0,2,0,0,0,0,0,0,0,0,0,0,0,0,0,0,0,0,0
9530504,1,4,0,0,0,2,2,0,1,1,2,1,2,0,0,0,0,0,0,0,0,0,0,0,0,0,0,0
9530578,1,2,0,0,0,0,0,0,0,0,0,0,0,0,0,6,3,1,3,3,5,0,5,2,0,0,0,0
9530578,1,3,0,0,0,0,0,0,0,0,0,0,0,0,1,2,0,2,1,3,1,0,0,0,0,0,0,0
9530578,1,4,0,0,0,0,0,0,0,0,0,0,0,0,6,6,1,1,7,3,11,1,6,5,0,0,0,0
9530578,3,13,0,0,0,0,0,0,0,0,0,0,0,0,0,1,0,0,0,0,1,0,1,0,0,0,0,0
9531123,1,2,0,0,0,9,4,4,4,6,5,3,4,9,0,0,0,0,0,0,0,0,0,0,0,0,0,0
9531123,1,4,0,0,0,1,3,2,2,2,5,2,4,2,0,0,0,0,0,0,0,0,0,0,0,0,0,0
9531123,3,13,0,0,0,0,1,2,1,2,0,0,1,0,0,0,0,0,0,0,0,0,0,0,0,0,0,0
9534958,1,2,0,0,0,0,0,0,0,0,0,0,0,0,0,0,1,1,0,1,1,0,0,0,0,0,0,0
9534958,1,4,0,0,0,0,0,0,0,0,0,0,0,0,8,6,11,12,9,16,12,11,15,16,0,0,0,0
9534958,2,5,0,0,0,0,0,0,0,0,0,0,0,0,0,0,1,2,1,1,0,0,0,0,0,0,0,0
9534958,3,13,0,0,0,0,0,0,0,0,0,0,0,0,0,0,0,0,0,0,0,0,2,0,0,0,0,0
9535695,1,2,0,0,1,0,0,0,2,0,0,0,0,0,0,0,0,0,0,0,0,0,0,0,0,0,0,0
9535695,1,4,0,0,1,4,2,2,2,5,6,3,3,3,0,0,0,0,0,0,0,0,0,0,0,0,0,0
9535695,2,5,0,0,0,1,0,0,0,2,1,0,0,0,0,0,0,0,0,0,0,0,0,0,0,0,0,0
9535695,3,13,0,0,2,4,2,2,4,5,6,3,3,3,0,0,0,0,0,0,0,0,0,0,0,0,0,0
9537577,1,2,0,0,2,2,2,1,0,3,4,1,1,3,0,0,0,0,0,0,0,0,0,0,0,0,0,0
9537577,1,4,0,0,0,0,0,0,0,0,0,2,0,0,0,0,0,0,0,0,0,0,0,0,0,0,0,0
9537577,3,13,0,0,2,2,1,1,0,1,1,0,0,0,0,0,0,0,0,0,0,0,0,0,0,0,0,0
9544172,1,1,5,2,10,9,6,2,4,5,4,3,12,4,7,8,5,10,7,9,6,5,4,8,4,5,3,6
9544172,1,2,17,17,10,4,5,6,4,6,6,10,8,4,5,10,5,6,9,5,2,1,8,3,2,5,0,1
9544172,1,3,3,1,0,3,0,0,0,0,1,0,0,0,0,0,1,0,0,0,0,0,0,0,1,0,0,0
9544172,1,4,111,88,52,53,32,35,28,19,24,37,33,25,29,32,40,46,41,28,26,32,34,33,29,33,21,15
9544172,2,5,6,2,2,3,3,1,2,0,5,1,3,1,3,3,2,6,5,6,3,3,6,1,1,3,3,1
9544172,2,6,2,0,0,2,1,1,1,0,0,1,1,0,0,1,4,3,2,2,0,0,2,0,2,0,3,2
9544172,3,13,5,0,7,9,6,3,4,4,5,4,11,4,5,10,4,9,8,9,6,5,4,6,4,4,4,4
9547157,1,2,0,0,0,0,0,0,0,0,0,1,1,0,0,0,0,0,0,0,0,0,0,0,0,0,0,0
9547157,1,4,0,0,3,3,1,1,0,4,3,5,5,3,0,0,0,0,0,0,0,0,0,0,0,0,0,0
9547157,2,6,0,0,0,0,0,0,0,1,0,1,0,0,0,0,0,0,0,0,0,0,0,0,0,0,0,0
9550540,1,1,0,0,0,1,0,0,0,0,0,0,0,0,0,0,0,0,0,0,0,0,0,0,0,0,0,0
9550540,1,2,0,3,1,0,1,0,0,0,0,2,0,1,0,1,1,0,0,1,0,0,0,0,0,0,0,0
9550540,1,4,4,3,2,2,5,3,1,4,2,6,2,5,6,1,3,3,3,7,0,0,0,0,0,0,0,0
9550540,3,13,4,6,3,3,6,2,1,4,2,8,2,6,6,2,4,3,3,8,0,0,0,0,0,0,0,0
9551648,1,2,0,0,0,0,0,0,1,0,0,0,0,0,1,0,0,1,0,0,0,0,0,0,0,0,0,0
9551648,1,4,7,6,2,4,3,5,11,8,6,9,11,6,12,9,8,8,12,14,0,0,0,0,0,0,0,0
9558902,1,2,0,0,0,0,1,1,1,0,1,2,1,0,0,0,0,0,0,0,0,0,0,0,0,0,0,0
9558902,1,4,0,0,0,1,3,3,0,3,0,3,1,1,0,0,0,0,0,0,0,0,0,0,0,0,0,0
9558902,3,13,0,0,0,1,0,1,0,0,0,0,0,0,0,0,0,0,0,0,0,0,0,0,0,0,0,0
9561459,1,2,0,0,0,0,0,0,2,0,1,1,1,0,3,3,1,0,2,2,0,0,0,0,0,0,0,0
9561459,1,3,0,0,0,0,0,0,0,0,0,0,0,0,1,0,0,0,1,0,0,0,0,0,0,0,0,0
9561459,1,4,0,0,3,2,0,0,5,3,5,3,5,8,7,9,9,3,12,4,0,0,0,0,0,0,0,0
9561459,2,6,0,0,0,0,0,0,0,0,0,0,0,0,1,0,0,0,0,0,0,0,0,0,0,0,0,0
9561459,3,13,0,0,1,1,0,0,2,2,2,2,2,2,4,9,7,0,8,0,0,0,0,0,0,0,0,0
9562866,1,2,0,0,0,0,0,0,0,0,0,0,0,0,1,1,4,2,4,3,3,0,4,2,4,5,4,3
9562866,1,3,0,0,0,0,0,0,0,0,0,0,0,0,0,0,0,0,0,0,0,1,1,0,0,2,0,1
9562866,1,4,0,0,0,0,0,0,0,0,0,0,0,0,14,18,17,22,20,23,21,17,15,22,20,15,22,22
9562866,2,5,0,0,0,0,0,0,0,0,0,0,0,0,3,2,1,0,2,1,2,1,2,2,0,0,1,1
9562866,2,6,0,0,0,0,0,0,0,0,0,0,0,0,0,0,0,0,0,1,0,0,0,0,0,0,0,0
9562866,3,13,0,0,0,0,0,0,0,0,0,0,0,0,0,0,0,0,8,5,6,1,5,5,2,0,3,3
9566912,1,2,0,0,0,0,1,1,0,0,0,0,0,2,0,0,0,0,0,0,0,0,0,0,0,0,0,0
9566912,1,4,0,0,2,4,4,4,2,2,3,3,3,4,0,0,0,0,0,0,0,0,0,0,0,0,0,0
9566912,3,13,0,0,2,4,5,5,2,2,3,3,3,6,0,0,0,0,0,0,0,0,0,0,0,0,0,0
9583170,1,2,0,0,0,0,0,0,0,0,0,0,0,0,1,1,0,1,0,1,0,1,0,1,0,0,0,0
9583170,1,4,0,0,0,0,0,0,0,0,0,0,0,0,14,18,18,21,30,16,34,27,25,26,0,0,0,0
9583170,3,13,0,0,0,0,0,0,0,0,0,0,0,0,0,0,0,1,0,0,0,0,0,0,0,0,0,0
9586661,1,4,0,0,2,1,4,3,0,3,3,4,5,2,0,0,0,0,0,0,0,0,0,0,0,0,0,0
9586661,3,13,0,0,2,1,4,3,0,3,3,4,5,2,0,0,0,0,0,0,0,0,0,0,0,0,0,0
9587994,1,1,0,0,2,4,0,0,0,0,0,0,0,0,0,0,0,0,0,0,0,0,0,0,0,0,0,0
9587994,1,2,0,0,1,1,1,2,2,1,3,1,2,5,0,0,0,0,0,0,0,0,0,0,0,0,0,0
9587994,1,4,0,0,0,0,1,2,3,2,4,2,2,3,0,0,0,0,0,0,0,0,0,0,0,0,0,0
9587994,3,13,0,0,3,5,2,4,5,3,7,3,4,8,0,0,0,0,0,0,0,0,0,0,0,0,0,0
9591780,1,2,0,0,1,0,0,0,1,0,0,0,0,0,3,1,3,0,2,4,0,0,0,0,0,0,0,0
9591780,1,4,0,0,1,0,6,1,2,4,3,2,0,3,4,10,5,2,5,2,0,0,0,0,0,0,0,0
9591780,3,13,0,0,2,0,6,1,3,4,3,2,0,3,7,11,8,2,7,6,0,0,0,0,0,0,0,0
9591916,1,1,6,5,0,1,0,0,0,0,0,0,0,0,0,0,0,0,0,0,0,0,0,0,0,0,0,0
9591916,1,2,6,6,1,2,2,1,1,0,1,2,0,3,0,0,0,0,0,0,0,0,0,0,0,0,0,0
9591916,1,4,57,38,23,21,23,17,24,7,17,20,11,6,0,0,0,0,0,0,0,0,0,0,0,0,0,0
9591916,2,5,2,2,2,1,0,0,1,0,2,0,0,0,0,0,0,0,0,0,0,0,0,0,0,0,0,0
9591916,3,13,0,0,1,0,0,0,0,0,0,0,0,0,0,0,0,0,0,0,0,0,0,0,0,0,0,0
9599073,1,1,0,0,8,5,0,0,0,0,0,0,0,0,0,0,0,0,0,0,0,0,0,0,0,0,0,0
9599073,1,2,0,0,0,1,3,2,0,0,1,1,2,0,0,0,0,0,0,0,0,0,0,0,0,0,0,0
9599073,1,4,0,0,0,1,8,9,9,11,6,5,10,10,0,0,0,0,0,0,0,0,0,0,0,0,0,0
9599073,3,13,0,0,0,0,0,0,0,0,0,0,1,0,0,0,0,0,0,0,0,0,0,0,0,0,0,0
9605743,1,4,0,0,8,0,7,0,8,0,13,0,10,0,11,0,9,0,8,0,0,0,0,0,0,0,0,0
9605743,2,5,0,0,8,0,7,0,8,0,13,0,10,0,11,0,9,0,8,0,0,0,0,0,0,0,0,0
9607846,1,1,0,0,1,1,0,0,0,0,0,0,0,0,0,0,0,0,0,0,0,0,0,0,0,0,0,0
9607846,1,4,0,0,0,1,3,0,0,3,1,2,2,1,0,0,0,0,0,0,0,0,0,0,0,0,0,0
9609140,1,2,0,0,2,3,3,1,3,2,2,2,3,1,0,0,0,0,0,0,0,0,0,0,0,0,0,0
9609140,1,4,0,0,4,1,5,5,2,6,7,6,11,7,0,0,0,0,0,0,0,0,0,0,0,0,0,0
9609140,2,5,0,0,0,0,1,0,0,0,0,0,0,0,0,0,0,0,0,0,0,0,0,0,0,0,0,0
9609140,3,13,0,0,6,3,6,4,3,7,6,5,7,4,0,0,0,0,0,0,0,0,0,0,0,0,0,0
9609741,1,1,0,0,0,2,1,0,0,0,1,1,2,0,0,0,0,0,0,0,0,1,1,1,0,0,0,0
9609741,1,2,4,4,5,2,1,1,5,2,2,4,5,4,1,1,4,2,6,4,2,1,0,2,0,0,0,0
9609741,1,3,0,0,0,0,0,1,0,0,0,0,0,0,0,0,0,0,0,0,0,0,0,0,0,0,0,0
9609741,1,4,22,14,14,16,25,19,18,16,25,9,15,20,15,11,14,11,10,11,9,8,10,5,0,0,0,0
9609741,2,5,2,3,0,3,4,5,3,3,7,0,2,4,2,3,3,1,1,2,0,1,1,1,0,0,0,0
9609741,2,6,4,0,1,5,5,3,4,2,2,1,3,6,2,3,3,1,2,0,2,1,1,1,0,0,0,0
9609741,3,13,0,0,0,1,0,0,0,0,1,1,2,0,0,0,0,0,0,0,0,0,1,1,0,0,0,0
9611973,1,2,0,0,0,1,1,1,0,1,0,1,0,3,0,0,0,0,0,0,0,0,0,0,0,0,0,0
9611973,1,3,0,0,1,0,0,0,0,0,0,0,0,0,0,0,0,0,0,0,0,0,0,0,0,0,0,0
9611973,1,4,0,0,3,3,2,0,4,3,7,5,4,6,0,0,0,0,0,0,0,0,0,0,0,0,0,0
9611973,3,13,0,0,0,0,0,0,0,0,0,0,1,0,0,0,0,0,0,0,0,0,0,0,0,0,0,0
9613325,1,2,0,0,0,0,0,0,0,0,0,0,0,0,9,0,6,0,4,0,5,0,10,0,6,5,4,3
9613325,1,3,0,0,0,0,0,0,0,0,0,0,0,0,1,0,0,0,0,0,0,0,1,0,0,0,0,0
9613325,1,4,0,0,0,0,0,0,0,0,0,0,0,0,27,0,19,0,23,1,38,0,43,0,38,45,42,61
9613325,2,5,0,0,0,0,0,0,0,0,0,0,0,0,2,0,2,0,3,0,3,0,7,0,2,6,2,1
9613325,3,13,0,0,0,0,0,0,0,0,0,0,0,0,0,0,0,0,0,0,2,0,2,0,3,8,0,0
9614787,1,1,0,0,0,0,0,0,0,0,0,0,0,0,0,1,0,2,0,3,0,9,0,6,0,0,0,0
9614787,1,2,0,0,0,0,0,0,0,0,0,0,0,0,0,8,0,13,0,10,0,27,0,17,0,0,0,0
9614787,1,3,0,0,0,0,0,0,0,0,0,0,0,0,0,0,0,0,0,0,0,0,0,1,0,0,0,0
9614787,1,4,0,0,0,0,0,0,0,0,0,0,0,0,0,40,0,37,0,45,0,48,0,53,0,0,0,0
9614787,2,5,0,0,0,0,0,0,0,0,0,0,0,0,0,4,0,9,0,1,0,1,0,1,0,0,0,0
9614787,2,6,0,0,0,0,0,0,0,0,0,0,0,0,0,0,0,0,0,1,0,0,0,0,0,0,0,0
9614787,3,13,0,0,0,0,0,0,0,0,0,0,0,0,0,48,0,5,0,50,0,79,0,17,0,0,0,0
9616656,1,2,0,0,4,0,1,4,1,2,2,1,2,1,0,0,3,1,1,1,0,0,0,0,0,0,0,0
9616656,1,4,0,0,1,2,0,3,3,5,0,2,4,1,3,3,5,4,0,3,0,0,0,0,0,0,0,0
9616656,2,5,0,0,0,0,0,0,0,0,0,0,0,0,0,0,1,0,0,0,0,0,0,0,0,0,0,0
9616656,3,13,0,0,5,2,1,7,4,7,2,3,6,2,2,2,8,5,1,4,0,0,0,0,0,0,0,0
9617018,1,3,0,0,0,1,0,0,0,0,1,0,0,2,0,0,0,0,0,0,0,0,0,0,0,0,0,0
9617018,1,4,0,0,1,0,0,1,1,2,1,0,3,0,0,0,0,0,0,0,0,0,0,0,0,0,0,0
9617018,3,13,0,0,0,0,0,1,0,1,1,0,2,0,0,0,0,0,0,0,0,0,0,0,0,0,0,0
9620682,1,1,8,3,6,3,4,1,2,3,5,2,3,4,2,1,1,4,3,4,1,0,1,0,1,0,1,0
9620682,1,2,3,1,3,3,2,4,3,2,6,2,0,2,2,0,0,0,0,0,0,0,2,1,1,0,2,0
9620682,1,3,0,0,1,0,0,0,0,0,0,0,0,0,0,0,0,0,0,0,0,0,0,0,0,0,0,0
9620682,1,4,33,32,10,6,8,8,11,14,9,8,16,7,2,3,0,2,0,0,2,1,5,3,7,1,9,1
9620682,2,5,9,14,3,2,4,2,4,7,2,2,6,2,0,1,0,1,0,0,0,1,2,0,1,0,2,0
9620682,2,6,0,0,0,0,0,0,0,0,0,0,0,0,0,0,0,0,0,0,0,0,0,0,1,0,0,0
9620682,3,13,0,0,0,0,1,0,0,0,5,2,3,3,2,1,1,4,3,4,1,0,0,0,0,0,1,0
9622934,1,3,0,0,1,2,0,1,0,1,0,0,0,0,0,0,0,0,0,0,0,0,0,0,0,0,0,0
9622934,1,4,0,0,0,1,4,4,2,1,1,1,4,3,0,0,0,0,0,0,0,0,0,0,0,0,0,0
9622934,3,13,0,0,1,3,4,5,2,2,1,1,4,3,0,0,0,0,0,0,0,0,0,0,0,0,0,0
9633499,1,1,6,8,5,7,2,2,3,0,3,3,0,1,5,4,6,2,9,2,1,8,3,6,3,3,3,8
9633499,1,2,6,9,0,5,2,2,1,4,6,2,2,3,3,3,1,1,3,1,1,1,3,0,1,4,1,1
9633499,1,3,1,0,1,0,0,1,1,0,0,0,0,0,0,0,0,0,0,0,0,0,0,0,0,0,0,1
9633499,1,4,89,53,44,19,45,30,47,31,29,22,32,29,40,22,28,19,44,21,24,9,16,17,16,21,13,16
9633499,2,5,3,0,2,0,3,1,1,2,3,0,1,1,3,1,1,1,1,2,2,1,2,0,7,0,3,2
9633499,2,6,0,0,1,0,1,0,0,0,0,0,1,0,0,0,0,1,0,0,0,0,0,0,0,0,0,1
9633499,2,10,1,0,0,0,0,0,0,0,0,0,0,0,0,0,0,0,0,0,0,0,0,0,0,0,0,0
9633499,3,13,0,0,1,0,2,0,1,0,2,2,0,1,4,4,6,2,9,3,1,8,3,6,3,4,3,8
9635418,1,4,0,0,2,3,1,1,2,3,5,2,1,2,0,0,0,0,0,0,0,0,0,0,0,0,0,0
9635418,3,13,0,0,2,3,1,1,2,3,4,2,1,2,0,0,0,0,0,0,0,0,0,0,0,0,0,0
9637880,1,4,0,0,0,0,0,0,0,2,0,0,2,0,0,0,0,0,0,0,0,0,0,0,0,0,0,0
9637880,3,13,0,0,0,0,0,0,0,2,0,0,2,0,0,0,0,0,0,0,0,0,0,0,0,0,0,0
9638249,1,4,0,0,4,1,1,2,1,0,0,2,3,0,0,0,0,0,0,0,0,0,0,0,0,0,0,0
9640501,1,4,0,0,2,3,1,3,1,2,2,2,1,5,0,0,0,0,0,0,0,0,0,0,0,0,0,0
9641156,1,2,5,1,2,3,1,0,1,3,1,1,2,1,2,2,0,0,2,2,1,0,0,1,1,1,0,1
9641156,1,3,1,1,0,0,0,1,0,0,0,0,0,1,0,0,0,0,0,0,0,0,0,0,0,0,0,0
9641156,1,4,7,5,3,2,2,1,5,0,5,3,5,1,6,2,5,1,5,3,2,2,4,1,7,1,2,0
9641156,2,5,1,0,1,1,0,0,2,0,2,2,0,1,2,0,2,0,2,2,0,0,1,1,0,1,0,0
9641156,2,6,0,0,0,1,0,0,0,1,0,0,0,0,1,1,0,0,0,0,1,0,0,0,0,0,0,0
9641156,3,13,0,0,0,0,0,0,0,0,0,0,0,0,0,0,0,0,0,0,1,0,0,0,0,0,0,0
9646649,1,2,0,0,0,0,0,0,0,0,0,0,1,0,0,0,0,1,0,0,0,0,0,0,0,0,0,0
9646649,1,4,0,0,10,8,6,4,8,7,10,5,8,5,6,15,8,9,9,14,0,0,0,0,0,0,0,0
9646649,2,5,0,0,0,0,0,0,0,0,0,0,0,0,1,0,0,1,0,0,0,0,0,0,0,0,0,0
9646649,3,13,0,0,5,4,6,4,7,7,9,4,9,5,6,15,8,10,9,14,0,0,0,0,0,0,0,0
9651807,1,2,0,0,0,0,0,0,0,0,0,0,0,0,2,1,0,3,1,2,1,0,2,1,0,0,0,0
9651807,1,4,0,0,0,0,0,0,0,0,0,0,0,0,30,27,37,27,30,21,32,24,38,18,0,0,0,0
9651807,2,6,0,0,0,0,0,0,0,0,0,0,0,0,0,0,1,0,0,0,0,0,0,0,0,0,0,0
9651807,3,13,0,0,0,0,0,0,0,0,0,0,0,0,31,28,37,30,31,23,33,24,40,18,0,0,0,0
9657992,1,2,0,0,2,0,0,0,2,1,1,0,0,1,1,3,0,0,1,0,0,0,0,0,0,0,0,0
9657992,1,4,0,0,0,2,3,1,0,1,1,1,2,0,1,3,0,2,0,1,0,0,0,0,0,0,0,0
9657992,3,13,0,0,0,1,0,0,2,1,0,0,0,0,0,0,0,0,0,0,0,0,0,0,0,0,0,0
9658878,1,1,0,0,0,0,0,0,0,0,0,0,0,0,0,0,0,0,0,0,0,0,1,0,0,0,0,0
9658878,1,2,0,0,0,0,0,0,0,0,0,0,0,0,0,0,1,0,0,0,1,0,1,0,0,0,0,0
9658878,1,3,0,0,0,0,0,0,0,0,0,0,0,0,0,0,1,0,1,0,0,2,3,0,0,0,0,0
9658878,1,4,0,0,0,0,0,0,0,0,0,0,0,0,9,14,18,15,27,15,18,24,25,25,0,0,0,0
9658878,3,13,0,0,0,0,0,0,0,0,0,0,0,0,0,0,1,0,1,1,0,0,1,2,0,0,0,0
9662622,1,1,0,0,3,1,0,0,0,0,0,0,0,0,0,0,0,0,0,0,0,0,0,0,0,0,0,0
9662622,1,2,0,0,0,2,1,1,4,1,0,0,2,1,0,0,0,0,0,0,0,0,0,0,0,0,0,0
9662622,1,4,0,0,5,3,7,5,9,7,7,8,10,9,0,0,0,0,0,0,0,0,0,0,0,0,0,0
9662622,2,5,0,0,1,0,0,0,1,0,0,0,0,0,0,0,0,0,0,0,0,0,0,0,0,0,0,0
9662622,3,13,0,0,0,0,0,0,0,0,1,0,0,0,0,0,0,0,0,0,0,0,0,0,0,0,0,0
9670605,1,2,0,0,0,0,0,0,0,0,1,0,0,0,0,0,0,0,0,0,0,0,0,0,0,0,0,0
9670605,1,4,0,0,0,1,0,1,2,8,2,1,3,4,0,0,0,0,0,0,0,0,0,0,0,0,0,0
9670605,3,13,0,0,0,1,0,0,0,0,0,0,0,0,0,0,0,0,0,0,0,0,0,0,0,0,0,0
9674279,1,2,0,0,0,0,0,0,0,0,0,0,0,0,8,5,5,9,4,7,6,6,6,2,11,7,9,7
9674279,1,4,0,0,0,0,0,0,0,0,0,0,0,0,10,14,15,17,12,12,14,12,12,17,20,20,12,18
9674279,2,5,0,0,0,0,0,0,0,0,0,0,0,0,0,1,0,0,0,0,0,0,0,1,1,2,1,0
9674279,3,13,0,0,0,0,0,0,0,0,0,0,0,0,0,1,0,1,0,0,0,0,0,3,4,1,2,0
9674602,1,2,0,0,2,1,1,1,1,2,4,4,2,1,0,0,0,0,0,0,0,0,0,0,0,0,0,0
9674602,1,4,0,0,2,2,2,1,1,4,2,2,1,4,0,0,0,0,0,0,0,0,0,0,0,0,0,0
9674602,3,13,0,0,0,0,0,0,0,0,0,0,1,1,0,0,0,0,0,0,0,0,0,0,0,0,0,0
9676707,1,1,1,4,0,1,0,2,1,0,1,2,0,0,0,0,0,0,0,0,0,0,0,0,0,0,0,2
9676707,1,2,9,9,1,1,1,1,2,0,3,6,4,4,2,4,0,0,1,0,3,2,3,3,0,0,2,1
9676707,1,3,3,1,1,1,0,0,0,1,1,0,0,2,0,0,0,0,0,0,0,0,0,0,0,0,0,0
9676707,1,4,16,13,9,10,12,12,10,13,9,5,8,9,8,5,11,8,6,7,3,6,2,7,6,7,3,7
9676707,2,6,8,8,2,3,1,2,3,3,2,2,1,1,2,0,1,0,0,0,0,3,0,2,3,1,0,5
9676707,3,13,15,13,0,0,0,0,0,0,1,1,0,0,0,0,0,0,1,0,0,0,0,1,0,0,0,1
9678769,1,1,36,42,3,1,0,0,0,0,1,0,2,0,0,2,12,17,3,0,49,16,36,13,22,11,36,20
9678769,1,2,14,9,8,6,6,5,4,2,7,4,5,3,9,5,4,4,4,4,8,2,3,1,8,1,1,4
9678769,1,3,2,1,1,0,0,0,2,0,0,0,2,0,0,0,1,0,0,0,0,0,0,0,0,0,2,0
9678769,1,4,37,44,64,37,39,42,42,28,42,42,37,22,37,30,33,1,37,15,0,1,7,1,3,1,0,1
9678769,2,5,2,4,1,2,1,2,0,0,0,3,1,0,1,1,1,1,0,0,1,1,0,0,0,0,0,1
9678769,2,6,0,0,0,0,0,0,0,0,0,0,0,0,0,0,0,0,0,1,0,0,1,0,0,0,0,0
9678769,3,13,0,0,0,0,0,1,0,0,0,0,0,0,0,0,2,0,1,0,4,0,6,0,1,0,3,0
9680224,1,2,0,0,0,0,0,1,0,2,0,1,0,2,0,0,0,0,0,0,0,0,0,0,0,0,0,0
9680224,1,4,0,0,0,0,3,2,3,0,1,1,2,1,0,0,0,0,0,0,0,0,0,0,0,0,0,0
9685379,1,2,0,0,2,0,1,1,3,0,0,1,0,1,0,0,0,0,0,0,0,0,0,0,0,0,0,0
9685379,1,3,0,0,1,0,1,0,0,0,1,0,1,0,0,0,0,0,0,0,0,0,0,0,0,0,0,0
9685379,1,4,0,0,1,1,0,2,0,0,1,0,1,1,0,0,0,0,0,0,0,0,0,0,0,0,0,0
9685379,3,13,0,0,4,1,2,3,3,0,2,1,2,2,0,0,0,0,0,0,0,0,0,0,0,0,0,0
9685419,1,2,0,0,0,0,0,1,0,0,0,0,0,0,0,0,0,0,0,0,0,0,0,0,0,0,0,0
9685419,1,3,0,0,1,0,1,0,0,0,0,0,0,0,0,0,0,0,0,0,0,0,0,0,0,0,0,0
9685419,1,4,0,0,7,3,3,7,5,5,6,4,3,5,0,0,0,0,0,0,0,0,0,0,0,0,0,0
9685419,3,13,0,0,0,0,0,5,5,5,6,4,2,5,0,0,0,0,0,0,0,0,0,0,0,0,0,0
9689024,1,2,0,0,0,1,0,0,0,0,1,0,0,1,0,0,0,0,0,0,0,0,0,0,0,0,0,0
9689024,1,4,0,0,3,4,3,1,3,1,2,4,1,2,0,0,0,0,0,0,0,0,0,0,0,0,0,0
9693836,1,2,0,0,0,0,0,0,0,0,0,0,0,0,0,0,0,0,1,0,0,0,0,0,0,0,0,0
9693836,1,3,0,0,0,0,0,0,0,0,0,0,0,0,0,0,3,0,1,0,0,3,1,0,0,0,0,0
9693836,1,4,0,0,0,0,0,0,0,0,0,0,0,0,17,16,13,12,21,25,26,27,25,33,0,0,0,0
9693836,3,13,0,0,0,0,0,0,0,0,0,0,0,0,0,0,2,1,10,14,4,8,11,15,0,0,0,0
9695577,1,2,0,0,0,0,0,0,1,0,0,0,0,0,0,0,0,1,0,0,0,0,0,0,0,0,0,0
9695577,1,4,0,0,12,17,8,7,18,17,11,17,22,19,16,7,11,15,14,14,0,0,0,0,0,0,0,0
9695577,2,5,0,0,0,0,0,0,0,0,0,0,0,0,0,0,1,0,0,0,0,0,0,0,0,0,0,0
9695577,2,10,0,0,0,1,0,0,0,0,0,0,0,0,0,0,0,0,0,0,0,0,0,0,0,0,0,0
9695577,3,13,0,0,0,0,0,0,0,0,0,1,0,1,0,0,0,0,0,0,0,0,0,0,0,0,0,0
9697141,1,2,0,0,2,2,1,2,2,1,1,2,1,2,0,0,0,0,0,0,0,0,0,0,0,0,0,0
9697141,1,4,0,0,0,0,0,0,2,1,1,1,1,2,0,0,0,0,0,0,0,0,0,0,0,0,0,0
9697141,3,13,0,0,0,1,0,0,0,0,0,0,0,0,0,0,0,0,0,0,0,0,0,0,0,0,0,0
9698554,1,4,0,0,2,2,4,4,0,2,2,1,3,8,0,0,0,0,0,0,0,0,0,0,0,0,0,0
9707450,1,4,0,0,1,3,1,0,0,0,1,1,1,3,0,0,0,0,0,0,0,0,0,0,0,0,0,0
9707450,3,13,0,0,0,1,0,0,0,0,0,0,0,0,0,0,0,0,0,0,0,0,0,0,0,0,0,0
9711022,1,4,0,0,6,6,4,8,7,7,5,12,12,6,0,0,0,0,0,0,0,0,0,0,0,0,0,0
9713415,1,1,0,0,0,1,0,0,0,0,0,0,0,0,0,0,0,0,0,0,0,0,0,0,0,0,0,0
9713415,1,2,0,0,0,0,0,2,0,2,0,0,0,0,0,0,0,0,0,0,0,0,0,0,0,0,0,0
9713415,1,4,0,0,1,4,2,2,1,6,2,1,8,5,0,0,0,0,0,0,0,0,0,0,0,0,0,0
9713415,3,13,0,0,0,4,0,4,0,5,2,0,6,4,0,0,0,0,0,0,0,0,0,0,0,0,0,0
9715764,1,2,0,0,4,4,4,2,3,5,6,1,8,4,0,0,0,0,0,0,0,0,0,0,0,0,0,0
9715764,1,4,0,0,1,2,1,1,1,2,1,3,1,2,0,0,0,0,0,0,0,0,0,0,0,0,0,0
9715764,3,13,0,0,4,4,4,2,3,6,6,2,8,4,0,0,0,0,0,0,0,0,0,0,0,0,0,0
9721840,1,1,0,1,0,0,4,0,2,1,2,2,1,1,1,5,6,2,1,0,0,0,0,0,0,0,0,0
9721840,1,2,2,3,4,5,5,3,7,5,4,3,8,3,6,5,5,8,8,9,0,0,0,0,0,0,0,0
9721840,1,3,0,0,0,0,0,0,0,0,0,0,1,0,0,0,0,0,1,0,0,0,0,0,0,0,0,0
9721840,1,4,72,57,57,50,60,47,58,38,63,45,62,36,79,52,70,41,73,42,0,0,0,0,0,0,0,0
9721840,2,5,2,3,1,5,5,6,3,6,4,3,2,3,4,1,1,2,4,2,0,0,0,0,0,0,0,0
9721840,2,6,0,2,1,0,0,1,0,0,0,2,0,0,1,0,0,1,3,1,0,0,0,0,0,0,0,0
9725639,1,1,5,4,0,2,0,1,0,0,1,1,0,1,0,0,0,0,0,0,0,0,0,0,0,0,0,0
9725639,1,2,3,3,1,3,2,4,3,5,5,2,0,3,6,3,4,4,2,5,0,0,0,0,0,0,0,0
9725639,1,3,0,0,0,0,0,0,0,0,0,0,0,0,1,0,0,0,0,0,0,0,0,0,0,0,0,0
9725639,1,4,3,1,4,5,1,6,1,4,4,2,2,2,2,9,6,4,1,6,0,0,0,0,0,0,0,0
9725639,2,5,1,1,0,0,0,1,0,0,0,0,0,0,0,1,0,0,0,0,0,0,0,0,0,0,0,0
9725639,2,6,1,0,0,0,0,0,0,0,0,0,0,0,0,0,0,1,0,0,0,0,0,0,0,0,0,0
9725639,3,13,0,0,0,0,0,1,0,0,1,2,0,1,0,0,0,0,0,0,0,0,0,0,0,0,0,0
9727553,1,2,0,0,1,3,2,3,2,2,2,1,3,3,0,0,0,0,0,0,0,0,0,0,0,0,0,0
9727553,1,4,0,0,7,10,8,7,9,10,5,6,6,9,0,0,0,0,0,0,0,0,0,0,0,0,0,0
9727553,2,5,0,0,1,2,0,2,1,2,1,2,2,1,0,0,0,0,0,0,0,0,0,0,0,0,0,0
9728897,1,4,0,0,2,3,6,7,3,4,5,10,5,6,0,0,0,0,0,0,0,0,0,0,0,0,0,0
9728897,3,13,0,0,2,3,6,7,2,4,5,10,5,6,0,0,0,0,0,0,0,0,0,0,0,0,0,0
9731155,1,2,0,0,0,0,0,0,0,0,0,0,0,0,0,0,0,0,1,0,1,0,0,0,0,0,0,0
9731155,1,4,0,0,0,0,0,0,0,0,0,0,0,0,9,7,9,6,10,11,18,9,14,10,0,0,0,0
9731155,2,5,0,0,0,0,0,0,0,0,0,0,0,0,0,0,0,0,1,0,0,0,0,0,0,0,0,0
9731155,3,13,0,0,0,0,0,0,0,0,0,0,0,0,1,0,1,0,0,0,1,1,0,0,0,0,0,0
9731954,1,4,0,0,2,2,2,0,3,2,4,1,2,3,0,0,0,0,0,0,0,0,0,0,0,0,0,0
9731954,3,13,0,0,0,1,2,0,0,0,0,0,0,0,0,0,0,0,0,0,0,0,0,0,0,0,0,0
9739463,1,1,0,0,2,0,0,0,1,0,1,0,0,0,1,0,1,0,0,1,0,0,0,0,0,0,0,0
9739463,1,2,0,0,2,2,1,1,0,0,2,0,1,1,1,2,1,4,2,0,0,0,0,0,0,0,0,0
9739463,1,4,0,0,10,2,6,6,2,6,5,9,4,5,6,11,4,8,7,6,0,0,0,0,0,0,0,0
9739463,3,13,0,0,0,0,0,0,1,0,1,0,0,0,1,0,1,0,0,1,0,0,0,0,0,0,0,0
9739797,1,1,0,0,0,0,0,0,1,0,0,0,0,0,0,0,0,0,0,0,0,0,0,0,0,0,0,0
9739797,1,2,0,0,3,3,2,2,2,4,3,2,3,1,7,2,4,2,3,4,0,0,0,0,0,0,0,0
9739797,1,3,0,0,0,0,2,1,3,0,0,0,1,0,1,1,2,1,1,0,0,0,0,0,0,0,0,0
9739797,1,4,0,0,2,6,10,5,5,3,9,5,6,5,5,3,10,5,5,3,0,0,0,0,0,0,0,0
9739797,2,6,0,0,0,0,0,0,1,0,0,0,1,0,0,0,0,0,0,0,0,0,0,0,0,0,0,0
9739797,3,13,0,0,5,6,7,2,9,7,12,7,10,6,12,6,16,8,6,4,0,0,0,0,0,0,0,0
9744079,1,2,0,0,0,0,1,0,1,0,2,1,1,0,0,0,0,0,0,0,0,0,0,0,0,0,0,0
9744079,1,4,0,0,1,1,1,0,3,2,0,2,0,1,0,0,0,0,0,0,0,0,0,0,0,0,0,0
9744079,2,6,0,0,0,0,0,0,1,0,0,0,0,1,0,0,0,0,0,0,0,0,0,0,0,0,0,0
9744079,3,13,0,0,0,1,1,0,3,2,2,2,1,0,0,0,0,0,0,0,0,0,0,0,0,0,0,0
9746247,1,2,0,0,1,0,3,2,2,3,0,3,2,3,0,0,0,0,0,0,0,0,0,0,0,0,0,0
9746247,1,4,0,0,0,1,0,0,1,0,1,1,0,0,0,0,0,0,0,0,0,0,0,0,0,0,0,0
9746247,3,13,0,0,1,0,0,0,0,0,0,0,0,0,0,0,0,0,0,0,0,0,0,0,0,0,0,0
9747769,1,3,0,0,0,0,0,1,1,1,0,0,1,0,0,0,0,0,0,0,0,0,0,0,0,0,0,0
9747769,1,4,0,0,3,4,3,0,0,5,3,5,5,9,0,0,0,0,0,0,0,0,0,0,0,0,0,0
9753234,1,1,39,44,4,3,2,3,2,0,3,0,1,1,2,1,0,3,1,3,0,1,0,0,0,1,0,0
9753234,1,2,1,1,3,3,0,1,3,0,3,0,2,3,3,2,0,1,2,0,0,0,1,3,0,1,1,1
9753234,1,3,0,0,0,1,0,0,0,0,0,0,0,0,0,0,0,0,0,0,0,0,0,0,0,0,0,0
9753234,1,4,29,33,26,24,21,15,9,7,16,19,22,10,23,16,26,13,24,14,16,14,10,7,0,5,3,3
9753234,2,5,7,11,5,4,11,4,2,2,2,6,6,2,3,1,7,5,9,0,3,2,5,1,0,1,1,2
9753234,2,6,0,0,0,0,0,0,0,0,0,0,1,0,0,0,0,0,0,0,0,0,0,0,0,0,0,0
9753234,3,13,1,3,0,0,0,0,0,0,1,0,1,1,0,2,0,2,1,3,0,1,0,0,0,1,0,0
9755792,1,1,5,6,4,5,2,3,0,3,1,3,3,5,4,2,1,7,5,4,3,1,2,0,0,0,0,0
9755792,1,2,5,5,4,3,4,3,3,2,5,2,5,0,3,0,4,2,1,2,1,0,1,1,0,0,0,0
9755792,1,3,0,0,0,0,0,0,0,0,0,1,0,0,0,0,0,0,0,0,0,0,0,0,0,0,0,0
9755792,1,4,44,27,30,26,11,15,11,9,21,15,19,9,18,17,27,13,21,5,10,10,4,5,0,0,0,0
9755792,2,5,3,1,2,1,0,0,1,0,0,1,0,0,1,1,1,1,0,0,0,0,1,0,0,0,0,0
9755792,2,6,0,0,0,0,0,0,0,1,0,0,0,0,0,0,0,0,0,0,0,0,0,0,0,0,0,0
9755792,3,13,0,0,2,2,1,2,0,3,2,2,1,4,2,2,0,5,1,3,2,1,0,0,0,0,0,0
9757156,1,1,2,2,1,1,0,1,0,0,0,0,0,0,0,1,0,0,0,0,0,0,0,0,0,0,0,0
9757156,1,2,2,3,6,1,2,5,4,3,3,4,1,6,9,8,9,4,10,6,0,0,0,0,0,0,0,0
9757156,1,4,3,10,13,6,4,5,10,16,7,6,11,18,18,9,14,12,19,12,0,0,0,0,0,0,0,0
9757156,2,5,3,8,7,5,2,4,6,7,6,2,6,4,14,4,9,6,9,2,0,0,0,0,0,0,0,0
9757156,2,6,0,0,0,0,0,0,0,1,0,0,0,0,0,0,0,0,2,0,0,0,0,0,0,0,0,0
9757156,3,13,2,0,0,0,0,1,2,0,1,0,0,0,1,1,0,0,0,0,0,0,0,0,0,0,0,0
9761144,1,2,0,0,0,0,0,0,0,0,0,0,0,0,0,5,0,5,0,2,0,0,0,0,0,0,0,0
9761144,1,3,0,0,0,0,0,0,0,0,0,0,0,0,0,3,0,2,0,2,0,0,0,0,0,0,0,0
9761144,1,4,0,0,0,0,0,0,0,0,0,0,0,0,0,11,0,23,0,24,0,0,0,0,0,0,0,0
9761144,3,13,0,0,0,0,0,0,0,0,0,0,0,0,0,3,0,18,0,1,0,0,0,0,0,0,0,0
9762549,1,1,0,0,3,2,0,0,0,0,0,0,0,0,0,0,0,0,0,0,0,0,0,0,0,0,0,0
9762549,1,2,0,0,0,0,1,1,1,0,2,0,0,1,0,0,0,0,0,0,0,0,0,0,0,0,0,0
9762549,1,4,0,0,0,1,1,4,5,2,1,2,3,3,0,0,0,0,0,0,0,0,0,0,0,0,0,0
9762549,3,13,0,0,0,0,0,0,0,0,0,0,0,1,0,0,0,0,0,0,0,0,0,0,0,0,0,0
9763106,1,1,0,0,0,0,0,0,0,0,0,0,0,0,1,0,0,0,0,0,0,0,0,0,0,0,0,0
9763106,1,4,0,0,0,0,0,0,0,0,0,0,0,0,9,19,10,11,13,13,15,9,11,8,0,0,0,0
9763106,3,13,0,0,0,0,0,0,0,0,0,0,0,0,1,0,0,0,0,0,0,0,0,0,0,0,0,0
9763725,1,2,0,0,1,0,1,0,0,1,0,0,0,0,0,0,0,0,0,0,0,0,0,0,0,0,0,0
9763725,1,4,0,0,2,4,0,1,1,1,0,5,1,2,0,0,0,0,0,0,0,0,0,0,0,0,0,0
9763725,3,13,0,0,1,1,0,0,1,0,0,2,0,0,0,0,0,0,0,0,0,0,0,0,0,0,0,0
9764102,1,4,0,0,3,4,2,2,3,0,3,5,3,1,0,0,0,0,0,0,0,0,0,0,0,0,0,0
9764102,3,13,0,0,0,0,0,0,0,0,1,0,0,0,0,0,0,0,0,0,0,0,0,0,0,0,0,0
9769810,1,2,0,0,0,0,0,0,0,0,0,0,0,0,1,0,0,1,0,0,0,0,0,0,0,0,0,0
9769810,1,3,0,0,0,0,0,0,0,0,0,0,0,0,0,0,1,0,0,0,0,0,0,0,0,0,0,0
9769810,1,4,0,0,2,3,2,2,6,8,12,9,9,10,15,15,7,10,10,15,0,0,0,0,0,0,0,0
9774588,1,1,0,0,13,10,3,2,0,2,3,2,2,5,4,2,6,1,4,2,4,1,3,3,3,2,3,3
9774588,1,2,0,0,1,1,2,3,1,2,3,8,6,2,4,4,5,5,8,6,4,3,4,9,5,5,8,4
9774588,1,3,0,0,0,0,0,1,0,0,0,0,1,0,0,2,0,0,1,0,2,0,0,0,1,1,2,1
9774588,1,4,0,0,29,19,32,38,43,27,51,36,58,33,72,40,34,60,63,53,56,35,83,52,57,44,52,59
9774588,2,5,0,0,6,2,5,5,3,4,6,3,3,2,7,1,6,8,3,2,4,2,6,3,4,3,6,4
9774588,2,6,0,0,0,2,1,0,2,0,1,1,1,3,0,3,3,1,3,3,1,1,3,2,4,3,2,2
9774588,2,10,0,0,0,0,0,0,0,1,0,0,0,1,0,0,0,0,0,0,0,1,0,0,0,0,0,0
9774588,3,13,0,0,0,0,0,0,0,0,1,0,1,4,0,0,3,0,2,1,1,0,1,2,3,2,3,3
9778332,1,2,0,0,0,0,0,0,0,0,0,1,0,0,0,0,0,0,0,0,0,0,0,0,0,0,0,0
9778332,1,4,0,0,6,3,6,3,5,10,4,4,6,3,0,0,0,0,0,0,0,0,0,0,0,0,0,0
9778332,3,13,0,0,0,0,1,0,0,0,1,3,0,0,0,0,0,0,0,0,0,0,0,0,0,0,0,0
9789165,1,2,0,0,0,0,0,0,1,0,1,1,1,1,0,0,0,0,0,0,0,0,0,0,0,0,0,0
9789165,1,4,0,0,2,4,2,1,2,0,1,2,0,1,0,0,0,0,0,0,0,0,0,0,0,0,0,0
9789165,3,13,0,0,2,4,2,1,3,0,2,3,1,2,0,0,0,0,0,0,0,0,0,0,0,0,0,0
9791582,1,1,0,0,0,0,0,0,0,0,0,0,0,0,0,15,0,6,0,8,0,8,0,16,0,13,0,9
9791582,1,2,0,0,0,0,0,0,0,0,0,0,0,0,0,33,0,40,0,48,0,58,0,54,0,75,0,72
9791582,1,3,0,0,0,0,0,0,0,0,0,0,0,0,0,0,0,1,0,0,0,0,0,0,0,1,0,0
9791582,1,4,0,0,0,0,0,0,0,0,0,0,0,0,0,50,0,77,0,85,0,95,0,78,0,138,0,112
9791582,2,5,0,0,0,0,0,0,0,0,0,0,0,0,0,7,0,13,0,2,0,10,0,6,0,7,0,13
9791582,2,6,0,0,0,0,0,0,0,0,0,0,0,0,0,2,0,1,0,1,0,1,0,1,0,3,0,2
9791582,2,8,0,0,0,0,0,0,0,0,0,0,0,0,0,0,0,0,0,0,0,0,0,1,0,0,0,0
9791582,3,13,0,0,0,0,0,0,0,0,0,0,0,0,0,95,0,66,0,19,0,29,0,65,0,43,0,183
9798180,1,2,0,0,0,3,0,0,1,2,0,0,0,1,1,4,1,1,2,4,0,0,0,0,0,0,0,0
9798180,1,4,0,0,2,2,5,4,7,1,2,9,7,12,6,11,8,7,6,6,0,0,0,0,0,0,0,0
9798180,3,13,0,0,2,5,5,4,8,3,2,8,7,12,7,15,9,8,8,10,0,0,0,0,0,0,0,0
9799552,1,2,0,0,3,1,8,2,1,2,6,4,5,7,0,0,0,0,0,0,0,0,0,0,0,0,0,0
9799552,1,3,0,0,0,0,0,0,0,1,0,0,1,0,0,0,0,0,0,0,0,0,0,0,0,0,0,0
9799552,1,4,0,0,11,6,13,10,11,6,12,18,9,21,0,0,0,0,0,0,0,0,0,0,0,0,0,0
9799552,2,5,0,0,0,0,0,0,0,0,0,1,0,0,0,0,0,0,0,0,0,0,0,0,0,0,0,0
9799552,3,13,0,0,14,7,21,12,12,9,18,22,15,28,0,0,0,0,0,0,0,0,0,0,0,0,0,0
9812579,1,2,0,0,2,5,3,1,4,6,0,3,5,3,0,0,0,0,0,0,0,0,0,0,0,0,0,0
9812579,1,4,0,0,0,0,1,1,0,1,0,2,1,0,0,0,0,0,0,0,0,0,0,0,0,0,0,0
9812579,2,5,0,0,0,0,0,0,0,0,0,1,0,0,0,0,0,0,0,0,0,0,0,0,0,0,0,0
9823539,1,1,0,0,0,0,0,0,0,0,0,0,0,0,1,1,2,1,1,1,0,3,1,3,0,0,0,0
9823539,1,2,0,0,0,0,0,0,0,0,0,0,0,0,3,1,1,2,4,1,2,3,2,2,0,0,0,0
9823539,1,3,0,0,0,0,0,0,0,0,0,0,0,0,0,1,0,0,0,0,0,0,0,0,0,0,0,0
9823539,1,4,0,0,0,0,0,0,0,0,0,0,0,0,13,8,9,13,6,14,8,8,6,10,0,0,0,0
9823539,2,5,0,0,0,0,0,0,0,0,0,0,0,0,1,1,0,0,0,0,0,0,0,0,0,0,0,0
9823539,3,13,0,0,0,0,0,0,0,0,0,0,0,0,10,7,8,13,9,14,10,12,8,13,0,0,0,0
9825338,1,2,0,0,0,1,0,0,0,0,0,1,0,0,0,0,0,0,0,0,0,0,0,0,0,0,0,0
9825338,1,4,0,0,3,2,0,3,1,1,0,3,1,3,0,0,0,0,0,0,0,0,0,0,0,0,0,0
9825338,3,13,0,0,0,0,0,1,0,0,0,0,0,1,0,0,0,0,0,0,0,0,0,0,0,0,0,0
9827432,1,4,0,0,2,2,0,1,1,2,1,3,3,2,0,0,0,0,0,0,0,0,0,0,0,0,0,0
9827432,3,13,0,0,0,0,0,0,0,1,0,0,0,0,0,0,0,0,0,0,0,0,0,0,0,0,0,0
9827906,1,4,0,0,4,9,1,3,3,3,6,2,0,3,0,0,0,0,0,0,0,0,0,0,0,0,0,0
9832170,1,2,0,0,1,4,3,4,2,3,3,4,0,5,0,0,0,0,0,0,0,0,0,0,0,0,0,0
9832170,1,4,0,0,2,3,2,2,6,3,4,4,3,8,0,0,0,0,0,0,0,0,0,0,0,0,0,0
9832170,3,13,0,0,1,0,0,0,0,0,2,1,0,1,0,0,0,0,0,0,0,0,0,0,0,0,0,0
9838923,1,2,0,0,0,0,0,1,0,0,2,0,0,1,0,0,0,0,0,0,0,0,0,0,0,0,0,0
9838923,1,4,0,0,5,5,4,5,4,8,9,5,8,4,0,0,0,0,0,0,0,0,0,0,0,0,0,0
9838923,3,13,0,0,5,5,1,4,3,6,11,4,8,5,0,0,0,0,0,0,0,0,0,0,0,0,0,0
9847681,1,4,0,0,4,14,10,8,12,12,8,13,10,8,0,0,0,0,0,0,0,0,0,0,0,0,0,0
9847681,3,13,0,0,4,14,10,7,12,11,7,13,10,8,0,0,0,0,0,0,0,0,0,0,0,0,0,0
9848134,1,1,25,21,3,0,0,0,0,0,1,0,1,0,0,0,1,1,3,0,3,0,0,0,1,1,1,0
9848134,1,2,12,12,5,4,4,5,1,3,8,5,3,3,3,3,3,5,3,5,7,5,7,4,4,5,2,0
9848134,1,3,0,0,0,0,0,0,0,0,0,0,0,0,0,0,1,0,0,0,0,0,0,0,0,0,0,0
9848134,1,4,31,21,25,17,23,23,15,15,14,20,21,12,17,22,11,12,15,13,15,10,7,9,12,8,11,8
9848134,2,5,3,3,4,3,2,2,2,0,0,1,3,1,0,0,0,1,0,4,1,1,0,3,2,0,1,1
9848134,2,6,13,5,3,1,7,4,3,7,4,8,2,2,2,7,4,4,4,3,1,2,2,2,1,2,3,0
9848134,2,10,2,3,0,0,0,0,0,0,0,0,0,0,0,0,0,0,0,0,0,0,0,0,0,0,0,0
9848134,3,13,0,0,0,0,0,0,0,0,1,0,1,0,1,0,1,1,2,0,2,0,0,0,0,1,1,0
9850160,1,4,0,0,8,11,7,4,9,10,10,9,11,5,7,6,5,10,9,8,0,0,0,0,0,0,0,0
9850160,3,13,0,0,0,0,0,0,0,0,0,0,0,0,0,0,1,0,0,0,0,0,0,0,0,0,0,0
9854485,1,2,0,0,1,2,1,0,1,2,2,4,9,2,0,0,0,0,0,0,0,0,0,0,0,0,0,0
9854485,1,4,0,0,0,2,0,0,1,1,1,1,1,1,0,0,0,0,0,0,0,0,0,0,0,0,0,0
9854485,3,13,0,0,1,4,0,0,0,0,0,0,1,0,0,0,0,0,0,0,0,0,0,0,0,0,0,0
9854780,1,4,0,0,2,8,2,7,3,5,4,9,4,6,0,0,0,0,0,0,0,0,0,0,0,0,0,0
9854780,3,13,0,0,2,8,2,7,3,5,4,8,4,6,0,0,0,0,0,0,0,0,0,0,0,0,0,0
9859735,1,1,0,0,0,0,0,0,0,0,0,0,0,1,0,0,0,0,0,0,0,0,0,0,0,0,0,0
9859735,1,2,0,0,2,3,1,2,0,0,0,4,2,1,3,5,1,2,5,3,0,0,0,0,0,0,0,0
9859735,1,3,0,0,0,1,0,1,0,0,0,0,0,0,0,0,1,1,0,0,0,0,0,0,0,0,0,0
9859735,1,4,0,0,8,9,3,8,13,7,10,8,13,10,19,13,10,6,11,16,0,0,0,0,0,0,0,0
9859735,2,5,0,0,0,0,0,1,0,0,0,0,1,1,2,1,0,0,1,1,0,0,0,0,0,0,0,0
9859735,2,6,0,0,3,4,2,3,7,3,4,4,9,4,7,3,4,0,6,7,0,0,0,0,0,0,0,0
9859735,3,13,0,0,0,0,0,0,0,0,0,1,0,1,1,1,0,0,0,0,0,0,0,0,0,0,0,0
9862287,1,1,0,0,0,0,0,0,2,0,1,1,0,0,0,0,0,0,0,0,0,0,0,0,0,0,0,0
9862287,1,2,0,0,3,2,0,1,2,2,1,1,2,1,0,0,0,0,0,0,0,0,0,0,0,0,0,0
9862287,1,3,0,0,0,0,0,0,1,0,0,0,0,0,0,0,0,0,0,0,0,0,0,0,0,0,0,0
9862287,1,4,0,0,2,1,1,2,4,0,3,2,2,0,0,0,0,0,0,0,0,0,0,0,0,0,0,0
9862287,3,13,0,0,0,0,0,0,1,0,0,0,0,0,0,0,0,0,0,0,0,0,0,0,0,0,0,0
9868427,1,1,0,0,3,2,0,1,0,0,0,0,0,0,0,0,0,0,0,0,0,0,0,0,0,0,0,0
9868427,1,2,0,0,1,1,1,2,0,3,0,0,2,0,2,2,0,3,1,2,0,0,0,0,0,0,0,0
9868427,1,3,0,0,0,0,1,1,0,0,0,1,0,0,0,0,0,0,0,0,0,0,0,0,0,0,0,0
9868427,1,4,0,0,0,1,2,6,0,4,9,5,6,6,5,10,6,5,4,14,0,0,0,0,0,0,0,0
9868427,3,13,0,0,1,1,0,1,0,0,0,0,1,0,0,0,0,0,0,1,0,0,0,0,0,0,0,0
9872061,1,2,0,0,0,0,0,0,0,0,0,1,0,0,0,0,0,0,0,0,0,0,0,0,0,0,0,0
9872061,1,4,0,0,2,1,4,2,3,0,5,6,4,4,0,0,0,0,0,0,0,0,0,0,0,0,0,0
9872061,2,5,0,0,0,0,0,1,1,0,0,3,0,1,0,0,0,0,0,0,0,0,0,0,0,0,0,0
9872061,3,13,0,0,0,0,0,0,0,0,1,3,1,0,0,0,0,0,0,0,0,0,0,0,0,0,0,0
9874312,1,2,0,0,0,0,0,0,0,0,0,1,0,0,0,0,0,0,0,0,0,0,0,0,0,0,0,0
9874312,1,4,0,0,3,8,8,6,6,6,5,4,4,8,0,0,0,0,0,0,0,0,0,0,0,0,0,0
9874312,3,13,0,0,3,8,8,6,5,6,2,0,0,2,0,0,0,0,0,0,0,0,0,0,0,0,0,0
9877004,1,1,0,0,0,0,0,0,0,0,0,0,0,0,4,0,1,2,0,1,7,6,4,6,1,1,1,1
9877004,1,2,0,0,0,0,0,0,0,0,0,0,0,0,12,7,18,5,24,23,24,13,16,11,21,11,19,16
9877004,1,3,0,0,0,0,0,0,0,0,0,0,0,0,2,0,2,0,1,0,5,2,3,0,0,1,1,0
9877004,1,4,0,0,0,0,0,0,0,0,0,0,0,0,82,35,100,46,114,56,154,50,122,62,77,60,65,45
9877004,2,5,0,0,0,0,0,0,0,0,0,0,0,0,1,0,1,0,2,0,1,0,1,0,2,0,0,0
9877004,2,6,0,0,0,0,0,0,0,0,0,0,0,0,4,3,8,9,9,7,5,3,7,12,5,9,7,11
9877004,3,13,0,0,0,0,0,0,0,0,0,0,0,0,7,2,0,3,0,1,18,11,4,6,2,3,1,1
9878641,1,4,0,0,1,3,1,4,5,3,2,4,5,5,0,0,0,0,0,0,0,0,0,0,0,0,0,0
9878641,2,6,0,0,0,0,0,0,0,0,0,0,0,1,0,0,0,0,0,0,0,0,0,0,0,0,0,0
9878641,3,13,0,0,0,0,0,0,1,0,0,0,1,0,0,0,0,0,0,0,0,0,0,0,0,0,0,0
9879186,1,3,0,0,0,2,1,0,0,1,1,3,1,1,0,0,0,0,0,0,0,0,0,0,0,0,0,0
9879186,1,4,0,0,1,5,2,2,2,3,4,2,2,3,0,0,0,0,0,0,0,0,0,0,0,0,0,0
9879186,3,13,0,0,1,7,3,2,2,4,5,5,3,4,0,0,0,0,0,0,0,0,0,0,0,0,0,0
9883070,1,1,0,0,3,5,0,0,0,0,0,1,1,0,0,0,0,0,0,0,0,0,0,0,0,0,0,0
9883070,1,2,0,0,3,5,5,8,7,7,9,10,10,7,0,0,0,0,0,0,0,0,0,0,0,0,0,0
9883070,1,3,0,0,0,0,0,1,0,0,0,1,0,0,0,0,0,0,0,0,0,0,0,0,0,0,0,0
9883070,1,4,0,0,1,3,7,6,7,13,13,6,11,11,0,0,0,0,0,0,0,0,0,0,0,0,0,0
9883070,2,5,0,0,3,4,4,3,5,6,3,2,7,5,0,0,0,0,0,0,0,0,0,0,0,0,0,0
9883070,2,6,0,0,0,0,0,0,0,0,0,0,0,1,0,0,0,0,0,0,0,0,0,0,0,0,0,0
9883070,3,13,0,0,7,10,11,14,12,19,20,16,17,16,0,0,0,0,0,0,0,0,0,0,0,0,0,0
9886115,1,1,0,0,0,0,0,1,0,0,0,0,0,0,0,1,0,0,0,1,0,0,0,0,0,0,0,0
9886115,1,2,0,0,0,0,1,1,0,0,0,0,1,3,1,0,3,1,2,2,0,0,0,0,0,0,0,0
9886115,1,4,0,0,4,0,2,5,3,1,6,3,5,2,8,7,11,5,3,10,0,0,0,0,0,0,0,0
9891263,1,2,4,8,0,0,0,0,0,0,0,0,0,0,0,0,0,0,0,0,0,0,0,0,0,0,0,0
9891263,1,4,11,7,1,5,6,1,2,10,5,1,7,5,3,2,4,4,4,9,0,0,0,0,0,0,0,0
9891263,2,5,1,0,0,0,0,0,0,0,0,0,0,0,0,0,0,0,0,0,0,0,0,0,0,0,0,0
9891263,3,13,15,15,1,5,6,1,2,10,5,1,7,5,3,2,4,4,4,9,0,0,0,0,0,0,0,0
9905275,1,2,0,0,0,0,0,0,0,0,0,0,0,0,14,0,17,1,13,0,17,0,19,0,13,20,26,29
9905275,1,3,0,0,0,0,0,0,0,0,0,0,0,0,0,0,0,0,1,0,0,0,0,0,0,0,0,0
9905275,1,4,0,0,0,0,0,0,0,0,0,0,0,0,27,0,27,1,34,0,44,0,49,0,56,48,47,58
9905275,2,5,0,0,0,0,0,0,0,0,0,0,0,0,4,0,0,0,3,0,3,0,2,0,3,4,2,4
9905275,3,13,0,0,0,0,0,0,0,0,0,0,0,0,1,0,1,0,0,0,0,0,1,0,2,0,4,0
9919085,1,1,0,0,0,0,0,0,0,0,0,0,0,0,0,0,0,0,0,0,0,0,1,1,2,1,2,3
9919085,1,2,0,0,0,0,0,0,0,0,0,0,0,0,4,4,3,6,10,6,5,9,8,9,4,15,2,10
9919085,1,3,0,0,0,0,0,0,0,0,0,0,0,0,0,0,0,0,0,0,0,1,0,1,0,1,0,0
9919085,1,4,0,0,0,0,0,0,0,0,0,0,0,0,20,15,13,9,15,13,16,20,14,17,15,48,31,38
9919085,2,5,0,0,0,0,0,0,0,0,0,0,0,0,4,2,1,0,0,3,3,1,0,1,1,0,2,3
9919085,2,6,0,0,0,0,0,0,0,0,0,0,0,0,1,0,0,0,0,1,0,0,0,1,0,0,0,0
9919085,3,13,0,0,0,0,0,0,0,0,0,0,0,0,24,19,16,15,25,19,21,30,23,28,21,65,35,51
9919565,1,1,0,0,0,0,0,1,1,0,1,0,0,1,0,0,0,0,0,0,0,0,0,0,0,0,0,0
9919565,1,2,0,0,1,3,1,2,2,2,1,3,3,2,0,0,0,0,0,0,0,0,0,0,0,0,0,0
9919565,1,3,0,0,0,1,0,1,1,1,0,1,1,2,0,0,0,0,0,0,0,0,0,0,0,0,0,0
9919565,1,4,0,0,0,1,3,0,1,1,3,2,2,4,0,0,0,0,0,0,0,0,0,0,0,0,0,0
9919565,3,13,0,0,0,0,0,1,1,1,1,1,0,1,0,0,0,0,0,0,0,0,0,0,0,0,0,0
9921306,1,1,0,0,0,0,0,0,0,0,0,0,0,0,0,0,1,0,0,0,0,0,0,0,0,0,0,0
9921306,1,2,0,0,1,0,0,1,0,0,1,0,1,1,0,1,1,0,1,1,0,0,0,0,0,0,0,0
9921306,1,4,0,0,3,0,1,3,1,7,4,7,1,4,9,6,2,3,3,2,0,0,0,0,0,0,0,0
9921306,3,13,0,0,0,0,0,0,0,0,0,0,0,0,0,0,3,1,3,2,0,0,0,0,0,0,0,0
9922230,1,1,0,0,0,0,0,0,0,0,0,0,0,0,0,0,0,0,0,0,0,1,0,0,0,0,0,0
9922230,1,2,0,0,0,0,0,0,0,0,0,0,0,0,4,5,9,4,9,8,6,3,6,9,0,0,0,0
9922230,1,3,0,0,0,0,0,0,0,0,0,0,0,0,1,1,2,2,1,2,0,1,0,0,0,0,0,0
9922230,1,4,0,0,0,0,0,0,0,0,0,0,0,0,16,19,16,8,16,17,24,18,18,12,0,0,0,0
9922230,2,6,0,0,0,0,0,0,0,0,0,0,0,0,0,0,0,0,0,0,0,1,0,0,0,0,0,0
9922230,3,13,0,0,0,0,0,0,0,0,0,0,0,0,0,0,0,0,1,0,1,1,2,0,0,0,0,0
9928084,1,1,2,2,1,2,2,2,3,0,1,1,1,1,0,0,1,1,0,0,0,0,0,1,0,0,0,0
9928084,1,2,4,2,6,3,1,3,3,1,2,5,2,1,6,3,3,3,2,1,1,0,3,2,0,0,0,0
9928084,1,3,2,0,0,1,0,0,0,2,0,0,0,0,1,1,0,0,1,0,1,0,0,0,0,0,0,0
9928084,1,4,50,40,26,27,19,18,23,17,16,20,23,4,12,12,13,14,18,20,9,14,15,5,0,0,0,0
9928084,2,5,3,2,1,0,0,0,4,3,2,1,2,1,2,0,1,0,0,3,1,0,2,1,0,0,0,0
9928084,2,6,1,0,0,2,0,0,0,0,1,0,2,0,1,0,1,0,0,0,1,0,0,0,0,0,0,0
9928084,2,7,0,0,1,0,0,0,0,0,0,0,0,0,0,0,0,0,0,0,0,0,0,0,0,0,0,0
9928084,2,10,1,0,0,0,0,0,0,0,0,0,0,0,0,0,0,0,0,0,0,0,0,0,0,0,0,0
9928084,3,13,0,0,0,0,0,0,2,0,1,1,0,0,2,2,1,1,1,0,0,0,1,2,0,0,0,0
9932993,1,1,18,18,1,1,0,1,0,0,1,2,1,0,0,1,1,0,0,0,0,0,0,0,0,0,0,0
9932993,1,2,0,1,2,0,2,1,0,1,2,1,1,2,5,4,2,1,2,3,0,0,0,0,0,0,0,0
9932993,1,3,0,0,1,0,0,0,0,0,0,0,0,0,0,1,0,0,0,1,0,0,0,0,0,0,0,0
9932993,1,4,9,6,15,7,24,13,17,8,16,17,13,12,22,17,23,12,10,13,0,0,0,0,0,0,0,0
9932993,2,5,1,0,0,1,0,0,1,0,0,0,1,1,3,2,3,2,2,1,0,0,0,0,0,0,0,0
9932993,2,6,0,1,0,1,2,0,2,0,1,3,1,5,3,3,6,2,3,3,0,0,0,0,0,0,0,0
9932993,3,13,0,0,0,0,0,0,0,0,0,2,0,0,0,1,1,0,0,0,0,0,0,0,0,0,0,0
9935391,1,2,0,0,0,0,0,0,0,0,0,0,0,0,5,5,4,4,10,9,7,9,8,6,0,0,0,0
9935391,1,3,0,0,0,0,0,0,0,0,0,0,0,0,4,1,2,3,2,2,0,0,1,1,0,0,0,0
9935391,1,4,0,0,0,0,0,0,0,0,0,0,0,0,14,5,14,13,12,7,26,21,27,14,0,0,0,0
9935391,2,5,0,0,0,0,0,0,0,0,0,0,0,0,0,1,1,0,0,0,1,1,0,0,0,0,0,0
9935391,2,6,0,0,0,0,0,0,0,0,0,0,0,0,0,0,0,0,0,0,0,0,1,0,0,0,0,0
9935391,3,13,0,0,0,0,0,0,0,0,0,0,0,0,4,0,5,3,1,2,33,30,12,8,0,0,0,0
9939754,1,1,2,1,0,0,0,3,1,0,0,1,0,0,0,0,0,0,0,0,0,0,0,0,0,0,0,0
9939754,1,2,4,1,2,2,1,0,0,0,0,0,0,0,0,0,0,0,0,0,0,0,0,0,0,0,0,0
9939754,1,3,1,0,0,0,1,0,0,0,0,0,0,0,0,0,0,0,0,0,0,0,0,0,0,0,0,0
9939754,1,4,14,18,12,8,7,7,5,2,6,6,6,7,0,0,0,0,0,0,0,0,0,0,0,0,0,0
9939754,2,5,2,1,1,2,1,3,1,0,1,2,2,1,0,0,0,0,0,0,0,0,0,0,0,0,0,0
9939754,2,6,0,1,3,0,0,0,0,0,0,0,0,0,0,0,0,0,0,0,0,0,0,0,0,0,0,0
9939754,3,13,20,18,11,10,9,10,5,1,5,6,5,6,0,0,0,0,0,0,0,0,0,0,0,0,0,0
9941289,1,1,0,0,1,1,0,0,0,0,0,2,0,0,0,0,0,0,0,0,0,0,0,0,0,0,0,0
9941289,1,2,0,0,0,0,0,0,0,0,1,0,0,0,0,0,0,0,0,0,0,0,0,0,0,0,0,0
9941289,1,3,0,0,0,0,0,1,1,0,0,0,0,0,0,0,0,0,0,0,0,0,0,0,0,0,0,0
9941289,1,4,0,0,4,2,3,2,3,0,2,2,3,1,0,0,0,0,0,0,0,0,0,0,0,0,0,0
9941289,2,5,0,0,0,0,1,0,2,0,0,0,2,1,0,0,0,0,0,0,0,0,0,0,0,0,0,0
9941289,3,13,0,0,0,0,0,1,2,0,2,2,0,0,0,0,0,0,0,0,0,0,0,0,0,0,0,0
9941447,1,2,0,0,5,2,3,0,2,2,2,2,1,2,0,0,0,0,0,0,0,0,0,0,0,0,0,0
9941447,1,4,0,0,0,0,1,3,1,0,0,2,1,0,0,0,0,0,0,0,0,0,0,0,0,0,0,0
9941447,2,5,0,0,0,0,1,1,1,0,0,0,0,0,0,0,0,0,0,0,0,0,0,0,0,0,0,0
9942267,1,2,0,1,0,0,0,0,0,0,1,0,1,0,1,0,1,0,0,0,0,0,0,0,0,0,0,0
9942267,1,4,20,26,26,20,17,7,14,8,14,10,8,9,10,7,12,5,5,1,5,1,3,2,0,0,0,0
9942267,2,5,0,0,0,0,1,0,0,0,1,0,0,0,0,0,0,0,0,0,0,0,0,0,0,0,0,0
9942267,3,13,13,15,0,3,0,0,0,1,1,0,0,0,1,0,0,0,0,0,0,0,0,0,0,0,0,0
9951708,1,4,0,0,5,1,2,2,4,4,6,3,1,1,0,0,0,0,0,0,0,0,0,0,0,0,0,0
9952162,1,4,0,0,10,3,5,6,5,6,8,8,2,8,0,0,0,0,0,0,0,0,0,0,0,0,0,0
9955143,1,1,1,0,0,2,0,0,0,0,1,0,0,0,0,0,0,1,0,0,1,0,2,1,0,0,0,0
9955143,1,2,7,5,2,1,2,5,3,6,5,1,3,2,1,1,0,1,3,0,1,2,3,0,0,0,0,0
9955143,1,3,0,0,0,0,0,0,0,0,0,0,0,1,0,0,0,0,0,0,0,0,0,0,0,0,0,0
9955143,1,4,16,17,16,13,8,11,11,10,10,7,7,8,12,4,4,8,7,9,5,11,7,2,0,0,0,0
9955143,2,5,0,1,0,0,0,1,1,0,0,0,0,0,0,1,0,0,1,0,0,1,1,0,0,0,0,0
9955143,2,6,3,3,2,0,0,4,2,0,1,1,2,1,4,0,0,3,2,2,3,3,3,0,0,0,0,0
9955143,3,13,0,0,0,2,0,0,0,0,1,0,0,0,0,0,1,1,0,0,1,0,2,1,0,0,0,0
9955991,1,1,0,0,2,4,0,0,0,0,1,0,0,0,0,0,0,0,0,0,0,0,0,0,0,0,0,0
9955991,1,2,0,0,0,5,3,2,3,7,2,8,3,2,0,0,0,0,0,0,0,0,0,0,0,0,0,0
9955991,1,3,0,0,0,0,0,0,0,0,1,1,0,1,0,0,0,0,0,0,0,0,0,0,0,0,0,0
9955991,1,4,0,0,15,16,18,23,21,39,32,21,25,23,0,0,0,0,0,0,0,0,0,0,0,0,0,0
9955991,2,5,0,0,2,3,7,2,5,9,11,8,5,9,0,0,0,0,0,0,0,0,0,0,0,0,0,0
9955991,2,6,0,0,0,0,0,0,1,0,0,0,0,0,0,0,0,0,0,0,0,0,0,0,0,0,0,0
9955991,2,9,0,0,0,0,0,0,0,0,0,0,1,0,0,0,0,0,0,0,0,0,0,0,0,0,0,0
9955991,3,13,0,0,14,22,20,23,20,45,31,21,28,26,0,0,0,0,0,0,0,0,0,0,0,0,0,0
9959714,1,2,0,0,1,2,1,2,5,0,5,3,4,3,0,0,0,0,0,0,0,0,0,0,0,0,0,0
9961147,1,1,3,7,2,2,0,0,0,0,1,0,0,0,0,0,0,0,0,0,0,0,0,0,0,0,0,0
9961147,1,2,1,6,0,0,0,0,0,0,1,0,0,0,1,0,0,0,0,0,0,0,0,0,0,0,0,0
9961147,1,4,5,8,6,4,2,2,3,5,4,4,1,3,2,5,3,4,1,3,0,0,0,0,0,0,0,0
9961147,2,5,1,4,6,6,2,2,3,4,3,4,1,3,2,5,3,4,1,3,0,0,0,0,0,0,0,0
9961147,3,13,2,4,2,1,0,0,0,0,1,0,0,0,0,0,0,0,0,0,0,0,0,0,0,0,0,0
9963406,1,3,0,0,0,0,0,0,0,0,0,0,0,0,1,0,0,0,0,1,0,0,0,0,0,0,0,0
9963406,1,4,0,0,1,3,2,4,1,2,3,2,4,2,2,6,4,5,1,2,0,0,0,0,0,0,0,0
9963406,3,13,0,0,1,3,2,4,1,2,3,2,4,2,3,6,4,5,1,3,0,0,0,0,0,0,0,0
9966676,1,4,0,0,3,1,1,2,2,1,3,0,5,6,0,0,0,0,0,0,0,0,0,0,0,0,0,0
9966676,2,5,0,0,0,0,0,0,0,0,0,0,0,1,0,0,0,0,0,0,0,0,0,0,0,0,0,0
9967778,1,4,0,0,11,2,6,6,10,9,8,5,9,10,0,0,0,0,0,0,0,0,0,0,0,0,0,0
9967778,3,13,0,0,11,2,6,6,10,9,2,1,5,4,0,0,0,0,0,0,0,0,0,0,0,0,0,0
9972310,1,1,0,0,0,0,0,0,0,0,0,0,0,0,0,0,1,0,0,0,0,1,0,0,0,1,2,0
9972310,1,2,0,0,0,0,0,0,0,0,0,0,0,0,10,6,8,12,13,8,9,9,14,10,10,12,11,7
9972310,1,3,0,0,0,0,0,0,0,0,0,0,0,0,1,1,1,0,1,0,0,0,0,0,0,0,0,0
9972310,1,4,0,0,0,0,0,0,0,0,0,0,0,0,18,22,21,24,43,30,31,33,60,36,34,39,33,43
9972310,2,5,0,0,0,0,0,0,0,0,0,0,0,0,0,0,1,1,1,0,1,1,1,1,0,2,2,2
9972310,3,13,0,0,0,0,0,0,0,0,0,0,0,0,20,20,23,27,49,29,27,26,45,26,30,33,29,34
9978287,1,4,0,0,3,5,5,3,3,3,3,3,7,3,0,0,0,0,0,0,0,0,0,0,0,0,0,0
9978287,2,5,0,0,0,0,0,0,0,0,0,1,3,0,0,0,0,0,0,0,0,0,0,0,0,0,0,0
9978287,3,13,0,0,3,4,5,3,3,3,3,3,7,3,0,0,0,0,0,0,0,0,0,0,0,0,0,0
9980856,1,1,11,15,1,1,0,0,0,1,0,1,0,0,0,0,0,0,0,0,0,0,0,0,0,0,0,0
9980856,1,2,3,1,0,0,0,2,0,0,0,0,0,1,0,0,0,0,0,0,0,0,0,0,0,0,0,0
9980856,1,4,10,5,10,8,4,8,3,5,9,10,5,3,0,0,0,0,0,0,0,0,0,0,0,0,0,0
9980856,2,5,3,1,1,0,1,2,0,2,0,0,0,0,0,0,0,0,0,0,0,0,0,0,0,0,0,0
9980856,2,6,1,0,0,0,0,0,0,0,1,0,0,0,0,0,0,0,0,0,0,0,0,0,0,0,0,0
9981678,1,4,0,0,3,7,6,3,8,6,6,3,10,4,5,4,11,5,9,7,0,0,0,0,0,0,0,0
9981678,3,13,0,0,0,0,0,0,0,0,0,0,0,0,0,0,0,0,0,1,0,0,0,0,0,0,0,0
9982711,1,2,0,0,0,0,0,0,0,0,0,0,0,0,7,4,2,5,8,3,7,4,10,6,15,6,20,11
9982711,1,3,0,0,0,0,0,0,0,0,0,0,0,0,0,0,0,0,0,0,0,0,1,0,0,0,1,0
9982711,1,4,0,0,0,0,0,0,0,0,0,0,0,0,19,15,20,15,15,18,33,29,32,26,30,33,26,31
9982711,3,13,0,0,0,0,0,0,0,0,0,0,0,0,0,0,0,1,0,2,0,0,2,0,3,1,5,3
9988185,1,1,0,0,0,0,1,0,0,1,1,0,2,2,3,0,2,0,1,1,0,0,0,0,0,0,0,0
9988185,1,2,0,0,2,1,8,2,7,1,3,5,1,5,6,10,19,6,11,3,0,0,0,0,0,0,0,0
9988185,1,3,0,0,1,0,0,0,0,0,1,0,1,0,0,0,0,1,0,0,0,0,0,0,0,0,0,0
9988185,1,4,0,0,1,9,10,9,10,15,15,13,23,18,27,18,41,33,18,12,0,0,0,0,0,0,0,0
9988185,2,5,0,0,1,3,3,3,4,5,4,1,4,3,9,10,18,16,3,2,0,0,0,0,0,0,0,0
9988185,2,6,0,0,0,0,0,0,0,0,0,0,0,0,0,0,0,0,1,0,0,0,0,0,0,0,0,0
9988185,3,13,0,0,0,0,1,0,0,1,0,1,1,4,3,0,1,0,2,1,0,0,0,0,0,0,0,0
9988955,1,1,0,0,1,0,0,2,0,0,0,0,0,0,0,3,0,0,0,0,2,0,0,1,0,0,0,0
9988955,1,2,2,4,5,2,3,1,0,0,3,5,2,0,2,1,5,5,2,1,2,1,2,2,0,0,0,0
9988955,1,3,1,0,0,0,2,0,0,0,0,0,0,0,0,0,0,0,0,0,0,0,0,0,0,0,0,0
9988955,1,4,19,16,12,11,14,15,11,12,16,9,12,10,19,9,10,7,12,14,12,9,9,8,0,0,0,0
9988955,2,5,2,2,4,1,5,6,4,0,2,0,2,2,7,2,3,2,3,2,2,3,3,0,0,0,0,0
9988955,2,6,0,0,0,0,0,0,0,1,0,0,0,0,0,0,1,1,0,0,0,1,1,1,0,0,0,0
9988955,3,13,0,1,0,0,0,2,0,1,0,0,0,0,0,3,0,0,0,0,2,0,0,1,0,0,0,0
1024982,4,2,0,0,0,0,0,0,0,0,0,0,0,0,0,0,0,0,0,0,0,0,0,0,0,1,0,0
1024982,4,3,0,0,0,0,0,0,0,0,0,0,0,0,0,0,0,0,0,0,0,1,0,0,0,0,0,0
1024982,4,7,0,0,0,0,0,0,0,0,0,0,0,0,0,0,0,0,0,0,0,0,0,0,0,1,0,0
1024982,4,8,0,0,0,0,0,0,0,0,0,0,0,0,0,1,0,0,0,0,0,0,0,0,0,0,0,0
1024982,4,13,0,0,0,0,0,0,0,0,0,0,0,0,0,0,0,0,0,0,0,2,0,0,0,0,0,0
1045346,4,2,0,0,0,0,0,0,0,0,0,0,0,0,0,0,0,0,0,0,1,0,0,0,0,0,0,0
1045346,4,5,0,0,0,0,0,0,0,0,0,0,0,0,0,0,0,0,0,0,0,0,0,0,0,1,1,0
1045346,4,10,0,0,0,0,0,0,0,0,0,0,0,0,0,0,0,0,0,0,0,0,1,0,0,0,1,0
1045346,4,13,0,0,0,0,0,0,0,0,0,0,0,0,0,0,0,0,0,0,0,0,0,0,0,0,0,1
1045346,4,14,0,0,0,0,0,0,0,0,0,0,0,0,0,0,0,0,0,0,1,0,0,0,0,0,0,0
1081925,4,3,0,0,0,0,0,0,0,0,0,0,0,0,0,0,0,0,0,0,1,0,0,0,0,0,0,0
1081925,4,13,0,0,0,0,0,0,0,0,0,0,0,0,0,0,0,0,1,0,0,0,0,0,0,0,0,0
1085196,4,5,0,0,0,0,0,0,1,0,0,0,0,0,0,0,0,0,0,0,0,0,0,0,0,0,0,0
1086210,4,13,0,0,0,0,0,0,0,0,0,0,1,0,0,0,0,0,0,0,0,0,0,0,0,0,0,0
1092499,4,2,0,0,0,0,0,0,0,0,0,0,0,0,0,0,0,0,1,0,0,0,0,0,0,0,0,0
1096090,4,5,0,0,0,0,0,0,0,0,0,0,1,1,0,0,0,0,0,0,0,0,0,0,0,0,0,0
1096718,4,3,0,0,0,0,0,0,0,0,0,0,0,0,0,0,0,0,1,0,0,0,0,0,0,0,0,1
1096718,4,5,0,0,0,0,0,0,0,0,0,0,0,0,1,1,0,0,0,1,0,1,2,0,0,0,1,0
1099390,4,3,0,0,0,0,0,0,0,0,0,0,0,0,1,0,0,0,0,0,2,0,0,0,0,0,0,0
1099390,4,4,0,0,0,0,0,0,0,0,0,0,0,0,0,0,1,0,0,0,0,0,1,0,0,0,0,0
1099390,4,5,0,0,0,0,0,0,0,0,0,0,0,0,0,0,2,0,1,0,0,0,1,0,2,0,2,0
1099390,4,8,0,0,0,0,0,0,0,0,0,0,0,0,0,0,0,0,0,0,2,0,0,0,1,0,0,0
1099390,4,10,0,0,0,0,0,0,0,0,0,0,0,0,0,0,0,0,0,0,0,0,1,0,0,0,0,0
1099390,4,13,0,0,0,0,0,0,0,0,0,0,0,0,2,0,0,0,1,0,1,0,1,0,0,0,0,0
1119384,4,3,0,0,0,0,0,0,0,0,1,0,0,1,0,0,0,0,0,0,0,0,0,0,0,0,0,0
1119384,4,12,0,0,0,0,0,0,0,0,1,0,0,0,0,0,0,0,0,0,0,0,0,0,0,0,0,0
1119384,4,13,0,0,0,1,0,0,0,0,1,0,0,0,0,0,0,0,0,0,0,0,0,0,0,0,0,0
1133984,4,5,0,0,0,0,0,0,0,0,0,1,0,0,0,0,0,0,0,0,0,0,0,0,0,0,0,0
1133984,4,8,0,0,0,0,0,0,0,0,0,0,0,1,0,0,0,0,0,0,0,0,0,0,0,0,0,0
1135833,4,13,0,0,0,0,1,0,0,0,0,0,0,1,0,0,0,0,0,0,0,0,0,0,0,0,0,0
1137417,4,5,0,0,0,0,0,0,0,0,1,0,0,0,0,0,0,0,0,0,0,0,0,0,0,0,0,0
1144150,4,2,0,0,0,0,0,0,0,0,0,0,0,0,0,0,0,0,1,0,0,0,0,0,0,0,0,0
1144150,4,5,0,0,0,0,0,0,0,0,0,0,1,0,0,0,0,0,0,0,0,0,0,0,0,0,0,0
1144150,4,13,0,0,0,0,0,0,0,0,0,0,0,0,0,0,0,1,0,0,0,0,0,0,0,0,0,0
1152781,4,13,0,0,0,0,0,0,0,0,1,0,0,1,0,0,0,0,0,0,0,0,0,0,0,0,0,0
1155745,4,13,0,0,0,0,0,0,0,0,0,0,1,0,0,0,0,0,0,0,0,0,0,0,0,0,0,0
1167460,4,2,0,0,0,0,0,0,0,0,0,1,0,0,0,0,0,0,0,0,0,0,0,0,0,0,0,0
1167460,4,8,0,0,0,0,0,0,0,0,0,0,0,0,0,1,0,0,0,0,0,0,0,0,0,0,0,0
1167460,4,13,0,0,1,0,0,0,0,0,0,0,0,0,0,0,0,0,0,0,0,0,0,0,0,0,0,0
1179620,4,13,0,0,0,0,0,0,0,0,0,0,1,0,0,0,0,0,0,0,0,0,0,0,0,0,0,0
1180699,4,3,0,0,0,0,0,0,0,0,0,0,1,0,0,0,0,0,0,0,0,0,0,0,0,0,0,0
1195504,4,13,0,0,0,0,0,0,0,0,1,0,0,0,0,0,0,0,0,0,0,0,0,0,0,0,0,0
1202264,4,13,0,0,0,0,0,0,0,0,0,0,0,0,0,0,1,0,0,0,0,0,0,0,0,0,0,0
1208342,4,13,0,0,0,0,0,0,0,0,1,0,0,0,0,0,0,0,0,0,0,0,0,0,0,0,0,0
1212570,4,9,0,0,0,0,0,0,0,0,0,0,0,0,0,1,0,0,0,0,0,0,0,0,0,0,0,0
1212570,4,10,0,0,0,0,0,0,0,0,0,0,0,0,0,0,0,0,0,1,0,0,0,0,0,0,0,0
1212570,4,13,0,0,0,0,0,0,0,0,0,0,0,0,0,0,0,0,0,1,0,0,0,0,0,0,0,0
1245995,4,3,0,0,0,0,0,0,1,0,0,0,0,0,0,0,0,0,0,0,0,0,0,0,0,0,0,0
1245995,4,10,0,0,0,0,0,0,0,0,0,0,0,0,0,0,0,1,0,0,0,0,0,0,0,0,0,0
1245995,4,13,0,0,0,0,0,0,0,0,0,0,0,0,0,0,0,0,2,0,0,0,0,0,0,0,0,0
1256295,4,4,0,0,0,0,0,0,0,0,0,0,1,0,0,0,0,0,0,0,0,0,0,0,0,0,0,0
1256295,4,13,0,0,0,0,0,0,0,0,0,0,1,0,0,0,0,0,0,0,0,0,0,0,0,0,0,0
1279271,4,8,0,0,0,0,0,0,0,0,0,0,1,0,0,0,0,0,0,0,0,0,0,0,0,0,0,0
1279271,4,10,0,0,0,0,0,0,0,1,0,0,0,0,0,0,0,0,0,0,0,0,0,0,0,0,0,0
1279271,4,13,0,0,0,0,0,0,0,0,1,0,0,0,0,0,0,0,0,0,0,0,0,0,0,0,0,0
1279649,4,3,0,0,0,0,0,0,0,0,0,0,1,0,0,0,0,0,0,0,0,0,0,0,0,0,0,0
1281958,4,5,0,0,0,0,0,0,1,0,0,0,0,0,0,0,0,0,0,0,0,0,0,0,0,0,0,0
1281958,4,13,0,0,0,0,0,0,0,0,1,0,1,1,0,0,0,0,0,0,0,0,0,0,0,0,0,0
1294584,4,10,0,0,0,0,0,0,0,0,0,0,0,0,0,0,0,0,0,1,0,0,0,0,0,0,0,0
1294584,4,13,0,0,0,0,0,0,0,0,0,0,0,0,0,0,0,0,0,0,2,0,1,0,0,0,0,0
1297501,4,6,0,0,0,0,0,0,0,0,0,0,0,0,0,0,0,1,0,0,0,0,0,0,0,0,0,0
1297501,4,8,0,0,0,0,0,0,0,0,0,0,0,0,0,0,0,0,0,0,1,0,0,0,0,0,0,0
1297501,4,10,0,0,0,0,0,0,0,0,0,0,0,0,0,0,0,0,1,0,0,0,1,0,0,0,0,0
1297501,4,13,0,0,0,0,0,0,0,0,0,0,0,0,0,0,1,0,1,0,0,0,1,0,0,0,0,0
1300073,4,1,0,0,0,0,0,0,0,0,0,0,0,0,0,0,0,0,0,0,1,3,2,5,2,2,5,2
1300073,4,2,0,0,0,0,0,0,0,0,0,0,0,0,0,0,0,0,0,0,0,0,4,0,0,0,0,0
1300073,4,3,0,0,0,0,0,0,0,0,0,0,0,0,0,0,0,0,1,0,0,0,0,1,0,0,0,0
1300073,4,5,0,0,0,0,0,0,0,0,0,0,0,0,1,0,0,0,0,0,2,0,1,0,0,1,0,0
1300073,4,8,0,0,0,0,0,0,0,0,0,0,0,0,0,0,0,0,1,0,0,0,0,0,0,0,0,0
1300073,4,13,0,0,0,0,0,0,0,0,0,0,0,0,0,0,0,0,1,0,0,0,0,0,0,0,1,0
1305010,4,3,0,0,0,0,0,0,1,0,0,0,0,0,0,0,0,0,0,0,0,0,0,0,0,0,0,0
1324882,4,8,0,0,0,0,0,0,0,0,0,0,0,1,0,0,0,0,0,0,0,0,0,0,0,0,0,0
1338791,4,2,0,0,0,0,0,0,0,0,0,0,0,0,0,0,0,0,0,0,0,0,0,1,0,0,0,0
1338791,4,9,0,0,0,0,0,0,0,0,0,0,0,0,1,0,0,0,0,0,0,0,0,0,0,0,0,0
1345918,4,5,0,0,0,0,0,0,0,0,0,0,0,0,0,0,0,0,0,0,1,0,0,0,0,0,0,0
1345918,4,13,0,0,0,0,0,0,0,0,0,0,0,0,0,0,0,0,1,1,1,1,0,1,0,0,0,0
1363097,4,7,0,0,0,0,0,0,0,0,0,1,0,0,0,0,0,0,0,0,0,0,0,0,0,0,0,0
1363097,4,8,0,0,0,0,0,0,0,0,0,0,0,0,0,0,0,0,0,1,0,0,0,0,0,0,0,0
1364377,4,8,0,0,0,0,0,0,1,0,0,0,0,0,0,0,0,0,0,0,0,0,0,0,0,0,0,0
1364377,4,13,0,0,0,0,0,0,0,0,0,0,0,0,0,1,0,0,0,0,0,0,0,0,0,0,0,0
1374901,4,5,0,0,0,0,0,0,0,1,0,0,0,0,0,0,0,0,0,0,0,0,0,0,0,0,0,0
1374901,4,13,0,0,0,0,0,0,1,0,0,0,0,0,0,0,0,0,0,0,0,0,0,0,0,0,0,0
1378581,4,10,0,0,0,0,0,0,0,0,0,0,0,0,0,0,0,0,1,0,0,0,0,0,0,0,0,0
1378581,4,13,0,0,0,0,0,0,0,0,0,0,0,0,0,0,0,0,0,1,0,0,0,0,0,0,0,0
1383808,4,10,0,0,0,0,1,0,0,0,0,0,0,0,0,0,0,0,0,0,0,0,0,0,0,0,0,0
1386478,4,3,0,0,0,0,0,0,0,0,0,0,0,0,0,0,0,1,0,0,0,0,0,0,0,0,0,0
1386478,4,5,0,0,0,0,0,0,0,0,0,0,0,0,0,1,0,0,0,0,0,0,0,0,0,0,0,0
1386478,4,12,0,0,0,0,0,0,0,0,1,0,0,0,0,0,0,0,0,0,0,0,0,0,0,0,0,0
1386478,4,13,0,0,0,0,0,0,0,0,0,0,0,0,0,0,1,0,1,0,0,0,0,0,0,0,0,0
1395244,4,5,0,0,0,0,0,0,0,0,0,0,0,0,0,0,0,0,0,0,0,0,0,0,0,0,1,0
1406222,4,10,0,0,0,0,0,0,0,0,0,0,0,0,0,0,1,0,0,0,0,0,0,0,0,0,0,0
1406557,4,2,0,0,0,0,0,0,0,0,0,0,0,0,0,1,0,0,0,0,0,0,0,0,0,0,0,0
1406557,4,5,0,0,0,0,0,0,0,0,0,0,0,0,0,0,1,0,0,0,0,0,1,1,0,0,0,0
1406557,4,7,0,0,0,0,0,0,0,0,0,0,0,0,0,0,1,0,0,0,0,0,0,0,0,0,0,0
1406557,4,13,0,0,0,0,0,0,0,0,0,0,0,0,0,0,0,0,0,0,1,0,0,0,0,0,0,1
1408721,4,7,0,0,1,0,0,0,1,0,0,0,0,0,0,0,0,0,0,1,0,0,0,0,0,0,0,0
1411998,4,8,0,0,0,0,0,0,0,0,0,0,0,0,0,0,0,0,0,0,0,0,0,1,0,0,0,0
1411998,4,13,0,0,0,0,0,0,0,0,0,0,0,0,0,1,0,0,0,0,0,0,0,1,0,0,0,0
1434003,4,5,0,0,0,0,0,0,0,0,0,0,0,0,0,0,0,0,0,1,0,0,0,0,0,0,0,0
1434003,4,8,0,0,0,0,0,0,0,0,0,0,0,0,0,0,0,0,1,0,0,0,0,1,0,0,0,0
1436979,4,5,0,0,0,0,0,0,0,0,0,0,0,0,0,0,0,0,0,1,0,0,0,0,0,0,0,0
1436979,4,7,0,0,0,0,0,0,0,0,0,0,0,0,0,1,0,0,0,0,0,0,0,0,0,0,0,0
1436979,4,8,0,0,0,0,0,0,0,0,0,0,0,0,0,0,1,0,0,0,0,0,0,0,0,0,0,0
1436979,4,13,0,0,0,0,0,0,0,1,0,0,0,0,1,0,0,0,0,0,0,0,0,0,0,0,0,0
1460573,4,10,0,0,0,0,1,0,0,0,0,0,0,0,0,0,0,0,0,0,0,0,0,0,0,0,0,0
1463731,4,4,0,0,0,0,0,0,0,0,1,0,0,0,0,0,0,0,0,0,0,0,0,0,0,0,0,0
1463731,4,8,0,0,0,0,1,0,0,0,0,0,0,0,0,0,0,0,0,0,0,0,0,0,0,0,0,0
1488493,4,13,0,0,0,1,0,0,0,0,0,0,0,0,0,0,0,0,0,0,0,0,0,0,0,0,0,0
1507354,4,3,0,0,0,0,0,0,0,0,0,0,0,0,0,0,1,0,0,0,0,0,0,0,0,0,0,0
1507354,4,5,0,0,0,0,0,0,0,0,0,0,0,0,0,0,0,0,0,0,0,1,0,0,0,0,0,0
1507354,4,8,0,0,0,0,0,0,0,0,0,0,0,0,0,0,0,0,0,0,1,0,0,0,0,0,0,0
1507354,4,13,0,0,0,0,0,0,0,0,0,0,0,0,0,0,1,0,0,0,1,0,0,1,0,0,0,0
1508907,4,8,0,0,0,0,1,0,0,0,0,0,0,0,0,0,0,0,0,0,0,0,0,0,0,0,0,0
1515022,4,4,0,0,1,0,0,0,0,0,0,0,0,0,0,0,0,0,0,0,0,0,0,0,0,0,0,0
1548431,4,10,0,0,0,0,0,0,0,0,0,0,0,1,0,0,0,0,0,0,0,0,0,0,0,0,0,0
1548431,4,13,0,0,0,0,1,0,1,0,0,1,1,0,0,0,0,0,0,0,0,0,0,0,0,0,0,0
1548431,4,14,0,0,0,0,0,0,0,0,1,0,0,0,0,0,0,0,0,0,0,0,0,0,0,0,0,0
1552695,4,13,0,0,0,0,0,0,0,0,0,0,0,0,0,0,1,1,0,0,0,0,0,0,0,0,0,0
1569666,4,5,0,0,0,0,0,0,0,0,0,0,0,1,0,0,0,0,0,0,0,0,0,0,0,0,0,0
1590579,4,2,0,0,0,0,0,0,0,0,0,0,0,0,0,0,0,0,0,0,0,1,0,0,0,1,0,1
1590579,4,3,0,0,0,0,0,0,0,0,0,0,0,0,0,0,0,0,0,0,0,2,0,1,0,1,0,0
1590579,4,5,0,0,0,0,0,0,0,0,0,0,0,0,0,0,0,2,0,0,0,1,0,1,0,1,0,0
1590579,4,8,0,0,0,0,0,0,0,0,0,0,0,0,0,0,0,0,0,0,0,0,0,0,0,1,0,0
1590579,4,13,0,0,0,0,0,0,0,0,0,0,0,0,0,0,0,1,0,0,0,1,0,3,0,3,0,2
1590579,4,14,0,0,0,0,0,0,0,0,0,0,0,0,0,0,0,0,0,0,0,0,0,0,0,0,0,1
1593807,4,3,0,0,0,0,0,0,0,0,0,0,0,1,0,0,0,0,0,0,0,0,0,0,0,0,0,0
1593807,4,6,0,0,0,0,0,0,0,0,0,0,0,0,0,0,0,2,0,0,0,0,0,0,0,0,0,0
1593807,4,13,0,0,1,0,0,0,0,0,0,0,1,1,0,0,0,0,0,0,0,0,0,0,0,0,0,0
1599904,4,2,0,0,0,0,1,0,0,0,0,0,0,0,0,0,0,0,0,0,0,0,0,0,0,0,0,0
1599904,4,8,0,0,0,0,0,0,0,0,0,0,1,0,0,0,0,0,0,0,0,0,0,0,0,0,0,0
1605680,4,10,0,0,0,0,0,0,0,0,1,0,0,0,0,0,0,0,0,0,0,0,0,0,0,0,0,0
1609974,4,5,0,0,0,0,0,0,0,0,0,0,0,0,0,0,1,0,0,0,0,0,0,0,0,0,0,0
1609974,4,8,0,0,0,0,0,0,0,0,0,0,0,0,0,0,0,0,1,0,0,0,0,0,0,0,0,0
1609974,4,13,0,0,0,0,0,0,0,0,0,0,0,0,1,0,0,0,0,0,0,0,0,0,0,0,0,0
1623074,4,9,0,0,0,0,0,0,0,1,0,0,0,0,0,0,0,0,0,0,0,0,0,0,0,0,0,0
1624201,4,3,0,0,0,0,0,0,1,0,0,0,0,0,0,0,0,0,0,0,0,0,0,0,0,0,0,0
1624201,4,7,0,0,0,0,0,0,0,0,0,0,0,0,0,0,1,0,0,0,0,0,0,0,0,0,0,0
1624201,4,9,0,0,1,0,0,0,0,0,0,0,0,0,0,0,0,0,0,0,0,0,0,0,0,0,0,0
1624201,4,10,0,0,0,0,0,0,0,0,0,0,0,0,1,0,1,0,0,0,0,0,0,0,0,0,0,0
1624201,4,13,0,0,0,0,1,0,0,0,0,0,1,1,0,0,0,0,0,0,0,0,0,0,0,0,0,0
1637006,4,8,0,0,0,0,0,0,1,1,0,0,0,0,0,0,0,0,0,0,0,0,0,0,0,0,0,0
1667297,4,8,0,0,0,0,0,0,0,0,1,0,0,0,0,0,0,0,0,0,0,0,0,0,0,0,0,0
1679866,4,13,0,0,0,0,1,0,0,0,0,0,0,0,0,0,0,0,0,0,0,0,0,0,0,0,0,0
1683402,4,13,0,0,0,0,1,0,0,0,1,0,0,0,0,0,0,0,0,0,0,0,0,0,0,0,0,0
1685564,4,8,0,0,0,0,0,0,0,1,0,0,0,0,0,0,0,0,0,0,0,0,0,0,0,0,0,0
1685564,4,13,0,0,0,0,0,1,0,0,0,0,0,0,0,0,0,0,0,0,0,0,0,0,0,0,0,0
1700888,4,13,0,0,0,0,0,0,0,0,0,0,0,0,0,0,0,0,0,0,0,0,0,0,0,0,1,0
1704339,4,5,0,0,0,0,0,0,0,1,0,0,0,0,0,0,0,0,0,0,0,0,0,0,0,0,0,0
1704339,4,17,0,0,0,0,1,0,0,0,1,0,0,0,0,0,0,0,0,0,0,0,0,0,0,0,0,0
1711664,4,13,0,0,0,0,0,0,0,0,0,0,0,0,0,1,0,0,0,0,1,0,0,0,0,0,0,0
1713450,4,5,0,0,0,0,1,0,0,0,0,0,0,0,0,0,0,0,0,0,0,0,0,0,0,0,0,0
1732748,4,13,0,0,0,0,0,0,0,0,0,0,1,0,0,0,0,0,0,0,0,0,0,0,0,0,0,0
1758805,4,3,0,0,0,0,0,0,0,0,0,0,0,0,0,0,1,0,0,0,0,0,0,0,0,0,1,0
1758805,4,5,0,0,0,0,0,0,0,0,0,0,0,0,0,0,0,0,0,0,2,0,0,0,0,0,0,0
1758805,4,19,0,0,0,0,0,0,0,0,1,0,0,0,0,0,0,0,0,0,0,0,0,0,0,0,0,0
1767960,4,13,0,0,0,0,0,0,0,0,0,0,0,0,0,0,0,0,1,0,0,0,0,0,0,0,0,0
1775688,4,5,0,0,0,0,0,0,0,0,0,0,0,0,0,0,1,0,0,0,0,0,0,0,0,0,0,0
1775688,4,7,0,0,0,0,0,0,0,0,0,0,0,0,0,0,1,0,0,0,0,0,0,0,0,0,0,0
1775688,4,13,0,0,0,0,0,0,0,0,0,0,0,0,0,0,0,0,0,1,0,0,2,1,0,0,0,0
1801518,4,13,0,0,0,0,0,0,0,0,0,0,1,0,0,0,0,0,0,0,0,0,0,0,0,0,0,0
1810946,4,7,0,0,0,0,0,0,0,0,0,0,0,0,0,0,0,0,0,1,0,0,0,0,0,0,0,0
1810946,4,10,0,0,0,0,0,0,0,0,0,0,0,0,0,0,0,1,0,0,0,0,0,0,0,0,0,0
1810946,4,13,0,0,0,0,0,0,1,0,0,0,0,0,0,0,0,0,0,0,0,0,0,0,0,0,0,0
1817718,4,3,0,0,0,0,0,0,0,0,0,0,0,1,0,0,0,0,0,0,0,0,0,0,0,0,0,0
1817718,4,13,0,0,0,0,0,0,0,0,0,0,1,0,0,0,0,0,0,0,0,0,0,0,0,0,0,0
1822262,4,13,0,0,0,0,0,1,0,0,0,0,0,0,0,0,0,0,0,0,0,0,0,0,0,0,0,0
1855483,4,2,0,0,1,0,0,0,0,0,0,0,0,0,0,0,0,0,0,0,0,0,0,0,0,0,0,0
1855483,4,13,0,0,0,0,0,0,0,0,0,0,0,1,0,0,0,0,0,0,0,0,0,0,0,0,0,0
1870664,4,13,0,0,0,0,0,0,1,0,0,0,0,0,0,0,0,0,0,0,0,0,0,0,0,0,0,0
1873768,4,7,0,0,0,0,0,0,0,0,0,0,0,0,0,0,0,0,0,0,0,0,0,0,0,0,1,0
1873768,4,9,1,0,0,0,0,0,0,0,0,0,0,0,0,0,0,0,0,0,0,0,0,0,0,0,0,0
1873768,4,12,0,0,0,0,0,1,0,0,0,0,0,0,0,0,0,0,0,0,0,0,0,0,0,0,0,0
1876780,4,1,0,0,3,0,0,1,0,1,2,1,3,1,3,3,5,1,1,3,0,0,0,0,0,0,0,0
1876780,4,2,0,0,0,0,0,0,1,0,0,0,1,0,2,1,0,0,2,0,0,0,0,0,0,0,0,0
1890538,4,3,0,0,0,0,0,0,0,0,0,0,0,0,0,0,0,1,0,0,0,0,0,0,0,0,0,0
1892389,4,13,0,0,0,0,0,0,0,0,1,0,0,0,0,0,0,0,0,0,0,0,0,0,0,0,0,0
1894693,4,10,0,0,0,0,0,0,0,1,0,0,0,0,0,0,0,0,0,0,0,0,0,0,0,0,0,0
1894693,4,13,0,0,0,0,0,0,0,0,0,0,1,0,0,0,0,0,0,0,0,0,0,0,0,0,0,0
1897750,4,13,0,0,1,0,0,0,0,0,0,0,0,0,0,0,0,0,0,0,0,0,0,0,0,0,0,0
1899621,4,5,0,0,0,0,0,0,0,0,0,0,0,0,0,0,0,0,0,0,1,0,0,0,0,0,0,0
1899621,4,13,0,0,0,0,0,0,0,0,0,0,0,0,0,0,0,0,0,0,0,0,2,1,0,0,0,0
1899967,4,13,0,0,0,0,0,0,0,0,0,0,1,0,0,0,0,0,0,0,0,0,0,0,0,0,0,0
1902111,4,8,0,0,0,0,0,0,0,0,0,1,0,0,0,0,0,0,0,0,0,0,0,0,0,0,0,0
1906312,4,3,0,0,0,0,0,1,0,0,0,0,0,0,0,0,0,0,0,0,0,0,0,0,0,0,0,0
1919042,4,13,0,0,0,0,0,0,0,0,1,0,0,0,0,0,0,0,0,0,0,0,0,0,0,0,0,0
1945395,4,5,0,0,0,0,0,0,0,0,0,0,0,0,0,0,0,0,1,0,0,0,0,0,0,0,0,0
1949912,4,13,0,0,0,0,0,0,0,1,1,0,0,0,0,0,0,0,0,0,0,0,0,0,0,0,0,0
1953160,4,2,0,0,0,0,0,0,0,0,0,0,0,0,0,0,1,0,0,0,0,0,0,0,0,0,0,0
1953160,4,8,0,0,0,0,0,0,0,0,0,0,0,1,0,0,0,0,0,0,0,0,0,0,0,0,0,0
1953160,4,13,0,0,0,0,0,0,0,0,0,0,0,0,0,1,1,0,0,0,0,0,0,0,0,0,0,0
1953160,4,15,0,0,0,0,0,0,0,0,0,0,0,1,0,0,0,0,0,0,0,0,0,0,0,0,0,0
1971247,4,5,0,0,0,0,0,0,0,0,0,0,0,0,0,0,0,0,0,0,0,0,0,0,0,0,1,0
1971247,4,8,0,0,0,0,0,0,0,0,0,0,0,0,1,0,0,0,0,0,0,0,0,0,0,0,0,0
1974064,4,2,0,0,0,0,0,0,0,0,0,0,0,0,0,0,0,0,1,0,0,0,0,0,0,0,0,0
1974064,4,5,0,0,0,0,0,0,0,0,0,0,0,0,0,0,0,0,1,0,0,0,0,0,0,0,0,0
1974064,4,13,0,0,0,0,0,0,0,0,0,0,0,0,0,0,0,0,0,0,4,1,2,0,0,0,0,0
1992073,4,3,0,0,0,0,0,0,0,0,0,0,0,0,1,0,0,0,0,0,0,0,0,0,0,0,0,0
1992074,4,9,0,0,1,0,0,0,0,0,0,0,0,0,0,0,0,0,0,0,0,0,0,0,0,0,0,0
1992074,4,13,0,0,0,0,0,0,0,0,0,1,0,2,0,0,0,0,0,0,0,0,0,0,0,0,0,0
2000982,4,13,0,0,0,0,0,0,1,0,0,0,1,0,0,0,0,0,0,0,0,0,0,0,0,0,0,0
2001501,4,3,0,0,0,0,0,0,1,0,0,0,0,0,0,0,0,0,0,0,0,0,0,0,0,0,0,0
2007314,4,5,0,0,0,0,0,0,0,0,0,0,1,0,0,0,0,0,0,0,0,0,0,0,0,0,0,0
2007314,4,13,0,0,0,0,0,0,0,0,0,0,1,0,0,0,0,0,0,0,0,0,0,0,0,0,0,0
2009492,4,10,0,0,0,0,1,0,0,0,0,0,0,0,0,0,0,0,0,0,0,0,0,0,0,0,0,0
2013199,4,13,0,0,0,0,0,0,0,0,0,0,0,0,0,0,1,0,0,0,0,0,0,0,0,0,0,0
2017166,4,5,0,0,0,0,0,0,0,0,0,0,1,0,0,0,0,0,0,0,0,0,0,0,0,0,0,0
2018104,4,13,0,0,0,0,0,0,0,0,0,1,0,0,0,0,0,0,0,0,0,0,0,0,0,0,0,0
2021558,4,4,0,0,0,0,0,0,0,0,0,1,0,0,0,0,0,0,0,0,0,0,0,0,0,0,0,0
2033268,4,8,0,0,0,0,0,0,0,1,0,0,0,0,0,0,0,0,0,0,0,0,0,0,0,0,0,0
2033268,4,13,0,0,0,0,0,0,0,1,0,0,0,0,0,0,0,0,0,0,0,0,0,0,0,0,0,0
2042711,4,3,0,0,1,0,0,0,0,0,0,0,0,0,0,0,0,0,0,0,0,0,0,0,0,0,0,0
2053210,4,3,0,0,0,0,0,0,0,0,0,0,0,0,0,0,0,1,0,0,0,0,0,0,0,0,0,0
2053210,4,8,0,0,0,0,0,0,0,0,0,0,0,0,0,0,0,0,0,0,0,0,1,0,0,0,0,0
2053210,4,13,0,0,0,0,0,0,0,0,0,0,0,0,0,0,0,0,1,0,0,0,0,0,0,0,0,0
2058169,4,5,0,0,0,0,0,0,0,0,0,0,0,0,0,0,0,1,0,0,0,0,0,0,0,0,0,0
2058169,4,9,0,0,0,0,0,0,0,0,1,0,0,0,0,0,0,0,0,0,0,0,0,0,0,0,0,0
2061659,4,6,0,0,0,0,0,0,0,0,0,0,0,0,0,0,0,0,1,0,0,0,0,0,0,0,0,0
2063306,4,3,0,0,0,0,0,0,0,0,0,0,0,0,0,0,0,0,0,0,0,0,0,0,0,1,0,0
2064243,4,13,0,0,0,0,0,0,0,0,0,0,0,0,0,1,0,0,1,0,0,0,0,0,0,0,0,0
2070201,4,13,0,0,0,0,0,0,0,0,1,0,0,0,0,0,0,0,0,0,0,0,0,0,0,0,0,0
2082044,4,8,0,0,1,0,0,0,0,0,0,0,0,0,0,0,0,0,0,0,0,0,0,0,0,0,0,0
2086837,4,3,0,0,0,0,0,0,0,0,0,0,0,0,0,0,0,1,0,0,0,0,0,0,0,0,0,0
2086837,4,5,0,0,0,0,0,0,0,0,0,0,0,0,0,0,0,0,0,1,0,1,0,0,0,0,0,0
2086837,4,8,0,0,0,0,0,0,0,0,0,0,0,0,0,1,0,0,0,0,0,0,0,0,0,0,0,0
2086837,4,13,0,0,0,0,0,0,0,0,0,0,0,0,0,1,1,0,0,0,0,1,0,0,0,0,0,0
2104729,4,1,0,0,0,0,0,0,0,0,0,0,0,0,0,0,0,0,0,0,0,0,0,0,0,0,1,0
2104729,4,2,0,0,0,0,0,0,0,0,0,0,0,0,0,0,0,0,0,0,0,0,0,0,0,0,2,1
2104729,4,3,0,0,0,0,0,0,0,0,0,0,0,0,0,0,0,0,0,0,0,0,0,0,1,0,1,0
2104729,4,5,0,0,0,0,0,0,0,0,0,0,0,0,0,0,0,0,0,0,1,0,0,0,1,1,0,0
2104729,4,6,0,0,0,0,0,0,0,0,0,0,0,0,0,0,0,0,0,0,0,0,0,0,0,0,1,0
2104729,4,13,0,0,0,0,0,0,0,0,0,0,0,0,0,0,0,0,0,0,0,0,0,0,0,3,0,0
2105132,4,8,0,0,0,0,1,0,0,0,0,0,0,0,0,0,0,0,0,0,0,0,0,0,0,0,0,0
2105132,4,13,0,0,0,0,0,0,0,0,0,0,1,0,0,0,0,0,0,0,0,0,0,0,0,0,0,0
2107542,4,8,0,0,0,0,1,0,0,0,0,0,0,0,0,0,0,0,0,0,0,0,0,0,0,0,0,0
2110626,4,5,0,0,0,0,0,0,0,0,0,0,1,0,0,0,0,0,0,0,0,0,0,0,0,0,0,0
2158708,4,10,0,0,0,0,0,0,0,0,0,0,0,0,0,0,1,0,0,0,0,0,1,0,0,0,0,0
2158708,4,13,0,0,0,0,0,0,0,0,0,0,0,0,0,0,0,0,0,0,0,0,1,1,0,0,0,0
2172647,4,9,0,0,0,0,0,0,0,0,1,0,0,0,0,0,0,0,0,0,0,0,0,0,0,0,0,0
2172647,4,10,0,0,0,0,0,0,0,0,1,0,0,0,0,0,0,0,0,0,0,0,0,0,0,0,0,0
2172647,4,13,0,0,0,0,0,0,1,0,0,0,2,0,0,0,0,0,0,0,0,0,0,0,0,0,0,0
2209053,4,13,0,0,0,0,0,0,1,0,0,0,0,0,0,0,0,0,0,0,0,0,0,0,0,0,0,0
2215236,4,4,0,0,0,0,0,0,0,0,0,0,0,0,0,0,1,0,0,0,0,0,0,0,0,0,0,0
2215236,4,13,0,0,0,0,0,0,0,0,0,0,0,0,1,0,0,0,0,0,1,2,1,1,0,0,0,0
2215236,4,14,0,0,0,0,0,0,0,0,0,0,0,0,0,0,0,0,0,1,0,0,0,0,0,0,0,0
2216108,4,13,0,0,0,0,0,0,0,0,0,0,0,0,0,0,1,0,1,0,0,0,0,0,0,0,0,0
2216108,4,14,0,0,0,0,0,0,0,0,0,0,0,1,0,0,0,0,0,0,0,0,0,0,0,0,0,0
2221071,4,3,0,0,0,0,0,0,0,0,0,0,0,0,0,0,1,0,0,0,0,0,0,0,0,0,0,0
2228897,4,2,0,0,0,0,0,0,0,0,1,0,0,0,0,0,0,0,0,0,0,0,0,0,0,0,0,0
2228897,4,3,0,0,0,0,0,0,0,0,0,0,0,0,0,0,0,1,0,0,0,0,0,0,0,0,0,0
2228897,4,6,0,0,1,0,0,0,0,0,0,0,0,0,0,0,0,0,0,0,0,0,0,0,0,0,0,0
2228897,4,8,0,0,0,0,0,0,0,0,0,0,0,0,0,0,1,0,0,0,0,0,0,0,0,0,0,0
2228897,4,13,0,0,0,0,0,0,0,0,1,0,0,0,1,0,0,0,0,0,0,0,0,0,0,0,0,0
2228971,4,2,0,0,0,0,0,0,0,0,0,0,0,0,0,0,0,0,0,0,0,0,1,0,0,0,0,0
2243407,4,13,0,0,0,1,0,1,0,0,0,0,0,0,0,0,0,0,0,0,0,0,0,0,0,0,0,0
2243733,4,3,0,0,0,0,0,0,0,0,0,1,0,0,0,0,0,0,0,0,0,0,0,0,0,0,0,0
2247989,4,5,0,0,0,0,0,0,0,0,0,2,0,0,0,0,0,0,0,0,0,0,0,0,0,0,0,0
2247989,4,13,0,0,0,0,0,0,0,0,1,0,0,0,0,0,0,0,0,0,0,0,0,0,0,0,0,0
2267246,4,13,0,0,0,0,0,0,1,0,0,0,0,0,0,0,0,0,0,0,0,0,0,0,0,0,0,0
2273123,4,3,0,0,0,0,0,0,1,0,0,0,1,0,0,0,0,0,0,0,0,0,0,0,0,0,0,0
2273123,4,5,0,0,0,0,0,0,0,0,0,0,0,0,0,0,0,0,0,0,0,0,0,0,1,0,1,0
2274311,4,3,0,0,0,1,0,0,0,0,0,0,0,0,0,0,0,0,0,0,0,0,0,0,0,0,0,0
2293502,4,2,0,0,0,0,0,0,0,0,0,0,0,0,1,0,0,0,0,0,0,0,0,0,0,0,0,0
2293502,4,13,0,0,0,0,0,0,0,0,0,0,0,1,0,0,0,0,0,0,0,0,0,0,0,0,0,0
2320426,4,10,0,0,0,0,0,0,0,0,0,0,0,0,1,0,0,0,0,0,0,0,0,0,0,0,0,0
2320426,4,13,0,0,0,0,0,0,0,0,0,0,0,0,0,0,0,0,1,0,0,0,0,0,0,0,0,0
2327967,4,13,0,0,0,0,0,0,0,0,0,1,0,0,0,0,0,0,0,0,0,0,0,0,0,0,0,0
2329434,4,2,0,0,0,0,0,0,0,0,0,0,0,0,0,0,0,0,0,0,1,1,0,0,0,0,0,0
2329434,4,4,0,0,0,0,0,0,0,0,0,0,0,0,0,0,0,0,0,0,0,0,0,0,0,0,0,1
2329434,4,5,0,0,0,0,0,0,0,0,0,0,0,0,0,0,0,0,1,0,1,0,0,1,1,0,0,0
2329434,4,13,0,0,0,0,0,0,0,0,0,0,0,0,0,0,0,0,1,0,1,0,0,0,1,0,0,0
2330852,4,3,0,0,0,0,0,0,0,0,0,0,0,0,0,0,1,0,0,0,0,0,0,0,0,0,0,0
2330852,4,5,0,0,0,0,0,0,0,0,0,0,0,1,0,0,0,0,0,0,0,0,0,0,0,0,0,0
2333892,4,10,0,0,0,0,0,0,0,0,0,0,0,0,0,0,0,0,1,0,0,0,0,0,0,0,0,0
2348330,4,3,0,0,0,0,0,0,0,0,1,0,0,0,0,0,0,0,0,0,0,0,0,0,0,0,0,0
2348330,4,13,0,0,0,0,1,0,0,0,0,0,0,0,0,0,0,0,0,0,0,0,0,0,0,0,0,0
2352282,4,8,0,0,0,0,0,0,0,0,0,0,0,0,0,0,0,0,1,0,0,0,0,0,0,0,0,0
2352282,4,13,0,0,0,0,0,0,0,0,0,0,0,0,0,0,0,1,0,0,0,0,0,1,0,0,0,0
2387135,4,3,0,0,0,0,0,1,0,0,0,0,0,0,0,0,0,0,0,0,0,0,0,0,0,0,0,0
2387135,4,8,0,0,0,0,0,0,0,0,0,0,0,0,0,1,0,0,0,0,0,0,0,0,0,0,0,0
2402838,4,3,0,0,0,1,0,0,0,0,0,0,0,0,0,0,0,0,0,0,0,0,0,0,0,0,0,0
2402838,4,6,0,0,0,0,0,0,0,0,0,0,0,1,0,0,0,0,0,1,0,0,0,0,0,0,0,0
2402838,4,13,0,0,0,0,0,0,1,0,0,0,0,0,0,0,0,0,0,0,0,0,0,0,0,0,0,0
2411203,4,3,0,0,0,0,0,0,0,0,1,0,0,0,0,0,0,0,0,0,0,0,0,0,0,0,0,0
2444103,4,13,0,0,0,1,0,0,0,0,0,0,0,0,0,0,0,0,0,0,0,0,0,0,0,0,0,0
2444992,4,5,0,0,0,0,0,0,0,0,0,0,0,0,0,0,0,0,1,0,0,0,0,0,0,0,0,0
2444992,4,13,0,0,0,0,0,0,0,0,0,0,0,0,0,1,0,0,0,0,0,0,0,0,2,1,0,0
2448191,4,5,0,0,0,0,0,0,0,0,0,0,0,0,0,0,0,0,0,0,0,0,0,0,0,1,0,0
2448191,4,13,0,0,0,0,0,0,0,0,0,0,0,0,1,0,1,0,0,0,0,0,0,2,0,0,0,0
2453583,4,5,0,0,0,0,0,0,0,0,0,0,0,0,0,1,0,0,0,0,0,0,0,0,0,0,0,0
2453583,4,10,0,0,0,0,0,0,0,0,0,1,0,0,0,0,0,0,0,0,0,0,0,0,0,0,0,0
2453583,4,13,0,0,0,0,0,0,0,0,0,0,1,0,0,0,1,0,0,0,0,0,0,0,0,0,0,0
2466377,4,3,0,0,0,0,0,0,0,0,0,0,0,0,0,0,0,0,0,0,1,0,0,0,0,0,0,0
2466377,4,13,0,0,0,0,0,0,0,0,0,0,0,0,0,0,0,0,0,0,1,0,1,1,0,0,0,0
2472551,4,13,0,0,0,0,0,0,0,0,1,0,0,0,0,0,0,0,0,0,0,0,0,0,0,0,0,0
2474930,4,3,0,0,0,0,0,0,0,0,0,0,0,1,0,0,0,0,0,0,0,0,0,0,0,0,0,0
2474930,4,5,0,0,0,0,0,0,0,0,0,0,1,0,0,0,0,0,0,0,0,0,0,0,0,0,0,0
2474930,4,13,0,0,0,0,0,0,1,0,0,0,0,0,0,0,0,0,0,0,0,0,0,0,0,0,0,0
2484547,4,13,0,0,0,0,0,0,0,0,0,0,0,0,1,0,0,0,0,0,0,0,0,0,0,0,0,0
2487917,4,2,0,0,0,0,0,0,0,0,0,0,0,0,0,0,0,0,0,0,1,0,1,0,0,0,2,0
2487917,4,3,0,0,0,0,0,0,0,0,0,0,0,0,0,0,0,0,0,0,0,0,0,0,0,0,1,0
2487917,4,5,0,0,0,0,0,0,0,0,0,0,0,0,0,0,0,0,1,0,0,0,0,0,2,0,3,0
2487917,4,8,0,0,0,0,0,0,0,0,0,0,0,0,1,0,0,0,0,0,0,0,0,0,1,0,0,0
2487917,4,13,0,0,0,0,0,0,0,0,0,0,0,0,1,0,2,0,3,0,1,0,3,0,3,0,1,0
2510933,4,5,1,0,0,0,0,0,0,0,0,0,0,0,0,0,0,0,0,0,0,0,0,0,0,0,0,0
2551645,4,13,0,0,0,0,0,0,0,0,0,0,0,0,0,0,0,0,0,0,1,0,0,0,0,0,0,0
2552229,4,3,0,0,0,0,0,0,0,1,0,0,0,0,0,0,0,0,0,0,0,0,0,0,0,0,0,0
2553210,4,8,0,0,0,0,0,0,0,0,1,0,0,0,0,0,0,0,0,0,0,0,0,0,0,0,0,0
2553210,4,13,0,0,0,0,0,0,1,0,0,0,0,0,0,0,0,0,0,0,0,0,0,0,0,0,0,0
2558344,4,10,0,0,0,0,0,0,0,0,1,0,0,0,0,0,0,0,0,0,0,0,0,0,0,0,0,0
2568650,4,3,0,0,0,0,0,0,0,0,0,0,0,0,0,0,1,0,0,0,0,0,0,0,0,0,0,0
2568650,4,5,0,0,0,0,0,0,0,0,0,0,0,0,0,0,0,0,1,0,0,0,0,0,0,0,0,0
2568650,4,8,0,0,0,0,0,0,0,0,0,0,0,0,0,0,0,0,0,1,0,0,0,0,0,0,0,0
2568650,4,10,0,0,0,0,0,0,0,0,0,0,0,0,0,0,0,0,0,1,0,0,0,0,0,0,0,0
2568650,4,13,0,0,0,0,0,0,0,0,0,0,0,0,1,0,1,0,0,0,0,0,0,0,0,0,0,0
2577004,4,13,0,0,0,0,0,0,0,0,1,0,0,0,0,0,0,0,0,0,0,0,0,0,0,0,0,0
2579854,4,13,0,0,0,0,1,0,0,0,0,0,0,0,0,0,0,0,0,0,0,0,0,0,0,0,0,0
2586588,4,13,0,0,0,0,0,0,0,1,0,0,0,0,0,0,0,0,0,0,0,0,0,0,0,0,0,0
2586588,4,17,0,0,0,0,0,0,0,1,0,0,0,0,0,0,0,0,0,0,0,0,0,0,0,0,0,0
2587914,4,2,0,0,0,0,0,0,0,0,0,0,0,0,1,0,0,0,0,0,0,0,0,0,0,0,0,0
2587914,4,13,0,0,0,0,0,0,0,0,0,0,0,0,0,0,1,0,0,0,0,0,0,0,0,0,0,0
2588959,4,2,0,0,0,0,0,0,0,0,1,0,0,0,0,0,0,0,0,0,0,0,0,0,0,0,0,0
2588959,4,13,0,0,0,0,0,0,0,0,0,0,1,0,0,0,0,0,0,0,0,0,0,0,0,0,0,0
2599611,4,8,0,0,0,0,0,0,0,0,1,0,0,0,0,0,0,0,0,0,0,0,0,0,0,0,0,0
2599611,4,9,0,0,0,0,1,0,0,0,0,0,0,0,0,0,0,0,0,0,0,0,0,0,0,0,0,0
2605911,4,5,0,0,0,0,0,0,0,0,0,0,0,0,0,0,0,0,0,0,0,0,0,0,0,0,1,0
2605911,4,10,0,0,0,0,0,0,0,0,0,0,0,0,0,0,0,0,1,0,0,0,0,0,0,0,1,0
2605911,4,13,0,0,0,0,0,0,0,0,0,0,0,0,0,0,0,0,1,0,1,0,0,0,1,0,3,0
2605911,4,14,0,0,0,0,0,0,0,0,0,0,0,0,0,0,0,0,0,0,0,0,0,0,1,0,0,0
2610339,4,9,0,0,0,0,0,0,0,0,0,0,1,0,0,0,0,0,0,0,0,0,0,0,0,0,0,0
2625046,4,5,0,0,0,0,0,0,0,0,0,0,0,0,0,0,1,0,1,0,0,0,0,0,0,0,0,0
2625046,4,13,0,0,0,0,0,0,0,0,0,0,0,0,0,0,0,1,1,0,2,0,0,0,0,0,0,0
2663348,4,8,0,0,0,0,0,0,1,0,0,0,0,0,0,0,0,0,0,0,0,0,0,0,0,0,0,0
2666911,4,10,0,0,0,0,0,0,0,0,0,0,0,0,0,0,0,0,0,0,0,0,0,1,0,0,0,0
2666911,4,13,0,0,0,0,0,0,0,0,0,0,0,0,0,0,1,0,0,0,0,0,0,1,0,0,0,0
2668013,4,9,0,0,0,0,0,0,0,0,0,0,0,0,0,0,1,0,0,0,0,0,0,0,0,0,0,0
2670157,4,13,0,0,0,0,0,0,0,0,0,1,0,0,0,0,0,0,0,0,0,0,0,0,0,0,0,0
2679566,4,8,0,0,0,0,0,0,0,0,1,0,0,0,0,0,0,0,0,0,0,0,0,0,0,0,0,0
2679566,4,10,0,0,0,0,0,0,1,0,0,0,0,0,0,0,0,0,0,0,0,0,0,0,0,0,0,0
2679566,4,13,0,0,0,0,0,0,1,0,0,0,0,0,0,0,0,0,0,0,0,0,0,0,0,0,0,0
2679847,4,2,0,0,0,0,0,0,0,0,0,0,0,0,0,0,0,0,1,0,0,0,0,0,0,0,0,0
2679847,4,3,0,0,0,0,0,0,0,0,0,0,0,0,0,0,0,0,1,0,0,0,0,0,0,0,0,0
2679847,4,5,0,0,0,0,0,0,0,0,0,0,0,0,1,0,0,0,0,0,0,0,2,0,0,0,0,0
2679847,4,13,0,0,0,0,0,0,0,0,0,0,0,0,0,0,1,0,1,0,0,0,1,0,0,0,0,0
2683106,4,13,0,0,1,0,0,0,0,0,0,0,0,0,0,0,0,0,0,0,0,0,0,0,0,0,0,0
2689061,4,13,0,0,0,0,0,0,0,0,1,0,1,0,0,0,0,0,0,0,0,0,0,0,0,0,0,0
2689761,4,13,0,0,0,0,0,0,0,0,0,0,1,0,0,0,0,0,0,0,0,0,0,0,0,0,0,0
2690188,4,5,0,0,0,0,1,0,0,0,0,0,0,0,0,0,0,0,0,0,0,0,0,0,0,0,0,0
2693700,4,13,0,0,0,0,0,0,0,0,0,1,0,1,0,0,0,0,0,0,0,0,0,0,0,0,0,0
2694620,4,13,0,0,0,0,1,0,0,0,0,0,0,0,0,0,0,0,0,0,0,0,0,0,0,0,0,0
2696681,4,13,0,0,0,0,0,0,0,0,1,0,0,0,0,0,0,0,0,0,0,0,0,0,0,0,0,0
2697425,4,2,0,0,0,0,0,0,0,0,0,0,0,0,0,0,0,0,0,0,1,0,0,0,0,0,0,0
2697425,4,4,0,0,0,0,0,0,0,0,0,0,0,0,1,0,0,0,0,0,0,0,0,0,0,0,0,0
2697425,4,5,0,0,0,0,0,0,0,0,0,0,0,0,1,0,0,0,0,0,0,0,0,0,0,0,0,0
2697425,4,8,0,0,0,0,0,0,0,0,0,0,0,0,1,0,0,0,0,0,0,0,0,0,0,0,0,0
2697425,4,13,0,0,0,0,0,0,0,0,0,0,0,0,0,0,0,0,0,0,1,0,0,0,0,0,0,0
2709794,4,3,0,0,0,0,0,0,0,0,0,0,0,0,0,0,0,0,0,0,0,0,0,0,0,0,1,0
2709794,4,5,0,0,0,0,0,0,0,0,0,0,0,0,1,0,0,0,0,0,0,0,0,0,0,0,0,0
2709794,4,8,0,0,0,0,0,0,0,0,0,0,0,0,0,0,0,0,0,0,1,0,0,0,0,0,0,0
2709794,4,13,0,0,0,0,0,0,0,0,0,0,0,0,0,0,1,0,1,0,1,0,0,0,0,0,3,0
2726601,4,3,0,0,0,0,0,0,0,0,0,0,0,1,0,0,0,0,0,0,0,0,0,0,0,0,0,0
2726601,4,7,0,0,1,0,0,0,0,0,0,0,0,0,0,0,0,0,0,0,0,0,0,0,0,0,0,0
2726601,4,13,0,0,0,0,0,0,0,0,1,0,0,1,0,0,0,0,0,0,0,0,0,0,0,0,0,0
2726601,4,14,0,0,0,0,0,0,0,0,0,0,1,0,0,0,0,0,0,0,0,0,0,0,0,0,0,0
2736593,4,13,0,0,0,0,0,0,0,0,1,0,0,1,0,0,0,0,0,0,0,0,0,0,0,0,0,0
2754475,4,5,0,0,0,0,0,1,0,0,0,0,0,0,0,0,0,0,0,0,0,0,0,0,0,0,0,0
2770426,4,2,0,0,0,0,0,0,0,0,0,0,0,0,0,0,0,0,0,0,0,0,0,1,0,0,0,0
2770426,4,3,0,0,0,0,0,0,0,0,0,0,0,0,0,0,1,0,0,0,0,0,0,0,0,0,0,0
2770426,4,8,0,0,0,0,0,0,0,0,0,0,0,0,1,0,0,0,0,0,0,0,0,0,0,0,0,0
2770426,4,13,0,0,0,0,0,0,0,0,0,0,0,0,1,0,0,0,1,0,1,1,0,0,0,0,0,0
2774803,4,3,0,0,0,0,0,0,0,0,0,0,0,0,0,0,0,0,1,1,0,0,1,0,0,0,0,0
2774803,4,5,0,0,0,0,0,0,0,0,0,0,0,0,0,0,0,0,0,0,1,0,0,1,0,0,0,0
2774803,4,10,0,0,0,0,0,0,0,0,0,0,0,0,0,0,0,0,1,0,0,0,0,0,0,1,0,0
2774803,4,13,0,0,0,0,0,0,0,0,0,0,0,0,0,0,0,0,0,0,0,2,0,0,4,1,0,1
2782905,4,8,0,0,0,0,0,0,1,0,0,0,1,1,0,0,0,0,0,0,0,0,0,0,0,0,0,0
2782905,4,13,0,0,1,0,0,0,0,0,1,0,0,0,0,0,0,0,0,0,0,0,0,0,0,0,0,0
2786179,4,10,0,0,0,0,0,0,0,0,1,0,0,0,0,0,0,0,0,0,0,0,0,0,0,0,0,0
2809002,4,2,0,0,0,0,0,0,0,0,0,0,0,0,0,0,0,0,0,0,0,2,0,0,0,0,0,1
2809002,4,3,0,0,0,0,0,0,0,0,0,0,0,0,0,0,0,1,0,1,0,0,0,0,0,1,0,1
2809002,4,5,0,0,0,0,0,0,0,0,0,0,0,0,0,0,0,1,0,0,0,0,0,0,0,0,0,2
2809002,4,13,0,0,0,0,0,0,0,0,0,0,0,0,0,1,0,0,0,0,0,1,0,1,0,3,0,2
2809002,4,14,0,0,0,0,0,0,0,0,0,0,0,0,0,0,0,0,0,0,0,1,0,1,0,0,0,0
2809002,4,20,0,0,0,0,0,0,0,0,0,0,0,0,0,0,0,0,0,0,0,0,0,0,0,1,0,0
2815994,4,13,0,0,1,0,0,0,0,0,0,0,0,0,0,0,0,0,0,0,0,0,0,0,0,0,0,0
2818029,4,13,0,0,0,0,0,0,0,0,0,1,0,0,0,0,0,0,0,0,0,0,0,0,0,0,0,0
2862821,4,4,0,0,0,0,0,0,1,0,0,0,0,0,0,0,0,0,0,0,0,0,0,0,0,0,0,0
2862821,4,13,0,0,1,0,0,0,0,0,0,0,0,0,0,0,0,0,0,0,0,0,0,0,0,0,0,0
2866217,4,3,0,0,0,0,0,0,0,0,0,0,1,0,0,0,0,0,0,0,0,0,0,0,0,0,0,0
2880816,4,3,0,0,0,0,0,0,0,0,0,0,0,0,1,0,0,0,0,0,0,0,0,0,0,0,0,0
2880816,4,5,0,0,0,0,0,0,0,0,0,0,0,0,0,0,0,0,0,0,1,0,0,0,0,0,0,0
2880816,4,13,0,0,0,0,0,0,0,0,0,0,0,0,0,2,0,0,0,0,0,1,0,0,0,0,0,0
2880816,4,14,0,0,0,0,0,0,0,0,0,0,0,0,0,0,0,0,0,0,0,1,0,0,0,0,0,0
2901078,4,3,0,0,0,0,0,0,0,0,0,0,0,0,0,0,0,0,0,0,0,1,0,0,0,0,0,0
2901078,4,5,0,0,0,0,0,0,0,0,0,0,0,0,0,0,0,0,0,0,0,1,0,0,0,0,0,0
2901078,4,13,0,0,0,0,0,0,0,0,0,0,0,0,0,0,1,0,0,0,1,0,0,0,0,0,0,0
2901366,4,13,0,0,0,0,0,0,2,0,0,0,0,0,0,0,0,0,0,0,0,0,0,0,0,0,0,0
2921634,4,1,0,0,0,0,0,0,0,0,0,0,0,0,0,0,0,1,0,0,0,0,0,0,0,0,0,0
2921634,4,3,0,0,0,0,0,0,0,0,0,0,1,1,0,1,0,0,2,0,0,0,0,0,0,0,0,0
2921634,4,5,0,0,0,0,0,0,1,0,0,0,0,0,0,0,0,0,0,0,0,0,0,0,0,0,0,0
2921634,4,7,0,0,0,0,0,0,0,0,0,0,0,0,1,0,0,0,0,0,0,0,0,0,0,0,0,0
2921634,4,8,0,0,0,0,1,0,0,0,1,1,2,0,3,0,0,0,0,0,0,0,0,0,0,0,0,0
2921634,4,9,0,0,0,1,1,0,0,0,0,0,0,0,2,0,1,0,0,0,0,0,0,0,0,0,0,0
2921634,4,10,0,0,0,0,0,0,0,1,0,0,0,0,1,1,1,1,0,0,0,0,0,0,0,0,0,0
2921634,4,12,0,0,0,0,0,0,0,0,0,0,0,1,0,0,0,0,0,0,0,0,0,0,0,0,0,0
2921634,4,13,0,0,0,0,1,1,0,2,1,1,2,0,3,0,2,3,1,0,0,0,0,0,0,0,0,0
2921634,4,14,0,0,0,0,0,0,0,0,0,0,0,0,1,0,0,0,0,0,0,0,0,0,0,0,0,0
2928841,4,5,0,0,0,0,0,0,0,0,0,0,0,1,0,0,0,0,0,0,0,0,0,0,0,0,0,0
2934483,4,1,0,0,0,0,0,0,0,0,1,0,0,0,0,0,0,0,0,0,0,0,0,0,0,0,0,0
2934483,4,5,0,0,0,0,0,0,0,0,1,0,0,0,0,0,0,0,0,0,0,0,0,0,0,0,0,0
2934483,4,7,0,0,1,0,0,0,0,0,0,0,0,0,0,0,0,0,0,0,0,0,0,0,0,0,0,0
2934483,4,9,0,0,0,1,1,0,1,0,1,0,0,0,0,0,0,0,0,0,0,0,0,0,0,0,0,0
2934483,4,10,0,0,0,1,0,0,0,1,1,0,1,0,0,0,0,0,0,0,0,0,0,0,0,0,0,0
2934483,4,13,0,0,0,0,0,0,0,0,0,1,1,0,0,0,0,0,0,0,0,0,0,0,0,0,0,0
2945686,4,8,0,0,0,0,0,0,0,0,0,0,1,0,0,0,0,0,0,0,0,0,0,0,0,0,0,0
2945686,4,13,0,0,0,0,0,0,0,0,1,0,0,0,0,0,0,0,0,0,0,0,0,0,0,0,0,0
2950738,4,2,0,0,0,0,0,0,0,0,0,0,0,0,0,0,0,0,0,0,0,0,0,0,0,0,1,1
2950738,4,3,0,0,0,0,0,0,0,0,0,0,0,0,0,0,0,0,0,0,0,0,1,1,0,0,1,0
2950738,4,5,0,0,0,0,0,0,0,0,0,0,0,0,0,0,0,1,0,0,0,0,1,0,1,0,2,0
2950738,4,9,0,0,0,0,0,0,0,0,0,0,0,0,0,0,0,0,0,0,0,0,0,0,0,0,1,0
2950738,4,10,0,0,0,0,0,0,0,0,0,0,0,0,0,0,0,0,0,0,0,0,0,0,1,0,0,0
2950738,4,13,0,0,0,0,0,0,0,0,0,0,0,0,0,0,0,0,1,0,1,0,2,0,2,2,2,0
2956800,4,8,0,0,1,0,0,0,0,0,0,0,0,0,0,0,0,0,0,0,0,0,0,0,0,0,0,0
2972840,4,5,0,0,0,0,0,0,0,0,0,0,1,0,0,0,0,0,0,0,0,0,0,0,0,0,0,0
2972840,4,13,0,0,0,0,0,0,0,0,1,0,1,0,0,0,0,0,0,0,0,0,0,0,0,0,0,0
2990273,4,2,0,0,0,1,0,0,0,0,0,0,0,0,0,0,0,0,0,0,0,0,0,0,0,0,0,0
2990273,4,9,0,0,0,0,0,0,0,0,1,0,0,0,0,0,0,0,0,0,0,0,0,0,0,0,0,0
2990273,4,10,0,0,0,0,0,0,0,0,1,0,0,0,0,0,0,0,0,0,0,0,0,0,0,0,0,0
2990273,4,13,0,0,0,0,0,0,0,0,0,0,1,0,0,0,0,0,0,0,0,0,0,0,0,0,0,0
2990737,4,3,0,0,0,0,0,0,0,0,0,0,0,0,0,0,0,1,0,0,0,0,0,0,0,0,0,0
2990737,4,13,0,0,0,0,0,0,0,0,0,0,0,0,0,2,0,0,0,0,0,0,0,1,0,0,0,0
2993046,4,4,0,0,0,0,0,0,1,0,0,0,0,0,0,0,0,0,0,0,0,0,0,0,0,0,0,0
2994464,4,13,0,0,0,0,0,0,0,0,0,0,0,0,0,0,0,0,0,1,0,0,0,0,0,0,0,0
3010782,4,1,0,0,0,0,0,0,0,0,0,0,0,0,0,0,0,0,0,0,0,1,0,0,0,0,0,0
3010782,4,2,0,0,0,0,0,0,0,0,0,0,0,0,0,0,0,0,0,0,1,1,0,0,0,0,0,0
3010782,4,3,0,0,0,0,0,0,0,0,0,0,0,0,0,0,0,0,0,0,1,0,0,1,0,0,0,0
3010782,4,5,0,0,0,0,0,0,0,0,0,0,0,0,0,0,1,0,0,0,0,1,0,1,0,0,0,0
3010782,4,8,0,0,0,0,0,0,0,0,0,0,0,0,0,0,0,0,0,0,1,0,0,0,0,0,0,0
3010782,4,13,0,0,0,0,0,0,0,0,0,0,0,0,0,0,0,0,1,0,1,0,3,0,2,0,0,0
3014670,4,6,0,0,0,0,0,0,0,0,1,0,0,0,0,0,0,0,0,0,0,0,0,0,0,0,0,0
3014670,4,13,1,0,0,0,0,0,0,0,0,0,0,0,0,0,0,0,0,0,0,0,0,0,0,0,0,0
3039109,4,10,0,0,0,0,0,0,1,0,0,0,0,0,0,0,0,0,0,0,0,0,0,0,0,0,0,0
3049338,4,3,0,0,0,0,0,0,0,0,0,0,0,0,0,0,0,1,1,1,0,1,0,0,0,0,0,0
3049338,4,5,0,0,0,0,0,0,0,0,0,0,0,0,0,0,0,0,1,0,0,0,0,0,0,0,0,0
3049338,4,13,0,0,0,0,0,0,0,0,0,0,0,0,1,0,0,1,0,0,0,2,0,0,0,0,0,0
3068402,4,6,0,0,0,0,0,0,0,0,0,0,0,0,0,0,1,0,0,0,0,0,0,0,0,0,0,0
3068402,4,13,0,0,0,0,0,0,0,0,0,0,0,0,0,1,0,1,0,0,2,0,0,0,0,0,0,0
3073247,4,2,0,0,0,0,1,0,0,0,0,0,0,0,0,0,0,0,0,0,0,0,0,0,0,0,0,0
3078906,4,5,0,0,0,0,0,1,0,0,0,0,0,0,0,0,0,0,0,0,0,0,0,0,0,0,0,0
3078906,4,10,0,0,0,0,0,0,0,0,1,0,0,0,0,0,0,0,0,0,0,0,0,0,0,0,0,0
3083903,4,13,0,0,0,0,0,0,0,0,0,0,0,1,0,0,0,0,0,0,0,0,0,0,0,0,0,0
3114428,4,14,0,0,0,0,0,0,0,0,1,0,0,0,0,0,0,0,0,0,0,0,0,0,0,0,0,0
3130017,4,2,0,0,0,0,0,0,0,0,0,0,0,1,0,0,0,0,0,0,0,0,0,0,0,0,0,0
3134825,4,5,0,0,0,0,0,0,0,0,0,0,0,0,0,0,0,0,0,0,0,0,0,1,0,0,0,0
3137247,4,10,0,0,0,1,0,0,0,0,0,0,0,0,0,0,0,0,0,0,0,0,0,0,0,0,0,0
3137428,4,10,0,0,0,0,0,0,0,0,0,0,0,0,0,1,0,0,0,0,0,0,0,0,0,0,0,0
3137428,4,14,1,0,0,0,0,0,0,0,0,0,0,0,0,0,0,0,0,0,0,0,0,0,0,0,0,0
3140846,4,2,0,0,0,0,0,0,0,0,0,0,0,0,0,0,0,0,0,0,0,1,0,0,0,0,1,0
3140846,4,3,0,0,0,0,0,0,0,0,0,0,0,0,0,0,0,0,0,0,0,0,1,0,0,1,0,0
3140846,4,8,0,0,0,0,0,0,0,0,0,0,0,0,0,0,0,0,0,0,0,0,0,0,0,0,1,0
3140846,4,13,0,0,0,0,0,0,0,0,0,0,0,0,0,0,0,0,0,1,0,0,0,0,0,0,0,0
3145548,4,2,0,0,0,0,0,0,0,0,1,0,0,0,1,0,0,0,0,0,0,0,0,0,0,0,0,0
3145548,4,3,0,0,0,0,0,0,0,1,0,0,0,0,0,0,0,0,0,0,0,0,0,0,0,0,0,0
3145548,4,5,0,0,0,0,0,0,0,0,0,0,0,0,0,0,0,0,1,0,0,0,0,0,0,0,0,0
3145548,4,10,0,0,0,0,0,0,0,0,0,0,0,0,0,0,1,0,0,0,0,0,0,0,0,0,0,0
3145548,4,13,0,0,0,0,0,0,0,0,1,0,0,0,1,1,0,0,0,2,0,0,0,0,0,0,0,0
3145548,4,14,0,0,0,0,0,0,1,0,0,0,0,0,0,0,0,0,0,0,0,0,0,0,0,0,0,0
3155756,4,5,0,0,0,0,0,0,1,0,0,0,1,0,0,0,0,0,0,0,0,0,0,0,0,0,0,0
3155756,4,13,0,0,1,0,0,0,0,0,0,0,0,0,0,0,0,0,0,0,0,0,0,0,0,0,0,0
3164261,4,2,0,0,0,0,0,0,0,0,0,0,0,0,0,0,0,0,0,0,1,0,0,0,0,0,0,0
3164261,4,5,0,0,0,0,0,0,0,0,0,0,0,0,0,0,0,0,0,0,1,1,0,0,0,1,0,0
3164261,4,8,0,0,0,0,0,0,0,0,0,0,0,0,0,0,0,0,0,0,0,0,0,0,0,0,1,0
3164261,4,13,0,0,0,0,0,0,0,0,0,0,0,0,0,1,0,0,0,0,0,0,0,0,0,0,0,0
3164261,4,14,0,0,0,0,0,0,0,0,0,0,0,0,0,0,1,0,0,0,0,0,0,0,0,0,0,0
3167536,4,5,0,0,0,0,0,0,1,0,0,0,0,0,0,0,0,0,0,0,0,0,0,0,0,0,0,0
3167536,4,13,0,0,0,0,0,0,0,0,0,1,0,0,0,0,0,0,0,0,0,0,0,0,0,0,0,0
3172432,4,6,0,0,0,0,0,0,0,0,0,0,0,0,0,0,0,0,1,0,0,0,0,0,0,0,0,0
3172432,4,8,0,0,0,0,0,0,0,0,0,0,0,0,0,0,0,0,1,0,0,0,0,0,0,0,0,0
3175139,4,13,0,0,0,0,0,0,0,0,0,0,1,0,1,0,0,0,0,0,0,0,0,0,0,0,0,0
3176229,4,8,0,0,1,0,0,0,0,0,0,0,0,0,0,0,0,0,0,0,0,0,0,0,0,0,0,0
3176704,4,2,0,0,0,0,0,0,0,0,0,0,0,0,1,0,0,0,0,0,0,0,1,0,0,0,0,0
3176704,4,3,0,0,0,0,0,0,0,0,0,0,0,0,1,0,0,0,0,0,1,0,1,0,0,0,0,0
3176704,4,5,0,0,0,0,0,0,0,0,0,0,0,0,1,0,1,0,1,0,0,1,3,0,0,0,0,0
3176704,4,8,0,0,0,0,0,0,0,0,0,0,0,0,0,1,0,0,0,0,0,0,0,0,0,0,0,0
3176704,4,9,0,0,0,0,0,0,0,0,0,0,0,0,0,0,0,0,0,0,1,0,0,0,0,0,0,0
3176704,4,10,0,0,0,0,0,0,0,0,0,0,0,0,1,0,0,0,0,0,0,0,0,0,0,0,0,0
3176704,4,13,0,0,0,0,0,0,0,0,0,0,0,0,1,0,0,1,0,0,0,3,6,1,0,0,0,0
3176704,4,14,0,0,0,0,0,0,0,0,0,0,0,0,0,0,0,0,0,0,0,0,1,0,0,0,0,0
3183356,4,3,0,0,0,0,0,0,0,0,0,0,0,0,0,0,0,0,0,0,0,1,0,0,0,0,0,0
3183356,4,5,0,0,0,0,0,0,0,0,0,0,0,0,0,0,0,0,0,1,0,0,0,0,0,1,0,0
3202322,4,3,0,0,0,0,0,0,0,0,1,0,0,0,0,0,0,0,0,0,0,0,0,0,0,0,0,0
3202322,4,5,0,0,0,0,0,0,0,0,0,0,1,0,0,0,0,0,0,0,0,0,0,0,0,0,0,0
3202322,4,13,0,0,0,0,0,0,0,0,1,0,0,0,0,0,0,0,0,0,0,0,0,0,0,0,0,0
3225224,4,13,0,0,0,0,0,0,0,0,1,0,0,0,0,0,0,0,0,0,0,0,0,0,0,0,0,0
3229743,4,2,0,0,0,0,0,0,0,0,0,0,0,0,0,0,0,0,0,0,0,0,0,0,0,0,1,0
3229743,4,5,0,0,0,0,0,0,0,0,0,0,0,0,0,0,0,0,0,0,1,0,0,0,0,0,0,0
3229743,4,13,0,0,0,0,0,0,0,0,0,0,0,0,0,0,0,0,0,1,0,0,0,0,0,0,0,0
3229906,4,2,0,0,0,0,0,0,0,0,0,0,0,0,0,0,0,0,0,0,0,0,0,0,0,0,1,0
3229906,4,3,0,0,0,0,0,0,0,0,0,0,0,0,1,0,0,0,0,0,1,0,0,0,0,0,0,0
3229906,4,5,0,0,0,0,0,0,0,0,0,0,0,0,0,0,0,0,1,0,0,0,1,0,0,0,0,0
3229906,4,6,0,0,0,0,0,0,0,0,0,0,0,0,0,0,0,0,0,0,0,0,0,0,0,0,1,0
3229906,4,13,0,0,0,0,0,0,0,0,0,0,0,0,1,0,1,0,0,0,7,0,1,0,0,0,0,0
3241806,4,5,0,0,0,0,0,0,1,0,0,0,0,0,0,0,0,0,0,0,0,0,0,0,0,0,0,0
3241806,4,13,0,0,0,0,0,0,1,0,0,0,0,0,0,0,0,0,0,0,0,0,0,0,0,0,0,0
3246961,4,2,1,0,0,0,0,0,0,0,0,0,0,0,0,0,0,0,0,0,0,0,0,0,0,0,0,0
3246961,4,5,0,0,0,0,0,0,0,0,0,0,0,0,0,0,0,0,0,0,0,0,0,1,0,0,0,0
3246961,4,20,0,0,0,0,0,0,0,0,0,0,0,0,0,0,0,0,0,0,1,0,0,0,0,0,1,0
3251382,4,3,0,0,0,0,0,0,0,0,0,0,0,0,0,0,1,0,0,0,0,0,0,0,0,0,0,0
3251382,4,5,0,0,0,0,0,0,0,0,0,0,0,0,0,0,0,0,0,0,0,0,1,0,0,0,0,0
3251382,4,13,0,0,0,0,0,0,0,1,0,0,0,0,0,0,0,0,0,0,0,0,0,0,0,0,0,0
3254180,4,8,0,0,0,0,0,0,0,0,0,0,1,0,0,0,0,0,0,0,0,0,0,0,0,0,0,0
3254180,4,10,0,0,0,0,0,0,0,0,1,0,0,0,0,0,0,0,0,0,0,0,0,0,0,0,0,0
3258820,4,5,0,0,0,0,0,0,0,0,0,0,1,0,0,0,0,0,0,0,0,0,0,0,0,0,0,0
3269327,4,5,0,0,0,0,0,0,0,0,1,0,0,0,0,0,0,0,0,0,0,0,0,0,0,0,0,0
3280945,4,3,0,0,0,0,0,0,0,0,1,0,0,0,0,0,0,0,0,0,0,0,0,0,0,0,0,0
3292105,4,3,0,0,0,0,0,0,0,0,0,0,0,0,0,1,0,0,0,0,0,0,0,0,0,0,0,0
3292105,4,13,0,0,0,0,0,0,0,0,0,0,0,0,1,0,1,0,0,0,0,0,0,0,0,0,0,0
3292105,4,14,0,0,0,0,0,0,0,0,0,0,0,0,0,0,0,0,1,0,0,0,0,0,0,0,0,0
3303708,4,13,0,0,0,0,0,0,1,0,1,0,0,0,0,0,0,0,0,0,0,0,0,0,0,0,0,0
3306921,4,5,0,0,0,0,0,0,0,1,0,0,0,0,0,0,0,0,0,0,0,0,0,0,0,0,0,0
3306921,4,13,0,0,0,0,0,0,0,0,0,0,1,1,0,0,0,0,0,0,0,0,0,0,0,0,0,0
3309821,4,2,0,0,0,0,0,0,0,0,0,0,0,0,0,0,1,0,0,0,0,0,0,0,0,0,0,0
3310329,4,5,0,0,0,0,0,0,0,0,0,1,0,0,0,0,0,0,0,0,0,0,0,0,0,0,0,0
3323113,4,3,0,0,0,0,0,0,0,0,0,0,0,1,0,0,0,0,0,0,0,0,0,0,0,0,0,0
3323113,4,13,0,0,0,0,0,1,1,0,0,0,0,0,0,0,0,0,0,0,0,0,0,0,0,0,0,0
3325636,4,13,0,0,0,0,0,1,0,0,0,0,0,0,0,0,0,0,0,0,0,0,0,0,0,0,0,0
3331254,4,13,0,0,0,1,0,0,1,0,2,0,1,0,0,0,0,0,0,0,0,0,0,0,0,0,0,0
3359707,4,2,0,0,0,1,0,0,0,0,0,0,0,0,0,0,0,0,0,0,0,0,0,0,0,0,0,0
3359707,4,3,0,0,1,0,0,0,0,0,0,0,0,0,0,0,0,0,0,0,0,0,0,0,0,0,0,0
3359707,4,4,0,0,0,0,1,0,0,0,0,0,0,0,0,0,0,0,0,0,0,0,0,0,0,0,0,0
3359707,4,9,0,0,0,1,0,0,0,0,0,0,1,1,0,0,0,0,0,0,0,0,0,0,0,0,0,0
3359707,4,13,0,0,1,0,0,0,0,1,1,0,1,0,1,0,1,1,1,1,0,0,0,0,0,0,0,0
3363057,4,13,0,0,0,0,0,0,0,0,0,0,1,0,0,0,0,0,0,0,0,0,0,0,0,0,0,0
3386974,4,13,0,0,0,0,0,0,0,0,0,0,0,0,0,0,0,0,0,1,0,0,0,0,0,0,0,0
3392492,4,10,0,0,0,0,0,0,0,0,0,1,0,0,0,0,0,0,0,0,0,0,0,0,0,0,0,0
3393004,4,5,0,0,0,0,0,0,0,0,0,0,0,0,0,0,0,0,0,0,0,0,0,0,1,0,1,0
3393004,4,13,0,0,0,0,0,0,0,0,0,0,0,0,0,1,0,0,0,0,0,0,0,1,0,0,0,0
3394759,4,13,0,0,0,0,0,0,0,0,1,0,0,0,0,0,0,0,0,0,0,0,0,0,0,0,0,0
3398815,4,13,0,0,0,0,0,0,0,1,0,0,0,0,0,0,0,0,0,0,0,0,0,0,0,0,0,0
3399180,4,3,0,0,0,0,0,0,0,0,0,0,0,0,0,0,0,1,0,0,0,0,0,0,0,0,0,0
3399180,4,5,0,0,0,0,0,0,0,0,0,0,0,0,0,0,0,0,1,0,0,0,0,0,0,0,0,0
3399180,4,7,0,0,0,0,0,0,0,0,1,0,0,0,0,0,0,0,0,0,0,0,0,0,0,0,0,0
3414499,4,3,0,0,0,0,0,0,0,0,0,0,0,0,0,0,1,0,0,0,0,0,0,0,0,0,0,0
3414499,4,7,0,0,0,0,0,0,0,0,0,0,0,0,0,0,1,0,0,0,0,0,0,0,0,0,0,0
3414499,4,8,0,0,0,0,0,0,0,0,0,0,0,0,0,1,0,0,0,0,0,0,0,0,0,0,0,0
3414499,4,10,0,0,0,0,0,0,0,0,0,0,0,0,0,1,0,0,0,0,0,0,0,0,0,0,0,0
3414499,4,13,0,0,0,0,0,0,0,0,0,0,0,0,1,0,2,0,0,0,1,0,0,0,0,0,0,0
3419723,4,13,0,0,0,0,0,0,0,0,0,0,0,0,0,0,1,0,0,0,0,0,0,1,0,0,0,0
3431728,4,13,0,0,0,0,0,0,0,1,0,0,0,0,0,0,0,0,0,0,0,0,0,0,0,0,0,0
3435303,4,13,0,0,0,0,0,0,0,0,0,0,0,0,1,0,0,0,0,0,0,0,0,0,0,0,0,0
3442810,4,14,0,0,0,0,0,0,0,0,1,0,0,0,0,0,0,0,0,0,0,0,0,0,0,0,0,0
3444756,4,3,0,0,0,0,0,0,0,0,0,0,0,0,0,1,0,0,0,0,0,0,0,0,0,0,0,0
3444756,4,13,0,0,0,0,0,0,0,0,0,0,0,0,0,0,0,1,0,0,0,0,0,0,0,0,0,0
3444756,4,17,0,0,0,0,0,0,0,0,0,0,0,0,1,0,1,0,0,0,0,0,0,0,0,0,0,0
3451277,4,3,0,0,0,0,0,1,0,0,0,0,0,0,0,0,0,0,0,0,0,0,0,0,0,0,0,0
3451277,4,13,0,0,0,0,0,0,0,0,0,0,1,1,0,0,0,0,0,0,0,0,0,0,0,0,0,0
3455220,4,9,0,0,0,0,0,0,0,0,1,0,0,0,0,0,0,0,0,0,0,0,0,0,0,0,0,0
3463147,4,5,0,0,0,0,0,0,0,0,0,0,0,1,0,0,0,0,0,0,0,0,0,0,0,0,0,0
3463147,4,13,0,0,0,0,2,0,0,0,0,0,0,0,0,0,0,0,0,0,0,0,0,0,0,0,0,0
3464329,4,6,0,0,0,0,0,0,1,0,0,0,0,0,0,0,0,0,0,0,0,0,0,0,0,0,0,0
3464329,4,8,0,0,0,0,0,0,1,0,0,0,0,0,0,0,0,0,0,0,0,0,0,0,0,0,0,0
3469754,4,4,0,0,0,1,0,0,0,0,0,0,0,0,0,0,0,0,0,0,0,0,0,0,0,0,0,0
3475476,4,3,0,0,0,0,0,0,2,0,0,0,0,0,0,0,0,0,0,0,0,0,0,0,0,0,0,0
3475476,4,13,0,0,0,0,0,0,1,0,0,0,0,0,0,0,0,0,0,0,0,0,0,0,0,0,0,0
3479034,4,2,0,0,0,0,0,0,0,0,0,0,0,0,0,0,0,0,0,0,1,1,0,0,0,0,0,0
3479034,4,3,0,0,0,0,0,0,0,0,0,0,0,0,1,1,0,0,0,0,0,0,0,0,0,0,0,0
3479034,4,5,0,0,0,0,0,0,0,0,0,0,0,0,0,0,0,0,0,0,0,2,0,0,0,0,0,0
3479034,4,13,0,0,0,0,0,0,0,0,0,0,0,0,0,0,0,0,0,0,0,0,0,1,0,0,0,0
3491210,4,13,0,0,0,0,0,0,1,0,0,0,0,0,0,0,0,0,0,0,0,0,0,0,0,0,0,0
3492387,4,5,0,0,0,0,0,0,0,0,0,0,0,0,0,0,0,0,0,0,0,0,0,0,0,0,1,0
3492387,4,6,0,0,0,0,0,0,0,0,0,0,0,0,0,0,0,0,0,0,0,0,0,1,0,0,0,0
3492387,4,12,0,0,0,0,0,0,0,0,0,0,0,0,0,0,0,0,0,1,0,0,0,1,0,0,0,0
3492387,4,13,0,0,0,0,0,0,0,0,0,0,0,0,0,0,0,0,0,1,0,3,0,2,2,1,0,0
3502346,4,10,0,0,0,0,0,0,0,0,0,0,1,0,0,0,0,0,0,0,0,0,0,0,0,0,0,0
3512964,4,5,0,0,0,0,0,0,0,0,0,1,0,0,0,0,0,0,0,0,0,0,0,0,0,0,0,0
3512964,4,13,0,0,0,0,1,0,0,0,0,0,0,0,0,0,0,0,0,0,0,0,0,0,0,0,0,0
3523164,4,3,0,0,0,0,0,0,0,0,0,0,0,0,0,0,0,1,0,0,0,0,0,0,0,0,0,0
3523164,4,5,0,0,0,0,0,0,0,0,0,0,0,0,0,0,0,0,1,1,0,0,0,1,1,0,0,0
3523164,4,13,0,0,0,0,0,0,0,0,0,0,0,0,0,0,1,0,0,0,0,1,0,0,0,0,1,0
3549117,4,3,0,0,0,0,0,0,0,0,0,0,1,0,0,0,0,0,0,0,0,0,0,0,0,0,0,0
3550543,4,2,0,0,0,0,0,0,0,0,0,0,0,0,0,0,0,0,0,0,0,1,0,0,0,0,0,0
3550543,4,13,0,0,0,0,0,0,0,0,0,0,0,0,0,0,1,1,0,0,1,0,0,0,0,0,0,0
3567670,4,10,0,0,0,0,0,0,0,0,0,0,0,0,0,0,0,1,0,0,0,0,0,0,0,0,0,0
3573073,4,10,0,0,0,0,0,0,0,0,0,0,0,0,0,0,0,0,0,1,0,0,0,0,0,0,0,0
3573073,4,13,0,0,0,0,0,0,0,0,0,0,0,0,0,0,1,0,0,0,0,0,0,0,0,0,0,0
3591677,4,2,0,0,0,0,0,0,0,0,0,0,0,0,0,0,1,0,0,0,0,0,0,0,0,0,0,0
3591677,4,3,0,0,0,0,0,0,0,0,0,0,0,0,0,0,0,0,0,0,0,0,1,0,0,0,0,0
3591677,4,5,0,0,0,0,0,0,0,0,0,0,0,0,0,0,0,0,0,0,1,1,0,0,0,0,0,0
3591677,4,8,0,0,0,0,0,0,0,0,0,0,0,0,0,0,0,0,0,0,0,0,0,1,0,0,0,0
3591677,4,13,0,0,0,0,0,0,0,0,0,0,0,0,0,0,0,0,0,0,0,0,1,0,0,0,0,0
3599505,4,13,0,0,0,0,1,0,0,0,0,0,0,0,0,0,0,0,0,0,0,0,0,0,0,0,0,0
3601324,4,10,0,0,0,0,0,0,0,0,1,0,0,0,0,0,0,0,0,0,0,0,0,0,0,0,0,0
3612022,4,5,0,0,0,1,0,0,0,0,0,0,0,0,0,0,0,0,0,0,0,0,0,0,0,0,0,0
3625152,4,8,0,0,0,0,0,1,0,0,0,0,0,0,0,0,0,0,0,0,0,0,0,0,0,0,0,0
3627687,4,13,0,0,0,0,0,1,0,0,0,0,0,0,0,0,0,0,0,0,0,0,0,0,0,0,0,0
3628548,4,4,0,0,0,0,0,0,0,0,0,1,0,0,0,0,0,0,0,0,0,0,0,0,0,0,0,0
3644551,4,2,0,0,0,0,0,0,0,0,0,0,0,0,0,0,0,0,0,0,0,0,0,1,0,0,0,0
3644551,4,3,0,0,0,0,0,0,0,0,0,0,0,0,0,0,0,1,0,0,0,0,0,0,0,0,0,0
3644551,4,5,0,0,0,0,0,0,0,0,0,0,0,0,0,0,0,0,0,1,0,1,0,0,0,0,0,0
3644551,4,6,0,0,0,0,0,0,0,0,0,0,0,0,0,0,0,0,0,0,0,1,0,0,0,0,0,0
3644551,4,10,0,0,0,0,0,0,0,0,0,0,0,0,0,0,0,0,0,0,0,0,0,1,0,0,0,0
3644551,4,13,0,0,0,0,0,0,0,0,0,0,0,0,0,2,0,1,0,0,0,5,0,0,0,0,0,0
3656130,4,3,0,0,0,0,1,0,1,0,0,0,0,0,0,0,0,0,0,0,0,0,0,0,0,0,0,0
3656130,4,8,0,0,0,0,0,0,0,0,0,0,1,0,0,0,0,0,0,0,0,0,0,0,0,0,0,0
3666067,4,13,0,0,0,0,0,0,0,1,0,0,0,0,0,0,0,0,0,0,0,0,0,0,0,0,0,0
3668877,4,13,0,0,0,0,0,0,0,0,0,0,0,0,0,0,1,0,0,0,0,0,0,0,0,0,0,0
3672667,4,13,0,0,0,0,0,0,0,0,0,0,0,0,0,1,0,0,0,0,0,0,0,0,0,0,0,0
3673926,4,3,0,0,0,0,0,0,0,0,0,0,0,0,0,0,0,1,0,0,0,0,0,0,0,0,0,0
3673926,4,13,0,0,0,0,0,0,0,0,0,0,0,0,0,0,0,1,1,0,0,0,0,0,0,0,0,0
3674020,4,10,0,0,0,0,0,0,0,0,1,0,0,0,0,0,0,0,0,0,0,0,0,0,0,0,0,0
3678199,4,1,1,0,0,0,0,0,0,0,0,0,0,0,0,0,0,0,0,0,0,0,0,0,0,0,0,0
3687177,4,5,0,0,0,0,0,0,0,0,0,0,0,0,0,0,1,0,0,0,0,0,0,0,0,0,0,0
3687177,4,13,0,0,1,0,0,0,0,0,0,0,0,0,0,0,0,0,0,0,0,0,0,0,0,0,0,0
3689193,4,3,0,0,0,0,0,0,0,0,0,0,1,0,0,0,0,0,0,0,0,0,0,0,0,0,0,0
3689193,4,10,0,0,0,0,0,0,0,0,0,0,0,1,0,0,0,0,0,0,0,0,0,0,0,0,0,0
3692816,4,2,0,0,0,0,0,0,0,0,0,0,0,0,1,0,0,0,0,0,0,0,0,0,0,0,0,0
3692816,4,5,0,0,0,0,0,0,0,0,0,0,0,0,1,0,0,0,0,0,0,0,0,0,0,0,0,0
3692816,4,13,0,0,0,0,0,0,0,0,0,0,0,0,0,0,1,0,0,0,1,0,1,0,0,0,0,0
3693413,4,2,0,0,0,0,0,0,0,0,0,0,0,0,0,0,0,0,0,0,0,0,0,1,0,0,0,0
3693413,4,5,0,0,0,0,0,0,0,0,0,0,0,0,0,0,0,0,0,1,0,0,0,0,0,0,0,0
3693413,4,8,0,0,0,0,0,0,0,0,0,0,0,0,0,1,0,0,0,0,0,0,0,0,0,0,0,0
3693413,4,13,0,0,0,0,0,0,0,0,0,0,0,0,0,2,0,0,0,0,0,0,0,1,0,0,0,0
3723849,4,3,0,0,0,0,0,0,0,0,0,0,0,0,0,0,0,0,1,0,0,0,0,0,0,0,0,0
3723849,4,8,0,0,0,0,0,0,0,0,0,0,0,0,0,1,0,0,0,0,0,0,0,0,0,0,0,0
3723849,4,10,0,0,0,0,0,0,0,0,0,0,0,0,0,1,0,0,0,0,0,1,0,0,0,0,0,0
3723849,4,13,0,0,0,0,0,0,0,0,0,0,0,0,0,0,0,0,0,0,1,1,1,0,0,0,0,0
3732479,4,13,0,0,0,0,0,0,0,0,1,0,1,0,0,0,0,0,0,0,0,0,0,0,0,0,0,0
3781413,4,5,0,0,0,0,0,0,0,0,0,1,0,0,0,0,0,0,0,0,0,0,0,0,0,0,0,0
3784092,4,13,0,0,0,0,0,0,0,0,0,0,0,0,1,0,0,0,0,1,0,0,0,0,0,0,0,0
3793309,4,1,0,0,0,0,0,0,0,0,0,0,0,0,0,0,0,0,0,0,0,0,0,0,0,0,1,0
3793309,4,2,0,0,0,0,0,0,0,0,0,0,0,0,0,0,0,0,0,0,0,0,0,0,1,0,1,0
3793309,4,3,0,0,0,0,0,0,0,0,0,0,0,0,0,0,0,0,0,0,0,0,0,0,0,0,1,0
3793309,4,5,0,0,0,0,0,0,0,0,0,0,0,0,0,0,0,0,0,0,0,0,0,0,1,3,0,1
3793309,4,13,0,0,0,0,0,0,0,0,0,0,0,0,0,0,0,0,0,0,0,0,0,0,1,0,1,0
3805976,4,3,0,0,0,0,0,0,0,0,0,0,0,0,0,0,0,0,0,0,0,0,0,0,0,0,0,1
3805976,4,5,0,0,0,0,0,0,0,0,0,0,0,0,0,1,0,0,0,0,0,0,0,1,0,0,0,1
3805976,4,13,0,0,0,0,0,0,0,0,0,0,0,0,0,0,0,0,0,0,0,0,0,0,0,1,0,0
3805976,4,17,0,0,0,0,0,0,0,0,0,0,0,0,0,0,0,0,0,0,0,0,0,0,0,0,0,1
3807524,4,2,0,0,0,0,0,0,0,0,0,0,0,0,0,0,0,0,0,0,0,0,1,0,0,0,0,0
3807524,4,3,0,0,0,0,0,0,0,0,0,0,0,0,0,0,0,0,1,0,0,0,0,0,0,0,0,0
3807524,4,5,0,0,0,0,0,0,0,0,0,0,0,0,0,0,0,0,0,0,1,1,0,0,0,0,0,0
3807524,4,8,0,0,0,0,0,0,0,0,0,0,0,0,0,0,0,0,0,0,1,0,0,0,0,0,0,0
3807524,4,9,0,0,0,0,0,0,0,0,0,0,0,0,1,0,0,0,0,0,0,0,0,0,0,0,0,0
3807524,4,13,0,0,0,0,0,0,0,0,0,0,0,0,2,1,1,0,0,0,1,1,2,4,0,0,0,0
3808860,4,5,0,0,0,0,0,0,0,0,0,0,0,0,0,0,1,0,0,0,0,0,0,1,0,0,0,0
3808860,4,13,0,0,0,0,0,0,0,0,0,0,0,0,0,0,1,0,1,0,2,0,1,0,0,0,0,0
3821673,4,15,0,0,0,1,0,0,0,0,0,0,0,0,0,0,0,0,0,0,0,0,0,0,0,0,0,0
3833665,4,13,0,0,0,0,1,0,0,0,0,0,0,0,1,0,0,0,0,0,0,0,0,0,0,0,0,0
3837433,4,5,0,0,0,0,0,0,0,0,0,0,0,0,0,0,0,0,0,0,1,0,0,0,0,0,0,0
3837433,4,10,0,0,0,0,0,0,0,0,0,0,0,0,0,0,0,0,0,0,0,0,1,0,0,0,0,0
3837433,4,13,0,0,0,0,0,0,0,0,0,0,0,0,1,0,0,0,0,0,0,0,0,0,0,0,0,0
3844139,4,2,0,0,0,0,0,0,0,0,0,0,0,0,0,1,0,0,0,0,0,0,0,0,0,0,0,0
3844139,4,13,0,0,0,0,1,0,1,0,0,0,0,0,0,0,0,0,0,0,0,0,0,0,0,0,0,0
3876317,4,2,0,0,0,0,0,0,0,0,0,0,0,0,0,0,0,0,0,0,0,1,0,0,0,0,0,0
3876317,4,5,0,0,0,0,0,0,0,0,0,0,0,0,0,0,0,0,0,1,0,0,0,0,0,0,0,0
3876317,4,13,0,0,0,0,0,0,0,0,0,0,0,0,0,1,0,0,0,0,0,0,0,0,0,0,0,0
3887549,4,3,0,0,0,0,0,0,0,0,0,0,0,0,0,0,0,1,0,0,0,1,0,0,0,0,1,0
3887549,4,5,0,0,0,0,0,0,0,0,0,0,0,0,0,0,0,0,0,0,0,0,1,0,0,0,0,0
3887549,4,10,0,0,0,0,0,0,0,0,0,0,0,0,0,0,0,0,0,0,1,0,0,0,0,0,0,0
3887549,4,13,0,0,0,0,0,0,0,0,0,0,0,0,0,0,0,0,0,0,0,0,0,0,0,1,1,0
3891883,4,3,0,0,0,0,0,0,0,0,0,0,0,0,0,1,0,0,0,0,0,0,0,0,0,0,0,0
3893742,4,3,0,0,0,0,0,0,0,0,0,0,0,1,0,0,0,0,0,0,0,0,0,0,0,0,0,0
3902366,4,13,0,0,0,0,0,0,0,0,0,1,0,0,0,0,0,0,0,0,0,0,0,0,0,0,0,0
3903551,4,3,0,0,0,0,0,0,0,0,0,0,0,0,0,0,0,0,0,0,0,0,0,1,0,0,0,0
3903551,4,5,0,0,0,0,0,0,0,0,0,0,0,0,0,0,0,1,0,1,0,0,0,1,0,0,0,1
3903551,4,13,0,0,0,0,0,0,0,0,0,0,0,0,0,0,0,0,0,1,0,0,0,0,0,0,0,0
3905826,4,5,0,0,0,0,0,0,0,0,0,0,0,0,0,0,1,0,0,0,0,0,0,0,1,0,0,0
3905826,4,8,1,0,0,0,0,0,0,0,0,0,0,0,0,0,0,0,0,0,0,0,0,0,0,0,0,0
3905826,4,13,0,0,0,0,0,0,0,0,0,0,0,0,1,0,0,0,0,0,0,0,0,0,0,0,0,0
3905826,4,14,0,0,0,0,0,0,0,0,0,0,0,0,0,0,0,0,0,0,0,0,0,0,0,0,1,0
3923978,4,13,0,0,0,0,1,0,0,0,0,0,0,0,0,0,0,0,0,0,0,0,0,0,0,0,0,0
3927081,4,3,0,0,0,0,0,0,0,0,0,0,0,0,0,0,0,0,1,0,0,0,0,0,0,0,0,0
3938648,4,13,0,0,0,0,0,0,0,0,1,0,0,0,0,0,0,0,0,0,0,0,0,0,0,0,0,0
3942097,4,13,0,0,0,0,0,0,0,0,0,0,0,0,0,0,1,0,0,0,0,0,0,0,0,0,0,0
3961710,4,8,0,0,0,0,0,0,1,0,0,0,0,0,0,0,0,0,0,0,0,0,0,0,0,0,0,0
3964431,4,13,0,0,0,0,0,0,1,0,0,0,0,0,0,0,0,0,0,0,0,0,0,0,0,0,0,0
3970863,4,2,0,0,0,0,0,0,0,0,0,0,0,0,0,0,0,0,1,0,1,0,1,0,0,0,0,0
3970863,4,3,0,0,0,0,0,0,0,0,0,0,0,0,0,0,2,0,0,0,0,0,0,0,0,0,0,0
3970863,4,5,0,0,0,0,0,0,0,0,0,0,0,0,0,0,0,0,1,0,1,0,1,0,2,0,2,0
3970863,4,6,0,0,0,0,0,0,0,0,0,0,0,0,0,0,0,0,0,0,0,0,0,0,1,0,0,0
3970863,4,7,0,0,0,0,0,0,0,0,0,0,0,0,1,0,0,0,0,0,0,0,0,0,0,0,0,0
3970863,4,8,0,0,0,0,0,0,0,0,0,0,0,0,0,0,1,0,0,0,0,0,0,0,0,0,0,0
3970863,4,10,0,0,0,0,0,0,0,0,0,0,0,0,0,0,0,0,0,0,3,0,1,0,0,0,0,0
3970863,4,13,0,0,0,0,0,0,0,0,0,0,0,0,0,0,0,0,2,0,6,0,4,0,9,0,6,0
3978705,4,3,0,0,0,0,0,0,0,0,0,0,0,0,0,0,0,0,0,0,0,0,0,1,0,0,0,0
3981072,4,1,0,0,0,0,0,0,0,0,0,0,0,0,0,0,0,0,0,0,0,0,0,0,0,1,0,0
3981072,4,3,0,0,0,0,0,0,0,0,0,0,0,0,0,0,0,0,0,0,0,0,0,1,0,0,0,0
3981072,4,5,0,0,0,0,0,0,0,0,0,0,0,0,0,0,0,1,0,2,0,0,0,0,0,3,0,0
3981072,4,6,0,0,0,0,0,0,0,0,0,0,0,0,0,0,0,0,0,0,0,0,0,0,0,0,0,1
3981072,4,8,0,0,0,0,0,0,0,0,0,0,0,0,0,0,0,0,0,2,0,0,0,0,0,0,0,0
3981072,4,10,0,0,0,0,0,0,0,0,0,0,0,0,0,0,0,1,0,0,0,0,0,0,0,0,0,0
3981072,4,13,0,0,0,0,0,0,0,0,0,0,0,0,0,0,0,0,0,2,0,4,0,1,0,3,0,3
3988938,4,1,0,0,0,0,0,0,1,0,0,0,0,0,0,0,0,0,0,0,0,0,0,0,0,0,0,0
4005230,4,5,0,0,0,0,0,0,0,0,0,0,0,0,0,0,0,0,0,0,1,0,0,0,0,0,0,0
4005230,4,13,0,0,0,0,0,0,0,0,0,0,0,0,0,0,0,0,0,0,0,0,2,1,0,0,0,0
4015683,4,13,0,0,1,1,0,0,0,0,0,0,0,0,0,0,0,0,0,0,0,0,0,0,0,0,0,0
4022033,4,4,0,0,0,1,0,0,0,0,0,0,0,0,0,0,0,0,0,0,0,0,0,0,0,0,0,0
4026896,4,2,0,0,0,0,0,0,0,0,0,0,0,0,0,0,0,0,0,0,0,0,1,0,0,0,0,0
4026896,4,13,0,0,0,0,0,0,0,0,0,0,0,0,1,0,0,0,0,0,0,0,0,0,0,0,0,0
4029335,4,5,0,0,0,0,0,0,0,0,0,0,0,0,0,1,0,0,0,0,0,0,0,0,0,0,0,0
4032635,4,13,0,0,0,0,0,0,0,0,0,0,0,0,0,0,0,0,0,0,1,0,0,0,0,0,0,0
4033967,4,3,0,0,0,0,0,0,0,0,0,0,0,0,0,0,0,0,0,1,0,0,0,0,0,0,0,0
4033967,4,13,0,0,0,0,0,0,0,0,0,0,0,0,0,0,1,0,0,0,0,0,0,0,0,0,0,0
4037067,4,3,0,0,0,0,0,0,1,0,0,0,0,0,0,0,0,0,0,0,0,0,0,0,0,0,0,0
4045533,4,10,0,0,0,0,0,0,0,0,0,0,0,0,0,1,1,1,1,2,0,0,0,0,0,0,0,0
4045533,4,13,0,0,0,0,0,0,0,0,0,0,0,0,0,0,2,0,2,0,0,0,0,0,0,0,0,0
4045533,4,14,0,0,0,0,0,0,0,0,0,0,0,0,1,0,0,0,0,0,0,0,0,0,0,0,0,0
4049942,4,13,0,0,0,0,0,1,1,0,0,0,0,0,0,0,0,0,0,0,0,0,0,0,0,0,0,0
4055189,4,10,0,0,0,0,0,0,0,0,0,1,0,0,0,0,0,0,0,0,0,0,0,0,0,0,0,0
4056989,4,2,0,0,0,0,0,0,0,0,0,0,0,0,0,0,0,0,0,0,0,0,0,0,0,0,0,1
4056989,4,5,0,0,0,0,0,0,0,0,0,0,0,0,0,0,0,0,1,0,0,0,0,0,0,0,0,0
4069794,4,4,0,0,0,0,0,0,0,0,0,1,0,0,0,0,0,0,0,0,0,0,0,0,0,0,0,0
4074984,4,2,0,0,0,0,0,0,0,0,0,0,0,0,0,0,0,0,1,0,0,0,0,0,0,0,0,0
4090445,4,1,0,0,0,0,0,0,0,0,0,0,0,0,1,0,0,0,0,0,0,0,0,0,0,0,0,0
4090445,4,2,0,0,0,0,0,0,0,0,0,0,0,0,0,0,0,0,0,0,0,0,1,0,0,0,0,0
4090445,4,3,0,0,0,0,0,0,0,0,0,0,0,0,0,0,0,0,0,0,0,0,0,0,0,1,0,0
4090445,4,7,0,0,0,0,0,0,0,0,0,0,0,0,0,0,0,0,0,0,1,0,0,0,0,0,0,0
4110406,4,3,0,0,0,0,0,1,0,0,0,0,0,0,0,0,0,0,0,0,0,0,0,0,0,0,0,0
4121343,4,5,0,0,0,0,0,0,0,0,0,0,0,1,0,0,0,0,0,0,0,0,0,0,0,0,0,0
4121343,4,13,0,0,1,0,0,1,0,0,0,0,0,0,0,0,0,0,0,0,0,0,0,0,0,0,0,0
4134395,4,13,0,0,0,0,0,0,0,0,0,0,0,0,0,0,0,0,0,0,0,0,0,0,1,0,0,0
4138900,4,3,0,0,0,0,0,0,0,0,0,0,0,1,0,0,0,0,0,0,0,0,0,0,0,0,0,0
4138900,4,8,0,0,0,0,0,0,0,0,0,0,0,1,0,0,0,0,0,0,0,0,0,0,0,0,0,0
4138900,4,13,0,0,0,0,1,0,1,0,1,0,0,0,0,0,0,0,0,0,0,0,0,0,0,0,0,0
4141194,4,4,0,0,0,0,1,0,0,0,0,0,0,0,0,0,0,0,0,0,0,0,0,0,0,0,0,0
4141194,4,5,0,0,0,0,0,0,0,0,0,0,0,0,0,1,0,0,0,0,0,0,0,0,0,0,0,0
4153120,4,15,0,0,0,1,0,0,0,0,0,0,0,0,0,0,0,0,0,0,0,0,0,0,0,0,0,0
4180694,4,2,0,0,0,0,0,0,0,0,0,0,0,0,0,0,0,0,0,0,0,0,0,1,0,0,0,0
4180694,4,3,0,0,0,0,0,0,0,0,0,0,0,0,0,0,0,0,0,0,0,1,0,0,0,0,0,0
4180694,4,5,0,0,0,0,0,0,0,0,0,0,0,0,0,0,0,1,0,0,0,0,0,0,0,0,0,0
4180694,4,10,0,0,0,0,0,0,0,0,0,0,0,0,0,0,0,0,0,0,0,0,0,1,0,0,0,0
4180694,4,13,0,0,0,0,0,0,0,0,0,0,0,0,0,0,1,1,0,0,1,0,1,0,0,0,0,0
4186298,4,5,0,0,0,0,0,0,1,0,0,0,0,0,0,0,0,0,0,0,0,0,0,0,0,0,0,0
4187084,4,13,0,0,0,0,0,0,0,1,0,0,0,1,0,0,0,0,0,0,0,0,0,0,0,0,0,0
4189045,4,13,0,0,0,0,0,0,0,0,1,0,0,0,0,0,0,0,0,0,0,0,0,0,0,0,0,0
4195723,4,5,0,0,0,0,0,0,0,0,0,0,0,0,0,0,1,0,0,0,0,0,0,0,0,0,0,0
4206721,4,5,0,0,0,0,0,0,0,0,0,0,0,0,0,1,0,0,0,1,0,0,0,0,0,0,0,0
4206721,4,13,0,0,0,0,0,0,0,0,0,0,0,0,0,1,0,0,0,0,0,0,0,0,0,0,0,0
4213397,4,3,0,0,0,0,0,0,0,0,0,0,0,0,1,0,0,0,0,0,0,0,0,0,0,0,0,0
4213397,4,8,0,0,0,0,0,0,0,0,0,0,0,0,0,0,0,0,0,0,0,0,1,0,0,0,0,0
4213397,4,13,0,0,0,0,0,0,0,0,0,0,0,0,0,0,0,0,0,0,1,0,0,0,0,0,0,0
4213808,4,6,0,0,0,0,0,0,0,0,0,0,0,1,0,0,0,0,0,0,0,0,0,0,0,0,0,0
4218520,4,3,0,0,0,0,0,0,0,0,0,0,0,0,0,0,0,0,0,0,0,0,1,0,0,0,1,0
4218520,4,5,0,0,0,0,0,0,0,0,0,0,0,0,1,0,0,0,1,0,1,0,2,0,0,0,0,0
4218520,4,13,0,0,0,0,0,0,0,0,0,0,0,0,0,0,1,0,1,0,2,0,0,0,0,0,0,0
4243101,4,3,0,0,0,1,0,0,0,0,0,0,0,0,0,0,0,0,0,0,0,0,0,0,0,0,0,0
4243101,4,13,0,0,0,0,0,0,0,0,0,0,1,0,0,0,0,0,0,0,0,0,0,0,0,0,0,0
4254794,4,13,0,0,0,0,2,0,0,0,0,0,0,0,0,0,0,0,0,0,0,0,0,0,0,0,0,0
4256201,4,13,0,0,0,0,0,0,0,0,1,0,0,0,0,0,0,0,0,0,0,0,0,0,0,0,0,0
4258298,4,13,0,0,0,0,0,0,1,0,1,0,0,0,0,0,1,0,0,0,0,0,0,0,0,0,0,0
4279968,4,3,0,0,0,0,0,0,0,0,0,0,0,0,0,0,0,0,0,1,0,0,0,0,0,0,0,0
4289259,4,10,0,0,0,0,0,0,0,1,0,0,0,0,0,0,0,0,0,0,0,0,0,0,0,0,0,0
4289259,4,13,0,0,0,0,0,0,0,0,0,0,1,0,0,0,0,0,0,0,0,0,0,0,0,0,0,0
4289620,4,13,0,0,0,0,0,0,1,0,0,0,0,0,0,0,0,0,0,0,0,0,0,0,0,0,0,0
4297905,4,13,0,0,1,0,0,0,0,0,1,0,0,0,0,0,0,0,0,0,0,0,0,0,0,0,0,0
4297905,4,18,0,0,0,0,0,0,0,0,0,1,0,0,0,0,0,0,0,0,0,0,0,0,0,0,0,0
4332516,4,3,0,0,0,0,0,0,0,0,1,0,0,0,0,0,0,0,0,0,0,0,0,0,0,0,0,0
4332516,4,9,0,0,0,0,2,0,1,0,1,0,0,0,0,0,0,0,0,0,0,0,0,0,0,0,0,0
4332516,4,13,0,0,0,0,0,1,0,0,0,0,0,2,0,0,0,0,0,0,0,0,0,0,0,0,0,0
4332591,4,13,0,0,0,0,0,0,0,0,0,0,0,0,0,0,1,0,0,0,0,0,0,0,0,0,0,0
4333684,4,13,0,0,0,0,0,0,0,0,0,0,0,0,0,0,0,0,0,0,0,1,0,0,0,0,0,0
4339945,4,5,0,0,0,0,0,0,0,1,0,0,0,0,0,0,0,0,0,0,0,0,0,0,0,0,0,0
4339945,4,14,0,0,0,0,0,0,1,0,0,0,0,0,0,0,0,0,0,0,0,0,0,0,0,0,0,0
4341353,4,10,0,0,0,0,0,0,0,0,0,0,0,0,0,0,0,0,0,0,0,0,1,0,0,0,0,0
4341353,4,13,0,0,0,0,0,0,0,0,0,0,0,0,1,0,0,0,0,0,0,0,0,0,0,0,0,0
4342203,4,3,0,0,0,0,0,0,0,0,0,0,0,1,0,0,0,0,0,0,0,0,0,0,0,0,0,0
4342203,4,10,0,0,0,0,0,0,0,0,0,0,0,0,1,0,0,0,0,0,0,0,0,0,0,0,0,0
4342203,4,12,0,0,0,0,0,0,0,0,0,0,0,0,0,0,0,1,0,0,0,0,0,0,0,0,0,0
4342203,4,13,0,0,0,0,0,0,0,0,0,0,0,0,1,0,0,0,0,0,0,0,0,0,0,0,0,0
4342203,4,17,0,0,0,0,1,0,0,0,0,0,0,0,0,0,0,0,0,0,0,0,0,0,0,0,0,0
4345612,4,3,0,0,0,0,0,0,0,0,1,0,0,0,0,0,0,0,0,0,0,0,0,0,0,0,0,0
4356386,4,3,0,0,0,0,0,0,0,0,0,0,0,0,0,0,0,1,0,0,0,0,0,0,0,0,0,0
4356386,4,13,0,0,0,0,0,0,0,0,0,0,0,0,0,0,0,0,0,0,0,1,0,0,0,0,0,0
4359493,4,5,0,0,0,0,0,1,0,0,0,0,0,0,0,0,0,0,0,0,0,0,0,0,0,0,0,0
4359493,4,8,0,0,1,0,0,0,0,0,0,0,0,0,0,0,0,0,0,0,0,0,0,0,0,0,0,0
4359493,4,13,0,0,0,0,0,0,0,0,0,0,1,0,0,0,0,0,0,0,0,0,0,0,0,0,0,0
4368056,4,2,0,0,0,0,0,0,0,0,0,1,0,0,0,0,0,0,0,0,0,0,0,0,0,0,0,0
4377086,4,10,0,0,0,0,0,0,0,0,0,0,0,0,0,0,0,0,0,0,0,1,0,0,0,0,0,0
4377086,4,13,0,0,0,0,0,0,0,0,0,0,0,0,1,0,0,0,2,0,0,0,0,0,0,0,1,0
4377086,4,14,0,0,0,0,0,0,0,0,0,0,0,0,0,0,0,0,0,0,0,0,0,0,1,0,0,0
4382109,4,10,0,0,0,0,0,0,0,0,0,1,0,0,0,0,0,0,0,0,0,0,0,0,0,0,0,0
4407590,4,13,0,0,0,0,0,1,1,0,0,0,0,0,0,0,0,0,0,0,0,0,0,0,0,0,0,0
4407590,4,14,0,0,0,0,0,0,0,0,0,0,0,1,0,0,0,0,0,0,0,0,0,0,0,0,0,0
4410432,4,13,0,0,0,0,0,0,0,1,0,0,0,0,0,0,0,0,0,0,0,0,0,0,0,0,0,0
4419156,4,4,0,0,1,0,0,0,0,0,0,0,0,0,0,0,0,0,0,0,0,0,0,0,0,0,0,0
4419156,4,7,0,0,0,0,0,0,0,0,0,0,0,0,0,0,0,0,1,0,0,0,0,0,0,0,0,0
4430228,4,2,0,0,0,0,0,0,0,0,0,0,0,0,0,0,0,0,0,0,2,0,0,0,1,0,0,0
4430228,4,3,0,0,0,0,0,0,0,0,0,0,0,0,0,0,0,0,0,0,0,0,0,0,1,0,1,0
4430228,4,5,0,0,0,0,0,0,0,0,0,0,0,0,0,0,0,0,0,0,1,0,1,0,5,0,3,0
4430228,4,10,0,0,0,0,0,0,0,0,0,0,0,0,0,0,0,0,0,0,1,0,1,0,0,0,0,0
4430228,4,13,0,0,0,0,0,0,0,0,0,0,0,0,0,0,0,0,0,0,6,0,3,0,7,0,6,0
4431309,4,8,0,0,0,0,0,1,0,0,0,0,0,0,0,0,0,0,0,0,0,0,0,0,0,0,0,0
4431309,4,10,0,0,0,0,0,0,0,1,0,0,0,0,0,0,0,0,0,0,0,0,0,0,0,0,0,0
4435209,4,5,0,0,0,0,0,0,0,0,0,0,0,0,0,0,0,0,1,0,0,0,0,0,0,0,0,0
4436580,4,3,0,0,0,0,0,0,0,0,0,0,1,0,0,0,0,0,0,0,0,0,0,0,0,0,0,0
4436580,4,13,0,0,0,0,5,0,5,1,2,0,4,0,0,0,0,0,0,0,0,0,0,0,0,0,0,0
4441232,4,3,0,0,0,0,0,0,0,0,0,0,0,0,0,0,0,0,0,0,0,0,1,0,0,0,0,0
4441232,4,4,0,0,0,0,0,0,0,0,0,0,0,0,0,0,0,0,0,0,0,0,1,0,0,0,0,0
4441232,4,5,0,0,0,0,0,0,0,0,0,0,0,0,0,0,0,0,0,0,0,0,0,0,0,0,1,0
4441232,4,7,0,0,0,0,0,0,0,0,0,0,0,0,0,0,0,0,0,0,0,1,0,0,0,0,0,0
4441232,4,10,0,0,0,0,0,0,0,0,0,0,0,0,0,0,0,0,0,0,0,0,0,0,0,1,1,0
4441232,4,13,0,0,0,0,0,0,0,0,0,0,0,0,0,0,0,0,0,0,1,1,4,1,0,1,1,0
4441232,4,14,0,0,0,0,0,0,0,0,0,0,0,0,0,0,0,0,0,0,0,0,1,1,0,0,0,0
4468393,4,5,0,0,0,0,0,0,0,0,0,0,0,0,0,0,0,0,0,0,2,0,1,0,1,0,0,0
4468393,4,10,0,0,0,0,0,0,0,0,0,0,0,0,0,0,0,0,0,0,0,0,0,0,1,1,0,0
4468393,4,13,0,0,0,0,0,0,0,0,0,0,0,0,0,1,2,0,1,0,0,0,0,0,0,0,1,0
4468393,4,14,0,0,0,0,0,0,0,0,0,0,0,0,0,0,0,0,0,0,1,0,0,0,0,0,0,0
4474927,4,6,0,0,0,0,1,0,0,0,0,0,0,0,0,0,0,0,0,0,0,0,0,0,0,0,0,0
4483302,4,10,0,0,0,0,0,0,1,0,0,0,0,0,0,0,0,0,0,0,0,0,0,0,0,0,0,0
4493053,4,13,0,0,1,0,0,0,0,0,0,0,0,0,0,0,0,0,0,0,0,0,0,0,0,0,0,0
4495041,4,6,0,0,1,0,0,0,0,0,0,0,0,0,0,0,0,0,0,0,0,0,0,0,0,0,0,0
4495041,4,13,0,0,0,0,0,0,0,0,0,0,0,0,1,1,0,0,0,0,0,0,0,0,0,0,0,0
4503688,4,5,0,0,0,0,0,0,0,1,0,0,0,0,0,0,0,0,0,0,0,0,0,0,0,0,0,0
4506452,4,9,0,0,0,0,0,0,0,0,0,0,0,0,0,0,0,1,0,0,0,0,0,0,0,0,0,0
4523821,4,5,0,0,0,0,0,0,0,0,0,0,0,0,0,0,0,0,0,0,0,0,0,1,0,0,0,0
4526447,4,1,0,0,0,0,0,0,0,0,0,0,0,0,0,0,1,0,0,0,0,0,0,0,0,0,0,0
4526447,4,5,0,0,0,0,0,0,0,0,0,0,0,0,0,0,0,0,1,0,0,1,0,0,0,0,0,0
4526447,4,10,0,0,0,0,0,0,0,0,0,0,0,0,0,0,0,0,1,0,0,1,0,0,0,0,0,0
4526447,4,13,0,0,0,0,0,0,0,0,0,0,0,0,0,0,0,1,0,0,0,0,0,0,0,0,0,0
4531702,4,5,0,0,0,0,0,0,0,0,0,0,0,0,0,0,1,0,0,0,0,0,0,0,0,0,0,0
4531702,4,13,0,0,0,0,0,0,0,0,0,0,0,0,0,0,0,0,1,0,0,0,0,0,0,0,0,0
4546150,4,4,0,0,0,0,0,0,0,0,0,0,0,0,0,0,0,1,0,0,0,0,0,0,0,0,0,0
4550822,4,3,0,0,0,0,0,0,0,0,0,0,1,0,0,0,1,0,0,0,0,0,0,0,0,0,0,0
4550822,4,8,0,0,0,0,0,0,0,1,0,0,0,0,0,0,0,0,0,0,0,0,0,0,0,0,0,0
4550822,4,13,0,0,0,0,0,0,0,0,0,0,0,0,0,0,1,0,0,0,0,0,0,0,0,0,0,0
4558017,4,5,0,0,0,0,0,0,0,0,1,0,0,0,0,0,0,0,0,0,0,0,0,0,0,0,0,0
4558017,4,9,0,0,0,0,0,0,0,0,0,0,1,0,0,0,0,0,0,0,0,0,0,0,0,0,0,0
4558017,4,13,0,0,0,0,0,1,1,0,0,0,1,0,0,0,0,0,0,0,0,0,0,0,0,0,0,0
4569046,4,5,0,0,0,0,0,1,0,0,0,0,0,0,0,0,0,0,0,0,0,0,0,0,0,0,0,0
4574867,4,5,0,0,0,0,0,0,0,0,0,0,1,0,0,0,0,0,0,0,0,0,0,0,0,0,0,0
4574867,4,10,0,0,0,0,0,0,1,0,0,0,0,0,0,0,0,0,0,0,0,0,0,0,0,0,0,0
4580223,4,1,0,0,0,0,0,0,0,0,0,0,0,0,0,0,0,0,0,0,0,0,0,1,0,0,0,0
4580223,4,8,0,0,0,0,0,0,0,0,0,0,0,0,0,0,0,0,1,0,0,0,0,0,0,0,0,0
4580223,4,13,0,0,0,0,0,0,0,0,0,0,0,0,1,0,0,0,0,0,0,0,0,0,0,0,0,0
4584505,4,5,0,0,0,0,0,0,1,0,0,0,0,0,0,0,0,0,0,0,0,0,0,0,0,0,0,0
4584505,4,13,0,0,0,0,0,0,0,0,1,0,0,0,0,0,0,0,0,0,0,0,0,0,0,0,0,0
4620515,4,2,0,0,0,0,0,0,0,0,0,0,0,0,0,0,0,0,0,0,1,0,0,0,0,0,0,0
4620515,4,13,0,0,0,0,0,0,0,0,0,0,0,0,0,0,1,0,1,0,0,0,1,0,0,0,0,0
4621672,4,5,0,0,0,0,0,0,0,0,0,1,0,0,0,0,0,0,0,0,0,0,0,0,0,0,0,0
4624129,4,3,0,0,1,0,0,0,0,0,0,0,0,0,0,0,0,0,0,0,0,0,0,0,0,0,0,0
4624129,4,13,0,0,0,0,0,0,0,1,0,0,0,0,0,0,0,0,0,0,0,0,0,0,0,0,0,0
4653213,4,13,0,0,0,0,0,0,1,0,0,0,0,0,0,0,0,0,0,0,0,0,0,0,0,0,0,0
4655239,4,10,0,0,0,0,0,0,0,0,0,0,1,0,0,0,0,0,0,0,0,0,0,0,0,0,0,0
4655239,4,13,0,0,0,0,0,0,0,1,0,0,0,0,0,0,0,0,0,0,0,0,0,0,0,0,0,0
4670216,4,13,0,0,0,0,0,0,0,0,0,0,1,0,0,0,0,0,0,0,0,0,0,0,0,0,0,0
4673813,4,4,0,0,0,0,0,0,0,0,0,1,0,0,0,0,0,0,0,0,0,0,0,0,0,0,0,0
4673813,4,9,0,0,0,0,0,0,0,0,0,0,0,0,0,1,0,0,0,0,0,0,0,0,0,0,0,0
4673813,4,13,0,0,0,0,0,0,0,0,0,0,0,2,0,0,0,0,0,0,0,0,0,0,0,0,0,0
4675618,4,2,0,0,0,0,0,0,0,0,0,0,0,0,0,1,0,0,1,0,0,0,0,0,0,0,0,0
4675618,4,3,0,0,0,0,0,0,0,0,0,0,0,0,0,0,0,1,0,0,0,0,0,0,0,0,0,0
4675618,4,10,0,0,0,0,0,0,0,0,0,0,0,0,0,0,1,0,0,0,0,0,0,0,0,0,0,0
4675618,4,13,0,0,0,0,0,0,0,0,0,0,0,0,0,1,0,0,2,0,0,0,0,0,0,0,0,0
4681936,4,3,0,0,0,0,0,0,0,1,0,0,0,0,0,0,0,0,0,0,0,0,0,0,0,0,0,0
4681936,4,13,0,0,0,0,0,0,0,0,1,0,0,0,0,0,0,0,0,0,0,0,0,0,0,0,0,0
4704671,4,13,0,0,0,0,0,0,1,0,0,0,0,0,0,0,0,0,0,0,0,0,0,0,0,0,0,0
4705552,4,5,0,0,0,0,0,0,0,0,0,0,0,0,1,0,0,0,0,0,0,0,0,0,0,0,0,0
4705552,4,13,0,0,0,0,0,0,0,0,0,0,0,0,1,0,0,1,0,0,0,0,0,0,0,0,0,0
4729136,4,5,0,0,0,0,0,0,0,0,0,0,0,1,0,0,0,0,0,0,0,0,0,0,0,0,0,0
4731985,4,13,0,0,0,0,0,0,0,0,0,0,0,0,0,0,0,0,0,0,1,0,0,0,0,0,0,0
4734482,4,3,0,0,0,1,0,0,0,0,0,0,0,0,0,0,0,0,0,0,0,0,0,0,0,0,0,0
4741260,4,4,0,0,0,0,0,0,0,0,0,0,0,0,1,0,0,0,0,0,0,0,0,0,0,0,0,0
4741260,4,8,0,0,0,0,0,0,0,0,0,0,0,0,0,0,0,0,0,0,1,0,0,0,0,0,0,0
4741260,4,13,0,0,0,0,0,0,0,0,0,0,0,0,0,0,0,0,0,0,1,0,0,0,0,0,0,0
4744402,4,3,0,0,0,0,0,0,0,0,0,0,0,0,0,0,1,0,0,0,0,0,0,0,0,0,0,0
4744402,4,17,0,0,0,0,0,0,0,0,0,0,0,0,1,0,0,0,0,0,0,0,0,0,0,0,0,0
4756514,4,5,0,0,0,0,0,0,1,0,0,0,1,0,0,0,0,0,0,0,0,0,0,0,0,0,0,0
4756514,4,13,0,0,0,0,0,0,0,0,1,0,0,0,0,0,0,0,0,0,0,0,0,0,0,0,0,0
4756572,4,3,0,0,0,0,0,0,1,0,0,0,0,0,0,0,0,0,0,0,0,0,0,0,0,0,0,0
4776944,4,5,0,0,0,0,0,0,0,0,0,0,0,0,0,0,1,0,0,0,0,0,0,0,0,0,0,0
4776944,4,13,0,0,0,0,0,0,0,0,0,0,0,0,0,0,0,3,0,0,0,0,0,0,0,0,0,0
4778251,4,2,0,0,0,0,0,0,0,0,0,0,0,0,0,0,0,0,0,0,0,0,0,0,1,0,0,0
4778251,4,5,0,0,0,0,0,0,0,0,0,0,0,0,0,1,0,0,0,0,0,1,0,0,0,0,0,0
4778251,4,6,0,0,0,0,0,0,0,0,0,0,0,0,0,0,0,0,0,0,0,0,0,0,0,0,1,0
4778251,4,7,0,0,0,0,0,0,0,0,0,0,0,0,0,0,0,0,0,0,1,0,0,0,0,0,0,0
4778251,4,8,0,0,0,0,0,0,0,0,0,0,0,0,0,0,0,0,0,0,1,0,0,0,1,0,0,0
4778251,4,10,0,0,0,0,0,0,0,0,0,0,0,0,0,0,0,0,0,0,0,1,0,0,0,0,0,0
4778251,4,13,0,0,0,0,0,0,0,0,0,0,0,0,1,0,1,0,0,0,0,0,2,0,0,0,1,0
4780081,4,8,0,0,0,0,0,0,0,0,0,0,0,1,0,0,0,0,0,0,0,0,0,0,0,0,0,0
4784078,4,10,0,0,0,0,0,0,0,0,0,0,0,1,0,0,0,0,0,0,0,0,0,0,0,0,0,0
4784078,4,13,0,0,0,0,1,0,0,0,0,0,0,0,0,0,0,0,0,0,0,0,0,0,0,0,0,0
4786009,4,7,0,0,0,0,1,0,0,0,0,0,0,0,0,0,0,0,0,0,0,0,0,0,0,0,0,0
4792348,4,7,0,0,0,0,0,0,0,0,0,0,0,0,0,0,0,0,0,0,0,1,0,0,0,0,0,0
4792348,4,13,0,0,0,0,0,0,0,0,0,0,0,0,0,0,0,0,0,0,0,0,0,0,0,0,1,0
4792882,4,5,0,0,0,0,0,0,0,0,0,0,0,0,1,0,0,0,0,0,0,1,0,0,0,0,0,0
4792882,4,8,0,0,0,0,0,0,0,0,0,0,0,0,1,0,0,0,0,0,0,0,0,0,0,0,0,0
4792882,4,13,0,0,0,0,0,0,0,0,0,0,0,0,1,0,1,0,0,0,0,0,0,1,1,1,0,0
4793364,4,13,0,0,0,0,0,0,0,0,0,1,0,0,0,0,0,0,0,0,0,0,0,0,0,0,0,0
4802908,4,5,0,0,0,0,0,0,0,0,0,0,0,1,0,0,0,0,0,0,0,0,0,0,0,0,0,0
4802908,4,15,0,0,0,0,0,0,1,0,0,0,0,0,0,0,0,0,0,0,0,0,0,0,0,0,0,0
4812501,4,2,0,0,0,0,0,0,0,0,0,0,0,0,0,0,0,0,0,0,0,2,0,0,0,0,0,0
4812501,4,3,0,0,0,0,0,0,0,0,0,0,0,0,0,2,0,1,0,1,0,0,0,1,0,0,0,1
4812501,4,5,0,0,0,0,0,0,0,0,0,0,0,0,0,0,0,0,0,0,0,1,0,1,0,2,0,1
4812501,4,6,0,0,0,0,0,0,0,0,0,0,0,0,0,0,0,0,0,0,0,0,0,0,0,0,0,1
4812501,4,7,0,0,0,0,0,0,0,0,0,0,0,0,0,0,0,1,0,0,0,0,0,0,0,1,0,1
4812501,4,8,0,0,0,0,0,0,0,0,0,0,0,0,0,0,0,0,0,0,0,2,0,0,0,1,0,0
4812501,4,9,0,0,0,0,0,0,0,0,0,0,0,0,0,0,0,0,0,1,0,0,0,0,0,0,0,0
4812501,4,10,0,0,0,0,0,0,0,0,0,0,0,0,0,0,0,0,0,0,0,0,0,2,0,0,0,0
4812501,4,13,0,0,0,0,0,0,0,0,0,0,0,0,0,1,0,0,0,1,0,0,0,8,0,3,0,5
4812501,4,15,0,0,0,0,0,0,0,0,0,0,0,0,0,0,0,0,0,0,0,0,0,0,0,0,0,1
4813080,4,2,0,0,0,0,0,0,0,1,0,0,0,0,0,0,0,0,0,0,0,0,0,0,0,0,0,0
4813080,4,8,0,0,0,0,0,0,0,0,0,0,0,1,0,0,0,0,0,0,0,0,0,0,0,0,0,0
4818705,4,9,0,0,0,0,1,0,0,0,0,0,0,0,0,0,0,0,0,0,0,0,0,0,0,0,0,0
4828821,4,10,0,0,0,0,0,0,0,0,0,0,0,0,0,0,0,0,0,0,0,0,1,0,0,0,0,0
4839496,4,5,0,0,0,0,0,0,0,0,0,0,0,0,1,0,0,0,0,0,0,0,0,0,0,0,0,0
4842493,4,8,0,0,0,0,0,0,0,0,0,0,0,1,0,0,0,0,0,0,0,0,0,0,0,0,0,0
4842493,4,13,0,0,0,0,0,0,0,0,0,1,0,0,0,0,0,0,0,0,0,0,0,0,0,0,0,0
4846924,4,8,0,0,0,0,0,0,0,0,0,0,0,0,0,0,1,0,0,0,0,0,0,0,0,0,0,0
4846924,4,13,0,0,0,0,0,0,0,0,0,0,1,0,0,0,1,0,0,0,0,0,0,0,0,0,0,0
4849288,4,13,0,0,0,0,0,0,0,0,0,0,0,0,0,0,0,0,0,2,0,0,0,0,0,0,0,0
4875646,4,8,0,0,0,0,0,0,1,0,1,0,0,0,0,0,0,0,0,0,0,0,0,0,0,0,0,0
4875646,4,13,0,0,1,0,1,0,0,0,0,0,1,0,0,0,0,0,0,0,0,0,0,0,0,0,0,0
4875646,4,14,0,0,0,0,0,0,1,0,0,0,0,0,0,0,0,0,0,0,0,0,0,0,0,0,0,0
4879348,4,3,0,0,0,0,0,0,0,0,0,0,0,0,0,0,0,0,0,1,0,0,0,0,0,0,0,0
4879348,4,8,0,0,0,0,0,0,0,0,0,0,0,1,0,0,0,0,0,0,0,0,0,0,0,0,0,0
4879348,4,13,0,0,1,0,0,0,0,0,0,0,0,0,0,0,0,0,0,0,0,0,0,0,0,0,0,0
4884081,4,2,0,0,0,0,0,0,0,0,0,0,0,0,0,0,0,0,0,1,0,0,0,0,0,0,0,0
4884081,4,13,0,0,0,0,0,0,0,0,0,0,0,0,1,0,0,0,0,0,0,0,0,0,0,0,0,0
4891840,4,5,0,0,0,0,0,0,0,0,0,0,1,0,0,0,0,0,0,0,0,0,0,0,0,0,0,0
4900350,4,4,0,0,0,0,0,0,0,0,0,0,0,0,0,0,0,0,1,0,0,0,0,0,0,0,0,0
4900847,4,13,0,0,0,0,0,0,0,0,0,0,0,0,0,0,0,1,0,0,0,1,0,2,0,0,0,0
4900847,4,17,0,0,0,0,0,0,0,0,0,0,0,0,0,0,0,0,1,0,0,0,0,0,0,0,0,0
4903727,4,2,0,0,0,0,0,1,0,0,0,0,0,0,0,0,0,0,0,0,0,0,0,0,0,0,0,0
4906711,4,2,0,0,0,0,0,0,0,0,0,1,0,0,0,0,0,2,0,0,0,0,0,0,0,0,0,0
4910145,4,5,0,0,0,0,0,0,0,0,0,0,0,0,0,0,0,0,0,0,0,1,1,0,0,0,0,0
4910145,4,13,0,0,0,0,0,0,0,0,0,0,0,0,0,1,0,1,1,0,1,0,1,2,0,0,0,0
4926261,4,13,0,0,0,0,0,0,0,0,0,0,0,0,0,0,0,1,0,0,0,0,0,0,0,0,0,0
4928672,4,13,0,0,0,0,0,0,0,1,0,0,0,1,0,0,0,0,0,0,0,0,0,0,0,0,0,0
4929283,4,5,0,0,0,0,0,0,0,0,0,0,0,0,0,0,1,0,0,0,0,0,0,0,0,0,0,0
4929283,4,8,0,0,0,0,0,0,0,0,0,0,0,0,1,0,0,0,0,0,0,0,0,0,0,0,0,0
4929283,4,13,0,0,0,0,0,0,0,0,0,0,0,0,2,0,0,0,1,0,0,0,0,0,0,0,0,0
4933122,4,13,0,0,0,0,0,0,0,0,0,0,0,0,0,0,0,0,0,1,0,0,0,0,0,0,0,0
4942931,4,14,0,0,0,0,0,0,0,0,0,0,0,0,0,0,0,0,0,0,0,0,0,0,1,0,0,0
4973178,4,10,0,0,0,0,0,0,0,0,0,0,1,0,0,0,0,0,0,0,0,0,0,0,0,0,0,0
4975681,4,8,0,0,0,0,0,0,0,0,0,0,0,0,0,0,0,0,0,0,0,0,0,0,0,0,1,0
4975681,4,13,0,0,0,0,0,0,0,0,0,0,0,0,0,0,0,1,1,1,0,0,2,1,0,1,0,0
4989971,4,4,1,0,0,0,0,0,0,0,0,0,0,0,0,0,0,0,0,0,0,0,0,0,0,0,0,0
4989971,4,5,0,0,0,0,0,0,0,0,0,0,0,0,0,0,0,0,1,0,0,0,0,0,0,0,0,0
4990262,4,4,0,0,1,0,0,0,0,0,0,0,0,0,0,0,0,0,0,0,0,0,0,0,0,0,0,0
4990797,4,4,0,0,0,0,0,0,0,0,0,0,0,0,0,0,1,0,0,0,0,0,0,0,0,0,0,0
4990797,4,13,0,0,0,0,0,0,0,0,0,0,0,0,0,0,0,1,0,0,0,0,0,0,0,0,0,0
4991243,4,5,0,0,0,1,0,0,0,0,0,0,0,0,0,0,0,0,0,0,0,0,0,0,0,0,0,0
5004201,4,2,0,0,0,0,0,0,0,0,0,0,1,0,0,0,0,0,0,0,0,0,0,0,0,0,0,0
5004201,4,13,0,0,0,0,0,0,0,0,0,0,1,0,0,0,0,0,0,0,0,0,0,0,0,0,0,0
5025347,4,2,0,0,0,0,0,0,0,0,0,0,0,0,0,1,0,0,0,0,0,0,0,0,0,0,0,0
5025347,4,5,0,0,0,0,0,0,0,0,0,0,0,0,0,0,0,0,0,0,0,0,1,0,0,0,0,0
5025347,4,13,0,0,0,0,0,0,0,0,0,0,0,0,0,0,0,0,0,0,0,0,1,0,0,0,0,0
5032429,4,13,0,0,0,0,0,0,0,0,0,0,1,0,0,0,0,0,1,1,0,0,0,0,0,0,0,0
5032494,4,5,0,0,0,0,0,0,0,1,0,0,0,0,0,0,0,0,0,0,0,0,0,0,0,0,0,0
5034718,4,5,0,0,0,0,0,0,1,0,0,0,0,0,0,0,0,0,0,0,0,0,0,0,0,0,0,0
5034718,4,8,0,0,0,0,0,1,0,0,0,0,0,0,0,0,0,0,0,0,0,0,0,0,0,0,0,0
5042428,4,8,0,0,0,0,0,0,0,1,0,1,0,0,0,0,0,0,0,0,0,0,0,0,0,0,0,0
5047836,4,3,0,0,0,0,0,0,0,0,0,0,1,0,0,0,0,0,0,0,0,0,0,0,0,0,0,0
5055265,4,4,0,0,0,0,0,0,0,0,1,0,0,0,0,0,0,0,0,0,0,0,0,0,0,0,0,0
5055265,4,5,0,0,0,0,0,0,0,0,1,0,0,0,0,0,0,0,0,0,0,0,0,0,0,0,0,0
5055265,4,13,0,0,0,0,1,0,0,0,0,0,0,0,0,0,0,0,0,0,0,0,0,0,0,0,0,0
5065014,4,2,0,0,0,0,0,0,0,0,0,0,0,0,0,0,0,0,0,0,0,0,0,0,1,0,1,0
5065014,4,3,0,0,0,0,0,0,0,0,0,0,0,0,0,0,0,0,0,1,0,0,0,1,0,0,0,0
5065014,4,5,0,0,0,0,0,0,0,0,0,0,0,0,0,0,0,0,0,0,0,1,0,0,0,1,0,0
5065014,4,8,0,0,0,0,0,0,0,0,0,0,0,0,0,0,0,0,0,0,1,0,0,0,0,0,0,0
5065014,4,13,0,0,0,0,0,0,0,0,0,0,0,0,0,0,0,0,0,0,1,2,0,0,0,1,0,0
5066081,4,10,0,0,0,0,0,0,0,0,0,0,0,0,0,1,0,0,0,1,0,0,1,0,0,0,0,0
5066081,4,14,0,0,0,0,0,0,0,0,0,0,0,0,0,0,0,0,1,0,0,0,0,0,0,0,0,0
5075595,4,2,0,0,0,0,0,0,0,0,0,0,0,0,0,0,0,0,0,0,1,0,0,0,0,0,0,0
5075595,4,3,0,0,0,0,0,0,0,0,0,0,0,0,0,0,0,0,0,0,0,0,1,0,0,0,0,0
5075595,4,5,0,0,0,0,0,0,0,0,0,0,0,0,0,0,0,0,1,0,0,0,0,0,0,0,0,0
5075595,4,8,0,0,0,0,0,0,0,0,0,0,0,0,0,0,0,0,0,0,0,1,0,0,0,0,0,0
5075595,4,13,0,0,0,0,0,0,0,0,0,0,0,0,0,0,1,0,1,0,0,2,2,1,0,0,0,0
5084389,4,14,0,0,0,0,0,0,0,0,0,0,1,0,0,0,0,0,0,0,0,0,0,0,0,0,0,0
5087395,4,14,0,0,0,0,0,0,0,0,1,0,0,0,0,0,0,0,0,0,0,0,0,0,0,0,0,0
5093881,4,2,0,0,0,0,0,0,0,0,0,0,0,0,0,0,0,0,1,0,0,0,0,0,0,0,0,0
5093881,4,5,0,0,0,0,0,0,0,0,0,0,0,0,0,0,0,0,0,1,0,0,2,0,0,0,0,0
5093881,4,6,0,0,0,0,0,0,0,0,0,0,0,0,0,1,0,0,0,0,0,0,0,0,0,0,0,0
5093881,4,7,0,0,0,0,0,0,0,0,0,0,0,0,0,0,1,0,0,0,0,0,0,0,0,0,0,0
5093881,4,8,0,0,0,0,0,0,0,0,0,0,0,0,0,0,0,0,1,0,0,0,0,0,0,0,0,0
5093881,4,13,0,0,0,0,0,0,0,0,0,0,0,0,0,1,0,0,0,1,0,0,1,0,0,0,0,0
5096280,4,13,0,0,0,0,0,0,0,0,0,1,0,0,0,0,0,0,0,0,0,0,0,0,0,0,0,0
5100946,4,3,0,0,0,0,0,0,0,0,0,0,0,1,0,0,0,0,0,0,0,0,0,0,0,0,0,0
5113283,4,5,0,0,0,0,0,0,0,0,0,1,0,0,0,0,0,0,0,1,0,0,0,0,0,0,0,0
5113283,4,10,0,0,0,0,0,0,0,0,0,0,0,0,0,0,1,0,0,0,0,0,0,0,0,0,0,0
5117802,4,13,0,0,0,0,0,0,0,0,0,0,1,0,0,0,0,0,0,0,0,0,0,0,0,0,0,0
5119165,4,13,0,0,0,0,0,0,0,0,1,0,0,0,0,0,0,0,0,0,0,0,0,0,0,0,0,0
5127621,4,2,0,0,0,0,0,0,0,0,0,0,0,0,0,0,0,1,0,1,0,0,0,0,0,0,0,0
5127621,4,5,0,0,0,0,0,0,0,0,0,0,0,0,0,1,0,0,0,0,0,0,0,0,1,0,0,0
5127621,4,13,0,0,0,0,0,0,0,0,0,0,0,0,1,0,0,0,0,0,0,0,0,0,2,0,0,0
5127621,4,17,0,0,0,0,0,0,0,0,0,0,0,0,0,0,0,0,0,0,0,0,0,0,0,0,0,1
5142678,4,5,0,0,0,0,0,0,0,0,0,0,0,0,0,0,0,0,0,0,0,0,0,1,0,0,1,0
5142678,4,13,0,0,0,0,0,0,0,0,0,0,0,0,0,0,0,0,1,0,0,0,1,1,0,0,0,1
5142678,4,14,0,0,0,0,0,0,0,0,0,0,0,0,0,0,1,0,0,0,0,0,0,0,0,0,0,0
5147142,4,13,0,0,0,0,0,0,0,0,0,0,0,0,0,1,0,0,0,0,0,0,0,0,0,0,0,0
5159965,4,6,0,0,0,0,0,0,0,0,0,0,1,0,0,0,0,0,0,0,0,0,0,0,0,0,0,0
5161665,4,2,0,0,0,0,0,0,0,0,0,0,0,0,0,0,0,0,0,0,0,0,0,0,0,1,0,0
5161665,4,3,0,0,0,0,0,0,0,0,0,0,0,0,0,1,0,1,0,0,0,0,0,0,0,0,0,0
5161665,4,5,0,0,0,0,0,0,0,0,0,0,0,0,0,0,0,0,0,0,0,0,0,1,0,0,1,0
5161665,4,8,0,0,0,0,0,0,0,0,0,0,0,0,0,0,0,0,0,0,0,0,1,0,0,0,0,0
5161665,4,13,0,0,0,0,0,0,0,0,0,0,0,0,0,0,0,1,0,0,0,1,0,0,0,1,0,0
5164069,4,5,0,0,0,0,0,0,0,0,0,0,0,0,1,0,0,0,0,0,0,0,1,1,0,0,0,0
5164069,4,10,0,0,0,0,0,0,0,0,0,0,0,0,1,0,0,0,0,0,0,0,0,0,0,0,0,0
5164069,4,13,0,0,0,0,0,0,0,0,0,0,0,0,0,1,0,0,0,0,0,0,0,0,0,0,0,0
5171509,4,4,0,0,0,0,0,0,0,0,1,0,0,0,0,0,0,0,0,0,0,0,0,0,0,0,0,0
5171509,4,13,0,0,0,0,0,0,0,0,0,1,0,0,0,0,0,0,0,0,0,0,0,0,0,0,0,0
5171639,4,3,0,0,0,0,0,0,0,0,0,0,0,0,0,0,0,0,0,0,0,0,0,0,1,0,0,0
5171639,4,6,0,0,0,0,0,0,0,0,0,0,0,0,0,0,0,0,0,0,0,0,0,0,0,0,1,0
5171639,4,10,0,0,0,0,0,0,0,0,0,0,0,0,0,0,1,0,0,0,1,0,0,0,0,0,1,0
5171639,4,13,0,0,0,0,0,0,0,0,0,0,0,0,0,0,1,0,1,0,1,0,1,0,0,0,0,0
5174123,4,5,0,0,0,0,0,0,0,0,0,0,0,0,0,1,0,0,0,0,0,0,0,0,0,0,0,0
5202792,4,5,0,0,0,0,0,0,0,0,0,0,0,0,0,0,2,0,0,0,0,0,0,0,0,0,0,0
5202792,4,10,0,0,0,0,0,0,0,0,0,0,0,0,0,0,0,0,1,0,0,0,0,0,0,0,0,0
5202792,4,13,0,0,0,0,0,0,0,0,0,0,0,0,2,0,1,0,0,0,0,0,1,0,0,0,0,0
5209417,4,3,0,0,0,0,1,0,0,0,0,1,0,0,0,1,0,0,0,0,0,0,0,0,0,0,0,0
5240645,4,9,0,0,0,0,1,0,0,0,0,0,0,0,0,0,0,0,0,0,0,0,0,0,0,0,0,0
5240645,4,13,0,0,0,0,0,0,0,0,1,0,0,0,0,0,0,0,0,0,0,0,0,0,0,0,0,0
5245727,4,14,0,0,0,0,0,0,1,0,0,0,0,0,0,0,0,0,0,0,0,0,0,0,0,0,0,0
5256197,4,3,0,0,0,0,0,0,0,0,0,0,0,0,0,0,0,0,0,0,0,0,0,0,0,1,0,0
5256197,4,5,0,0,0,0,0,0,0,0,0,0,0,0,0,0,0,0,0,0,1,0,0,0,0,0,0,0
5256197,4,8,0,0,0,0,0,0,0,0,0,0,0,0,0,0,0,0,0,0,1,1,0,0,0,0,0,0
5256197,4,10,0,0,0,0,0,0,0,0,0,0,0,0,0,0,0,0,0,0,0,0,0,0,0,0,1,0
5256197,4,13,0,0,0,0,0,0,0,0,0,0,0,0,0,0,0,0,0,0,2,0,3,0,1,0,4,0
5258206,4,13,0,0,0,0,0,0,0,0,0,1,0,0,0,0,0,0,0,0,0,0,0,0,0,0,0,0
5261656,4,10,0,0,0,0,0,0,0,0,0,0,0,1,0,0,0,0,0,0,0,0,0,0,0,0,0,0
5261656,4,13,0,0,0,0,0,0,0,0,0,0,0,0,1,0,0,0,0,0,0,0,0,0,0,0,0,0
5269196,4,4,0,0,0,0,0,0,0,0,0,0,0,0,0,0,0,0,0,0,0,0,1,0,0,0,0,0
5269196,4,8,0,0,0,0,0,0,0,0,0,0,0,0,0,0,0,0,0,0,0,0,0,0,0,0,0,1
5290345,4,17,0,0,0,0,0,1,0,0,0,0,0,0,0,0,0,0,0,0,0,0,0,0,0,0,0,0
5295053,4,3,0,0,0,0,0,1,0,0,0,0,0,0,0,0,0,0,0,0,0,0,0,0,0,0,0,0
5295772,4,2,0,0,0,0,0,1,0,0,0,0,0,0,0,0,0,0,0,0,0,0,0,0,0,0,0,0
5295772,4,6,0,0,0,0,0,0,0,0,0,0,0,0,0,0,0,0,0,1,0,1,0,0,0,0,0,0
5305364,4,2,0,0,0,0,0,0,0,0,0,0,0,0,1,0,0,0,0,0,0,0,0,0,1,0,1,0
5305364,4,3,0,0,0,0,0,0,0,0,0,0,0,0,0,0,0,0,0,0,0,0,0,0,0,0,1,0
5305364,4,5,0,0,0,0,0,0,0,0,0,0,0,0,0,0,0,0,0,0,0,0,1,0,5,0,2,0
5305364,4,10,0,0,0,0,0,0,0,0,0,0,0,0,0,0,0,0,0,0,0,0,0,0,1,0,0,0
5305364,4,12,0,0,0,0,0,0,0,0,0,0,0,0,0,0,0,0,0,0,1,0,0,0,0,0,0,0
5305364,4,13,0,0,0,0,0,0,0,0,0,0,0,0,0,0,0,0,0,0,2,0,0,0,0,0,6,0
5305364,4,14,0,0,0,0,0,0,0,0,0,0,0,0,0,0,0,0,0,0,0,0,0,0,1,0,0,0
5329306,4,5,0,0,0,0,0,1,0,0,1,0,0,0,0,0,0,0,0,0,0,0,0,0,0,0,0,0
5329306,4,13,0,0,0,0,0,0,0,0,0,0,0,1,0,0,0,0,0,0,0,0,0,0,0,0,0,0
5330750,4,2,0,0,0,0,0,0,0,0,0,0,0,0,0,0,0,0,0,0,0,0,0,1,0,0,0,0
5330750,4,3,0,0,0,0,0,0,0,0,0,0,0,0,0,0,0,0,0,0,0,1,0,0,0,0,0,0
5330750,4,5,0,0,0,0,0,0,0,0,0,0,0,0,0,0,0,0,0,1,0,0,0,0,0,3,0,1
5330750,4,6,0,0,0,0,0,0,0,0,0,0,0,0,0,0,0,0,0,0,0,0,0,0,0,0,0,1
5330750,4,8,0,0,0,0,0,0,0,0,0,0,0,0,0,0,0,0,0,0,0,0,0,0,0,0,0,1
5330750,4,10,0,0,0,0,0,0,0,0,0,0,0,0,0,0,0,0,0,0,0,0,0,0,0,0,0,2
5330750,4,13,0,0,0,0,0,0,0,0,0,0,0,0,0,0,0,0,0,0,0,0,0,0,0,0,0,2
5330750,4,14,0,0,0,0,0,0,0,0,0,0,0,0,0,0,0,0,0,0,0,0,0,1,0,0,0,0
5330750,4,17,0,0,0,0,0,0,0,0,0,0,0,0,0,0,0,0,0,0,0,1,0,0,0,0,0,0
5336754,4,5,0,0,0,0,0,0,0,0,0,0,0,0,0,0,1,0,0,0,0,0,0,0,0,0,0,0
5342087,4,2,0,0,0,0,0,0,0,0,1,0,0,0,0,0,0,0,0,0,0,0,0,0,0,0,0,0
5343292,4,10,0,0,0,0,0,0,0,0,0,0,1,0,0,0,0,0,0,0,0,0,0,0,0,0,0,0
5344389,4,8,0,0,0,0,1,0,0,0,0,0,0,0,0,0,0,0,0,0,0,0,0,0,0,0,0,0
5344389,4,10,0,0,0,0,0,0,0,1,0,0,0,0,0,0,0,0,0,0,0,0,0,0,0,0,0,0
5344389,4,13,0,0,0,0,0,0,0,0,2,0,1,0,0,0,0,0,0,0,0,0,0,0,0,0,0,0
5354439,4,7,0,0,0,0,0,0,0,0,0,0,0,0,0,0,1,0,0,0,0,0,0,0,0,0,0,0
5354439,4,13,0,0,0,0,0,0,0,0,0,0,0,0,1,0,0,0,0,0,0,0,0,1,0,0,0,0
5356136,4,2,0,0,0,0,0,0,0,0,0,0,1,0,0,0,0,0,0,0,0,0,0,0,0,0,0,0
5356136,4,14,0,0,0,0,0,0,0,0,0,0,1,0,0,0,0,0,0,0,0,0,0,0,0,0,0,0
5358712,4,13,0,0,0,0,0,0,1,0,0,0,0,0,0,0,0,0,0,0,0,0,0,0,0,0,0,0
5368659,4,13,0,0,0,0,0,1,0,0,0,0,0,0,0,0,0,0,0,0,0,0,0,0,0,0,0,0
5369021,4,10,0,0,0,0,0,0,0,0,0,1,0,0,0,0,0,0,0,0,0,0,0,0,0,0,0,0
5369810,4,13,0,0,0,0,0,0,0,0,1,0,0,0,0,0,0,0,0,0,0,0,0,0,0,0,0,0
5374052,4,10,0,0,0,0,0,1,0,0,0,0,0,1,0,0,0,0,0,0,0,0,0,0,0,0,0,0
5380162,4,10,0,0,0,0,0,0,0,0,0,0,0,0,1,0,0,0,0,0,0,0,0,0,0,0,0,0
5380162,4,13,0,0,0,0,0,0,0,0,0,0,0,0,0,0,0,1,0,0,0,1,0,0,0,0,0,0
5383544,4,13,0,0,0,0,0,0,0,0,0,0,2,0,0,0,0,1,0,0,0,0,0,0,0,0,0,0
5386630,4,3,0,0,0,0,0,0,0,0,0,0,0,0,0,0,0,1,0,0,0,0,0,0,0,0,0,0
5420804,4,2,0,0,0,0,0,0,0,0,1,0,0,0,0,0,0,0,0,0,0,0,0,0,0,0,0,0
5420804,4,10,0,0,0,0,1,0,0,0,0,0,0,0,0,0,0,0,0,0,0,0,0,0,0,0,0,0
5420804,4,13,0,0,0,0,1,0,0,0,0,0,0,0,0,0,0,0,0,0,0,0,0,0,0,0,0,0
5432067,4,13,0,0,0,0,0,0,0,0,0,0,0,0,0,0,0,1,0,0,0,0,0,0,0,0,0,0
5434173,4,2,0,0,0,0,0,0,0,0,0,0,0,1,0,0,0,0,0,0,0,0,0,0,0,0,0,0
5443505,4,5,0,0,0,0,0,0,0,0,0,0,0,1,0,0,0,0,0,0,0,0,0,0,0,0,0,0
5446667,4,8,0,0,0,0,0,0,0,0,0,1,0,0,0,0,0,0,0,0,0,0,0,0,0,0,0,0
5446667,4,13,0,0,0,0,0,0,0,0,0,1,0,0,0,0,0,0,0,0,0,0,0,0,0,0,0,0
5457664,4,5,0,0,0,1,0,0,0,0,0,0,0,1,0,0,0,0,0,0,0,0,0,0,0,0,0,0
5457664,4,10,0,0,0,0,0,0,0,0,1,0,0,0,0,0,0,0,0,0,0,0,0,0,0,0,0,0
5457664,4,13,0,0,0,0,0,0,1,1,0,0,1,1,0,0,0,0,0,0,0,0,0,0,0,0,0,0
5488112,4,3,0,0,0,0,0,0,0,0,1,0,0,0,0,0,0,0,0,0,0,0,0,0,0,0,0,0
5489266,4,13,0,0,1,0,0,0,0,0,0,0,0,0,0,0,0,0,0,0,0,0,0,0,0,0,0,0
5494348,4,3,0,0,0,0,0,0,0,0,0,0,0,0,0,0,0,0,1,0,0,0,0,0,0,0,0,0
5494348,4,13,0,0,0,0,0,0,0,0,0,0,0,0,1,0,0,0,0,0,0,0,0,0,0,0,0,0
5497126,4,13,0,0,0,0,0,0,0,0,0,0,0,0,0,0,0,0,0,0,0,1,0,0,0,0,0,0
5498884,4,13,0,0,0,0,0,0,0,0,1,0,0,0,0,0,0,0,0,0,0,0,0,0,0,0,0,0
5516459,4,2,0,0,0,0,0,0,0,0,0,0,0,0,0,0,0,0,0,0,0,0,0,0,0,0,1,0
5516459,4,3,0,0,0,0,0,0,0,0,0,0,0,0,0,0,0,0,0,0,0,0,0,0,0,1,0,1
5516459,4,4,0,0,0,0,0,0,0,0,0,0,0,0,0,0,2,0,0,0,0,0,0,0,0,0,0,0
5516459,4,5,0,0,0,0,0,0,0,0,0,0,0,0,0,0,0,0,0,0,2,0,0,0,1,1,0,0
5516459,4,6,0,0,0,0,0,0,0,0,0,0,0,0,0,0,0,0,0,0,0,0,1,0,0,0,0,1
5516459,4,7,0,0,0,0,0,0,0,0,0,0,0,0,0,0,0,0,0,0,0,0,0,0,0,0,2,0
5516459,4,10,0,0,0,0,0,0,0,0,0,0,0,0,0,0,0,0,0,0,0,0,0,0,1,0,0,0
5516459,4,13,0,0,0,0,0,0,0,0,0,0,0,0,0,0,2,0,0,0,2,0,1,0,7,1,3,0
5516459,4,18,0,0,0,0,0,0,0,0,0,0,0,0,0,0,0,0,0,0,0,0,0,0,0,0,1,0
5542962,4,10,0,0,0,0,0,0,0,0,1,0,0,0,0,0,0,0,0,0,0,0,0,0,0,0,0,0
5554182,4,10,0,0,0,0,0,0,0,0,0,0,0,0,0,0,0,0,1,0,0,0,0,0,0,0,0,0
5554182,4,17,0,0,0,0,0,0,0,0,0,0,0,0,0,0,0,0,1,0,0,0,0,0,0,0,0,0
5555828,4,10,0,0,0,0,0,0,0,0,0,0,0,0,0,0,0,0,0,1,0,0,0,0,0,0,0,0
5555828,4,13,0,0,0,0,0,0,0,0,0,0,0,0,0,0,0,0,0,1,0,0,0,0,0,0,0,0
5558266,4,5,0,0,0,0,0,0,0,0,1,0,0,1,0,0,0,0,0,0,0,0,0,0,0,0,0,0
5571360,4,13,0,0,0,0,0,0,0,0,0,0,0,1,0,0,0,0,0,0,0,0,0,0,0,0,0,0
5589558,4,3,0,0,0,0,0,0,0,0,0,0,0,0,0,0,1,0,0,0,0,0,0,0,0,0,0,0
5589558,4,5,0,0,0,0,0,0,0,0,0,0,0,0,0,0,1,0,0,0,1,2,0,1,0,0,0,0
5589558,4,10,0,0,0,0,0,0,0,0,0,0,0,0,0,0,0,0,0,0,0,1,0,0,0,0,0,0
5589558,4,13,0,0,0,0,0,0,0,0,0,0,0,0,0,0,0,0,1,0,0,0,0,0,0,0,0,0
5600055,4,13,0,0,0,0,0,0,0,0,0,1,0,0,0,0,0,0,0,0,0,0,0,0,0,0,0,0
5606417,4,12,0,0,0,0,0,0,0,0,0,0,0,1,0,0,0,0,0,0,0,0,0,0,0,0,0,0
5629570,4,4,0,0,0,0,0,0,0,0,0,0,0,0,0,0,0,0,1,0,1,0,0,0,0,0,0,0
5629570,4,5,0,0,0,0,0,0,0,0,0,0,0,0,0,0,0,0,0,0,0,0,0,0,0,0,1,0
5644735,4,2,0,0,0,0,0,0,0,0,0,0,0,0,0,0,1,0,0,0,0,0,0,0,0,0,0,0
5644735,4,4,0,0,0,0,0,0,0,0,0,0,0,0,0,0,0,0,0,0,0,0,1,0,0,0,0,0
5644735,4,14,0,0,0,0,0,0,0,0,0,0,0,0,0,0,0,0,0,0,0,0,0,0,0,0,0,1
5664291,4,2,0,0,0,0,0,0,0,0,0,0,0,0,0,0,0,0,0,0,1,1,0,0,0,0,0,0
5664291,4,3,0,0,0,0,0,0,0,0,0,0,0,0,0,0,0,0,0,0,0,0,0,0,0,0,1,0
5664291,4,5,0,0,0,0,0,0,0,0,0,0,0,0,0,0,0,0,0,0,1,0,0,0,0,0,0,0
5664291,4,13,0,0,0,0,0,0,0,0,0,0,0,0,0,0,0,0,1,0,0,0,0,0,0,1,0,0
5665560,4,10,0,0,0,0,0,0,0,0,0,0,0,0,0,0,0,0,0,1,0,0,0,0,0,0,0,0
5665560,4,13,0,0,0,0,0,0,0,0,0,0,0,0,1,0,0,0,0,0,0,0,0,0,0,0,0,0
5668443,4,13,0,0,0,0,0,0,0,0,0,0,0,0,0,0,0,0,1,0,0,0,0,0,0,0,0,0
5673038,4,5,0,0,0,0,0,0,0,0,0,0,0,0,1,0,0,0,0,0,0,1,0,0,0,0,0,0
5673038,4,7,0,0,0,0,0,0,0,0,0,0,0,0,0,0,1,0,0,0,0,0,0,0,0,0,0,0
5673038,4,10,0,0,0,0,0,0,0,0,0,0,0,0,0,0,0,0,0,1,0,0,0,0,0,0,0,0
5706576,4,13,0,0,0,0,0,0,0,0,0,0,0,0,0,0,0,1,0,1,1,0,0,0,0,0,0,0
5711222,4,8,0,0,0,0,0,0,0,0,0,0,0,0,0,0,0,0,1,0,0,0,0,0,0,0,0,0
5720346,4,9,0,0,0,1,0,0,0,0,0,0,0,0,0,0,0,0,0,0,0,0,0,0,0,0,0,0
5736339,4,5,0,0,0,0,0,0,0,0,0,1,0,0,0,0,0,0,0,0,0,0,0,0,0,0,0,0
5740248,4,2,0,0,0,0,0,0,0,0,0,0,0,0,0,0,0,0,0,0,0,1,0,0,0,0,0,0
5740248,4,8,0,0,0,0,0,0,0,0,0,0,0,0,0,0,0,0,0,0,0,0,1,0,0,0,0,0
5763398,4,13,0,0,0,0,2,0,0,0,1,0,0,0,0,0,0,0,0,0,0,0,0,0,0,0,0,0
5765830,4,3,0,0,0,0,0,0,0,0,0,0,0,0,0,0,0,0,0,0,0,0,1,0,0,0,0,0
5765830,4,5,0,0,0,0,0,0,0,0,0,0,0,0,1,0,0,0,0,0,0,0,0,0,0,0,0,0
5765830,4,10,0,0,0,0,0,0,0,0,0,0,0,0,0,0,0,0,0,0,0,0,1,0,0,0,0,0
5765830,4,13,0,0,0,0,0,0,0,0,0,0,0,0,1,0,0,0,1,0,1,0,1,0,2,1,1,0
5770579,4,3,0,0,0,0,0,0,0,0,1,0,0,0,0,0,0,0,0,0,0,0,0,0,0,0,0,0
5770579,4,13,0,0,0,0,0,0,0,0,0,0,0,0,0,0,0,0,1,0,0,0,0,0,0,0,0,0
5771753,4,5,0,0,0,0,0,0,0,0,0,0,0,0,1,0,0,0,0,0,0,0,0,0,0,0,0,0
5771753,4,13,0,0,0,0,0,0,0,0,0,0,0,0,0,0,0,0,1,0,2,0,1,0,0,0,1,0
5771803,4,5,0,0,0,0,0,0,0,0,1,0,0,0,0,0,0,0,0,0,0,0,0,0,0,0,0,0
5772967,4,2,0,0,0,0,0,0,0,0,0,0,0,0,0,0,0,0,0,0,1,0,0,0,0,0,0,0
5772967,4,5,0,0,0,0,0,0,0,0,0,0,0,0,1,0,0,0,0,0,0,0,0,0,1,0,2,0
5772967,4,13,0,0,0,0,0,0,0,0,0,0,0,0,1,0,1,0,1,0,0,0,0,0,0,0,1,0
5772967,4,15,0,0,0,0,0,0,0,0,0,0,0,0,0,0,0,0,0,0,0,0,0,0,1,0,0,0
5775968,4,5,0,0,0,0,0,0,0,0,0,0,0,0,0,0,0,0,1,0,0,0,0,0,0,0,0,0
5786892,4,8,0,0,1,0,0,0,0,0,0,0,0,0,0,0,0,0,0,0,0,0,0,0,0,0,0,0
5787238,4,5,0,0,0,0,0,0,0,0,0,0,0,0,0,0,1,0,0,0,0,0,0,0,0,0,0,0
5787238,4,13,0,0,0,0,0,0,0,0,0,0,0,0,0,0,0,0,0,1,0,0,0,0,0,0,0,0
5814139,4,13,0,0,0,1,0,0,0,0,0,0,0,0,0,0,0,0,0,0,0,0,0,0,0,0,0,0
5817417,4,13,0,0,0,0,1,0,0,0,0,0,0,0,0,0,0,0,0,0,0,0,0,0,0,0,0,0
5843259,4,13,0,0,0,0,0,0,0,0,0,0,0,0,0,0,1,0,0,0,0,0,0,0,0,0,0,0
5843336,4,2,0,0,0,0,0,0,0,0,0,1,0,0,1,0,0,0,0,0,0,0,0,0,0,0,0,0
5851689,4,2,0,0,0,0,0,0,0,0,0,0,0,0,0,0,0,0,0,0,0,0,0,0,0,0,0,1
5851689,4,3,0,0,0,0,0,0,0,0,0,0,0,0,0,0,0,0,0,0,0,0,0,0,0,0,0,1
5851689,4,5,0,0,0,0,0,0,0,0,0,0,0,0,0,0,0,0,0,0,0,0,0,0,0,2,0,0
5851689,4,6,0,0,0,0,0,0,0,0,0,0,0,0,0,0,0,0,0,0,0,1,0,0,0,0,0,1
5851689,4,13,0,0,0,0,0,0,0,0,0,0,0,0,0,0,0,0,0,0,0,1,0,0,0,2,0,1
5851689,4,15,0,0,0,0,0,0,0,0,0,0,0,0,0,0,0,0,0,0,0,0,0,0,0,1,0,0
5881505,4,5,0,0,0,0,0,0,0,1,0,0,0,0,0,0,0,0,0,0,0,0,0,0,0,0,0,0
5901650,4,13,0,0,0,1,0,0,0,0,0,0,0,0,0,0,0,0,0,0,0,0,0,0,0,0,0,0
5901709,4,5,0,0,0,0,0,1,0,0,0,0,0,0,0,0,0,0,0,0,0,0,0,0,0,0,0,0
5915081,4,13,0,0,0,0,0,0,1,0,0,0,0,0,0,0,0,0,0,0,0,0,0,0,0,0,0,0
5919590,4,13,0,0,1,0,0,0,0,0,0,0,0,0,0,0,0,0,0,0,0,0,0,0,0,0,0,0
5922696,4,5,0,0,0,0,0,0,0,0,0,0,0,0,0,0,0,0,0,0,0,0,0,0,0,0,2,0
5922696,4,10,0,0,0,0,0,0,0,0,0,0,0,0,0,0,0,0,0,0,0,1,0,0,0,0,0,0
5922696,4,13,0,0,0,0,0,0,0,0,0,0,0,0,0,0,0,0,0,0,0,0,0,1,0,0,0,0
5933830,4,13,0,0,0,0,0,0,1,0,0,0,0,0,0,0,0,0,0,0,0,0,0,0,0,0,0,0
5946154,4,5,0,0,0,0,0,0,0,0,0,0,0,0,0,0,0,0,0,0,0,1,0,0,0,0,0,0
5946154,4,13,0,0,0,0,0,0,0,0,0,0,0,0,0,0,0,0,0,1,0,0,0,0,0,0,0,0
5946154,4,14,0,0,0,0,0,0,0,0,0,0,0,0,1,0,1,0,0,0,0,0,0,0,0,0,0,0
5946154,4,16,0,0,0,0,0,0,0,0,0,0,0,0,0,0,0,0,0,1,0,0,0,0,0,0,0,0
5957687,4,2,0,0,0,0,0,0,0,0,0,0,0,0,0,0,0,0,0,0,0,0,1,0,0,0,0,0
5957687,4,5,0,0,0,0,0,0,0,1,0,0,0,0,0,0,0,0,0,0,0,0,0,0,0,0,0,0
5978702,4,3,0,0,0,0,0,0,0,0,0,0,0,0,0,0,0,0,1,1,0,0,0,0,0,0,0,0
5978702,4,5,0,0,0,0,0,0,0,0,0,0,0,0,0,0,0,1,0,0,1,0,1,0,0,0,0,0
5978702,4,6,0,0,0,0,0,0,0,0,0,0,0,0,0,0,0,0,0,0,0,0,0,0,0,0,0,1
5978702,4,8,0,0,0,0,0,0,0,0,0,0,0,0,0,0,0,0,0,0,0,1,0,0,0,0,0,0
5978702,4,10,0,0,0,0,0,0,0,0,0,0,0,0,0,0,0,0,0,0,0,0,0,0,0,0,1,0
5978702,4,13,0,0,0,0,0,0,0,0,0,0,0,0,2,1,0,0,1,0,3,1,0,0,1,0,1,2
5987292,4,13,0,0,0,0,0,0,0,0,0,0,0,0,1,0,0,0,0,0,0,0,0,0,0,0,0,0
5998796,4,14,0,0,0,0,0,0,0,0,0,0,0,1,0,0,0,0,0,0,0,0,0,0,0,0,0,0
6002295,4,2,0,0,0,0,0,0,0,0,0,0,0,0,0,0,0,0,0,0,0,1,0,0,0,1,0,0
6002295,4,5,0,0,0,0,0,0,0,0,0,0,0,0,0,0,0,0,0,1,0,0,1,1,0,0,0,1
6002295,4,8,0,0,0,0,0,0,0,0,0,0,0,0,0,1,0,0,1,0,0,0,0,1,0,0,0,1
6002295,4,10,0,0,0,0,0,0,0,0,0,0,0,0,1,0,0,0,0,1,0,0,0,2,0,0,0,0
6002295,4,13,0,0,0,0,0,0,0,0,0,0,0,0,0,0,2,0,0,0,0,0,1,0,2,1,2,1
6004703,4,5,0,0,0,0,0,0,0,0,0,0,0,0,1,0,1,0,2,0,2,0,0,0,0,0,0,0
6004703,4,9,0,0,0,0,0,0,0,0,0,0,0,0,0,0,0,0,1,0,0,0,0,0,0,0,0,0
6007541,4,7,0,0,0,0,1,0,0,0,0,0,0,0,0,0,0,0,0,0,0,0,0,0,0,0,0,0
6015808,4,5,0,0,0,0,0,0,0,0,0,1,0,0,0,0,0,0,0,0,0,0,0,0,0,0,0,0
6024236,4,8,0,0,0,0,0,0,0,0,0,0,0,0,1,0,0,0,0,0,0,0,0,0,0,0,0,0
6025560,4,3,0,0,0,0,0,0,0,1,0,0,1,0,0,0,0,0,0,0,0,0,0,0,0,0,0,0
6025560,4,13,0,0,0,0,0,0,0,0,0,0,1,0,0,0,0,0,0,0,0,0,0,0,0,0,0,0
6033035,4,13,0,0,0,0,0,0,0,0,0,0,0,0,1,0,0,0,1,0,0,0,0,0,0,0,0,0
6054453,4,9,0,0,0,0,0,0,0,0,1,0,0,0,0,0,0,0,0,0,0,0,0,0,0,0,0,0
6056593,4,13,0,0,0,1,0,0,0,0,0,0,1,0,0,0,0,0,0,0,0,0,0,0,0,0,0,0
6066543,4,9,0,0,0,0,0,1,0,0,0,0,0,0,0,0,0,0,0,0,0,0,0,0,0,0,0,0
6070161,4,8,0,0,0,0,0,0,0,0,1,0,0,0,0,0,0,0,0,0,0,0,0,0,0,0,0,0
6070161,4,10,0,0,0,0,1,0,0,0,1,0,0,0,0,0,0,0,0,0,0,0,0,0,0,0,0,0
6070161,4,13,0,0,0,0,0,1,0,0,0,0,0,0,0,0,0,0,0,0,0,0,0,0,0,0,0,0
6087544,4,13,0,0,0,0,0,0,0,1,0,0,1,0,0,0,0,0,0,0,0,0,0,0,0,0,0,0
6105840,4,3,0,0,0,0,0,0,0,0,0,0,0,0,0,0,0,0,0,1,0,0,0,0,0,0,0,0
6105840,4,5,0,0,0,0,0,0,0,0,0,0,0,0,1,0,0,0,0,0,0,0,0,0,0,0,0,0
6105840,4,13,0,0,0,0,0,0,0,0,0,0,0,0,0,1,0,0,0,0,0,0,0,0,0,0,0,0
6106850,4,2,0,0,0,0,0,0,0,0,1,0,0,0,0,0,0,0,0,0,0,0,0,0,0,0,0,0
6127371,4,13,0,0,0,0,0,0,0,0,0,0,0,0,1,0,0,0,0,0,0,0,0,0,0,0,0,0
6141631,4,13,0,0,0,0,0,0,0,0,1,0,0,0,0,0,0,1,0,0,0,0,0,0,0,0,0,0
6144005,4,5,0,0,0,0,0,0,0,0,0,0,0,0,1,0,0,0,0,0,0,0,0,0,0,0,0,0
6144005,4,13,0,0,0,0,0,0,0,0,0,0,0,0,1,0,0,0,0,0,1,0,0,0,0,0,0,0
6150200,4,2,0,0,0,0,0,0,0,0,0,0,0,0,0,0,0,0,0,1,0,0,0,0,0,0,0,0
6150200,4,4,0,0,0,0,0,1,0,0,0,0,0,0,0,0,0,0,0,0,0,0,0,0,0,0,0,0
6150200,4,13,0,0,0,0,0,0,0,0,0,0,1,0,1,0,0,0,0,1,0,0,0,0,0,0,0,0
6157668,4,8,0,0,0,0,0,0,0,0,0,1,0,0,0,0,0,0,0,0,0,0,0,0,0,0,0,0
6158490,4,13,0,0,1,0,0,0,0,1,0,0,0,0,0,0,0,0,0,0,0,0,0,0,0,0,0,0
6161429,4,2,0,0,0,0,0,0,0,0,1,0,0,0,0,0,0,0,0,0,0,0,0,0,0,0,0,0
6161429,4,10,0,0,0,0,1,0,0,0,0,0,0,0,0,0,0,0,0,0,0,0,0,0,0,0,0,0
6161429,4,13,0,0,1,0,0,0,0,0,1,0,0,0,0,0,0,0,0,0,0,0,0,0,0,0,0,0
6171266,4,8,0,0,0,0,0,0,0,0,1,0,0,0,0,0,0,0,0,0,0,0,0,0,0,0,0,0
6171266,4,13,0,0,0,0,0,0,1,1,0,1,0,0,0,0,0,0,0,0,0,0,0,0,0,0,0,0
6189207,4,13,0,0,0,0,0,0,0,0,0,0,1,1,0,0,0,0,0,0,0,0,0,0,0,0,0,0
6194000,4,13,0,0,0,0,0,0,0,0,0,0,0,0,1,0,0,0,0,0,0,1,0,0,0,0,0,0
6196794,4,13,0,0,0,0,1,0,0,0,0,0,0,0,0,0,0,0,0,0,0,0,0,0,0,0,0,0
6203852,4,3,0,0,0,0,0,0,0,0,0,0,0,0,0,0,0,0,0,0,0,0,0,1,0,0,0,0
6203852,4,6,0,0,0,0,0,0,0,0,0,0,0,0,0,0,0,0,0,0,1,0,0,0,0,0,0,0
6203852,4,13,0,0,0,0,0,0,0,0,0,0,0,0,0,0,0,0,0,0,1,1,0,0,0,0,0,0
6212128,4,13,0,0,0,0,0,0,0,0,0,0,1,0,0,0,0,0,0,0,0,0,0,0,0,0,0,0
6225343,4,13,0,0,0,0,0,0,0,0,0,1,0,0,0,0,0,0,0,0,0,0,0,0,0,0,0,0
6230518,4,5,0,0,0,0,0,0,0,0,1,0,0,0,0,0,0,0,0,0,0,0,0,0,0,0,0,0
6230518,4,9,0,0,0,0,0,0,1,0,0,0,0,0,0,0,0,0,0,0,0,0,0,0,0,0,0,0
6230518,4,13,0,0,0,0,0,1,1,0,1,1,0,0,0,0,0,0,0,0,0,0,0,0,0,0,0,0
6251542,4,2,0,0,0,0,0,0,0,0,0,0,0,0,0,0,0,0,0,0,0,0,0,1,0,1,0,0
6251542,4,3,0,0,0,0,0,0,0,0,0,0,0,0,0,0,0,1,0,0,0,1,0,0,0,1,0,1
6251542,4,5,0,0,0,0,0,0,0,0,0,0,0,0,0,0,0,0,0,0,0,1,0,0,0,2,0,0
6251542,4,6,0,0,0,0,0,0,0,0,0,0,0,0,0,0,0,0,0,0,0,0,0,0,0,0,0,1
6251542,4,10,0,0,0,0,0,0,0,0,0,0,0,0,0,0,0,0,0,0,0,2,0,3,0,1,0,2
6251542,4,13,0,0,0,0,0,0,0,0,0,0,0,0,0,0,0,1,0,0,0,0,0,5,0,0,0,1
6253278,4,13,0,0,1,0,0,0,0,0,0,0,0,0,0,0,0,0,0,0,0,0,0,0,0,0,0,0
6283954,4,5,0,0,0,0,0,0,0,0,0,0,0,0,0,0,0,0,0,0,1,0,0,0,0,0,0,0
6283954,4,13,0,0,0,0,0,0,0,0,0,0,0,0,1,0,0,0,1,1,0,0,0,0,0,0,0,0
6309700,4,3,0,0,0,0,0,0,0,0,0,0,1,0,0,0,0,0,0,0,0,0,0,0,0,0,0,0
6310717,4,2,0,0,0,0,0,0,0,0,0,0,0,0,0,0,0,0,0,0,0,0,0,0,0,0,0,1
6310717,4,9,0,0,0,0,0,0,0,0,0,0,0,0,0,0,0,0,0,0,0,0,0,0,1,0,0,0
6312402,4,3,0,0,0,0,0,0,0,0,0,0,0,0,0,0,0,0,0,1,0,0,0,0,0,0,0,0
6312402,4,8,0,0,0,0,0,0,0,0,0,0,0,0,0,0,0,0,0,0,0,0,0,1,0,0,0,0
6312402,4,9,0,0,1,0,0,0,0,0,0,0,0,0,0,0,0,0,0,0,0,0,0,0,0,0,0,0
6312402,4,13,0,0,0,0,0,0,0,1,1,0,0,0,1,0,0,0,0,0,0,0,0,0,0,0,0,0
6321699,4,2,0,0,0,0,0,0,0,0,0,0,0,0,0,0,0,0,1,0,0,0,1,0,1,0,0,0
6321699,4,3,0,0,0,0,0,0,0,0,0,0,0,0,0,0,0,0,2,0,0,0,0,0,0,1,0,0
6321699,4,5,0,0,0,0,0,0,0,0,0,0,0,0,0,0,0,0,0,1,0,0,0,2,1,0,0,0
6321699,4,8,0,0,0,0,0,0,0,0,0,0,0,0,0,1,0,0,0,0,0,0,0,0,0,0,0,0
6321699,4,13,0,0,0,0,0,0,0,0,0,0,0,0,1,1,0,0,0,0,1,0,1,1,1,2,0,0
6348891,4,13,0,0,0,0,0,0,0,0,0,0,0,0,1,0,0,0,0,0,0,0,0,0,0,0,0,0
6359065,4,3,0,0,0,0,0,0,0,0,0,0,0,0,0,0,0,0,0,0,0,1,0,0,0,0,0,0
6359065,4,13,0,0,0,0,0,0,0,0,0,0,0,0,0,1,1,0,0,0,0,0,1,0,0,0,0,0
6365778,4,2,0,0,0,0,0,0,0,0,0,0,0,0,0,0,1,0,0,0,0,0,0,0,0,0,0,0
6365778,4,3,0,0,0,0,0,0,0,0,0,0,0,0,0,0,1,0,0,0,0,0,0,0,0,0,0,0
6365778,4,5,0,0,0,0,0,0,0,0,0,0,0,0,0,0,0,0,0,0,0,0,0,1,0,0,0,0
6365778,4,13,0,0,0,0,0,0,0,0,0,0,0,0,0,0,0,0,0,1,0,0,1,0,0,0,0,0
6372092,4,5,0,0,0,0,0,0,0,1,0,0,0,0,0,0,0,0,0,0,0,0,0,0,0,0,0,0
6372092,4,13,0,0,0,0,0,0,0,0,0,1,0,0,0,0,0,0,0,0,0,0,0,0,0,0,0,0
6373843,4,13,0,0,0,0,0,0,0,0,0,0,0,0,0,0,1,0,1,0,0,1,0,0,0,0,0,0
6380140,4,2,0,0,0,0,0,0,0,0,0,1,0,0,0,0,0,0,1,0,0,0,0,0,0,0,0,0
6380140,4,4,0,0,0,0,0,0,0,0,0,0,1,0,0,0,0,0,0,0,0,0,0,0,0,0,0,0
6380140,4,5,0,0,0,0,0,0,0,0,0,0,0,0,0,0,0,0,0,0,1,0,0,0,0,0,0,0
6380140,4,8,0,0,0,0,0,0,0,0,0,0,0,0,0,0,0,0,1,0,0,0,0,0,0,0,0,0
6380140,4,13,0,0,0,0,0,0,1,0,0,0,0,0,0,0,0,0,0,0,0,0,0,0,0,0,0,0
6384807,4,2,0,0,0,0,0,0,0,0,0,0,0,0,1,0,0,0,0,0,0,0,0,0,0,0,0,0
6384807,4,5,0,0,0,0,0,0,0,0,0,0,0,0,0,0,0,0,0,0,0,0,0,1,0,0,0,0
6384807,4,10,0,0,0,0,0,0,0,0,0,0,0,0,0,0,0,0,0,0,0,1,0,0,0,0,0,0
6384807,4,13,0,0,0,0,0,0,0,0,0,0,0,0,0,1,0,0,0,1,0,0,0,0,0,0,0,0
6385888,4,2,1,1,0,1,0,0,0,0,0,0,0,0,0,0,0,0,0,0,0,0,1,0,0,0,0,0
6385888,4,3,0,0,0,0,0,0,0,0,0,0,0,0,0,0,0,0,0,0,0,0,0,1,0,0,0,0
6385888,4,4,0,0,1,0,0,0,0,0,0,0,0,0,0,0,0,0,0,0,0,0,0,0,0,0,0,0
6385888,4,6,0,0,0,0,0,0,0,0,0,0,0,0,0,0,0,0,0,0,0,0,1,0,0,0,0,0
6407505,4,10,0,0,0,0,0,0,0,0,0,0,0,0,0,0,0,0,0,0,2,0,0,0,0,0,0,0
6407505,4,13,0,0,0,0,0,0,0,0,0,0,0,0,1,0,0,0,0,0,0,0,1,0,1,0,0,0
6409837,4,2,0,0,0,0,0,0,0,0,0,0,0,0,0,0,0,0,0,0,0,0,0,1,0,0,0,0
6409837,4,7,0,0,0,0,0,0,0,0,0,0,0,0,0,0,0,1,0,0,0,0,0,0,0,0,0,0
6409837,4,13,0,0,0,0,0,0,0,0,0,0,0,0,1,0,0,0,0,0,1,0,1,1,0,0,0,0
6413264,4,2,0,0,0,0,0,0,0,0,0,0,0,0,0,0,0,0,0,0,0,0,0,0,1,0,0,0
6413264,4,5,0,0,0,0,0,0,0,0,0,0,0,0,1,0,0,0,0,0,0,0,1,0,0,0,0,0
6413264,4,13,0,0,0,0,0,0,0,0,0,0,0,0,0,0,0,1,0,0,0,0,0,0,0,0,0,0
6426830,4,6,0,0,0,0,0,0,0,0,0,0,0,0,0,0,0,0,1,0,0,0,0,0,0,0,0,0
6426830,4,9,0,0,0,0,0,0,0,0,0,0,0,0,0,0,0,0,0,0,0,0,1,0,0,0,0,0
6426830,4,13,0,0,0,0,0,0,0,0,0,0,0,0,0,0,2,0,1,1,0,1,0,0,0,0,0,0
6447952,4,13,0,0,0,0,0,0,0,0,0,1,0,0,0,0,0,0,0,0,0,0,0,0,0,0,0,0
6451531,4,3,0,0,0,0,0,0,0,0,0,0,1,0,0,0,0,0,0,0,0,0,0,0,0,0,0,0
6451531,4,9,0,0,0,0,0,0,0,0,1,0,0,0,0,0,0,0,0,0,0,0,0,0,0,0,0,0
6452308,4,9,0,0,0,0,0,0,0,0,1,0,0,0,0,0,0,0,0,0,0,0,0,0,0,0,0,0
6452308,4,13,0,0,0,0,0,0,0,0,0,0,0,0,1,0,0,0,0,0,0,0,0,0,0,0,0,0
6457357,4,5,0,0,0,0,0,0,0,0,0,1,0,0,0,0,0,0,0,0,0,0,0,0,0,0,0,0
6461022,4,13,0,0,0,0,0,0,0,1,0,0,0,0,0,0,0,0,0,0,0,0,0,0,0,0,0,0
6466963,4,2,0,0,0,0,0,0,0,0,0,1,0,0,0,0,0,0,0,0,0,0,0,0,0,0,0,0
6466963,4,5,0,0,0,0,0,0,0,0,1,0,0,0,0,0,0,0,0,0,0,0,0,0,0,0,0,0
6469550,4,2,0,0,1,0,0,0,0,0,0,0,0,0,0,0,0,0,0,0,0,0,0,0,0,0,0,0
6469550,4,8,0,0,1,0,0,0,0,0,1,0,0,0,0,0,0,0,0,0,0,0,0,0,0,0,0,0
6469550,4,10,0,0,0,0,1,0,0,1,0,0,0,1,0,0,0,0,0,0,0,0,0,0,0,0,0,0
6476087,4,4,0,0,0,0,0,1,0,0,0,0,0,0,0,0,0,0,0,0,0,0,0,0,0,0,0,0
6481875,4,5,0,0,0,0,0,0,0,0,1,0,0,0,0,1,0,0,0,0,0,0,0,0,0,0,0,0
6485742,4,8,0,0,0,0,0,0,0,0,0,0,1,0,0,0,0,0,0,0,0,0,0,0,0,0,0,0
6489684,4,8,0,0,0,0,0,0,1,0,0,0,0,0,0,0,0,0,0,0,0,0,0,0,0,0,0,0
6490154,4,3,0,0,0,0,0,0,0,0,0,1,0,0,0,0,0,0,0,0,0,0,0,0,0,0,0,0
6490154,4,13,0,0,0,0,0,0,0,0,0,0,0,0,1,0,0,0,0,0,0,0,0,0,0,0,0,0
6496992,4,9,0,0,1,0,0,0,0,0,0,0,0,0,0,0,0,0,0,0,0,0,0,0,0,0,0,0
6496992,4,10,0,0,0,0,0,0,0,0,0,0,0,1,0,0,0,0,0,0,0,0,0,0,0,0,0,0
6496992,4,13,0,0,0,0,0,0,0,0,0,0,0,1,0,0,0,0,0,0,0,0,0,0,0,0,0,0
6514462,4,5,0,0,0,0,0,0,0,0,0,0,0,0,0,0,0,0,0,0,0,0,0,0,1,0,0,0
6525852,4,5,0,0,0,0,0,0,0,0,0,0,0,0,0,0,0,0,0,0,0,0,0,1,1,0,0,0
6525852,4,10,0,0,0,0,0,0,0,0,0,0,0,0,0,0,0,0,0,0,0,1,0,0,0,0,0,0
6525852,4,13,0,0,0,0,0,0,0,0,0,0,0,0,0,0,0,0,0,0,0,0,1,0,0,0,0,0
6528176,4,3,0,0,0,0,0,1,0,0,0,0,0,0,0,0,0,0,0,0,0,0,0,0,0,0,0,0
6528458,4,5,0,0,0,0,0,0,0,0,0,0,0,0,0,0,0,0,1,0,0,1,1,0,0,0,0,0
6528458,4,10,0,0,0,0,0,0,0,0,0,0,0,0,0,0,0,0,0,0,0,0,2,0,0,0,0,0
6528458,4,13,0,0,0,0,0,0,0,0,0,0,0,0,0,1,1,1,0,0,2,0,0,0,1,0,0,0
6531392,4,13,0,0,0,0,1,0,0,0,0,0,1,0,0,0,0,0,0,0,0,0,0,0,0,0,0,0
6534067,4,5,0,0,0,0,0,0,0,0,0,1,0,0,0,0,0,0,0,0,0,0,0,0,0,0,0,0
6557615,4,13,0,0,0,0,0,0,0,0,0,0,1,0,0,0,0,0,0,0,0,0,0,0,0,0,0,0
6564562,4,13,0,0,0,0,0,0,0,0,0,0,0,0,1,0,1,0,0,0,0,0,3,0,0,0,0,0
6577033,4,3,0,0,0,0,0,0,0,0,0,0,1,0,0,0,0,0,0,0,0,0,0,0,0,0,0,0
6577033,4,5,0,0,0,0,0,0,1,0,0,0,0,0,0,0,0,0,0,0,0,0,0,0,0,0,0,0
6577033,4,13,0,0,1,0,0,0,0,0,0,0,0,0,0,0,0,0,0,0,0,0,0,0,0,0,0,0
6592254,4,3,0,0,0,0,0,1,0,0,0,0,0,0,0,0,0,0,0,0,0,0,0,0,0,0,0,0
6592321,4,3,0,0,0,0,0,0,0,0,0,0,0,0,0,0,0,0,0,0,0,0,1,0,0,0,0,0
6592321,4,13,0,0,0,0,0,0,0,0,0,0,0,0,0,0,1,0,0,0,0,1,0,0,0,0,0,0
6594016,4,2,0,0,0,0,0,0,0,0,0,0,0,0,0,0,0,0,0,0,0,0,1,0,0,0,0,0
6594016,4,7,0,0,0,0,0,0,0,0,0,0,0,0,0,0,0,0,0,0,0,0,1,0,0,0,0,0
6594016,4,13,0,0,0,0,0,0,0,0,0,0,0,0,0,0,0,0,1,0,0,1,0,0,0,0,0,0
6615547,4,3,0,0,0,0,0,0,0,0,0,0,0,0,0,0,0,0,1,0,0,0,0,0,0,0,0,0
6615547,4,13,0,0,0,0,0,0,0,0,0,0,1,0,0,0,0,0,0,0,0,0,0,0,0,0,0,0
6617309,4,3,0,0,0,0,0,0,0,0,0,0,0,0,0,0,0,0,0,0,0,1,0,0,0,0,0,1
6617309,4,5,0,0,0,0,0,0,0,0,0,0,0,0,0,0,0,0,0,1,0,0,0,0,0,0,1,0
6617309,4,7,0,0,0,0,0,0,0,0,0,0,0,0,0,0,0,0,0,0,0,0,2,0,0,0,0,0
6617309,4,8,0,0,0,0,0,0,0,0,0,0,0,0,0,0,0,0,1,0,1,0,0,0,0,0,0,0
6617309,4,10,0,0,0,0,0,0,0,0,0,0,0,0,0,0,0,0,0,0,0,0,0,0,1,1,0,0
6617309,4,13,0,0,0,0,0,0,0,0,0,0,0,0,1,1,0,0,0,1,1,0,0,1,3,2,0,0
6624149,4,2,0,0,0,0,0,0,0,0,0,0,0,0,0,0,0,0,0,0,1,0,0,0,0,0,0,0
6624149,4,5,0,0,0,0,0,0,0,0,0,0,0,0,0,0,0,0,0,1,0,0,0,0,0,0,0,0
6624149,4,8,0,0,0,0,0,0,0,0,0,0,0,0,0,0,0,0,0,0,0,0,1,0,0,0,0,0
6624149,4,13,0,0,0,0,0,0,0,0,0,0,0,0,2,0,1,0,1,0,1,0,0,0,0,0,0,0
6624149,4,17,0,0,0,0,0,0,0,0,0,0,0,0,0,0,0,0,0,0,0,0,1,0,0,0,0,0
6626685,4,5,0,0,0,0,0,0,0,1,0,0,0,0,0,0,0,0,0,0,0,0,0,0,0,0,0,0
6638919,4,3,0,0,0,0,0,0,0,0,1,0,0,0,0,0,0,0,0,0,0,0,0,0,0,0,0,0
6640997,4,3,0,0,1,0,0,0,0,1,2,0,0,0,0,0,0,0,0,0,0,0,0,0,0,0,0,0
6641511,4,13,0,0,0,0,0,0,2,0,0,0,0,0,0,0,0,0,0,0,0,0,0,0,0,0,0,0
6648539,4,8,0,0,0,0,0,0,0,0,0,0,0,0,0,0,0,0,0,1,0,0,0,0,0,0,0,0
6661334,4,2,0,0,0,0,0,0,0,0,0,0,0,0,0,0,0,0,0,0,0,0,1,0,0,0,0,0
6661334,4,13,0,0,0,0,0,0,0,0,0,0,0,0,0,0,1,1,0,0,1,0,0,1,0,0,0,0
6668494,4,3,0,0,0,0,0,0,0,0,0,0,0,0,0,1,0,0,0,0,0,0,0,0,0,0,0,0
6668494,4,8,0,0,0,0,0,0,0,0,0,0,0,0,0,0,0,0,0,0,0,0,1,0,0,0,0,0
6668494,4,13,0,0,0,0,0,0,0,0,0,0,0,0,0,0,0,0,0,0,0,0,0,1,0,0,0,0
6678348,4,3,0,0,0,0,0,0,0,0,0,0,0,0,1,0,0,0,0,0,0,0,0,0,0,0,0,0
6678348,4,5,0,0,0,0,0,0,0,0,0,0,0,0,0,0,0,0,1,0,0,0,0,0,0,0,0,0
6678348,4,8,0,0,0,0,0,0,0,0,0,1,0,0,0,0,0,0,0,0,0,0,0,0,0,0,0,0
6712191,4,21,0,0,0,0,0,1,0,0,0,0,0,0,0,0,0,0,0,0,0,0,0,0,0,0,0,0
6718059,4,13,0,0,0,0,0,0,0,0,0,0,0,0,0,0,0,0,0,1,0,0,0,0,0,0,0,0
6719425,4,2,0,0,0,0,0,0,0,0,0,0,0,0,0,1,0,0,1,0,0,0,0,0,0,0,0,0
6731225,4,13,0,0,0,0,0,0,0,0,0,0,0,0,0,1,0,0,0,1,0,0,0,0,0,0,0,0
6735608,4,13,0,0,0,0,1,0,0,0,0,0,0,0,0,0,0,0,0,0,0,0,0,0,0,0,0,0
6739535,4,10,0,0,0,0,1,0,0,0,0,0,0,0,0,0,0,0,0,0,0,0,0,0,0,0,0,0
6739535,4,13,0,0,0,0,0,0,0,0,0,1,0,0,0,0,0,0,0,0,0,0,0,0,0,0,0,0
6748404,4,2,0,0,0,0,0,0,0,0,0,0,0,0,0,0,0,0,0,0,0,0,1,0,0,0,0,0
6748404,4,13,0,0,0,0,0,0,0,0,0,0,0,0,0,0,0,0,0,1,0,0,0,0,0,0,0,0
6780893,4,4,0,0,0,1,0,0,0,0,0,0,0,0,0,0,0,0,0,0,0,0,0,0,0,0,0,0
6783761,4,10,0,0,0,0,0,0,0,1,0,0,0,0,0,0,0,0,0,0,0,0,0,0,0,0,0,0
6783761,4,13,0,0,0,0,0,0,1,0,0,0,0,0,0,0,0,0,0,0,0,0,0,0,0,0,0,0
6787738,4,13,0,0,0,0,1,0,0,0,0,0,0,0,0,0,0,0,0,0,0,0,0,0,0,0,0,0
6793199,4,5,0,0,0,0,0,0,0,0,0,0,0,0,0,0,0,0,0,1,0,0,0,0,0,0,0,0
6793199,4,8,0,0,0,0,0,0,0,0,0,0,0,0,0,1,0,0,0,0,0,0,0,0,0,0,0,0
6793199,4,10,0,0,0,0,0,0,0,0,0,0,0,0,0,0,0,0,0,0,1,0,0,0,0,0,0,0
6797344,4,2,0,0,0,0,0,0,0,0,0,0,0,1,0,0,0,0,0,0,0,0,0,0,0,0,0,0
6797344,4,3,0,0,0,0,0,0,0,0,0,0,0,1,0,0,0,0,0,0,0,0,0,0,0,0,0,0
6797344,4,5,0,0,0,0,0,0,0,0,1,0,0,0,0,0,0,0,0,0,0,0,0,0,0,0,0,0
6797344,4,9,0,0,0,0,0,0,0,0,1,0,0,0,0,0,0,0,0,0,0,0,0,0,0,0,0,0
6797344,4,13,0,0,0,0,0,0,1,0,0,1,0,0,0,0,0,0,0,0,0,0,0,0,0,0,0,0
6816560,4,5,0,0,0,0,0,1,0,0,0,0,0,0,0,0,0,0,0,0,0,0,0,0,0,0,0,0
6832318,4,5,0,0,0,0,0,0,0,0,1,0,0,1,0,0,0,0,0,0,0,0,0,0,0,0,0,0
6832318,4,13,0,0,0,0,0,0,0,0,0,0,1,0,1,0,0,1,0,0,0,0,0,0,0,0,0,0
6834042,4,5,0,0,0,0,0,0,0,0,0,0,0,0,0,0,0,0,0,0,0,0,1,0,0,0,0,0
6834042,4,6,0,0,0,0,0,0,0,0,0,0,0,0,0,0,0,0,0,0,0,0,1,0,0,0,0,0
6834042,4,13,0,0,0,0,0,0,0,0,0,0,0,0,0,0,0,1,0,0,0,0,0,0,0,0,0,0
6838932,4,5,0,0,0,0,0,0,0,0,0,1,0,0,0,0,0,0,0,0,0,0,0,0,0,0,0,0
6847356,4,3,0,0,0,0,0,0,0,0,0,0,0,1,0,0,0,0,0,0,0,0,0,0,0,0,0,0
6847356,4,13,0,0,0,0,1,0,0,0,1,0,0,0,0,0,0,0,0,0,0,0,0,0,0,0,0,0
6848299,4,5,0,0,0,0,0,0,0,0,0,0,0,0,1,0,0,0,0,0,0,0,0,0,0,0,0,0
6848299,4,13,0,0,0,0,0,0,0,0,0,0,0,0,0,0,0,0,0,0,0,0,0,0,0,0,1,0
6864715,4,13,0,0,0,0,0,0,0,0,0,0,0,0,1,0,0,0,0,0,0,0,0,0,0,0,0,0
6873337,4,3,0,0,0,0,0,0,0,0,0,0,0,0,0,0,0,0,0,0,0,0,1,0,0,0,0,0
6873337,4,5,0,0,0,0,0,0,0,0,0,0,0,0,1,0,0,0,0,0,0,0,0,0,0,0,0,0
6873337,4,13,0,0,0,0,0,0,0,0,0,0,0,0,0,0,0,0,1,0,0,0,1,3,0,0,0,0
6882168,4,5,0,0,0,0,0,0,0,0,0,0,0,0,0,0,0,0,0,0,1,0,0,0,0,0,0,0
6882168,4,13,0,0,0,0,0,0,0,0,0,0,0,0,0,0,1,0,0,0,0,0,1,0,0,0,0,0
6885873,4,13,0,0,0,0,0,0,0,0,0,0,0,0,1,0,0,0,1,0,0,0,0,0,0,0,0,0
6889095,4,2,0,0,0,0,0,1,0,0,0,0,0,0,0,0,0,0,0,0,0,0,0,0,0,0,0,0
6889095,4,7,0,0,0,0,0,0,0,0,0,0,0,1,0,0,0,0,0,0,0,0,0,0,0,0,0,0
6893182,4,13,0,0,1,0,0,0,0,0,0,0,0,0,0,0,0,0,0,0,0,0,0,0,0,0,0,0
6895640,4,2,0,0,0,0,0,0,0,0,0,0,0,0,0,0,0,1,0,0,0,0,0,0,0,0,0,0
6895640,4,3,0,0,0,0,0,0,0,0,0,0,0,0,0,1,0,0,0,0,0,0,0,0,0,0,0,0
6895640,4,5,0,0,0,0,0,0,0,0,0,0,0,0,0,0,0,1,0,0,0,0,0,0,0,0,0,0
6895640,4,10,0,0,0,0,0,0,0,0,0,0,0,0,0,0,0,0,0,0,0,1,0,0,0,0,0,0
6896672,4,13,0,0,0,0,0,0,0,0,0,1,0,0,0,0,0,0,0,0,0,0,0,0,0,0,0,0
6911283,4,5,0,0,0,0,0,0,0,0,0,0,0,0,0,0,0,0,0,0,0,1,0,0,0,0,0,0
6911283,4,10,0,0,0,0,0,0,0,0,0,0,0,0,0,0,0,0,0,0,1,0,2,1,0,0,0,0
6952609,4,2,0,0,0,0,0,0,0,0,0,1,0,0,0,0,0,0,0,0,0,0,0,0,0,0,0,0
6955667,4,13,0,0,0,0,0,0,0,0,0,0,0,0,0,0,1,0,1,0,0,0,0,0,0,0,0,0
6959992,4,3,0,0,0,0,0,0,0,0,0,0,0,0,0,0,0,0,0,0,0,0,0,1,0,0,0,0
6959992,4,8,0,0,0,0,0,0,0,0,0,0,0,0,0,0,1,0,0,0,0,0,0,0,0,0,0,0
6959992,4,13,0,0,0,0,0,0,0,0,0,0,0,0,0,0,0,0,0,0,0,1,0,0,0,0,0,0
6966161,4,5,0,0,0,1,0,0,0,0,0,0,0,0,0,0,0,0,0,0,0,0,0,0,0,0,0,0
6966161,4,6,0,0,0,1,0,0,0,0,0,0,0,0,0,0,0,0,0,0,0,0,0,0,0,0,0,0
6986279,4,3,0,0,0,0,0,0,0,0,1,0,0,0,0,0,0,0,0,0,0,0,0,0,0,0,0,0
6991857,4,2,0,0,0,0,0,0,0,0,0,0,0,1,0,0,0,0,0,0,0,0,0,0,0,0,0,0
6996830,4,5,0,0,0,0,0,0,0,0,1,0,0,0,0,0,0,0,0,0,0,0,0,0,0,0,0,0
7006358,4,8,0,0,0,0,0,0,0,0,0,1,0,0,0,0,0,0,0,0,0,0,0,0,0,0,0,0
7017714,4,10,0,0,0,0,0,0,0,0,0,0,1,0,0,0,0,0,0,0,0,0,0,0,0,0,0,0
7025795,4,13,0,0,0,0,0,0,0,0,0,0,0,0,0,0,0,0,0,1,0,0,0,0,0,0,0,0
7028745,4,6,0,1,0,0,0,0,0,0,0,0,0,0,0,0,0,0,0,0,0,0,0,0,0,0,0,0
7028745,4,13,0,0,0,0,0,0,0,0,0,0,0,0,1,0,0,0,0,0,0,0,0,0,0,0,0,0
7040642,4,13,0,0,0,0,0,0,0,0,0,0,0,0,0,0,0,0,1,0,0,0,0,0,0,0,0,0
7049281,4,3,0,0,0,0,0,0,0,1,0,0,0,0,0,0,0,0,0,0,0,0,0,0,0,0,0,0
7059715,4,1,0,0,0,0,0,0,0,0,0,1,0,0,0,0,0,0,0,0,0,0,0,0,0,0,0,0
7069824,4,3,0,0,0,0,0,0,0,0,0,0,0,0,0,0,0,0,0,0,0,0,0,0,0,0,1,0
7069824,4,5,0,0,0,0,0,0,0,0,0,0,0,0,0,0,1,0,0,0,1,0,0,0,1,0,0,0
7069824,4,8,0,0,0,0,0,0,0,0,0,0,0,0,0,0,0,0,0,0,1,0,1,0,0,0,0,0
7069824,4,13,0,0,0,0,0,0,0,0,0,0,0,0,0,0,0,0,0,0,0,0,0,0,1,0,0,0
7071310,4,5,0,0,0,0,0,0,0,0,0,2,0,0,0,0,0,0,0,0,0,0,0,0,0,0,0,0
7071310,4,8,0,0,0,0,0,0,0,0,0,0,1,0,0,0,0,0,0,0,0,0,0,0,0,0,0,0
7071310,4,10,0,0,0,0,0,0,0,0,1,0,0,0,0,0,0,0,0,0,0,0,0,0,0,0,0,0
7071310,4,13,0,0,0,0,0,0,0,0,0,0,1,0,0,0,0,0,0,0,0,0,0,0,0,0,0,0
7076071,4,3,0,0,0,0,1,1,1,0,0,1,0,0,0,0,0,0,0,0,0,0,0,0,0,0,0,0
7076071,4,8,0,0,0,0,0,0,0,0,0,0,0,0,1,0,0,1,0,0,0,0,0,0,0,0,0,0
7076071,4,9,0,0,0,0,0,0,0,0,0,0,0,0,0,0,0,1,0,0,0,0,0,0,0,0,0,0
7076071,4,13,0,0,0,0,1,0,0,0,1,0,0,0,0,0,3,1,3,0,0,0,0,0,0,0,0,0
7105176,4,5,0,0,0,0,0,1,1,1,0,0,0,0,0,0,0,0,0,0,0,0,0,0,0,0,0,0
7105176,4,8,0,0,0,0,0,0,0,0,1,0,0,0,0,0,0,0,0,0,0,0,0,0,0,0,0,0
7105176,4,10,0,0,0,0,0,0,1,0,0,0,0,0,0,0,0,0,0,0,0,0,0,0,0,0,0,0
7105176,4,13,0,0,0,1,0,0,0,0,0,1,0,0,0,0,0,0,0,0,0,0,0,0,0,0,0,0
7105176,4,17,0,0,0,0,0,0,0,0,0,0,0,1,0,0,0,0,0,0,0,0,0,0,0,0,0,0
7106597,4,5,0,0,0,1,0,0,0,0,0,0,0,0,0,0,0,0,0,0,0,0,0,0,0,0,0,0
7106597,4,10,0,0,0,0,0,0,0,0,1,0,0,0,0,0,0,0,0,0,0,0,0,0,0,0,0,0
7106597,4,13,0,0,0,0,0,0,0,0,0,0,0,0,1,0,0,0,0,0,0,0,0,0,0,0,0,0
7111627,4,13,0,0,0,0,0,0,0,0,0,0,0,0,0,0,0,1,0,0,0,0,0,0,0,0,0,0
7115992,4,2,0,0,0,0,0,0,0,1,0,0,0,1,0,0,0,0,0,0,0,0,0,0,0,0,0,0
7115992,4,3,0,0,0,0,1,0,0,0,0,0,0,0,0,0,0,0,0,0,0,0,0,0,0,0,0,0
7117849,4,4,2,0,0,0,0,0,0,0,0,0,0,0,0,0,0,0,0,0,0,0,0,0,0,0,0,0
7129594,4,5,0,0,0,0,0,0,0,0,0,0,0,0,0,0,0,0,0,1,0,0,0,0,0,0,0,0
7129594,4,10,0,0,0,0,0,0,0,0,0,0,0,0,1,0,0,0,0,0,0,0,0,0,0,0,0,0
7133141,4,2,0,0,1,0,0,0,0,0,0,0,0,0,0,0,0,0,0,0,0,0,0,0,0,0,0,0
7149271,4,3,0,0,0,0,0,0,0,0,0,0,0,0,1,0,0,0,0,0,0,0,0,0,0,0,0,0
7165476,4,5,0,0,0,0,0,0,0,0,0,0,0,0,0,0,0,0,0,0,1,0,0,0,0,0,0,0
7165476,4,6,0,0,0,0,0,0,0,0,0,0,0,0,0,0,0,0,0,0,2,0,0,0,0,0,0,0
7165476,4,13,0,0,0,0,0,0,0,0,0,0,0,0,2,0,0,0,1,0,0,2,0,0,0,0,0,0
7170787,4,3,0,0,0,0,0,0,0,0,0,0,0,0,0,0,0,1,0,0,0,0,0,0,0,0,0,0
7176721,4,5,0,0,0,0,0,0,0,0,0,0,0,0,0,0,0,0,0,0,0,0,0,0,1,0,0,0
7176721,4,10,0,0,0,0,0,0,0,0,0,0,0,0,0,0,0,1,0,0,0,0,1,0,0,0,0,0
7176721,4,13,0,0,0,0,0,0,0,0,0,0,0,0,0,1,0,0,0,0,1,0,0,0,1,0,0,0
7191894,4,3,0,0,0,0,0,0,0,0,0,0,0,0,0,0,0,1,0,0,0,0,0,0,0,0,0,0
7191894,4,5,0,0,0,0,0,0,0,0,0,0,0,0,0,0,0,0,0,1,0,0,0,1,0,0,0,0
7191894,4,13,0,0,0,0,0,0,0,0,0,0,0,0,1,0,1,0,0,0,0,0,0,0,0,0,0,0
7204665,4,13,0,0,0,0,0,0,0,0,0,0,1,0,0,0,0,0,0,0,0,0,0,0,0,0,0,0
7210326,4,5,0,0,0,0,0,0,0,0,0,0,1,1,0,0,1,0,0,0,0,0,0,0,0,0,0,0
7210498,4,13,0,0,0,0,1,0,0,0,0,0,0,0,0,0,0,0,0,0,0,0,0,0,0,0,0,0
7213915,4,5,0,0,0,0,0,0,0,0,0,1,0,0,0,0,0,0,0,0,0,0,0,0,0,0,0,0
7228769,4,3,0,0,0,0,0,0,0,0,0,0,0,0,0,1,0,0,0,0,0,0,0,0,0,0,0,0
7228769,4,13,0,0,0,0,0,0,1,0,0,0,0,0,0,0,0,0,0,0,0,0,0,0,0,0,0,0
7229322,4,5,0,0,0,0,0,0,0,0,0,0,0,1,0,0,0,0,0,0,0,0,0,0,0,0,0,0
7232927,4,5,0,0,0,0,0,0,0,0,0,0,0,0,1,0,0,0,0,0,0,0,0,0,0,0,0,0
7250936,4,14,0,0,0,0,0,0,0,0,0,0,0,0,1,0,0,0,0,0,0,0,0,0,0,0,0,0
7262050,4,10,0,0,0,0,0,0,0,0,0,0,0,0,0,0,0,0,0,0,0,1,0,0,0,0,0,0
7262050,4,13,0,0,0,0,0,0,0,0,0,0,0,0,0,0,2,0,0,0,0,0,0,0,0,0,0,0
7266639,4,13,0,0,0,0,1,0,0,0,0,0,0,0,0,0,0,0,0,0,0,0,0,0,0,0,0,0
7274283,4,3,0,0,0,0,0,0,0,0,0,0,0,0,0,0,0,0,0,0,0,0,0,0,0,0,1,0
7276886,4,10,0,0,0,0,0,0,0,0,0,0,1,0,0,0,0,0,0,0,0,0,0,0,0,0,0,0
7319298,4,3,0,0,0,0,0,0,0,0,0,0,0,0,0,0,0,2,0,0,0,1,0,0,0,0,0,1
7319298,4,5,0,0,0,0,0,0,0,0,0,0,0,0,1,0,0,0,0,0,0,0,0,0,1,0,0,0
7319298,4,10,0,0,0,0,0,0,0,0,0,0,0,0,0,0,0,1,0,0,0,0,0,0,0,0,0,0
7319298,4,13,0,0,0,0,0,0,0,0,0,0,0,0,0,0,0,0,0,0,1,0,0,0,1,0,0,0
7326314,4,8,0,0,0,1,0,0,0,0,0,0,0,0,0,0,0,0,0,0,0,0,0,0,0,0,0,0
7326314,4,13,0,0,0,0,0,0,0,0,1,1,0,1,0,0,0,0,0,0,0,0,0,0,0,0,0,0
7336514,4,13,0,0,0,0,0,0,0,0,0,0,0,1,0,0,0,0,0,0,0,0,0,0,0,0,0,0
7341654,4,5,0,0,0,0,0,0,0,0,0,0,0,0,0,0,0,0,1,0,0,0,0,0,0,0,0,0
7341654,4,13,0,0,0,0,0,0,0,0,0,0,0,0,0,1,0,0,0,0,0,1,1,1,0,0,0,0
7341735,4,10,0,0,0,0,0,0,0,0,0,0,0,1,0,0,0,0,0,0,0,0,0,0,0,0,0,0
7366254,4,13,0,0,1,0,0,0,0,0,0,0,0,0,0,0,0,0,0,0,0,0,0,0,0,0,0,0
7368743,4,5,0,0,0,0,0,0,0,0,0,0,0,1,0,0,0,0,0,0,0,0,0,0,0,0,0,0
7374441,4,5,0,0,0,0,0,0,0,0,0,0,0,0,0,1,0,0,0,0,0,0,0,0,0,0,0,0
7375723,4,5,0,0,0,0,0,0,0,0,0,0,1,1,0,0,0,0,1,0,0,0,0,0,0,0,0,0
7375723,4,13,0,0,0,0,0,0,0,1,0,0,0,0,0,0,2,0,1,0,0,0,0,0,0,0,0,0
7402325,4,13,0,0,0,0,0,0,0,0,0,0,1,0,0,0,0,0,0,0,0,0,0,0,0,0,0,0
7415818,4,4,0,0,0,0,0,0,0,0,0,0,0,0,0,1,0,0,0,0,0,0,0,0,0,0,0,0
7417787,4,3,0,0,0,0,0,0,0,0,0,1,0,0,0,0,0,0,0,0,0,0,0,0,0,0,0,0
7417787,4,5,0,0,0,0,1,0,0,0,0,0,0,0,0,0,0,0,0,0,0,0,0,0,0,0,0,0
7417787,4,13,0,0,0,0,0,0,0,0,1,0,0,2,0,0,0,0,0,0,0,0,0,0,0,0,0,0
7425964,4,3,0,0,0,0,0,0,0,0,0,0,0,0,0,0,0,0,0,0,0,0,0,1,0,0,0,0
7425964,4,13,0,0,0,0,0,0,0,0,0,0,0,0,0,0,0,1,0,0,0,1,0,0,0,0,0,0
7426023,4,5,0,0,0,0,0,0,0,0,0,0,0,0,1,0,0,0,0,0,0,0,0,0,0,0,0,0
7426023,4,13,0,0,0,0,0,0,0,0,0,0,0,0,0,0,0,1,0,0,0,0,0,0,0,0,0,0
7428093,4,8,0,0,0,0,1,0,0,0,0,0,0,0,0,0,0,0,0,0,0,0,0,0,0,0,0,0
7428093,4,13,0,0,0,0,0,0,0,0,0,0,0,1,0,0,0,0,0,0,0,0,0,0,0,0,0,0
7466035,4,3,0,0,0,0,0,0,0,0,0,0,1,0,0,0,0,0,0,0,0,0,0,0,0,0,0,0
7466035,4,13,0,0,0,0,0,0,0,0,1,0,0,0,0,0,0,0,0,0,0,0,0,0,0,0,0,0
7467705,4,3,0,0,0,0,0,1,0,0,0,0,0,0,0,0,0,0,0,0,0,0,0,0,0,0,0,0
7471605,4,5,0,0,0,0,0,0,0,0,0,0,0,1,0,0,0,0,0,0,0,0,0,1,0,0,0,0
7473947,4,6,0,0,1,0,0,0,0,0,0,0,0,0,0,0,0,0,0,0,0,0,0,0,0,0,0,0
7473947,4,10,0,0,0,1,0,0,0,0,0,0,0,0,0,0,0,0,0,0,0,0,0,0,0,0,0,0
7475969,4,13,0,0,0,0,0,0,1,0,0,0,0,0,0,0,0,0,0,0,0,0,0,0,0,0,0,0
7478071,4,10,0,0,0,0,0,0,0,0,0,0,0,0,0,0,0,0,0,0,0,0,0,1,0,0,0,0
7478071,4,13,0,0,0,0,0,0,0,0,0,0,0,0,0,0,0,0,0,1,0,0,0,0,0,0,0,0
7478071,4,14,0,0,0,0,0,0,0,0,0,0,0,0,0,0,0,0,1,0,0,0,0,0,0,0,0,0
7498632,4,3,0,0,0,0,0,0,0,0,0,0,0,0,0,0,0,0,0,1,0,0,0,0,0,0,0,1
7498632,4,4,0,0,0,0,0,0,0,0,0,0,0,0,0,1,0,0,0,0,0,0,0,0,0,0,0,0
7498632,4,5,0,0,0,0,0,0,0,0,0,0,0,0,0,0,0,0,0,0,0,1,0,1,0,1,0,2
7498632,4,7,0,0,0,0,0,0,0,0,0,0,0,0,0,0,0,0,0,0,0,1,0,0,0,1,0,0
7498632,4,8,0,0,0,0,0,0,0,0,0,0,0,0,0,0,0,0,0,0,0,0,0,0,0,0,0,1
7498632,4,10,0,0,0,0,0,0,0,0,0,0,0,0,0,0,0,0,0,0,0,0,0,1,0,1,0,2
7498632,4,12,0,0,0,0,0,0,0,0,0,0,0,0,0,0,0,0,0,0,0,0,0,0,0,0,0,1
7498632,4,13,0,0,0,0,0,0,0,0,0,0,0,0,0,0,0,0,0,0,0,3,0,5,0,2,0,2
7501809,4,5,0,0,0,0,0,0,0,0,0,0,0,1,0,0,0,0,0,0,0,0,0,0,0,0,0,0
7508040,4,3,0,0,0,0,0,0,0,0,0,1,0,0,0,0,0,0,0,0,0,0,0,0,0,0,0,0
7508040,4,13,0,0,0,0,0,0,0,0,0,1,0,0,0,0,0,0,0,0,0,0,0,0,0,0,0,0
7513830,4,3,0,0,0,0,0,0,1,0,0,0,0,0,0,0,0,0,1,0,0,0,0,0,0,0,0,0
7513830,4,10,0,0,0,0,0,1,0,0,0,0,0,0,0,0,0,0,0,0,0,0,0,0,0,0,0,0
7513830,4,13,0,0,0,0,0,0,0,0,0,1,0,0,0,0,0,0,0,0,0,0,0,0,0,0,0,0
7527015,4,5,0,0,0,0,0,0,1,0,0,0,0,0,0,0,0,0,0,0,0,0,0,0,0,0,0,0
7527015,4,13,0,0,1,0,1,0,0,0,0,0,0,0,0,0,0,0,0,0,0,0,0,0,0,0,0,0
7528180,4,1,0,0,0,0,0,0,0,0,0,0,0,0,0,0,0,0,0,0,0,1,0,0,0,0,0,0
7528180,4,2,0,0,0,0,0,0,0,0,0,0,0,0,0,0,0,0,0,0,0,3,0,0,0,0,0,0
7528180,4,4,0,0,0,0,0,0,0,0,0,0,0,0,0,0,0,0,1,0,0,0,0,0,0,0,0,0
7528180,4,5,0,0,0,0,0,0,0,0,0,0,0,0,1,0,0,0,0,0,2,0,1,0,2,0,3,0
7528180,4,8,0,0,0,0,0,0,0,0,0,0,0,0,0,0,0,0,0,0,0,0,0,0,0,0,1,0
7528180,4,10,0,0,0,0,0,0,0,0,0,0,0,0,0,0,0,0,0,1,0,0,0,1,0,0,0,0
7528180,4,13,0,0,0,0,0,0,0,0,0,0,0,0,0,1,1,0,1,0,2,3,2,2,2,1,1,0
7528180,4,17,0,0,0,0,0,0,0,0,0,0,0,0,0,0,0,0,0,0,0,0,0,1,0,0,0,0
7563009,4,10,0,0,0,0,0,0,0,0,0,1,0,0,0,0,0,0,0,0,0,0,0,0,0,0,0,0
7563009,4,13,0,0,0,1,0,0,0,0,0,0,0,0,0,0,0,0,0,0,0,0,0,0,0,0,0,0
7569619,4,3,0,0,0,0,1,0,0,0,0,0,0,0,0,0,0,0,0,0,0,0,0,0,0,0,0,0
7569619,4,13,0,0,0,1,0,0,0,1,0,0,0,0,0,0,0,0,0,0,0,0,0,0,0,0,0,0
7576582,4,13,0,0,0,0,0,0,0,0,0,0,1,0,0,1,0,1,0,0,0,0,0,0,0,0,0,0
7577986,4,2,0,0,0,0,0,0,0,0,0,0,0,0,0,0,0,0,0,0,1,0,0,0,0,0,0,0
7577986,4,5,0,0,0,0,0,0,0,0,0,0,0,0,0,0,0,0,0,0,1,0,0,0,0,0,0,0
7577986,4,8,0,0,0,0,0,0,0,0,0,0,0,0,1,0,0,0,0,0,0,0,0,0,0,0,0,0
7577986,4,10,0,0,0,0,0,0,0,0,0,0,0,0,0,0,0,0,0,0,0,0,0,0,0,0,1,0
7577986,4,13,0,0,0,0,0,0,0,0,0,0,0,0,0,0,0,0,0,0,0,1,1,0,0,0,0,0
7600157,4,7,0,0,0,0,0,0,0,0,0,0,0,0,0,0,0,0,0,0,1,0,0,0,0,0,0,0
7600157,4,13,0,0,0,0,0,0,0,0,0,0,0,0,0,1,0,0,0,1,0,0,0,0,0,0,0,0
7600415,4,13,0,0,0,0,0,0,0,0,1,0,1,0,0,0,1,0,0,0,0,0,0,0,0,0,0,0
7625466,4,10,0,0,0,0,1,0,0,0,0,0,0,0,0,0,0,0,0,0,0,0,0,0,0,0,0,0
7625466,4,13,0,0,0,0,0,1,0,0,0,0,0,0,0,0,0,0,0,0,0,0,0,0,0,0,0,0
7628332,4,1,0,0,0,0,0,0,0,0,1,0,0,0,0,0,0,0,0,0,0,0,0,0,0,0,0,0
7641626,4,10,0,0,0,0,0,0,0,0,0,0,0,0,0,0,0,0,0,1,0,0,0,0,0,0,0,0
7641626,4,13,0,0,0,0,0,1,0,0,0,0,0,0,0,0,0,1,1,1,0,0,0,0,0,0,0,0
7644034,4,13,0,0,0,0,0,0,0,0,0,0,0,1,0,0,0,0,0,0,0,0,0,0,0,0,0,0
7644750,4,13,0,0,0,0,0,0,1,0,0,0,0,0,1,0,0,1,0,2,0,0,0,0,0,0,0,0
7653462,4,13,0,0,0,0,0,0,0,0,0,0,0,0,0,0,0,0,0,1,0,0,2,4,0,0,0,0
7688821,4,5,0,0,0,0,0,0,0,0,0,0,0,0,0,0,0,0,0,0,0,0,1,0,0,0,0,0
7696125,4,3,0,0,0,0,0,0,0,0,0,0,0,0,0,0,0,0,0,1,0,0,0,0,0,0,0,0
7696125,4,10,0,0,0,0,0,0,0,0,0,0,0,1,0,0,0,0,0,0,0,0,0,0,0,0,0,0
7717356,4,5,0,0,0,0,0,0,0,0,0,0,0,0,0,1,0,0,0,0,0,0,0,0,0,0,0,0
7717356,4,8,0,0,0,0,0,0,0,0,0,0,0,0,0,0,0,1,0,0,0,0,0,0,0,0,0,0
7717356,4,13,0,0,0,0,0,0,0,0,0,0,0,0,0,0,1,0,2,0,0,0,0,0,0,0,0,0
7726712,4,3,0,0,0,1,0,0,0,0,0,0,0,0,0,0,0,0,0,0,0,0,0,0,0,0,0,0
7726712,4,10,0,0,0,0,0,0,0,0,0,0,0,1,0,0,0,0,0,0,0,0,0,0,0,0,0,0
7734990,4,4,0,0,0,0,0,0,0,0,0,0,0,0,0,0,0,0,1,0,0,0,0,0,0,0,0,0
7737443,4,2,0,0,0,0,0,0,0,0,0,0,0,0,0,0,0,0,0,1,0,0,0,0,0,0,0,0
7737443,4,3,0,0,0,0,0,0,1,0,1,0,0,0,0,0,0,0,0,0,0,0,0,0,0,0,0,0
7737443,4,8,0,0,0,0,0,0,0,0,0,0,0,0,0,0,0,0,1,0,0,0,0,0,0,0,0,0
7737443,4,13,0,0,0,0,0,0,0,0,1,0,1,0,1,0,0,0,0,1,0,0,0,0,0,0,0,0
7741810,4,10,0,0,0,0,0,0,0,0,0,0,1,0,0,0,0,0,0,0,0,0,0,0,0,0,0,0
7752450,4,2,0,0,0,0,0,0,0,0,0,0,0,0,0,0,0,0,0,0,0,0,1,0,0,0,0,0
7752450,4,5,0,0,0,0,0,0,0,0,0,0,0,0,0,0,0,0,0,0,0,0,0,0,0,0,2,0
7752450,4,6,0,0,0,0,0,0,0,0,0,0,0,0,0,0,0,0,0,0,1,0,0,0,0,0,0,0
7752450,4,13,0,0,0,0,0,0,0,0,0,0,0,0,0,0,0,1,0,0,0,0,0,0,0,0,0,0
7752450,4,14,0,0,0,0,0,0,0,0,0,0,0,0,0,0,0,0,0,0,0,0,1,0,0,0,0,0
7757205,4,3,0,0,0,0,0,0,0,0,0,0,0,0,0,0,0,0,0,2,0,0,0,0,0,0,0,0
7757205,4,13,0,0,0,0,0,0,0,0,0,0,0,0,0,0,0,0,0,0,0,1,0,0,0,0,0,0
7773730,4,13,0,0,0,0,0,0,0,0,0,0,0,0,0,0,1,0,1,0,0,0,0,0,0,0,0,0
7780960,4,2,0,0,1,0,0,0,0,0,0,0,0,0,0,0,0,0,0,0,0,0,0,0,0,0,0,0
7780960,4,13,0,0,0,0,0,0,0,1,0,0,0,0,0,0,0,0,0,0,0,0,0,0,0,0,0,0
7793924,4,1,0,0,0,0,0,1,0,0,0,0,0,0,0,0,0,0,0,0,0,0,0,0,0,0,0,0
7793924,4,9,0,0,0,1,0,0,0,0,0,0,0,0,0,0,0,0,0,0,0,0,0,0,0,0,0,0
7796170,4,3,0,0,0,0,0,0,0,0,0,0,0,0,0,0,0,0,0,0,0,0,0,1,0,0,0,0
7796170,4,5,0,0,0,0,0,0,0,0,0,0,0,0,0,0,0,0,2,0,0,0,0,1,0,0,0,0
7796170,4,12,0,0,0,0,0,0,0,0,0,0,0,0,0,0,0,1,0,0,0,0,0,0,0,0,0,0
7796170,4,13,0,0,0,0,0,0,0,0,0,0,0,0,0,0,1,0,0,0,0,0,1,1,0,0,0,0
7796170,4,14,0,0,0,0,0,0,0,0,0,0,0,0,0,0,0,0,1,0,0,0,1,0,0,0,0,0
7806644,4,2,0,0,0,0,0,0,0,0,0,1,0,0,0,0,0,0,0,0,0,0,0,0,0,0,0,0
7806644,4,8,0,0,1,0,0,0,0,0,0,0,0,0,0,0,0,0,0,0,0,0,0,0,0,0,0,0
7808361,4,1,0,1,0,0,0,0,0,0,0,0,0,0,0,0,0,0,0,0,0,0,0,0,0,0,0,0
7808361,4,2,0,0,0,0,0,0,0,0,0,0,0,0,0,0,0,0,0,0,1,0,0,0,0,0,0,0
7808361,4,9,2,0,0,0,0,0,0,0,0,0,0,0,0,0,0,0,0,0,0,0,0,0,0,0,0,0
7808361,4,13,0,1,0,0,0,0,0,0,0,0,1,0,0,0,0,0,0,0,0,0,0,0,0,0,0,0
7810989,4,13,0,0,0,0,0,0,1,0,0,1,0,0,0,0,0,0,0,0,0,0,0,0,0,0,0,0
7817676,4,2,0,0,0,0,0,0,0,0,0,0,0,0,0,0,0,0,0,0,0,1,0,0,0,0,0,0
7817676,4,5,0,0,0,0,0,0,0,0,0,0,0,0,0,0,0,0,0,0,1,0,0,0,0,0,0,0
7819273,4,13,0,0,0,0,0,0,0,0,0,0,0,0,0,1,0,0,0,0,0,0,1,0,0,0,0,0
7819273,4,15,0,0,0,0,0,0,0,0,0,0,0,0,0,0,0,0,0,0,0,0,0,1,0,0,0,0
7819273,4,17,0,0,0,0,0,0,0,0,0,0,0,0,0,0,0,0,0,0,0,0,1,0,0,0,0,0
7834410,4,3,0,0,0,1,0,0,0,0,0,0,0,0,0,0,0,0,0,0,0,0,0,0,0,0,0,0
7834410,4,5,0,0,1,0,0,0,0,0,0,0,0,0,0,0,0,0,0,0,0,0,0,0,0,0,0,0
7865332,4,8,0,0,0,0,0,0,0,0,1,0,0,0,0,0,0,0,0,0,0,0,0,0,0,0,0,0
7890560,4,7,0,0,0,1,0,0,0,0,0,0,0,0,0,0,0,0,0,0,0,0,0,0,0,0,0,0
7890560,4,10,0,0,0,0,0,0,0,0,0,0,0,0,1,0,0,0,0,0,0,0,0,0,0,0,0,0
7902671,4,5,0,0,0,1,0,0,0,0,0,0,0,0,0,0,0,0,0,0,0,0,0,0,0,0,0,0
7926533,4,2,0,0,0,0,0,0,0,0,0,0,0,0,0,0,0,0,0,0,1,0,0,0,0,0,0,0
7930523,4,8,0,0,0,0,1,0,0,0,0,0,0,0,0,0,0,0,0,0,0,0,0,0,0,0,0,0
7934552,4,6,0,0,0,0,0,0,0,0,0,1,0,0,0,0,0,0,0,0,0,0,0,0,0,0,0,0
7941077,4,2,0,0,0,0,0,0,0,0,0,0,0,0,0,0,0,0,1,0,0,0,0,0,0,0,0,0
7941077,4,10,0,0,0,0,0,0,0,0,0,0,0,0,0,1,0,0,0,0,1,0,0,0,0,0,0,0
7941503,4,2,0,0,0,0,0,0,0,0,0,0,0,0,0,0,0,0,0,0,1,0,0,0,0,0,0,0
7941503,4,3,0,0,0,0,0,0,0,0,0,0,0,0,0,0,0,0,0,0,1,0,0,0,0,0,0,0
7941503,4,4,0,0,0,0,0,0,0,0,0,0,0,0,0,0,0,0,1,0,0,0,0,0,0,0,0,0
7941503,4,5,0,0,0,0,0,0,0,0,0,0,0,0,0,0,0,0,0,0,0,0,0,0,1,0,0,0
7941503,4,8,0,0,0,0,0,0,0,0,0,0,0,0,0,0,0,0,0,0,0,0,0,0,0,0,1,0
7941503,4,10,0,0,0,0,0,0,0,0,0,0,0,0,0,0,0,1,0,0,0,0,0,0,0,0,0,0
7941503,4,13,0,0,0,0,0,0,0,0,0,0,0,0,1,2,0,0,0,0,0,0,1,0,1,0,1,0
7942026,4,8,0,0,0,0,0,0,0,1,0,0,0,0,0,0,0,0,0,0,0,0,0,0,0,0,0,0
7942026,4,13,0,0,0,0,0,0,0,0,0,1,1,1,0,0,0,0,0,0,0,0,0,0,0,0,0,0
7951009,4,2,0,0,0,0,0,0,0,0,0,0,0,0,0,0,0,1,1,0,0,0,0,0,0,0,0,0
7951009,4,3,0,0,0,0,0,0,0,0,0,0,0,0,0,0,0,1,0,0,0,0,0,0,0,0,0,0
7951009,4,5,0,0,0,1,0,0,0,0,0,0,0,0,0,1,1,0,0,0,0,0,0,0,0,0,0,0
7951009,4,10,0,0,0,0,0,1,0,0,0,0,0,0,0,0,0,0,0,0,0,0,0,0,0,0,0,0
7951009,4,13,0,0,0,0,0,0,2,0,0,1,0,0,0,0,0,0,0,2,0,0,0,0,0,0,0,0
7962044,4,4,0,0,0,1,0,0,0,0,0,0,0,0,0,0,0,0,0,0,0,0,0,0,0,0,0,0
7979702,4,13,0,0,0,0,0,0,0,0,0,1,0,0,0,0,0,0,0,0,0,0,0,0,0,0,0,0
7982744,4,5,0,0,1,0,0,0,0,0,0,0,0,0,0,0,0,0,0,0,0,0,0,0,0,0,0,0
7982744,4,10,0,0,0,0,0,0,0,0,0,0,0,0,1,0,0,0,0,0,0,0,0,0,0,0,0,0
7982744,4,13,0,0,0,0,1,0,0,0,0,0,0,1,0,1,0,0,0,0,0,0,0,0,0,0,0,0
7991141,4,13,0,0,0,0,0,0,0,0,0,1,0,0,0,0,0,0,0,0,0,0,0,0,0,0,0,0
8023893,4,3,0,0,0,0,0,0,0,0,0,0,0,0,0,0,0,0,0,0,0,1,0,0,0,0,0,0
8023893,4,5,0,0,0,0,0,0,0,0,0,0,0,0,0,0,0,0,1,0,0,0,0,0,0,0,1,0
8023893,4,7,0,0,0,0,0,0,0,0,0,0,0,0,0,0,0,0,0,0,0,0,0,0,0,1,0,0
8023893,4,13,0,0,0,0,0,0,0,0,0,0,0,0,0,0,0,1,1,1,1,0,0,0,0,0,0,0
8024100,4,13,0,0,0,0,0,0,1,0,0,0,0,1,0,0,0,0,0,0,0,0,0,0,0,0,0,0
8024821,4,5,0,0,0,0,0,0,0,0,0,0,0,0,0,0,0,0,0,0,0,0,0,0,1,0,0,0
8024821,4,8,0,0,0,0,0,1,0,0,0,0,0,0,0,0,0,0,0,0,0,0,0,0,0,0,0,0
8036084,4,2,0,0,0,0,0,0,0,0,0,0,0,0,0,0,0,1,0,0,0,0,0,0,0,0,0,0
8036084,4,3,0,0,0,0,0,0,0,0,0,0,1,0,0,0,0,0,0,0,0,0,0,0,0,0,0,0
8057464,4,4,0,0,0,1,0,0,0,0,0,0,0,0,0,0,0,0,0,0,0,0,0,0,0,0,0,0
8058313,4,3,0,0,0,0,0,0,0,0,0,0,0,0,0,0,0,0,0,1,0,0,0,0,0,0,0,0
8058313,4,8,0,0,0,0,0,0,0,0,0,0,0,0,0,0,1,0,0,0,0,0,0,0,0,0,0,0
8058313,4,13,0,0,0,0,0,0,0,0,0,0,0,0,1,0,0,0,0,0,0,0,0,0,0,0,0,0
8067355,4,3,0,0,1,0,0,0,0,0,0,0,0,0,0,0,0,0,0,0,0,0,0,0,0,0,0,0
8069127,4,3,0,0,0,0,0,0,0,0,0,0,0,0,0,0,0,0,0,0,0,0,1,0,1,0,0,0
8069127,4,5,0,0,0,0,0,0,0,0,0,0,0,0,0,0,0,0,0,0,0,1,0,0,0,0,0,0
8069127,4,7,0,0,0,0,0,0,0,0,0,0,0,0,0,0,0,0,0,0,0,0,1,0,0,0,0,0
8069127,4,8,0,0,0,0,0,0,0,0,0,0,0,0,0,0,0,0,0,1,1,0,0,0,0,0,0,0
8069127,4,10,0,0,0,0,0,0,0,0,0,0,0,0,0,0,0,0,0,0,0,0,0,0,1,0,0,0
8069127,4,13,0,0,0,0,0,0,0,0,0,0,0,0,0,0,0,0,0,0,1,0,0,0,1,0,0,0
8069127,4,14,0,0,0,0,0,0,0,0,0,0,0,0,0,0,0,0,0,0,0,0,0,0,0,0,1,0
8095212,4,2,0,0,0,0,0,0,0,0,0,0,0,0,0,0,0,0,0,0,1,0,0,0,0,0,0,0
8095212,4,3,0,0,0,0,0,0,0,0,0,0,0,0,0,0,0,1,0,0,0,0,0,0,0,0,0,0
8095212,4,4,0,0,0,0,0,0,0,0,0,0,0,0,0,0,0,0,0,0,0,0,0,0,0,0,1,0
8095212,4,5,0,0,0,0,0,0,0,0,0,0,0,0,0,0,0,0,0,0,0,1,0,1,1,0,0,1
8096119,4,5,0,0,0,0,0,0,0,0,0,1,0,0,0,0,0,0,0,0,0,0,0,0,0,0,0,0
8097963,4,2,0,0,0,0,0,0,0,0,0,0,0,0,0,0,0,1,0,0,0,0,0,1,0,1,0,0
8097963,4,5,0,0,0,0,0,0,0,0,0,0,0,0,0,0,0,1,0,0,1,1,0,1,0,0,0,0
8101698,4,10,0,0,0,0,0,0,0,0,1,0,0,0,0,0,0,0,0,0,0,0,0,0,0,0,0,0
8102573,4,5,0,0,0,0,0,0,0,0,0,0,0,0,0,0,0,0,1,0,0,0,0,0,0,0,0,0
8116324,4,4,0,0,0,0,0,1,0,0,0,0,0,0,0,0,0,0,0,0,0,0,0,0,0,0,0,0
8116324,4,5,0,0,0,0,0,0,0,0,0,0,0,1,0,0,0,0,0,0,0,0,0,0,0,0,0,0
8128109,4,13,0,0,0,0,0,0,0,0,0,0,0,0,0,0,1,0,0,0,0,0,0,0,0,0,0,0
8128199,4,2,0,0,0,0,0,0,0,0,0,0,1,0,0,0,0,0,0,0,0,0,0,0,0,0,0,0
8128199,4,8,0,0,0,0,1,0,0,0,0,0,0,0,0,0,0,0,0,0,0,0,0,0,0,0,0,0
8128199,4,13,0,0,0,0,0,0,0,0,0,1,1,0,0,0,0,0,0,0,0,0,0,0,0,0,0,0
8131616,4,13,0,0,0,0,0,0,0,0,0,0,1,0,0,0,0,0,0,0,0,0,0,0,0,0,0,0
8147933,4,10,0,0,0,0,0,1,0,0,0,0,0,0,0,0,0,0,0,0,0,0,0,0,0,0,0,0
8161144,4,3,0,0,0,0,0,1,0,0,0,0,0,0,0,0,1,0,0,0,0,0,0,0,0,0,0,0
8161144,4,8,0,0,0,0,1,0,0,0,0,0,0,0,0,0,0,0,0,0,0,0,0,0,0,0,0,0
8161144,4,13,0,0,0,0,0,0,0,1,0,0,0,0,0,0,0,0,0,0,0,0,0,0,0,0,0,0
8165569,4,5,0,0,0,0,1,0,0,0,0,0,0,0,0,0,0,0,0,0,0,0,0,0,0,0,0,0
8165569,4,13,0,0,0,0,0,0,0,1,0,0,0,0,0,0,0,0,0,0,0,0,0,0,0,0,0,0
8173514,4,2,0,0,0,0,0,0,0,0,0,0,0,0,0,0,0,0,1,0,0,0,0,0,0,0,0,0
8173514,4,5,0,0,0,0,0,0,0,0,0,0,0,0,0,0,1,0,0,0,0,0,0,0,0,0,0,0
8173514,4,13,0,0,0,0,0,0,0,0,0,0,0,0,0,1,0,1,1,0,1,0,2,0,0,0,0,0
8175778,4,3,0,0,0,0,0,0,0,0,1,0,0,0,0,0,0,0,0,0,0,0,0,0,0,0,0,0
8175778,4,13,0,0,0,0,0,0,0,0,0,1,0,0,0,0,0,0,0,0,0,0,0,0,0,0,0,0
8185659,4,2,0,0,0,0,0,0,0,0,0,0,0,0,0,0,0,0,0,0,2,1,1,0,0,0,1,0
8185659,4,4,0,0,0,0,0,0,0,0,0,0,0,0,1,0,0,0,0,0,0,0,0,0,0,0,0,0
8185659,4,5,0,0,0,0,0,0,0,0,0,0,0,0,0,0,1,1,1,0,0,0,1,1,1,0,1,0
8185659,4,8,0,0,0,0,0,0,0,0,0,0,0,0,0,0,0,0,0,0,1,0,0,0,0,0,0,0
8185659,4,10,0,0,0,0,0,0,0,0,0,0,0,0,0,0,0,0,0,0,0,0,0,0,0,1,0,0
8185659,4,12,0,0,0,0,0,0,0,0,0,0,0,0,0,0,0,0,0,0,0,0,0,0,1,0,1,0
8185659,4,13,0,0,0,0,0,0,0,0,0,0,0,0,0,0,0,0,3,0,1,1,2,1,1,1,3,0
8195420,4,13,0,0,0,0,0,0,0,0,1,0,0,0,0,0,0,0,0,0,0,0,0,0,0,0,0,0
8197313,4,8,0,0,0,0,0,0,0,0,0,0,0,0,0,0,0,1,0,0,0,0,0,0,0,0,0,0
8197313,4,12,0,0,0,0,0,0,0,0,0,0,0,0,0,0,0,0,0,0,0,1,0,0,0,0,0,0
8197313,4,13,0,0,0,0,0,0,0,0,0,0,0,0,0,0,0,0,0,0,0,1,0,0,0,0,0,0
8210130,4,8,0,0,0,0,0,0,0,0,0,0,0,0,0,0,0,0,0,0,0,0,1,0,0,0,0,0
8210130,4,13,0,0,0,0,0,0,0,0,0,0,0,0,1,0,0,0,1,0,0,0,1,0,0,0,0,0
8229581,4,10,0,0,0,0,0,0,0,0,0,0,1,0,0,0,0,0,0,0,0,0,0,0,0,0,0,0
8229581,4,13,0,0,0,0,0,0,0,0,1,0,0,1,0,0,0,0,0,0,0,0,0,0,0,0,0,0
8255590,4,5,0,0,0,0,0,0,0,0,0,0,0,1,0,0,0,0,0,0,0,0,0,0,0,0,0,0
8255590,4,8,0,0,0,0,1,0,0,0,0,0,0,0,0,0,0,0,0,0,0,0,0,0,0,0,0,0
8270904,4,2,0,0,0,0,0,0,0,0,0,0,0,0,0,0,0,0,0,0,0,0,1,0,0,0,0,0
8270904,4,5,0,0,0,0,0,0,0,0,0,0,0,0,0,0,0,0,0,1,1,0,0,0,0,0,0,0
8270904,4,13,0,0,0,0,0,0,0,0,0,0,0,0,0,1,0,0,0,0,0,0,0,0,0,0,0,0
8281379,4,13,0,0,0,0,0,0,0,0,0,0,0,0,0,0,2,0,1,0,0,0,0,0,0,0,0,0
8316280,4,10,0,0,0,0,0,0,0,0,0,1,0,0,0,0,0,0,0,0,0,0,0,0,0,0,0,0
8320756,4,1,0,0,1,0,0,0,0,0,0,0,0,0,0,0,0,0,0,0,0,0,0,0,0,0,0,0
8320756,4,3,0,0,0,0,0,0,0,0,1,0,0,0,0,0,0,0,0,0,0,0,0,0,0,0,0,0
8320756,4,7,0,0,0,0,0,0,0,0,0,0,0,1,0,0,0,0,0,0,0,0,0,0,0,0,0,0
8320756,4,9,0,0,0,0,0,0,0,0,0,0,1,0,0,0,0,0,0,0,0,0,0,0,0,0,0,0
8320756,4,10,0,0,0,0,0,0,1,0,0,0,0,0,0,0,0,0,0,0,0,0,0,0,0,0,0,0
8320756,4,13,0,0,0,0,1,0,0,0,0,0,0,0,0,0,0,0,0,0,0,0,0,0,0,0,0,0
8327132,4,5,0,0,1,0,0,0,0,0,0,1,0,0,0,0,0,0,0,0,0,0,0,0,0,0,0,0
8333302,4,2,0,0,0,0,0,0,0,0,0,0,0,0,0,0,0,0,0,0,0,0,0,0,0,0,2,0
8333302,4,3,0,0,0,0,0,0,0,0,0,0,0,0,0,0,0,0,0,0,0,0,0,0,1,0,0,0
8333302,4,4,0,0,0,0,0,0,0,0,0,0,0,0,0,0,0,0,0,0,1,0,0,0,0,0,0,0
8333302,4,5,0,0,0,0,0,0,0,0,0,0,0,0,0,0,0,0,0,0,0,0,0,0,0,0,1,0
8333302,4,10,0,0,0,0,0,0,0,0,0,0,0,0,0,0,0,0,0,0,0,0,0,0,1,0,0,0
8333302,4,13,0,0,0,0,0,0,0,0,0,0,0,0,0,0,0,0,0,0,2,0,4,0,4,0,3,0
8333302,4,14,0,0,0,0,0,0,0,0,0,0,0,0,0,0,0,0,0,0,0,0,1,0,0,0,0,0
8337857,4,3,0,0,0,0,0,0,0,0,0,0,0,0,0,0,0,0,0,0,0,0,1,0,0,0,0,0
8337857,4,13,0,0,0,0,0,0,0,0,0,0,0,0,0,0,0,0,0,1,0,1,1,0,0,0,0,0
8343411,4,3,0,0,0,0,0,0,0,0,0,0,0,0,0,0,0,1,0,0,0,0,0,0,0,0,0,0
8343411,4,13,0,0,0,0,0,0,0,0,0,0,1,0,0,0,1,0,1,0,0,0,0,0,0,0,0,0
8356628,4,2,0,0,0,0,0,0,0,1,0,0,0,0,0,0,0,0,0,0,0,0,0,0,0,0,0,0
8356628,4,8,0,0,0,1,0,0,0,0,0,0,0,0,0,0,0,0,0,0,0,0,0,0,0,0,0,0
8356628,4,10,0,0,0,0,0,1,0,0,0,0,0,0,0,0,0,0,0,0,0,0,0,0,0,0,0,0
8359493,4,5,0,0,0,0,0,0,0,0,0,0,0,0,0,0,0,1,0,0,1,1,0,0,0,0,1,0
8359493,4,13,0,0,0,0,0,0,0,0,0,0,0,0,2,0,0,0,0,1,3,1,0,0,0,0,0,0
8359493,4,18,0,0,0,0,0,0,0,0,0,0,0,0,0,0,0,0,0,0,0,0,0,0,1,0,0,0
8361233,4,5,0,0,0,0,0,0,0,0,0,0,0,0,0,0,0,0,0,0,0,0,0,1,0,0,0,0
8361233,4,10,0,0,0,0,0,0,0,0,0,0,0,0,0,1,0,1,0,0,0,0,0,0,0,0,0,0
8361233,4,13,0,0,0,0,0,0,0,0,0,0,0,0,0,0,0,0,0,1,0,1,0,0,0,0,0,0
8371676,4,5,0,0,0,0,0,0,0,0,0,0,0,0,0,0,0,1,0,0,0,0,0,0,0,0,0,0
8374438,4,5,0,0,0,0,0,0,0,0,0,0,0,0,1,0,1,0,0,0,0,0,0,1,0,0,0,0
8374438,4,10,0,0,0,0,0,0,0,0,0,0,0,0,0,0,0,0,0,0,0,0,1,0,0,0,0,0
8374438,4,13,0,0,0,0,0,0,0,0,0,0,0,0,0,1,0,0,0,0,0,1,0,0,0,0,0,0
8391243,4,2,0,0,0,0,0,0,0,0,0,0,0,0,1,0,0,0,0,0,0,0,0,0,0,0,0,0
8391243,4,13,0,0,0,0,0,0,0,0,0,0,0,0,0,0,0,0,0,0,0,2,0,0,0,0,0,0
8391243,4,18,0,0,0,0,0,0,0,0,0,0,0,0,1,0,0,0,0,0,1,0,0,0,0,0,0,0
8391281,4,5,0,0,0,0,0,0,0,0,0,0,0,0,0,0,0,0,0,1,0,0,0,0,0,0,0,0
8403584,4,8,0,0,1,0,0,0,0,0,0,0,0,0,0,0,0,0,0,0,0,0,0,0,0,0,0,0
8403584,4,13,0,0,0,0,0,0,0,0,0,0,1,1,0,0,0,0,0,0,0,0,0,0,0,0,0,0
8406439,4,5,0,0,0,0,1,0,0,0,0,0,0,0,0,0,0,0,0,0,0,0,0,0,0,0,0,0
8406439,4,9,0,0,0,0,1,0,0,0,0,0,0,0,0,0,0,0,0,0,0,0,0,0,0,0,0,0
8407029,4,5,0,0,0,0,0,0,0,0,0,0,0,0,0,1,0,0,0,0,0,1,0,0,0,0,0,0
8407029,4,10,0,0,0,0,0,0,0,0,0,0,0,0,0,0,0,0,0,0,0,0,1,0,0,0,0,0
8407029,4,13,0,0,0,0,0,0,0,0,0,0,0,0,1,0,0,0,0,0,0,0,0,1,0,0,0,0
8444047,4,13,0,0,0,0,0,0,0,0,0,0,0,0,0,0,0,0,0,0,0,0,0,1,0,0,0,0
8453962,4,8,0,0,0,0,0,0,1,0,0,0,0,0,0,0,0,0,0,0,0,0,0,0,0,0,0,0
8453962,4,13,0,0,0,0,0,0,0,1,0,0,0,1,0,0,0,0,0,0,0,0,0,0,0,0,0,0
8466613,4,13,0,0,0,0,0,0,0,0,0,1,0,0,0,0,0,0,0,0,0,0,0,0,0,0,0,0
8467646,4,5,0,0,0,0,0,0,0,0,0,0,0,0,0,0,0,0,0,0,0,0,1,0,0,0,0,0
8467646,4,7,0,0,0,0,0,0,0,0,0,0,0,0,0,0,0,0,0,0,0,0,1,0,0,0,0,0
8469718,4,13,0,0,0,0,0,0,1,0,0,0,0,1,0,0,0,0,0,0,0,0,0,0,0,0,0,0
8478256,4,5,0,0,0,0,0,0,0,0,0,0,0,0,0,0,0,0,0,0,0,2,0,1,0,0,0,0
8478256,4,13,0,0,0,0,0,0,0,0,0,0,0,0,0,0,0,0,0,0,0,0,0,1,0,0,0,0
8507593,4,4,0,0,0,0,0,0,0,0,0,0,0,0,1,0,0,0,0,0,0,0,0,0,0,0,0,0
8507593,4,5,0,0,0,0,0,0,0,0,0,0,0,0,0,0,0,0,0,0,0,0,0,0,2,0,0,0
8509743,4,13,0,0,0,0,0,0,0,0,1,0,0,0,0,0,0,0,0,0,0,0,0,0,0,0,0,0
8530895,4,10,0,0,0,0,0,0,0,0,0,0,0,0,0,1,0,0,0,0,0,0,0,0,0,0,0,0
8530895,4,13,0,0,0,0,0,0,0,0,0,0,0,0,1,1,0,0,0,0,0,0,0,0,0,0,0,0
8544414,4,13,0,0,0,0,0,0,0,0,0,0,0,1,0,0,0,0,0,0,0,0,0,0,0,0,0,0
8544896,4,4,0,0,0,0,0,0,0,0,0,0,0,0,0,0,1,0,0,0,0,0,0,0,0,0,0,0
8556432,4,9,0,0,0,0,0,0,0,0,0,0,0,0,1,0,0,0,0,0,0,0,0,0,0,0,0,0
8556432,4,13,0,0,0,0,0,0,0,0,0,0,0,0,0,0,2,0,1,0,2,0,1,1,1,0,1,1
8559108,4,1,0,0,0,0,0,0,0,0,0,0,0,0,0,0,0,0,1,0,0,0,0,0,0,0,0,0
8559108,4,5,0,0,0,0,0,0,0,0,0,0,0,1,0,0,0,0,0,0,0,0,0,0,0,0,0,0
8559108,4,8,0,0,0,0,0,0,0,0,0,0,0,0,1,0,0,0,0,0,0,0,0,0,0,0,0,0
8559108,4,13,0,0,0,0,0,0,0,0,0,0,0,0,0,0,0,0,1,0,0,0,0,0,0,0,0,0
8559117,4,10,0,0,0,0,0,0,0,0,0,0,0,0,0,0,0,1,0,0,0,0,0,0,0,0,0,0
8565081,4,2,0,0,0,0,0,0,0,0,0,0,0,0,0,0,0,0,0,1,0,0,0,1,0,0,0,0
8565081,4,3,0,0,0,0,0,0,0,0,0,0,0,0,0,0,0,0,0,0,0,0,0,1,0,0,0,0
8565081,4,8,0,0,0,0,0,0,0,0,0,0,0,0,0,0,0,0,0,0,0,0,0,0,1,0,0,0
8565081,4,10,0,0,0,0,0,0,0,0,0,0,0,0,0,0,0,0,1,0,0,0,0,0,0,0,0,0
8565081,4,13,0,0,0,0,0,0,0,0,0,0,0,0,0,0,0,0,0,1,0,1,0,0,0,0,0,0
8566453,4,2,0,0,0,0,0,0,0,0,1,0,0,0,0,0,0,0,0,0,0,0,0,0,0,0,0,0
8574132,4,5,0,0,0,0,0,0,1,0,0,0,0,0,0,0,0,0,0,0,0,0,0,0,0,0,0,0
8574132,4,13,0,0,0,0,0,0,0,0,1,0,0,0,0,0,0,0,0,0,0,0,0,0,0,0,0,0
8580419,4,7,0,0,0,0,1,0,0,0,0,0,0,0,0,0,0,0,0,0,0,0,0,0,0,0,0,0
8614839,4,8,0,0,0,0,0,0,0,0,1,0,0,0,0,0,0,0,0,0,0,0,0,0,0,0,0,0
8615535,4,3,0,0,0,0,1,0,0,0,0,0,0,0,0,0,0,0,0,0,0,0,0,0,0,0,0,0
8615535,4,4,0,0,0,0,0,0,0,0,0,0,0,0,0,0,0,0,0,0,0,0,0,0,1,0,0,0
8615535,4,6,0,0,0,0,0,0,0,0,0,0,0,0,0,0,0,0,0,0,0,0,0,0,0,0,0,1
8615535,4,8,0,0,0,0,0,0,0,0,1,0,0,0,0,0,0,0,0,0,0,0,0,0,0,0,0,0
8615535,4,9,0,0,1,0,0,0,0,0,0,0,0,0,0,0,0,0,0,0,0,0,0,0,0,0,0,0
8615535,4,13,0,0,0,0,0,0,0,0,0,1,0,0,0,0,1,0,0,0,0,0,0,0,0,1,0,0
8615783,4,5,0,0,0,0,0,0,0,0,0,0,0,0,0,0,0,0,0,0,0,0,1,0,0,0,0,0
8615783,4,6,0,0,0,0,0,0,0,0,0,0,0,0,0,0,0,0,0,0,0,0,1,0,0,0,0,0
8615783,4,13,0,0,0,0,0,0,0,0,0,0,0,0,0,0,0,0,0,0,1,0,0,0,0,0,0,0
8634958,4,13,0,0,0,0,0,0,0,0,0,0,1,0,0,0,0,0,1,0,0,0,0,0,0,0,0,0
8635537,4,5,0,0,0,0,1,0,0,0,0,0,0,0,0,0,0,0,0,0,0,0,0,0,0,0,0,0
8674787,4,8,0,0,0,0,1,0,0,0,0,0,0,0,0,0,0,0,0,0,0,0,0,0,0,0,0,0
8674787,4,9,0,0,0,0,0,0,1,0,0,0,0,0,0,0,0,0,0,0,0,0,0,0,0,0,0,0
8684542,4,3,0,0,1,0,0,0,0,0,0,0,0,0,0,0,0,0,0,0,0,0,0,0,0,0,0,0
8684542,4,5,0,0,0,0,0,0,0,0,0,0,0,0,0,0,0,0,1,0,0,0,0,0,0,0,0,0
8684542,4,14,0,0,0,0,0,0,0,0,0,0,0,0,0,0,0,0,0,0,1,0,0,0,0,0,0,0
8684730,4,13,0,0,0,0,0,0,0,0,0,0,1,0,0,1,0,0,0,0,0,0,0,0,0,0,0,0
8691392,4,5,0,0,0,0,0,0,0,0,0,0,1,0,0,0,0,0,0,0,0,0,0,0,0,0,0,0
8708149,4,3,0,0,0,0,0,0,0,0,0,0,0,0,0,0,0,0,0,0,0,0,0,1,0,0,0,0
8711221,4,2,0,0,0,0,0,0,0,0,0,0,0,0,0,0,0,0,0,0,0,1,0,2,1,0,2,0
8711221,4,3,0,0,0,0,0,0,0,0,0,0,0,0,0,0,1,0,0,0,0,0,0,0,0,0,1,0
8711221,4,5,0,0,0,0,0,0,0,0,0,0,0,0,1,0,0,0,0,1,0,1,0,1,1,3,0,0
8711221,4,7,0,0,0,0,0,0,0,0,0,0,0,0,0,0,0,1,0,0,0,0,0,0,0,0,0,0
8711221,4,8,0,0,0,0,0,0,0,0,0,0,0,0,0,0,0,0,0,0,0,0,1,0,0,0,0,0
8711221,4,9,0,0,0,0,0,0,0,0,0,0,0,0,0,0,0,0,0,0,0,0,1,0,0,0,0,0
8711221,4,10,0,0,0,0,0,0,0,0,0,0,0,0,0,0,1,0,0,0,0,0,0,0,0,0,0,0
8711221,4,13,0,0,0,0,0,0,0,0,0,0,0,0,1,1,2,0,0,1,0,0,2,1,3,1,2,2
8711221,4,14,0,0,0,0,0,0,0,0,0,0,0,0,0,0,0,0,0,0,0,0,0,0,2,0,0,0
8711221,4,17,0,0,0,0,0,0,0,0,0,0,0,0,0,0,0,0,0,0,0,0,0,0,0,1,0,0
8724239,4,3,0,0,0,0,0,0,0,0,1,0,0,0,0,0,0,0,0,0,0,0,0,0,0,0,0,0
8724239,4,5,0,0,0,1,0,0,0,1,0,0,0,0,0,0,0,0,0,0,0,0,0,0,0,0,0,0
8724239,4,13,0,0,0,1,0,0,0,0,1,1,0,1,0,0,0,0,0,0,0,0,0,0,0,0,0,0
8725776,4,1,0,0,0,0,0,0,0,0,0,0,0,0,0,0,0,0,0,1,0,0,0,0,0,0,0,0
8725776,4,4,0,0,0,0,0,0,0,0,0,0,0,0,0,0,0,0,1,0,0,0,0,0,0,0,0,0
8725776,4,13,0,0,0,0,0,0,0,0,0,0,0,0,0,0,0,1,1,0,0,0,0,0,0,0,0,0
8726453,4,13,0,0,0,0,0,0,0,0,0,0,0,0,0,0,0,0,1,1,0,0,0,0,0,0,0,0
8735684,4,3,0,0,0,0,0,0,0,0,0,0,0,1,0,0,0,0,0,0,0,0,0,0,0,0,0,0
8735684,4,10,0,0,0,0,0,0,0,1,0,0,0,0,0,0,0,0,0,0,0,0,0,0,0,0,0,0
8735684,4,13,0,0,0,0,0,0,0,0,0,0,0,0,0,0,0,0,0,1,0,0,0,0,0,0,0,0
8742432,4,13,0,0,0,0,0,0,1,0,0,0,0,0,0,0,0,0,0,0,0,0,0,0,0,0,0,0
8749140,4,13,0,0,0,0,0,0,1,0,0,1,0,0,0,0,0,0,0,0,0,0,0,0,0,0,0,0
8751571,4,5,0,0,0,0,0,0,0,0,1,0,0,0,0,0,0,0,0,0,0,0,0,0,0,0,0,0
8755901,4,13,0,0,0,0,0,0,0,0,0,0,1,0,0,0,0,0,0,0,0,0,0,0,0,0,0,0
8759307,4,5,0,0,0,0,0,0,0,0,1,0,1,0,0,0,0,0,0,0,0,0,0,0,0,0,0,0
8784681,4,13,0,0,0,0,0,1,0,0,0,0,0,0,0,0,0,0,0,0,0,0,0,0,0,0,0,0
8791681,4,13,0,0,0,0,1,0,0,0,0,0,0,0,0,0,0,0,0,0,0,0,0,0,0,0,0,0
8816652,4,7,0,0,0,0,0,0,0,0,0,0,0,0,0,0,0,0,0,0,0,1,0,0,0,0,0,0
8816652,4,13,0,0,0,0,0,0,0,0,0,0,0,0,0,0,0,0,0,0,0,0,1,0,1,0,0,1
8837845,4,1,0,0,0,0,0,0,0,0,0,1,0,0,0,0,0,0,0,0,0,0,0,0,0,0,0,0
8837845,4,3,0,0,0,0,0,0,0,0,0,0,0,0,1,0,0,0,0,0,0,0,0,0,0,0,0,0
8837845,4,5,0,0,0,0,0,0,0,0,0,0,0,0,0,0,0,0,0,0,0,0,1,0,0,0,0,0
8837845,4,7,0,0,0,0,0,0,0,0,0,0,0,0,0,0,0,0,0,0,0,0,0,0,1,0,0,0
8837845,4,9,0,0,0,0,0,0,0,0,0,0,0,0,0,0,0,0,0,0,1,0,0,0,0,0,0,0
8837845,4,13,0,0,0,0,0,0,0,0,0,0,0,0,0,0,0,0,0,0,0,0,0,0,0,1,0,0
8838406,4,13,0,0,0,0,0,0,0,0,0,0,0,0,0,0,0,0,1,0,0,0,0,0,0,0,0,0
8841026,4,2,0,0,0,0,0,0,0,0,0,0,0,0,0,0,0,0,0,0,0,0,1,0,0,0,0,0
8841026,4,7,0,0,0,0,0,0,0,0,0,0,0,0,0,0,0,0,0,0,0,0,0,0,0,1,0,0
8841026,4,8,0,0,0,0,0,0,0,0,0,0,0,0,0,0,0,0,0,0,0,0,0,0,1,0,0,0
8841026,4,10,0,0,0,0,0,0,0,0,0,0,0,0,1,0,0,0,0,0,0,0,0,0,1,0,0,0
8841026,4,13,0,0,0,0,0,0,0,0,0,0,0,0,0,0,3,0,0,2,0,2,1,0,0,0,0,0
8854846,4,5,0,0,0,0,0,0,0,1,0,0,0,0,0,0,0,0,0,0,0,0,0,0,0,0,0,0
8857173,4,5,0,0,0,0,0,0,0,0,0,0,0,0,1,0,0,0,0,0,0,0,0,0,0,0,0,0
8857173,4,13,0,0,0,0,0,0,0,0,0,0,0,0,0,0,1,0,0,0,0,1,0,0,0,0,0,0
8862454,4,8,0,0,0,0,0,0,0,0,0,1,0,0,0,0,0,0,0,0,0,0,0,0,0,0,0,0
8862454,4,16,0,0,0,0,0,1,0,0,0,0,0,0,0,0,0,0,0,0,0,0,0,0,0,0,0,0
8870228,4,2,0,0,0,0,0,0,0,0,0,0,0,0,0,0,0,0,0,0,0,0,0,0,1,0,0,0
8870228,4,5,0,0,0,0,0,0,0,0,0,0,0,0,0,0,0,0,0,0,0,0,1,0,1,0,2,2
8870228,4,8,0,0,0,0,0,0,0,0,0,0,0,0,1,0,0,0,0,0,0,0,0,0,0,0,0,0
8870228,4,13,0,0,0,0,0,0,0,0,0,0,0,0,0,0,1,0,1,0,0,0,3,0,2,1,1,1
8886963,4,1,0,0,0,0,0,0,0,0,0,0,0,0,0,0,0,0,0,0,0,0,0,0,0,0,0,1
8886963,4,2,0,0,0,0,0,0,0,0,0,0,0,0,0,0,0,0,0,0,0,0,0,0,2,0,1,0
8886963,4,5,0,0,0,0,0,0,0,0,0,0,0,0,0,0,1,0,1,0,0,0,1,0,0,1,0,0
8886963,4,6,0,0,0,0,0,0,0,0,0,0,0,0,0,0,0,0,1,0,0,0,0,0,0,0,0,0
8886963,4,8,0,0,0,0,0,0,0,0,0,0,0,0,0,0,0,0,0,0,0,0,1,0,0,0,0,0
8886963,4,10,0,0,0,0,0,0,0,0,0,0,0,0,0,0,0,0,2,0,0,0,0,0,0,0,0,0
8886963,4,13,0,0,0,0,0,0,0,0,0,0,0,0,0,0,1,0,1,0,1,0,0,0,1,0,2,1
8888084,4,3,0,0,1,0,0,0,0,0,0,0,0,0,0,0,0,0,1,0,0,0,0,0,0,0,0,0
8899851,4,2,0,0,0,0,0,0,0,0,0,0,0,0,0,0,0,0,0,0,0,0,0,0,0,0,0,2
8899851,4,3,0,0,0,0,0,0,0,0,0,0,0,0,0,0,0,0,0,0,0,1,0,0,0,0,0,0
8899851,4,4,0,0,0,0,0,0,0,0,0,0,0,0,0,0,0,1,0,0,0,2,0,0,0,0,0,0
8899851,4,5,0,0,0,0,0,0,0,0,0,0,0,0,0,1,0,1,0,0,0,0,0,0,0,1,0,0
8899851,4,6,0,0,0,0,0,0,0,0,0,0,0,0,0,0,0,0,0,0,0,0,0,0,0,0,0,1
8899851,4,10,0,0,0,0,0,0,0,0,0,0,0,0,0,0,0,0,0,0,0,0,0,1,0,0,0,0
8899851,4,13,0,0,0,0,0,0,0,0,0,0,0,0,0,0,0,1,0,2,0,0,0,5,0,3,0,0
8899851,4,14,0,0,0,0,0,0,0,0,0,0,0,0,0,1,0,0,0,0,0,0,0,0,0,0,0,0
8902857,4,3,0,0,0,0,0,0,0,0,0,0,0,0,0,0,0,0,0,0,1,0,0,0,0,0,0,0
8902857,4,5,0,0,0,0,0,0,0,0,0,0,0,0,0,0,0,0,0,0,0,1,0,0,0,0,0,0
8902857,4,10,0,0,0,0,0,0,0,0,0,0,0,0,0,0,0,0,0,0,0,0,1,0,0,0,0,0
8902857,4,13,0,0,0,0,0,0,0,0,0,0,0,0,0,1,0,0,0,0,0,0,1,0,0,0,0,0
8905502,4,13,0,0,0,0,0,0,0,0,0,0,0,0,0,0,0,0,1,0,0,0,0,0,0,0,0,0
8914205,4,13,0,0,0,0,0,0,0,0,0,0,1,0,0,0,0,0,0,0,0,0,0,0,0,0,0,0
8933598,4,13,0,0,0,0,0,0,0,0,0,0,0,0,0,0,1,0,1,0,0,0,0,0,0,1,1,0
8941611,4,5,0,0,0,0,0,0,0,0,0,0,1,0,0,0,0,0,0,0,0,0,0,0,0,0,0,0
8942500,4,3,0,0,0,0,0,0,0,0,0,0,0,0,0,1,0,0,1,0,0,0,0,0,0,0,0,0
8942500,4,8,0,0,0,0,0,0,1,0,0,0,0,0,0,0,0,0,0,0,0,0,0,0,0,0,0,0
8942500,4,10,0,0,0,0,0,0,0,0,0,0,0,0,0,0,0,0,1,0,0,0,0,0,0,0,0,0
8942500,4,13,0,0,0,0,0,0,0,0,0,0,0,0,0,0,0,1,1,0,0,0,0,0,0,0,0,0
8950350,4,1,0,1,0,0,0,0,0,0,0,0,0,0,0,0,0,0,0,0,0,0,0,0,0,0,0,0
8950350,4,2,0,0,0,1,0,0,0,0,0,0,0,0,0,0,0,0,0,0,0,0,0,0,0,0,0,0
8950350,4,4,0,1,0,0,0,0,0,0,0,0,0,0,0,0,0,0,0,0,0,0,0,0,0,0,0,0
8976252,4,13,0,0,0,0,0,1,0,0,0,0,0,0,0,0,0,0,0,0,0,0,0,0,0,0,0,0
8992805,4,3,0,0,0,0,0,0,0,0,0,1,0,0,0,0,0,0,0,0,0,0,0,0,0,0,0,0
8992805,4,9,0,0,0,0,0,0,0,0,0,0,0,0,0,0,1,0,0,0,0,0,0,0,0,0,0,0
8992805,4,13,0,0,0,0,0,0,0,0,0,0,0,1,0,0,0,1,0,0,0,0,0,0,0,0,0,0
9036362,4,13,0,0,0,0,0,0,0,0,0,1,0,0,0,0,0,0,0,0,0,0,0,0,0,0,0,0
9051960,4,9,0,0,0,0,0,0,1,0,0,0,0,0,0,0,0,0,0,0,0,0,0,0,0,0,0,0
9069569,4,13,0,0,1,0,0,0,0,0,0,0,0,0,1,0,0,0,0,0,0,0,0,0,0,0,0,0
9074330,4,13,0,0,0,0,0,0,0,0,1,0,0,0,0,0,0,0,0,0,0,0,0,0,0,0,0,0
9078365,4,13,0,0,0,0,0,0,0,1,0,0,0,0,0,0,0,0,0,0,0,0,0,0,0,0,0,0
9084762,4,10,0,0,0,0,0,1,0,0,0,0,0,0,0,0,0,0,0,0,0,0,0,0,0,0,0,0
9084762,4,13,0,0,0,0,0,0,0,0,0,0,0,1,0,0,0,0,0,0,0,0,0,0,0,0,0,0
9095220,4,2,0,0,0,0,0,0,0,0,0,0,0,0,1,0,0,0,0,0,0,0,0,0,0,0,0,0
9095220,4,4,0,0,0,0,0,0,0,0,0,0,0,0,0,1,0,0,0,0,0,0,0,0,0,0,0,0
9095220,4,5,0,0,0,0,0,0,0,0,0,0,0,0,0,0,0,0,0,0,0,0,0,0,0,0,0,1
9095220,4,7,0,0,0,0,0,0,0,0,0,0,0,0,0,0,0,0,0,0,7,1,3,3,4,7,6,5
9095220,4,8,0,0,0,0,0,0,0,0,0,0,0,0,0,0,0,0,0,0,0,0,0,0,1,0,0,0
9095220,4,13,0,0,0,0,0,0,0,0,0,0,0,0,0,0,0,0,0,0,0,0,1,0,6,5,0,0
9101369,4,5,0,0,0,0,0,0,0,0,0,0,0,0,0,0,0,0,1,0,0,0,0,0,0,0,0,0
9101369,4,13,0,0,0,0,0,0,0,0,0,0,0,0,0,0,0,0,1,0,0,0,0,0,0,0,0,0
9103498,4,13,0,0,0,0,0,0,1,0,0,0,0,0,0,0,0,0,0,0,0,0,0,0,0,0,0,0
9113535,4,6,0,0,0,0,0,0,0,0,0,0,0,0,0,0,0,0,1,0,0,0,0,0,0,0,0,0
9113535,4,10,0,0,0,0,0,0,0,0,0,0,0,0,0,1,0,0,0,0,0,0,0,0,0,0,0,0
9115400,4,3,0,0,0,0,1,0,0,0,0,0,0,0,0,0,0,0,0,0,0,0,0,0,0,0,0,0
9115400,4,13,0,0,0,1,0,0,0,0,0,0,0,0,0,0,0,0,0,0,0,0,0,0,0,0,0,0
9149398,4,13,0,0,0,0,1,0,0,0,0,0,0,0,0,0,0,0,0,0,0,0,0,0,0,0,0,0
9163972,4,5,0,0,0,0,0,0,0,0,0,0,0,0,0,0,1,0,0,0,0,0,0,0,0,0,0,0
9163972,4,13,0,0,0,0,0,0,0,0,0,0,0,0,0,0,0,0,0,0,1,0,0,0,0,0,0,0
9185121,4,2,0,0,0,0,1,0,0,0,0,0,0,0,0,0,0,0,0,0,0,0,0,0,0,0,0,0
9185121,4,10,0,0,0,0,0,0,0,0,0,0,1,0,0,0,0,0,0,0,0,0,0,0,0,0,0,0
9185121,4,16,0,0,1,0,0,0,0,0,0,0,0,0,0,0,0,0,0,0,0,0,0,0,0,0,0,0
9204734,4,10,0,0,0,0,0,0,0,0,0,0,0,1,0,0,0,0,0,0,0,0,0,0,0,0,0,0
9213950,4,10,0,0,0,0,0,0,0,0,0,0,0,0,0,0,0,1,0,0,0,0,0,0,0,0,0,0
9213950,4,13,0,0,0,0,0,0,0,0,0,0,0,0,0,0,0,1,0,0,0,0,0,0,0,0,0,0
9218032,4,2,0,0,0,0,0,0,0,0,0,0,1,0,0,0,0,0,0,0,0,0,0,0,0,0,0,0
9218032,4,5,0,0,0,0,0,0,0,0,0,0,0,0,0,0,0,0,0,0,0,0,0,0,1,0,0,0
9218032,4,13,0,0,1,0,0,0,0,0,0,0,0,0,0,0,0,0,0,0,0,0,0,0,0,0,0,0
9220825,4,5,0,0,1,0,0,0,0,0,0,0,0,0,0,0,0,0,0,0,0,0,0,0,0,0,0,0
9220825,4,13,0,0,0,0,1,0,0,0,1,0,0,0,0,0,0,0,0,0,0,0,0,0,0,0,0,0
9225488,4,5,0,0,0,0,0,0,0,0,0,0,1,0,0,0,0,0,0,0,0,0,0,0,0,0,0,0
9225488,4,13,0,0,0,0,0,0,1,0,0,0,0,0,0,0,0,0,0,0,0,0,0,0,0,0,0,0
9226538,4,3,0,0,0,0,0,0,0,0,0,0,0,0,0,0,0,0,0,0,0,0,0,1,0,0,0,0
9226538,4,10,0,0,0,0,0,0,0,0,0,0,0,0,0,0,0,0,0,1,0,0,0,0,0,0,0,0
9244608,4,12,0,0,0,0,0,0,0,0,0,0,1,0,0,0,0,0,0,0,0,0,0,0,0,0,0,0
9257197,4,8,0,0,0,0,1,0,0,0,0,0,0,0,0,0,0,0,0,0,0,0,0,0,0,0,0,0
9260712,4,14,0,0,0,0,0,0,0,0,0,0,1,0,0,0,0,0,0,0,0,0,0,0,0,0,0,0
9262842,4,14,0,0,0,0,0,0,0,0,0,0,1,0,0,0,0,0,0,0,0,0,0,0,0,0,0,0
9267087,4,13,0,0,0,0,0,0,0,0,0,0,0,0,0,1,0,0,0,0,0,0,0,0,0,0,0,0
9283918,4,2,0,0,0,0,0,0,0,0,0,0,0,0,0,0,0,0,0,0,0,0,0,0,0,0,1,1
9283918,4,3,0,0,0,0,0,0,0,0,0,0,0,0,0,0,0,0,0,0,0,0,1,0,0,0,0,0
9283918,4,5,0,0,0,0,0,0,0,0,0,0,0,0,0,0,0,0,0,0,0,0,0,1,0,0,0,0
9283918,4,13,0,0,0,0,0,0,0,0,0,0,0,0,0,0,0,0,1,0,1,2,0,0,1,1,0,0
9294852,4,1,0,0,0,0,0,0,0,0,0,0,0,0,0,0,0,0,0,0,0,0,0,0,0,0,0,1
9294852,4,2,0,0,0,0,0,0,0,0,0,0,0,0,0,0,0,0,0,0,0,1,0,0,0,0,0,0
9294852,4,3,0,0,0,0,0,0,0,0,0,0,0,0,0,0,0,0,0,0,0,0,0,1,0,1,0,0
9294852,4,5,0,0,0,0,0,0,0,0,0,0,0,0,0,1,0,1,0,1,0,2,0,0,0,2,0,0
9294852,4,8,0,0,0,0,0,0,0,0,0,0,0,0,0,0,0,0,0,0,0,1,0,0,0,1,0,0
9294852,4,13,0,0,0,0,0,0,0,0,0,0,0,0,0,0,0,0,0,0,0,0,0,1,0,1,0,0
9301577,4,13,0,0,0,0,0,0,0,0,0,0,1,0,0,0,0,0,0,0,0,0,0,0,0,0,0,0
9301819,4,2,0,0,0,0,0,0,0,0,0,0,0,0,0,0,0,0,1,0,0,0,0,0,1,0,0,0
9301819,4,5,0,0,0,0,0,0,0,0,0,0,0,0,0,0,0,0,1,0,2,0,1,0,0,0,1,0
9301819,4,8,0,0,0,0,0,0,0,0,0,0,0,0,0,0,0,0,0,0,0,0,0,0,0,0,1,0
9301819,4,10,0,0,0,0,0,0,0,0,0,0,0,0,1,0,0,0,0,0,0,0,0,0,0,0,0,0
9301819,4,13,0,0,0,0,0,0,0,0,0,0,0,0,0,0,0,0,1,0,1,0,0,0,0,0,1,0
9311640,4,2,0,0,0,0,0,0,0,0,0,0,0,0,0,0,0,0,0,0,0,1,0,0,0,0,0,1
9311640,4,3,0,0,0,0,0,0,0,0,0,0,0,0,0,0,0,0,0,0,0,1,0,0,0,1,0,0
9311640,4,5,0,0,0,0,0,0,0,0,0,0,0,0,0,0,0,0,0,0,0,1,0,1,0,2,0,0
9311640,4,7,0,0,0,0,0,0,0,0,0,0,0,0,0,0,0,0,0,0,0,0,0,1,0,0,0,0
9311640,4,12,0,0,0,0,0,0,0,0,0,0,0,0,0,0,0,0,0,0,0,1,0,0,0,0,0,0
9311640,4,13,0,0,0,0,0,0,0,0,0,0,0,0,0,0,0,0,0,0,0,0,0,1,0,3,0,2
9311640,4,17,0,0,0,0,0,0,0,0,0,0,0,0,0,0,0,1,0,0,0,0,0,0,0,0,0,0
9314494,4,13,0,0,0,0,0,1,0,0,0,0,0,0,0,0,0,0,0,0,0,0,0,0,0,0,0,0
9321189,4,1,0,0,0,0,0,0,0,0,0,0,0,0,0,0,1,0,0,0,0,0,0,0,0,0,0,0
9321189,4,10,0,0,0,0,0,0,0,0,0,0,0,0,0,0,0,0,0,1,0,0,0,0,0,0,0,0
9321189,4,13,0,0,0,0,0,0,0,0,0,0,1,0,0,0,0,1,0,1,0,0,0,0,0,0,0,0
9324034,4,2,0,0,0,0,0,0,0,0,0,0,0,0,0,0,0,0,0,0,0,0,0,0,1,0,0,0
9328696,4,3,0,0,0,0,0,0,0,0,0,0,0,0,0,0,0,0,0,0,0,0,0,0,0,0,1,0
9328696,4,5,0,0,0,0,0,0,0,0,0,0,0,0,0,0,0,0,0,0,0,0,0,0,4,0,0,0
9328696,4,8,0,0,0,0,0,0,0,0,0,0,0,0,0,0,0,0,0,0,0,0,0,0,1,0,0,0
9328696,4,10,0,0,0,0,0,0,0,0,0,0,0,0,0,0,0,0,0,0,1,0,0,0,0,0,1,0
9328696,4,13,0,0,0,0,0,0,0,0,0,0,0,0,0,0,1,0,0,0,1,0,0,0,0,0,4,0
9329766,4,13,0,0,0,0,0,0,0,0,0,0,0,0,1,0,0,0,0,0,0,0,0,0,0,0,0,0
9336572,4,2,0,0,0,0,0,0,0,0,0,0,0,0,0,0,0,0,0,0,1,0,0,0,1,0,0,0
9336572,4,3,0,0,0,0,0,0,0,0,0,0,0,0,0,0,0,0,0,0,0,0,0,1,0,0,0,0
9336572,4,13,0,0,0,0,0,0,0,0,0,0,0,0,0,2,0,0,0,0,0,0,0,0,1,1,1,0
9347028,4,5,0,0,0,0,0,0,1,0,0,0,0,0,0,0,0,0,0,0,0,0,0,0,0,0,0,0
9347028,4,13,0,0,0,0,0,0,0,0,1,0,0,0,0,0,0,0,0,0,0,0,0,0,0,0,0,0
9347612,4,7,0,0,0,0,0,0,0,0,1,0,0,0,0,0,0,0,0,0,0,0,0,0,0,0,0,0
9347612,4,8,0,0,0,0,0,1,0,0,0,0,0,0,0,0,0,0,0,0,0,0,0,0,0,0,0,0
9347612,4,10,0,0,0,0,0,0,1,0,0,0,0,0,0,0,0,0,0,0,0,0,0,0,0,0,0,0
9347612,4,13,0,0,0,1,0,0,0,0,0,0,0,0,0,0,0,0,0,0,0,0,0,0,0,0,0,0
9347810,4,13,0,0,0,0,0,0,0,0,0,0,0,0,1,0,1,0,0,1,0,0,0,0,0,0,0,0
9369329,4,5,0,0,0,0,1,0,0,0,0,0,0,0,0,0,0,0,0,0,0,0,0,0,0,0,0,0
9372053,4,5,0,0,0,0,0,0,0,0,0,0,0,0,1,0,0,0,0,0,1,0,0,0,0,0,0,0
9372053,4,13,0,0,0,0,0,0,0,0,0,0,0,0,0,0,0,0,0,0,0,0,1,0,0,0,0,0
9372053,4,14,0,0,0,0,0,0,0,0,0,0,0,0,0,0,0,0,0,0,1,0,0,0,0,0,0,0
9374094,4,13,0,0,0,0,0,0,0,0,0,0,0,1,0,0,0,0,0,0,0,0,0,0,0,0,0,0
9397924,4,13,0,0,0,0,0,1,0,0,0,0,0,0,0,0,0,0,0,0,0,0,0,0,0,0,0,0
9401344,4,3,0,0,0,0,0,0,0,1,0,0,0,0,0,0,0,0,0,0,0,0,0,0,0,0,0,0
9401344,4,5,0,0,0,1,0,0,0,0,0,0,0,0,0,0,0,0,0,0,0,0,0,0,0,0,0,0
9439359,4,14,0,0,0,1,0,0,0,0,0,0,0,0,0,0,0,0,0,0,0,0,0,0,0,0,0,0
9447917,4,2,0,0,0,0,0,0,0,0,0,0,1,0,0,0,0,0,0,0,0,0,0,0,0,0,0,0
9447917,4,10,0,0,0,0,0,0,0,0,0,0,1,0,0,0,0,0,0,0,0,0,0,0,0,0,0,0
9453941,4,8,0,0,0,0,0,0,0,1,0,0,0,0,0,0,0,0,0,0,0,0,0,0,0,0,0,0
9463693,4,5,0,0,0,0,1,0,0,1,1,0,0,0,1,0,0,0,0,0,0,0,0,0,0,0,0,0
9463693,4,8,0,0,0,0,1,0,0,0,0,0,0,0,0,0,0,0,0,0,0,0,0,0,0,0,0,0
9463693,4,13,0,0,0,0,1,2,0,0,0,0,0,0,0,0,0,1,0,0,0,0,0,0,0,0,0,0
9478378,4,1,0,0,0,0,0,0,0,0,0,0,0,0,0,0,0,0,0,0,1,0,0,0,0,0,0,0
9478378,4,3,0,0,0,0,0,0,0,0,0,0,0,0,0,0,0,0,0,0,0,0,0,0,1,0,0,0
9478378,4,5,0,0,0,0,0,0,0,0,0,0,0,0,0,0,0,0,0,0,0,0,1,0,0,0,0,0
9478378,4,8,0,0,0,0,0,0,0,0,0,0,0,0,0,0,0,0,0,0,1,0,0,0,0,0,0,0
9478378,4,13,0,0,0,0,0,0,0,0,0,0,0,0,0,0,0,0,0,0,1,0,0,0,0,0,0,0
9481300,4,13,0,0,0,0,0,0,0,0,0,0,0,0,0,0,0,0,0,1,1,0,2,1,0,0,0,0
9481300,4,14,0,0,0,0,0,0,0,0,0,0,0,0,2,0,0,0,0,0,0,0,0,0,0,0,0,0
9504712,4,1,0,0,0,0,0,0,0,0,0,0,0,0,1,0,0,0,0,0,0,0,0,0,0,0,0,0
9504712,4,2,0,0,0,0,0,0,0,0,0,0,0,0,0,0,0,0,0,0,1,0,0,0,0,0,1,0
9504712,4,8,0,0,0,0,0,0,0,0,0,0,0,0,0,0,0,0,0,0,0,0,0,0,0,1,0,0
9504712,4,10,0,0,0,0,0,0,0,0,0,0,0,0,1,0,0,0,0,0,0,1,0,0,0,0,0,0
9504712,4,13,0,0,0,0,0,0,0,0,0,0,0,0,0,0,0,0,0,0,1,1,1,0,2,0,1,1
9530578,4,8,0,0,0,0,0,0,0,0,0,0,0,0,0,0,0,0,0,0,0,0,1,0,0,0,0,0
9530578,4,13,0,0,0,0,0,0,0,0,0,0,0,0,0,0,1,1,0,0,0,0,0,0,0,0,0,0
9534958,4,3,0,0,0,0,0,0,0,0,0,0,0,0,0,0,1,0,0,0,0,0,0,0,0,0,0,0
9534958,4,13,0,0,0,0,0,0,0,0,0,0,0,0,0,1,2,0,0,0,0,0,0,2,0,0,0,0
9535695,4,2,0,0,0,0,0,0,0,1,0,0,0,0,0,0,0,0,0,0,0,0,0,0,0,0,0,0
9535695,4,13,0,0,0,0,1,0,0,0,0,0,0,2,0,0,0,0,0,0,0,0,0,0,0,0,0,0
9544172,4,2,0,0,1,0,0,0,0,0,0,0,0,0,0,0,0,0,0,0,1,0,0,0,0,0,0,0
9544172,4,4,0,1,0,0,0,0,0,0,0,0,0,0,0,0,0,0,0,0,0,0,0,0,0,0,0,0
9547157,4,1,0,0,0,0,1,0,0,0,0,0,0,0,0,0,0,0,0,0,0,0,0,0,0,0,0,0
9550540,4,5,0,0,0,0,0,0,0,0,0,0,0,0,0,0,0,0,0,1,0,0,0,0,0,0,0,0
9550540,4,13,0,0,0,0,0,0,0,0,0,0,0,1,1,0,0,0,0,0,0,0,0,0,0,0,0,0
9561459,4,5,0,0,0,0,0,0,0,1,0,0,0,0,0,0,0,0,0,0,0,0,0,0,0,0,0,0
9561459,4,13,0,0,0,0,0,0,0,0,1,0,0,0,2,0,1,0,0,0,0,0,0,0,0,0,0,0
9562866,4,3,0,0,0,0,0,0,0,0,0,0,0,0,1,0,0,0,0,0,1,0,0,0,0,0,0,0
9562866,4,5,0,0,0,0,0,0,0,0,0,0,0,0,0,0,0,0,1,0,0,0,0,2,0,0,0,1
9562866,4,13,0,0,0,0,0,0,0,0,0,0,0,0,1,0,0,0,0,0,1,0,1,1,1,0,0,0
9566912,4,10,0,0,0,0,0,0,0,0,0,0,0,1,0,0,0,0,0,0,0,0,0,0,0,0,0,0
9583170,4,13,0,0,0,0,0,0,0,0,0,0,0,0,0,0,0,1,1,1,1,0,0,1,0,0,0,0
9586661,4,5,0,0,0,0,0,0,0,0,0,1,0,0,0,0,0,0,0,0,0,0,0,0,0,0,0,0
9591780,4,5,0,0,0,0,0,0,0,0,0,0,0,0,0,1,0,0,0,0,0,0,0,0,0,0,0,0
9591780,4,13,0,0,0,0,0,0,0,0,0,0,0,0,1,0,0,0,0,0,0,0,0,0,0,0,0,0
9599073,4,3,0,0,0,0,0,0,1,0,0,0,0,0,0,0,0,0,0,0,0,0,0,0,0,0,0,0
9605743,4,13,0,0,0,0,0,0,0,0,0,0,0,0,0,0,1,0,1,0,0,0,0,0,0,0,0,0
9607846,4,3,0,0,1,0,0,0,0,0,0,0,0,0,0,0,0,0,0,0,0,0,0,0,0,0,0,0
9607846,4,13,0,0,0,0,0,0,0,0,0,1,0,0,0,0,0,0,0,0,0,0,0,0,0,0,0,0
9609140,4,13,0,0,0,0,0,0,0,1,1,0,0,0,0,0,0,0,0,0,0,0,0,0,0,0,0,0
9609741,4,5,0,0,0,0,0,0,0,0,1,0,0,0,0,0,0,0,0,0,0,0,0,0,0,0,0,0
9611973,4,13,0,0,1,0,0,0,0,0,0,0,1,0,0,0,0,0,0,0,0,0,0,0,0,0,0,0
9613325,4,1,0,0,0,0,0,0,0,0,0,0,0,0,0,0,0,0,0,0,0,0,0,0,1,0,0,0
9613325,4,3,0,0,0,0,0,0,0,0,0,0,0,0,0,0,0,0,0,0,0,0,1,0,0,0,0,0
9613325,4,5,0,0,0,0,0,0,0,0,0,0,0,0,0,0,0,0,0,0,0,0,1,0,2,0,0,0
9613325,4,6,0,0,0,0,0,0,0,0,0,0,0,0,0,0,0,0,1,0,0,0,0,0,0,0,0,0
9613325,4,13,0,0,0,0,0,0,0,0,0,0,0,0,1,0,1,0,1,0,1,0,1,0,0,1,0,0
9614787,4,3,0,0,0,0,0,0,0,0,0,0,0,0,0,0,0,0,0,0,0,0,0,1,0,0,0,0
9614787,4,10,0,0,0,0,0,0,0,0,0,0,0,0,0,0,0,0,0,1,0,0,0,0,0,0,0,0
9614787,4,13,0,0,0,0,0,0,0,0,0,0,0,0,0,0,0,0,0,1,0,0,0,1,0,0,0,0
9614787,4,15,0,0,0,0,0,0,0,0,0,0,0,0,0,0,0,0,0,1,0,0,0,0,0,0,0,0
9616656,4,5,0,0,0,0,0,0,0,0,0,0,0,0,0,0,0,1,0,0,0,0,0,0,0,0,0,0
9616656,4,13,0,0,0,0,0,0,0,0,0,0,0,0,0,0,2,0,0,0,0,0,0,0,0,0,0,0
9622934,4,3,0,0,0,0,0,1,0,0,0,0,0,1,0,0,0,0,0,0,0,0,0,0,0,0,0,0
9622934,4,5,0,0,0,1,0,0,0,0,0,0,0,0,0,0,0,0,0,0,0,0,0,0,0,0,0,0
9633499,4,1,0,0,0,0,0,0,0,0,0,0,0,0,0,0,0,0,0,0,0,0,0,0,1,0,0,0
9641156,4,13,0,0,0,0,0,0,0,1,0,0,0,1,0,0,0,0,0,0,0,0,0,0,0,0,0,0
9646649,4,5,0,0,0,0,0,0,0,0,0,0,0,0,0,0,0,0,0,1,0,0,0,0,0,0,0,0
9646649,4,13,0,0,0,0,1,0,0,0,0,0,0,0,0,0,0,0,0,0,0,0,0,0,0,0,0,0
9651807,4,5,0,0,0,0,0,0,0,0,0,0,0,0,0,0,0,0,1,0,0,0,0,0,0,0,0,0
9651807,4,10,0,0,0,0,0,0,0,0,0,0,0,0,0,0,0,0,0,0,0,0,1,0,0,0,0,0
9651807,4,13,0,0,0,0,0,0,0,0,0,0,0,0,0,0,0,0,0,0,1,0,1,1,0,0,0,0
9658878,4,2,0,0,0,0,0,0,0,0,0,0,0,0,0,0,0,0,0,0,0,0,1,0,0,0,0,0
9658878,4,3,0,0,0,0,0,0,0,0,0,0,0,0,0,0,0,0,0,0,1,0,0,0,0,0,0,0
9658878,4,5,0,0,0,0,0,0,0,0,0,0,0,0,0,0,0,0,1,0,0,0,0,0,0,0,0,0
9658878,4,13,0,0,0,0,0,0,0,0,0,0,0,0,0,0,0,0,0,0,0,1,1,0,0,0,0,0
9662622,4,2,0,0,0,0,0,0,1,0,0,0,0,0,0,0,0,0,0,0,0,0,0,0,0,0,0,0
9662622,4,5,0,0,0,0,0,0,0,0,0,0,1,0,0,0,0,0,0,0,0,0,0,0,0,0,0,0
9662622,4,13,0,0,0,0,0,1,0,0,0,0,0,0,0,0,0,0,0,0,0,0,0,0,0,0,0,0
9674279,4,12,0,0,0,0,0,0,0,0,0,0,0,0,0,0,0,0,0,1,0,0,0,0,0,0,0,0
9674602,4,13,0,0,0,0,0,0,0,0,0,1,0,0,0,0,0,0,0,0,0,0,0,0,0,0,0,0
9685379,4,13,0,0,0,0,0,0,0,0,1,0,0,0,0,0,0,0,0,0,0,0,0,0,0,0,0,0
9693836,4,2,0,0,0,0,0,0,0,0,0,0,0,0,0,0,0,0,0,1,0,0,0,0,0,0,0,0
9693836,4,3,0,0,0,0,0,0,0,0,0,0,0,0,0,0,0,0,0,0,0,0,0,1,0,0,0,0
9693836,4,5,0,0,0,0,0,0,0,0,0,0,0,0,0,0,0,0,0,0,1,0,1,0,0,0,0,0
9693836,4,13,0,0,0,0,0,0,0,0,0,0,0,0,0,0,1,0,0,0,0,0,1,1,0,0,0,0
9695577,4,10,0,0,0,0,0,0,0,0,0,0,1,0,0,1,0,0,0,0,0,0,0,0,0,0,0,0
9697141,4,5,0,0,0,1,0,0,1,0,0,0,0,0,0,0,0,0,0,0,0,0,0,0,0,0,0,0
9711022,4,1,0,0,0,0,0,0,0,0,0,0,1,0,0,0,0,0,0,0,0,0,0,0,0,0,0,0
9711022,4,2,0,0,0,0,0,0,1,0,0,0,0,0,0,0,0,0,0,0,0,0,0,0,0,0,0,0
9713415,4,13,0,0,0,0,0,0,1,0,0,0,0,0,0,0,0,0,0,0,0,0,0,0,0,0,0,0
9727553,4,2,0,0,0,0,0,0,0,0,0,0,1,0,0,0,0,0,0,0,0,0,0,0,0,0,0,0
9727553,4,3,0,0,0,1,0,0,0,0,0,0,0,0,0,0,0,0,0,0,0,0,0,0,0,0,0,0
9731954,4,5,0,0,0,0,1,0,0,0,0,0,0,0,0,0,0,0,0,0,0,0,0,0,0,0,0,0
9731954,4,13,0,0,0,0,0,0,0,0,1,0,0,0,0,0,0,0,0,0,0,0,0,0,0,0,0,0
9739797,4,2,0,0,0,0,0,0,0,0,0,0,0,0,1,0,0,0,0,0,0,0,0,0,0,0,0,0
9739797,4,5,0,0,0,0,0,0,0,0,0,0,1,0,0,0,0,0,0,0,0,0,0,0,0,0,0,0
9739797,4,13,0,0,0,0,0,0,0,0,0,0,0,1,0,0,0,0,0,0,0,0,0,0,0,0,0,0
9747769,4,3,0,0,0,0,1,0,0,0,0,0,0,2,0,0,0,0,0,0,0,0,0,0,0,0,0,0
9757156,4,3,0,0,0,0,0,0,0,1,0,0,0,0,0,0,0,0,0,0,0,0,0,0,0,0,0,0
9761144,4,3,0,0,0,0,0,0,0,0,0,0,0,0,0,0,0,0,0,1,0,0,0,0,0,0,0,0
9761144,4,13,0,0,0,0,0,0,0,0,0,0,0,0,0,0,0,1,0,0,0,0,0,0,0,0,0,0
9763106,4,13,0,0,0,0,0,0,0,0,0,0,0,0,0,0,1,0,0,0,0,0,0,0,0,0,0,0
9769810,4,13,0,0,0,0,0,0,0,0,0,0,1,0,0,1,0,1,0,0,0,0,0,0,0,0,0,0
9769810,4,14,0,0,0,0,0,0,0,0,0,0,0,0,1,0,0,0,0,0,0,0,0,0,0,0,0,0
9774588,4,1,0,0,0,0,0,0,0,0,0,0,0,0,0,0,0,0,0,0,1,0,0,0,0,0,0,0
9791582,4,1,0,0,0,0,0,0,0,0,0,0,0,0,0,0,0,0,0,0,0,0,0,0,0,0,0,1
9791582,4,3,0,0,0,0,0,0,0,0,0,0,0,0,0,0,0,0,0,0,0,0,0,1,0,2,0,0
9791582,4,5,0,0,0,0,0,0,0,0,0,0,0,0,0,0,0,0,0,0,0,0,0,0,0,1,0,0
9791582,4,10,0,0,0,0,0,0,0,0,0,0,0,0,0,0,0,0,0,0,0,0,0,0,0,0,0,1
9791582,4,13,0,0,0,0,0,0,0,0,0,0,0,0,0,2,0,1,0,1,0,2,0,3,0,0,0,2
9798180,4,8,0,0,0,0,0,0,0,0,0,0,0,0,0,0,0,0,0,1,0,0,0,0,0,0,0,0
9798180,4,10,0,0,0,0,0,0,0,0,0,1,0,0,0,0,0,0,0,0,0,0,0,0,0,0,0,0
9799552,4,5,0,0,1,0,0,0,0,0,0,0,0,0,0,0,0,0,0,0,0,0,0,0,0,0,0,0
9799552,4,13,0,0,0,0,0,0,0,0,0,1,0,0,0,0,0,0,0,0,0,0,0,0,0,0,0,0
9812579,4,8,0,0,0,0,0,0,0,1,0,0,0,0,0,0,0,0,0,0,0,0,0,0,0,0,0,0
9823539,4,8,0,0,0,0,0,0,0,0,0,0,0,0,0,0,0,0,0,0,0,0,0,1,0,0,0,0
9823539,4,10,0,0,0,0,0,0,0,0,0,0,0,0,0,0,1,0,0,0,0,0,0,0,0,0,0,0
9823539,4,13,0,0,0,0,0,0,0,0,0,0,0,0,0,0,1,0,0,0,0,0,0,0,0,0,0,0
9827906,4,8,0,0,0,0,0,0,0,0,1,0,0,0,0,0,0,0,0,0,0,0,0,0,0,0,0,0
9832170,4,8,0,0,0,0,1,0,0,0,0,0,0,0,0,0,0,0,0,0,0,0,0,0,0,0,0,0
9832170,4,13,0,0,0,0,1,0,0,0,0,0,0,1,0,0,0,0,0,0,0,0,0,0,0,0,0,0
9847681,4,5,0,0,0,0,1,0,0,0,0,0,0,0,0,0,0,0,0,0,0,0,0,0,0,0,0,0
9847681,4,8,0,0,0,0,0,1,0,0,0,0,0,0,0,0,0,0,0,0,0,0,0,0,0,0,0,0
9850160,4,10,0,0,0,0,0,0,0,0,1,0,0,0,0,0,0,0,0,0,0,0,0,0,0,0,0,0
9854485,4,13,0,0,0,0,0,0,1,0,0,0,0,0,0,0,0,0,0,0,0,0,0,0,0,0,0,0
9854780,4,8,0,0,0,1,0,0,0,0,0,1,0,0,0,0,0,0,0,0,0,0,0,0,0,0,0,0
9862287,4,5,0,0,0,0,0,0,1,0,1,0,0,0,0,0,0,0,0,0,0,0,0,0,0,0,0,0
9868427,4,3,0,0,0,0,0,0,0,0,0,0,0,0,0,1,0,0,0,0,0,0,0,0,0,0,0,0
9868427,4,10,0,0,0,0,0,0,0,0,0,0,1,0,0,0,0,0,0,0,0,0,0,0,0,0,0,0
9868427,4,13,0,0,0,0,0,1,0,0,0,1,0,0,0,0,0,0,0,1,0,0,0,0,0,0,0,0
9872061,4,3,0,0,0,0,0,0,0,0,0,1,0,0,0,0,0,0,0,0,0,0,0,0,0,0,0,0
9872061,4,13,0,0,0,0,0,0,0,0,0,1,0,0,0,0,0,0,0,0,0,0,0,0,0,0,0,0
9877004,4,1,0,0,0,0,0,0,0,0,0,0,0,0,0,0,1,0,0,0,0,0,0,0,0,0,0,0
9877004,4,2,0,0,0,0,0,0,0,0,0,0,0,0,0,0,0,0,0,0,1,0,0,0,0,0,0,0
9877004,4,5,0,0,0,0,0,0,0,0,0,0,0,0,0,0,0,0,0,0,0,0,1,0,1,2,0,1
9877004,4,13,0,0,0,0,0,0,0,0,0,0,0,0,0,0,1,0,0,0,0,0,0,0,1,0,0,0
9879186,4,8,0,0,0,0,0,0,0,0,1,0,0,0,0,0,0,0,0,0,0,0,0,0,0,0,0,0
9883070,4,5,0,0,0,0,0,0,0,0,1,0,0,0,0,0,0,0,0,0,0,0,0,0,0,0,0,0
9883070,4,8,0,0,0,0,0,0,0,0,1,1,0,0,0,0,0,0,0,0,0,0,0,0,0,0,0,0
9891263,4,2,0,0,0,0,0,0,0,0,0,0,0,0,1,0,0,0,0,0,0,0,0,0,0,0,0,0
9891263,4,10,0,0,0,0,0,0,0,0,1,0,0,0,0,0,0,0,0,0,0,0,0,0,0,0,0,0
9905275,4,2,0,0,0,0,0,0,0,0,0,0,0,0,0,0,0,0,0,0,1,0,0,0,0,0,0,0
9905275,4,3,0,0,0,0,0,0,0,0,0,0,0,0,0,0,1,0,0,0,1,0,0,0,0,0,0,0
9905275,4,5,0,0,0,0,0,0,0,0,0,0,0,0,0,0,0,0,1,0,0,0,0,0,1,0,1,0
9905275,4,10,0,0,0,0,0,0,0,0,0,0,0,0,0,0,1,0,0,0,0,0,0,0,1,0,0,0
9905275,4,13,0,0,0,0,0,0,0,0,0,0,0,0,0,0,0,0,0,0,1,0,1,0,0,1,1,0
9919085,4,2,0,0,0,0,0,0,0,0,0,0,0,0,0,0,0,0,0,0,0,0,0,0,0,0,0,1
9919085,4,13,0,0,0,0,0,0,0,0,0,0,0,0,0,0,0,0,1,0,0,0,0,0,0,0,0,0
9921306,4,13,0,0,0,0,0,0,0,0,0,0,0,0,0,0,1,0,0,1,0,0,0,0,0,0,0,0
9922230,4,13,0,0,0,0,0,0,0,0,0,0,0,0,0,0,0,0,0,1,3,0,1,0,0,0,0,0
9928084,4,3,0,0,0,0,0,0,0,0,0,0,0,0,0,0,0,0,1,0,0,0,0,0,0,0,0,0
9935391,4,2,0,0,0,0,0,0,0,0,0,0,0,0,0,0,0,0,1,0,0,0,0,0,0,0,0,0
9935391,4,3,0,0,0,0,0,0,0,0,0,0,0,0,0,0,0,0,0,0,0,1,0,0,0,0,0,0
9935391,4,5,0,0,0,0,0,0,0,0,0,0,0,0,0,0,0,0,1,0,0,1,0,0,0,0,0,0
9935391,4,13,0,0,0,0,0,0,0,0,0,0,0,0,0,0,0,1,0,0,0,0,0,0,0,0,0,0
9951708,4,13,0,0,0,0,0,0,1,0,0,0,0,0,0,0,0,0,0,0,0,0,0,0,0,0,0,0
9952162,4,3,0,0,0,0,0,0,0,1,0,0,0,0,0,0,0,0,0,0,0,0,0,0,0,0,0,0
9955143,4,13,0,0,0,0,0,0,0,0,0,0,0,0,0,0,1,0,0,0,0,0,0,0,0,0,0,0
9955991,4,4,0,0,0,0,0,0,0,1,0,0,0,0,0,0,0,0,0,0,0,0,0,0,0,0,0,0
9955991,4,8,0,0,0,0,0,0,0,0,0,0,1,0,0,0,0,0,0,0,0,0,0,0,0,0,0,0
9955991,4,13,0,0,0,0,0,0,0,0,0,1,1,0,0,0,0,0,0,0,0,0,0,0,0,0,0,0
9959714,4,13,0,0,0,0,0,0,0,0,1,0,0,0,0,0,0,0,0,0,0,0,0,0,0,0,0,0
9961147,4,13,0,0,0,0,0,0,0,0,0,0,0,0,1,0,0,0,0,0,0,0,0,0,0,0,0,0
9967778,4,13,0,0,0,0,1,0,0,0,0,0,0,0,0,0,0,0,0,0,0,0,0,0,0,0,0,0
9972310,4,5,0,0,0,0,0,0,0,0,0,0,0,0,0,0,0,0,0,0,0,1,0,0,0,0,0,0
9972310,4,13,0,0,0,0,0,0,0,0,0,0,0,0,0,0,1,0,0,0,0,0,0,0,1,0,0,0
9978287,4,5,0,0,0,1,0,0,0,0,0,0,0,0,0,0,0,0,0,0,0,0,0,0,0,0,0,0
9982711,4,5,0,0,0,0,0,0,0,0,0,0,0,0,0,0,0,1,0,0,0,0,0,0,0,0,0,0
9982711,4,13,0,0,0,0,0,0,0,0,0,0,0,0,0,1,0,0,0,0,1,0,0,0,0,0,0,0
9988185,4,3,0,0,0,0,0,0,0,0,0,0,0,0,0,0,0,0,0,1,0,0,0,0,0,0,0,0
9988185,4,5,0,0,0,0,0,0,0,0,0,0,0,0,0,0,1,1,0,0,0,0,0,0,0,0,0,0
9988185,4,10,0,0,0,0,0,0,0,0,0,0,0,0,2,0,0,0,0,0,0,0,0,0,0,0,0,0
9988185,4,12,0,0,0,0,0,0,0,0,0,0,0,0,0,0,0,0,1,0,0,0,0,0,0,0,0,0
9988185,4,13,0,0,0,0,0,0,0,0,0,0,0,0,1,0,1,1,0,0,0,0,0,0,0,0,0,0
1045346,5,0,0,0,0,0,0,0,0,0,0,0,0,0,0,1,0,0,1,1,9,0,0,0,0,0,0,0
1068545,5,0,0,0,0,0,0,0,1,0,0,0,0,0,0,0,0,0,0,0,0,0,0,0,0,0,0,0
1085196,5,0,2,0,0,0,0,0,0,0,0,0,0,0,0,0,0,0,0,0,0,0,0,0,0,0,0,0
1092499,5,0,0,0,1,0,1,1,0,0,0,0,0,0,0,0,0,0,0,0,0,0,0,0,0,0,0,0
1096718,5,0,29,31,2,3,0,1,0,0,0,0,0,0,0,0,0,0,1,0,1,3,0,0,1,0,0,0
1099390,5,0,0,0,0,0,0,0,0,0,0,0,0,0,0,0,0,0,0,0,1,0,0,0,0,0,0,0
1135119,5,0,0,0,0,0,0,0,0,0,1,0,1,0,0,0,0,0,0,0,0,0,0,0,0,0,0,0
1144150,5,0,0,0,0,0,0,0,0,0,0,0,0,0,0,0,0,2,0,0,0,0,0,0,0,0,0,0
1167158,5,0,0,0,1,0,0,0,0,0,0,0,0,0,0,0,0,0,0,0,0,0,0,0,0,0,0,0
1179620,5,0,0,0,0,0,0,1,1,0,0,0,1,0,0,0,0,0,0,0,0,0,0,0,0,0,0,0
1191223,5,0,7,1,6,6,1,1,0,0,1,0,0,0,2,2,1,0,2,0,0,0,0,0,0,0,0,0
1206657,5,0,0,0,0,0,0,0,0,1,0,0,0,0,0,0,0,0,0,0,0,0,0,0,0,0,0,0
1208342,5,0,0,0,1,1,0,0,0,0,0,0,0,0,0,0,0,0,0,0,1,0,0,0,0,0,0,0
1212570,5,0,0,1,0,0,0,0,0,0,0,0,1,1,0,0,0,0,0,0,0,0,0,0,0,0,0,0
1212648,5,0,0,0,1,1,1,0,0,0,0,0,0,0,0,0,0,0,0,0,0,0,0,0,0,0,0,0
1229737,5,0,0,0,0,0,0,0,0,0,0,0,1,0,0,0,0,0,0,0,0,0,0,0,0,0,0,0
1235721,5,0,0,0,0,0,0,0,0,0,0,0,0,1,0,0,0,0,0,0,0,0,0,0,0,0,0,0
1245303,5,0,13,11,3,0,2,2,1,2,6,7,1,1,1,1,4,3,1,6,3,0,2,1,0,0,1,0
1281135,5,0,5,4,5,3,3,4,5,1,2,0,1,0,0,0,1,0,1,1,0,1,0,0,0,0,0,0
1281958,5,0,0,0,1,0,1,0,0,0,0,0,0,0,0,0,0,0,0,0,0,0,0,0,0,0,0,0
1297501,5,0,0,0,0,0,0,0,0,0,0,0,0,0,0,0,0,0,0,0,0,0,1,0,0,0,0,0
1301759,5,0,2,2,0,0,0,1,1,0,0,0,0,0,1,0,2,1,0,0,0,0,0,1,0,0,0,0
1338791,5,0,0,0,0,0,0,1,0,0,0,0,0,0,0,0,0,0,1,0,0,0,0,0,0,0,0,0
1345918,5,0,0,0,0,0,0,0,0,0,0,0,0,0,0,0,0,0,0,0,0,0,0,1,0,0,0,0
1347392,5,0,0,0,0,0,1,1,0,0,0,0,0,0,0,0,0,0,0,0,0,0,0,0,0,0,0,0
1378581,5,0,0,0,0,1,0,0,1,0,0,2,0,0,0,0,0,0,0,0,0,0,0,0,0,0,0,0
1395244,5,0,1,0,0,0,0,0,0,0,0,0,0,0,1,0,0,0,0,0,1,0,0,1,0,0,0,0
1406222,5,0,0,0,0,0,0,0,0,0,0,0,0,1,1,0,0,0,0,0,0,0,0,0,0,0,0,0
1406557,5,0,0,0,0,0,0,0,0,0,0,0,0,0,1,0,0,0,0,0,2,0,0,0,0,0,0,0
1408721,5,0,3,1,0,0,0,1,0,0,0,0,0,0,0,0,0,0,0,0,0,0,0,0,0,0,0,0
1436979,5,0,0,0,0,0,0,0,0,0,0,1,0,0,0,0,0,0,0,0,0,0,0,0,0,0,0,0
1446280,5,0,3,3,0,0,0,0,0,0,0,0,0,0,0,0,0,0,0,0,0,0,0,0,0,0,0,0
1463731,5,0,0,0,0,0,0,0,1,0,0,0,0,0,0,0,0,0,0,0,0,0,0,0,0,0,0,0
1471204,5,0,0,0,0,0,0,0,1,0,0,0,0,0,0,0,0,0,0,0,0,0,0,0,0,0,0,0
1484270,5,0,1,0,0,0,0,0,0,1,0,0,0,0,0,0,0,0,0,0,0,0,0,0,0,0,0,0
1488493,5,0,0,0,0,0,0,0,1,0,0,0,0,0,0,0,0,0,0,0,0,0,0,0,0,0,0,0
1507354,5,0,0,0,0,0,0,0,0,0,0,0,0,0,0,0,0,0,1,0,0,0,0,0,0,0,0,0
1508907,5,0,27,21,0,1,1,0,0,0,0,0,0,0,0,0,0,0,0,0,0,0,0,0,0,0,0,0
1508948,5,0,40,31,3,1,2,2,2,1,2,1,0,0,0,0,0,0,0,0,0,0,0,0,0,0,0,0
1512701,5,0,0,0,0,0,2,0,1,0,0,0,0,0,0,0,0,0,0,0,0,0,0,0,0,0,0,0
1515022,5,0,0,0,3,2,0,0,0,0,0,0,0,0,0,0,0,0,0,0,0,0,0,0,0,0,0,0
1536380,5,0,0,0,1,0,0,0,0,0,0,0,0,0,0,0,0,0,0,0,0,0,0,0,0,0,0,0
1540619,5,0,0,0,1,0,0,0,0,0,0,0,0,0,0,0,0,0,0,0,0,0,0,0,0,0,0,0
1548431,5,0,0,0,1,0,1,2,1,1,0,0,0,0,0,0,0,0,0,0,0,0,0,0,0,0,0,0
1552695,5,0,0,0,0,0,0,0,0,0,0,0,0,1,0,0,0,0,0,0,0,0,0,0,0,0,0,0
1590579,5,0,0,0,0,0,0,0,0,0,0,0,0,0,0,0,0,0,0,0,0,1,0,0,0,0,0,0
1599904,5,0,0,1,0,1,0,1,0,0,0,0,0,0,0,0,0,0,0,0,0,0,0,0,0,0,0,0
1607185,5,0,0,0,0,0,0,0,0,0,0,1,0,0,0,0,0,0,0,0,0,0,0,0,0,0,0,0
1624201,5,0,0,0,0,0,0,0,0,0,0,0,0,0,1,0,0,0,0,0,0,0,0,0,0,0,0,0
1667297,5,0,0,0,1,1,0,1,0,1,1,1,1,0,0,0,0,0,0,0,0,0,0,0,0,0,0,0
1673345,5,0,0,0,1,0,0,0,0,0,0,0,0,0,0,0,0,0,0,0,0,0,0,0,0,0,0,0
1678634,5,0,6,5,2,2,0,0,3,1,1,0,0,1,2,0,1,1,0,1,1,0,0,0,0,0,0,0
1686012,5,0,0,0,1,0,0,0,0,0,0,0,0,0,0,0,0,0,0,0,0,0,0,0,0,0,0,0
1700888,5,0,0,0,0,0,0,0,0,0,0,0,0,0,0,0,0,0,1,0,1,0,0,2,0,0,0,0
1711664,5,0,0,0,0,0,0,0,0,0,0,0,0,0,0,0,1,0,0,0,0,0,0,0,0,0,0,0
1729768,5,0,0,0,0,0,0,0,1,0,0,0,0,0,0,0,0,0,0,0,0,0,0,0,0,0,0,0
1733339,5,0,0,0,0,0,0,0,0,1,0,0,0,0,0,0,0,0,0,0,0,0,0,0,0,0,0,0
1739518,5,0,0,0,0,0,0,0,0,0,0,0,0,0,0,1,0,0,0,0,0,0,0,0,0,0,0,0
1758805,5,0,7,6,2,2,0,0,0,1,2,0,0,1,0,0,0,0,0,0,1,2,0,0,0,0,0,0
1767960,5,0,0,0,0,0,0,0,0,0,0,0,0,0,1,0,0,0,0,0,0,0,0,0,0,0,0,0
1775688,5,0,0,0,0,0,0,0,0,0,0,0,0,0,0,0,1,0,1,0,0,0,0,2,0,0,0,0
1781933,5,0,0,0,0,2,0,0,0,1,0,0,0,0,0,0,0,0,0,0,0,0,0,0,0,0,0,0
1810946,5,0,0,0,0,0,1,1,0,0,0,1,0,0,0,0,0,0,0,0,0,0,0,0,0,0,0,0
1817718,5,0,0,0,0,0,0,0,1,0,0,0,0,0,0,0,0,0,0,0,0,0,0,0,0,0,0,0
1839701,5,0,20,11,1,0,0,0,0,0,0,0,0,0,0,0,0,0,0,0,0,0,0,0,0,0,0,0
1873768,5,0,1,1,2,1,0,0,1,0,0,0,1,0,0,0,0,0,1,0,0,0,0,0,0,0,1,0
1876780,5,0,0,0,0,0,0,0,0,0,0,0,0,1,3,2,0,0,1,0,0,0,0,0,0,0,0,0
1890538,5,0,1,1,0,1,1,0,0,0,0,0,0,0,0,0,0,0,0,0,0,0,0,0,0,0,0,0
1902111,5,0,0,0,0,0,0,0,1,0,0,0,0,0,0,0,0,0,0,0,0,0,0,0,0,0,0,0
1931312,5,0,10,14,0,0,0,0,1,0,0,0,0,0,0,1,1,0,1,0,0,0,0,0,0,0,0,0
1934540,5,0,0,0,0,1,0,0,0,0,0,0,0,0,0,0,0,0,0,0,0,0,0,0,0,0,0,0
1945395,5,0,0,0,0,1,0,0,0,0,0,0,0,0,1,0,0,0,0,0,0,0,0,0,0,0,0,0
1949912,5,0,0,0,0,0,0,0,1,0,0,0,0,0,0,0,0,0,0,0,0,0,0,0,0,0,0,0
1971247,5,0,7,3,1,4,0,0,0,0,1,0,1,0,0,0,0,0,0,0,0,0,0,0,0,0,0,0
1974064,5,0,0,0,0,0,0,0,0,0,0,0,0,0,0,0,0,0,0,0,1,0,2,0,0,0,0,0
1985859,5,0,0,0,0,0,0,0,0,0,1,0,0,0,0,0,0,0,0,0,0,0,0,0,0,0,0,0
1992073,5,0,0,0,1,1,1,0,0,0,0,2,2,1,1,0,1,2,1,1,1,1,0,0,1,0,0,0
1992074,5,0,0,0,0,0,1,0,0,0,0,0,0,0,0,0,0,0,0,0,0,0,0,0,0,0,0,0
2000121,5,0,0,1,1,1,1,0,0,2,0,1,1,0,0,0,0,0,0,0,0,0,0,0,0,0,0,0
2000982,5,0,0,0,0,0,2,0,0,0,0,0,0,0,0,0,0,0,0,0,0,0,0,0,0,0,0,0
2001501,5,0,1,0,1,0,3,2,1,0,0,1,1,0,0,0,1,0,1,0,0,0,0,0,0,0,0,0
2009492,5,0,1,0,0,0,1,0,0,0,0,0,0,0,0,0,0,0,0,0,0,0,0,0,0,0,0,0
2017166,5,0,0,0,2,0,1,0,0,0,0,1,1,0,0,0,0,0,0,0,0,0,0,0,0,1,0,0
2017282,5,0,0,0,0,0,2,0,0,0,0,0,0,0,0,0,0,0,0,0,0,0,0,0,0,0,0,0
2021558,5,0,0,0,0,0,0,0,0,0,1,0,1,0,0,0,0,0,0,0,0,0,0,0,0,0,0,0
2027310,5,0,0,0,0,0,0,0,0,0,0,1,0,1,0,0,0,0,0,0,0,0,0,0,0,0,0,0
2038423,5,0,1,1,0,0,0,0,0,0,0,0,0,0,0,0,0,0,0,0,0,0,0,0,0,0,0,0
2053210,5,0,0,0,0,0,0,0,0,0,0,0,0,0,0,0,0,0,1,0,2,1,0,0,0,0,0,0
2058169,5,0,0,0,0,0,0,0,0,1,0,0,0,0,0,1,0,0,0,0,0,0,0,0,0,0,0,0
2058491,5,0,0,0,0,0,1,1,3,1,0,0,0,0,0,0,0,0,0,0,0,0,0,0,0,0,0,0
2063306,5,0,0,0,0,0,0,0,0,0,0,0,0,0,2,0,1,0,1,0,1,1,1,0,0,0,0,0
2064243,5,0,0,0,0,0,1,0,0,0,0,0,0,0,0,0,0,0,0,0,0,0,0,0,0,0,0,0
2104729,5,0,0,0,0,0,0,0,0,0,0,0,0,0,1,0,0,0,0,0,0,0,0,0,0,0,0,0
2107542,5,0,0,0,0,0,0,1,0,0,0,0,0,0,0,0,0,0,0,0,0,0,0,0,0,0,0,0
2108674,5,0,0,0,1,1,0,0,0,0,0,0,0,0,0,0,0,0,0,0,0,0,0,0,0,0,0,0
2110626,5,0,0,0,0,0,0,0,0,0,0,0,1,0,0,0,0,0,0,0,0,0,0,0,0,0,0,0
2118647,5,0,0,0,0,0,1,0,0,0,0,0,0,0,0,0,0,0,0,0,0,0,0,0,0,0,0,0
2125573,5,0,0,0,0,0,0,1,0,0,0,0,0,0,0,0,0,0,0,0,0,0,0,0,0,0,0,0
2142704,5,0,2,1,1,0,1,0,0,1,2,1,0,0,1,0,0,0,2,0,0,0,0,0,0,0,0,0
2191091,5,0,0,0,1,0,0,0,0,0,0,0,0,0,0,0,0,0,0,0,0,0,0,0,0,0,0,0
2221071,5,0,0,0,0,1,0,0,0,0,0,0,0,0,0,0,0,0,0,0,0,0,0,0,0,0,0,0
2243407,5,0,0,0,0,0,0,0,1,0,0,0,0,0,0,0,0,0,0,0,0,0,0,0,0,0,0,0
2251153,5,0,18,17,1,2,1,0,3,0,1,2,6,5,2,0,2,0,1,0,1,0,0,0,0,0,0,0
2259231,5,0,21,9,6,6,7,6,14,5,7,4,3,1,0,3,0,1,5,0,2,0,0,0,1,1,0,0
2273123,5,0,110,104,7,2,0,1,2,1,0,1,2,0,3,0,0,1,2,1,4,1,4,1,1,0,1,0
2288378,5,0,2,0,2,0,1,0,2,1,1,0,0,0,0,0,0,0,1,0,3,0,0,0,0,0,0,0
2288532,5,0,0,0,0,1,0,0,0,0,0,1,0,0,0,0,0,0,0,0,0,0,0,0,0,0,0,0
2293502,5,0,2,2,0,1,0,1,0,0,0,0,1,1,0,0,0,1,1,0,2,0,0,0,0,0,0,0
2306581,5,0,0,0,3,3,1,1,0,0,0,0,1,0,0,0,0,0,0,0,0,0,0,0,0,0,0,0
2311679,5,0,0,0,0,0,0,0,0,0,0,0,0,1,0,0,0,0,0,0,0,0,0,0,0,0,0,0
2333892,5,0,0,0,0,0,0,0,0,0,1,0,0,0,0,0,0,0,2,0,0,0,0,0,0,0,0,0
2352282,5,0,0,0,0,0,0,0,0,0,0,0,0,0,0,0,0,0,0,0,1,0,0,0,0,0,0,0
2366615,5,0,0,0,6,9,0,0,1,1,1,0,1,0,0,0,0,0,0,0,0,0,0,0,0,0,0,0
2387135,5,0,0,0,0,0,0,0,0,0,0,0,0,0,1,1,0,0,0,0,0,0,0,0,0,0,0,0
2442433,5,0,4,1,0,1,0,0,1,0,0,0,0,0,0,0,0,0,0,0,0,0,0,0,0,0,0,0
2444103,5,0,0,0,0,0,0,0,0,0,0,0,0,2,0,0,0,0,0,0,0,0,0,0,0,0,0,0
2453583,5,0,0,0,0,0,1,0,0,0,0,0,0,0,0,0,0,0,0,0,0,0,0,0,0,0,0,0
2487503,5,0,1,0,1,0,0,1,0,0,0,1,2,2,1,0,0,1,0,0,0,0,0,0,0,0,0,0
2487917,5,0,0,0,0,0,0,0,0,0,0,0,0,0,0,0,0,0,0,0,1,0,2,0,0,0,0,0
2494696,5,0,0,0,0,3,0,0,0,0,0,0,0,0,0,0,0,0,0,0,0,0,0,0,0,0,0,0
2497331,5,0,0,1,0,0,0,0,0,0,0,0,0,0,0,0,0,0,0,0,0,0,0,0,0,0,0,0
2510933,5,0,0,0,1,0,0,0,0,0,0,0,0,0,0,0,0,0,0,0,0,0,0,0,0,0,0,0
2516163,5,0,0,0,0,0,0,0,0,0,1,0,0,0,0,0,0,0,0,0,0,0,0,0,0,0,0,0
2543877,5,0,0,1,0,1,0,0,0,0,0,0,0,0,0,0,0,0,0,0,0,0,0,0,0,0,0,0
2551645,5,0,0,0,0,0,0,0,0,0,0,0,0,0,0,0,0,0,0,0,1,0,0,0,0,0,0,0
2583271,5,0,0,0,1,0,0,0,0,0,0,0,0,0,0,0,0,0,0,0,0,0,0,0,0,0,0,0
2584221,5,0,0,0,0,0,0,0,0,0,1,0,0,0,0,0,0,0,0,0,0,0,0,0,0,0,0,0
2588959,5,0,0,0,0,0,0,0,0,0,1,0,0,0,0,0,0,0,0,0,0,0,0,0,0,0,0,0
2605911,5,0,0,0,0,0,0,0,0,0,0,0,0,0,1,0,0,0,1,0,4,0,0,0,0,0,0,0
2606910,5,0,11,13,0,1,0,0,0,1,0,0,0,0,0,0,0,0,0,0,1,0,0,0,0,0,0,0
2610339,5,0,0,0,1,1,2,0,0,0,0,1,0,0,0,0,0,0,0,0,0,0,0,0,0,0,0,0
2635758,5,0,0,0,4,6,0,0,0,0,0,0,0,0,0,0,0,0,0,0,0,0,0,0,0,0,0,0
2640172,5,0,2,1,0,0,0,1,0,1,0,0,0,0,0,0,0,0,1,0,0,0,0,0,0,0,0,0
2668013,5,0,64,55,2,3,1,0,2,1,2,1,1,0,0,0,1,0,0,0,0,0,0,0,0,0,0,0
2679566,5,0,0,0,0,0,0,0,0,0,0,0,1,0,0,0,0,0,0,0,0,0,0,0,0,0,0,0
2679847,5,0,0,0,0,0,0,0,0,0,0,0,0,0,0,1,0,1,0,0,0,0,1,0,0,0,0,0
2689061,5,0,0,0,0,0,0,2,0,0,0,0,0,0,0,0,0,0,0,0,0,0,0,0,0,0,0,0
2709794,5,0,0,0,0,0,0,0,0,0,0,0,0,0,0,0,0,0,0,0,8,0,2,0,0,0,0,0
2717079,5,0,0,0,0,0,0,0,0,0,0,0,1,0,0,0,0,0,0,0,0,0,0,0,0,0,0,0
2726601,5,0,0,0,1,0,0,0,1,1,0,0,4,1,0,0,0,0,0,0,0,0,0,0,0,0,0,0
2733282,5,0,0,1,0,0,0,0,0,0,0,0,0,0,0,0,0,0,0,0,0,0,0,0,0,0,0,0
2750783,5,0,3,1,1,0,0,0,2,1,0,0,1,0,1,0,0,0,1,0,0,0,1,0,0,0,0,0
2754475,5,0,0,0,0,0,0,1,0,0,0,0,0,0,0,0,0,0,0,0,0,0,0,0,0,0,0,0
2774803,5,0,0,0,0,0,0,0,0,0,0,0,0,0,0,0,1,0,0,0,0,0,0,0,0,0,0,0
2809002,5,0,0,0,0,0,0,0,0,0,0,0,0,0,0,0,0,0,0,0,0,2,0,0,0,0,0,0
2818029,5,0,0,0,0,0,0,1,0,0,0,0,0,0,0,0,0,0,0,0,0,0,0,0,0,0,0,0
2855043,5,0,0,1,1,1,0,0,2,1,0,0,0,0,0,0,0,0,0,0,0,0,0,0,0,0,0,0
2863647,5,0,0,0,0,0,0,1,0,0,0,0,0,0,0,0,0,0,0,0,0,0,0,0,0,0,0,0
2873999,5,0,3,0,0,0,0,1,0,0,0,0,0,0,0,0,0,0,0,0,0,0,0,0,0,0,0,0
2880816,5,0,0,0,0,0,0,0,0,0,0,0,0,0,0,0,0,0,0,0,1,0,0,0,0,0,0,0
2901078,5,0,0,0,0,0,0,0,0,0,0,0,0,0,0,0,0,0,0,0,2,0,0,0,0,0,0,0
2914123,5,0,0,0,0,1,0,0,0,0,0,0,0,0,0,0,0,0,0,0,0,0,0,0,0,0,0,0
2921634,5,0,0,0,1,0,2,0,0,2,1,0,1,1,2,0,0,0,0,0,0,0,0,0,0,0,0,0
2931203,5,0,0,0,0,0,1,0,0,0,0,0,0,0,0,0,1,0,0,0,0,0,0,0,0,1,0,0
2950738,5,0,0,0,0,0,0,0,0,0,0,0,0,0,0,0,1,0,5,0,1,1,0,1,1,0,0,0
2956800,5,0,12,8,3,4,1,1,2,0,0,0,1,0,4,0,0,0,6,0,2,0,4,0,0,0,0,0
2958858,5,0,0,0,1,0,0,0,0,0,0,0,0,0,0,0,0,0,0,0,0,0,0,0,0,0,0,0
2976796,5,0,1,1,6,12,2,2,2,2,1,2,2,0,1,1,0,1,1,0,3,0,0,0,0,1,0,0
2990273,5,0,0,0,0,0,0,1,0,0,0,0,1,2,0,0,0,0,0,0,0,0,0,0,0,0,0,0
3010782,5,0,0,0,0,0,0,0,0,0,0,0,0,0,0,0,1,0,0,0,0,0,0,0,0,0,0,0
3014670,5,0,1,0,0,0,0,0,0,1,0,0,0,0,0,0,0,0,0,0,0,0,0,0,0,0,0,0
3029750,5,0,20,13,0,0,1,1,0,0,1,0,0,0,0,1,0,1,0,0,0,0,0,0,0,0,0,0
3034174,5,0,1,0,1,1,0,1,1,0,0,0,0,0,0,0,0,0,0,0,0,0,0,0,0,0,0,0
3049338,5,0,0,0,0,0,0,0,0,0,0,0,0,0,0,0,0,0,0,0,3,0,0,0,0,0,0,0
3065032,5,0,2,0,0,0,0,0,0,0,0,0,1,0,0,0,0,0,0,0,0,0,0,0,0,0,0,0
3078906,5,0,0,0,0,1,0,0,0,0,0,0,0,0,0,0,0,0,0,0,0,0,0,0,0,0,0,0
3105037,5,0,0,0,0,0,0,0,0,0,1,0,0,0,0,0,0,0,0,0,0,0,0,0,0,0,0,0
3114428,5,0,0,0,0,0,0,1,0,0,0,0,0,0,0,0,0,0,0,0,0,0,0,0,0,0,0,0
3134825,5,0,0,0,0,0,0,0,0,0,0,0,0,0,0,0,0,0,0,0,1,0,0,0,0,0,0,0
3135112,5,0,0,1,6,1,0,0,0,0,0,0,0,0,0,0,0,0,0,0,0,0,0,0,0,0,0,0
3137247,5,0,0,0,0,0,0,0,0,1,0,0,0,0,0,0,0,0,0,0,0,0,0,0,0,0,0,0
3137428,5,0,1,0,0,0,0,0,0,0,0,0,0,0,0,0,0,0,0,0,0,0,0,0,0,0,0,0
3145548,5,0,0,0,0,0,0,0,0,1,0,0,0,0,1,2,0,0,0,0,0,0,0,0,0,0,0,0
3164261,5,0,0,0,0,0,0,0,0,0,0,0,0,0,0,1,0,0,0,0,1,0,2,0,0,0,0,0
3172432,5,0,1,0,0,0,0,0,0,0,0,0,0,0,0,0,0,0,1,0,0,0,0,0,0,0,0,0
3175139,5,0,0,0,0,0,0,0,0,0,0,0,0,0,2,0,0,0,0,1,0,0,0,0,0,0,0,0
3176704,5,0,0,0,0,0,0,0,0,0,0,0,0,0,0,0,0,0,1,0,4,0,2,0,0,0,0,0
3183356,5,0,0,0,0,0,0,0,0,0,0,0,0,0,0,0,0,0,0,0,0,0,0,0,0,1,0,0
3190556,5,0,0,0,1,1,0,0,0,0,0,0,0,0,0,0,0,0,0,0,0,0,0,0,0,0,0,0
3202720,5,0,0,0,0,0,0,0,0,0,0,0,0,1,0,0,0,0,0,0,0,0,0,0,0,0,0,0
3229743,5,0,0,0,0,0,0,0,0,0,0,0,0,0,1,0,0,0,0,0,0,0,0,0,0,0,0,0
3229906,5,0,0,0,0,0,0,0,0,0,0,0,0,0,0,0,0,0,0,0,8,0,1,0,0,0,0,0
3246961,5,0,4,1,1,4,1,0,0,0,0,0,1,1,1,0,1,0,1,0,0,0,0,0,0,0,0,0
3251382,5,0,19,13,1,1,2,1,3,1,0,0,0,0,2,0,0,0,0,0,2,0,1,0,0,0,0,0
3258820,5,0,0,0,0,1,3,1,0,0,0,0,0,0,0,0,0,0,0,0,0,0,0,0,0,0,0,0
3267553,5,0,0,0,0,0,0,0,0,1,0,0,0,0,0,0,0,0,0,0,0,0,0,0,0,0,0,0
3303708,5,0,0,0,1,0,0,0,0,0,0,0,0,0,0,0,0,0,0,0,0,0,0,0,0,0,0,0
3318845,5,0,0,0,0,0,1,0,0,0,0,0,0,0,0,0,0,0,0,0,0,0,0,0,0,0,0,0
3392492,5,0,0,0,0,0,0,1,0,0,0,0,0,0,0,0,0,0,0,0,0,0,0,0,0,0,0,0
3393004,5,0,0,0,0,0,0,0,0,0,0,0,0,0,1,0,0,0,0,0,0,0,0,0,0,0,0,0
3397857,5,0,0,0,2,1,0,0,0,0,0,0,0,0,0,0,0,0,0,0,0,0,0,0,0,0,0,0
3398815,5,0,0,0,0,1,0,0,0,0,0,0,0,0,0,0,0,0,0,0,0,0,0,0,0,0,0,0
3411897,5,0,1,0,0,0,0,0,0,0,0,0,0,0,0,0,0,0,0,0,0,0,0,0,0,0,0,0
3413074,5,0,0,1,0,0,0,0,0,0,0,0,0,0,0,0,0,0,0,0,0,0,0,0,0,0,0,0
3414499,5,0,0,0,0,0,0,0,0,0,0,0,0,0,0,0,0,0,0,0,0,0,1,0,0,0,0,0
3435303,5,0,0,1,0,1,0,0,0,0,0,0,0,0,0,0,0,0,0,0,0,0,0,0,0,0,0,0
3449363,5,0,0,0,0,1,0,0,0,0,0,0,0,0,0,0,0,0,0,0,0,0,0,0,0,0,0,0
3455220,5,0,0,0,1,2,0,0,0,0,0,0,0,0,0,0,0,0,0,0,0,0,0,0,0,0,0,0
3463147,5,0,0,0,0,0,1,0,0,0,0,0,0,0,0,0,0,0,0,0,0,0,0,0,0,0,0,0
3479034,5,0,0,0,0,0,0,0,0,0,0,0,0,0,0,0,0,0,0,0,3,0,0,0,0,0,0,0
3502346,5,0,0,0,0,0,0,0,0,0,0,0,2,1,0,0,0,0,0,0,0,0,0,0,0,0,0,0
3547977,5,0,0,0,0,1,0,0,0,0,0,0,1,0,0,0,0,0,0,0,0,0,0,0,0,0,0,0
3583322,5,0,1,0,0,0,0,0,0,0,0,0,1,0,0,0,0,0,0,0,1,0,1,0,0,0,0,0
3587134,5,0,0,0,0,0,0,1,0,0,0,0,0,0,0,0,0,0,0,0,0,0,0,0,0,0,0,0
3601324,5,0,0,0,0,0,0,0,1,0,0,0,0,0,0,0,0,0,0,0,0,0,0,0,0,0,0,0
3644551,5,0,0,0,0,0,0,0,0,0,0,0,0,0,0,2,0,0,0,0,0,3,0,0,0,0,0,0
3666067,5,0,2,2,0,1,0,0,0,0,1,0,0,0,0,0,0,0,0,0,0,0,0,0,0,0,0,0
3668877,5,0,0,0,0,0,0,0,0,0,0,0,0,0,0,0,0,0,0,0,1,0,0,0,0,0,0,0
3674020,5,0,0,0,0,0,0,1,0,0,0,0,0,0,0,0,0,0,0,0,0,0,0,0,0,0,0,0
3678199,5,0,10,1,3,1,5,2,4,2,0,3,1,2,0,3,1,0,2,0,4,5,1,4,0,0,0,1
3693413,5,0,0,0,0,0,0,0,0,0,0,0,0,0,0,0,0,0,0,0,0,2,0,0,0,0,0,0
3702237,5,0,0,0,0,0,0,0,1,0,0,0,0,0,0,0,0,0,0,0,0,0,0,0,0,0,0,0
3712750,5,0,0,0,0,0,2,0,2,2,3,0,0,0,1,0,0,0,0,0,0,0,0,0,0,0,0,0
3723849,5,0,0,0,0,0,0,0,0,0,0,0,0,0,2,3,1,0,0,0,2,1,0,0,0,0,0,0
3736181,5,0,0,0,0,1,0,1,0,0,0,0,0,0,0,0,0,0,0,0,0,0,0,0,0,0,0,0
3781413,5,0,0,0,0,0,0,0,2,0,0,0,0,0,0,0,0,0,0,0,0,0,0,0,0,0,0,0
3801878,5,0,39,28,5,6,5,2,1,1,3,3,4,4,2,2,3,0,1,1,1,0,3,0,0,0,0,0
3805976,5,0,0,0,0,0,0,0,0,0,0,0,0,0,0,0,0,0,0,0,0,2,0,0,0,0,0,0
3807524,5,0,0,0,0,0,0,0,0,0,0,0,0,0,0,1,0,0,0,0,1,0,1,0,0,0,0,0
3808860,5,0,0,0,0,0,0,0,0,0,0,0,0,0,0,0,0,0,0,0,3,1,0,0,0,0,0,0
3823955,5,0,0,0,0,0,0,2,0,0,0,1,0,5,0,1,0,0,0,0,0,0,0,0,0,0,0,0
3824641,5,0,0,0,1,0,1,0,0,0,0,0,0,0,0,0,0,0,0,0,0,0,0,0,0,0,0,0
3833665,5,0,0,0,0,0,1,0,0,0,0,0,0,0,0,0,0,0,0,0,0,0,0,0,0,0,0,0
3852829,5,0,0,0,0,0,0,0,0,0,0,0,1,0,0,0,0,0,0,0,0,0,0,0,0,0,0,0
3856798,5,0,0,0,1,0,0,0,0,0,0,0,0,0,0,0,0,0,0,0,0,0,0,0,0,0,0,0
3876317,5,0,0,0,0,0,0,0,0,0,0,0,0,0,0,1,0,0,0,0,0,0,0,0,0,0,0,0
3891883,5,0,0,0,0,0,0,0,0,0,0,0,0,0,0,0,0,0,2,1,0,0,1,1,0,0,0,0
3893742,5,0,0,0,1,0,0,0,0,0,0,0,0,0,0,0,0,0,0,0,0,0,0,0,0,0,0,0
3902366,5,0,0,0,0,0,1,0,0,0,0,0,0,0,0,0,0,0,0,0,0,0,0,0,0,0,0,0
3903810,5,0,0,0,2,0,0,0,0,0,0,0,0,0,0,0,0,0,0,0,0,0,0,0,0,0,0,0
3905826,5,0,9,10,0,0,0,2,1,2,3,0,3,1,0,0,0,0,0,0,4,0,0,0,1,1,0,0
3927081,5,0,0,0,0,0,2,1,0,0,0,0,0,0,0,0,0,0,0,0,0,0,8,0,0,0,0,0
3933082,5,0,0,0,0,1,0,0,0,0,0,0,0,0,0,0,0,0,0,0,0,0,0,0,0,0,0,0
3942097,5,0,0,0,0,0,0,0,0,0,0,0,0,0,1,0,0,0,0,0,0,0,0,0,0,0,0,0
3964431,5,0,0,0,0,0,0,0,0,1,0,0,0,0,0,0,0,0,0,0,0,0,0,0,0,0,0,0
3970863,5,0,0,0,0,0,0,0,0,0,0,0,0,0,0,0,2,0,1,0,6,0,9,0,0,0,0,0
3978705,5,0,10,8,3,1,1,3,0,0,1,1,1,0,1,3,0,0,0,1,1,0,0,0,0,0,0,0
3981072,5,0,0,0,0,0,0,0,0,0,0,0,0,0,0,0,0,0,0,1,0,1,0,1,0,0,0,0
3984848,5,0,0,1,0,0,2,0,0,0,0,0,1,0,0,0,0,0,0,0,0,0,0,0,0,0,0,0
4005230,5,0,0,0,0,0,0,0,0,0,0,0,0,0,0,1,0,0,0,0,0,0,0,0,0,0,0,0
4022033,5,0,0,0,3,3,0,1,0,0,0,0,0,0,0,0,0,0,0,0,0,0,0,0,0,0,0,0
4029335,5,0,0,0,0,1,0,0,0,0,0,0,0,0,0,0,0,0,0,0,0,0,0,0,0,0,0,0
4049942,5,0,0,0,0,0,1,0,0,0,0,0,0,0,0,0,0,0,0,0,0,0,0,0,0,0,0,0
4056989,5,0,0,1,5,1,1,0,0,1,8,2,1,0,0,1,0,1,2,1,2,0,2,0,0,0,0,0
4061103,5,0,0,0,0,0,0,0,0,0,0,0,0,1,0,0,0,0,0,0,0,0,0,0,0,0,0,0
4069794,5,0,0,0,0,0,0,1,0,0,0,2,0,0,0,0,0,0,0,0,0,0,0,0,0,0,0,0
4090445,5,0,1,1,0,0,0,0,0,0,0,0,0,0,1,0,0,0,0,0,1,0,0,0,0,0,0,0
4116434,5,0,0,0,1,0,1,0,0,0,0,0,0,0,0,0,0,0,0,0,0,0,0,0,0,0,0,0
4121930,5,0,3,3,5,2,7,3,7,2,4,5,2,1,2,1,3,3,0,1,1,0,1,1,0,0,0,0
4122698,5,0,1,0,0,0,1,0,0,0,1,0,0,0,0,0,0,0,0,0,0,0,0,0,0,0,0,0
4134395,5,0,0,0,14,16,0,0,0,0,0,0,0,0,1,0,0,0,0,0,0,0,0,1,0,0,0,0
4138900,5,0,0,0,0,0,0,0,0,0,0,0,1,0,0,0,0,0,0,0,0,0,0,0,0,0,0,0
4150816,5,0,0,0,0,0,0,0,1,0,0,0,0,0,0,0,0,0,0,0,0,0,0,0,0,0,0,0
4157694,5,0,0,1,0,0,0,0,1,0,1,0,0,0,0,0,1,0,0,0,0,0,0,0,0,0,0,0
4163123,5,0,0,0,1,1,0,0,0,0,0,0,0,1,0,0,0,0,0,0,0,0,0,0,0,0,0,0
4180694,5,0,0,0,0,0,0,0,0,0,0,0,0,0,0,1,0,0,0,0,0,0,0,0,0,0,0,0
4186444,5,0,0,0,1,0,0,0,0,0,0,0,0,0,0,0,0,0,0,0,0,0,0,0,0,0,0,0
4195723,5,0,0,0,0,0,0,0,0,0,0,0,0,0,0,0,0,0,0,0,1,0,0,0,0,0,0,0
4213397,5,0,0,0,0,0,0,0,0,0,0,0,0,0,0,0,0,0,0,0,0,0,0,0,0,1,0,0
4213808,5,0,0,0,0,0,0,0,0,0,1,0,0,0,0,0,0,0,0,0,0,0,0,0,0,0,0,0
4243101,5,0,0,0,0,0,0,0,0,0,1,0,0,0,0,0,0,0,0,0,0,0,0,0,0,0,0,0
4246238,5,0,0,0,0,1,0,0,0,0,0,0,0,0,0,0,0,0,0,0,0,0,0,0,0,0,0,0
4252163,5,0,0,0,0,0,0,0,0,0,0,1,0,0,0,0,0,0,0,0,0,0,0,0,0,0,0,0
4258298,5,0,0,0,0,0,0,0,0,0,0,0,0,1,0,1,0,0,0,0,0,0,0,0,0,0,0,0
4260214,5,0,0,0,0,0,0,1,0,0,0,0,1,1,0,0,0,0,0,0,0,0,0,0,0,0,0,0
4280332,5,0,0,1,0,0,0,0,0,0,0,0,0,0,0,0,0,0,0,0,0,0,0,0,0,0,0,0
4297905,5,0,0,0,0,0,1,0,0,0,0,0,0,0,0,0,0,0,0,0,0,0,0,0,0,0,0,0
4333684,5,0,0,0,0,0,0,0,0,0,0,0,0,0,0,0,0,0,0,0,1,0,0,0,0,0,0,0
4340921,5,0,0,0,0,0,0,0,0,0,1,0,0,0,0,0,0,0,0,0,0,0,0,0,0,0,0,0
4341353,5,0,0,0,0,0,0,0,0,0,0,0,0,0,2,2,0,0,0,0,0,0,0,0,0,0,0,0
4342203,5,0,0,0,0,0,0,0,0,0,0,0,1,0,0,0,0,0,0,0,0,0,0,0,0,0,0,0
4354241,5,0,0,0,0,0,0,0,0,0,0,0,0,0,0,0,0,0,1,0,0,0,0,0,0,0,0,0
4377086,5,0,0,0,0,0,0,0,0,0,0,0,0,0,0,0,0,0,0,0,0,1,1,0,0,0,0,0
4430228,5,0,0,0,0,0,0,0,0,0,0,0,0,0,2,0,2,0,0,0,3,0,2,0,2,0,0,0
4434127,5,0,23,14,3,0,0,3,0,0,1,0,1,1,0,0,1,0,0,0,1,0,0,0,0,0,0,0
4436580,5,0,0,0,0,0,5,0,4,0,2,0,5,0,0,0,0,0,0,0,0,0,0,0,0,0,0,0
4487156,5,0,0,1,0,0,0,0,0,0,1,0,0,0,0,0,0,0,0,0,0,0,0,0,0,0,0,0
4503481,5,0,2,6,0,0,1,1,0,0,0,0,0,0,0,0,0,0,0,0,0,0,0,0,0,0,0,0
4526447,5,0,0,0,0,0,0,0,0,0,0,0,0,0,0,0,0,0,1,0,0,0,1,0,0,0,0,0
4546150,5,0,0,0,0,1,0,0,0,0,0,0,0,0,0,0,0,0,0,0,0,0,0,0,0,0,0,0
4558017,5,0,0,0,2,2,2,2,1,1,1,0,0,1,0,0,0,0,0,0,0,0,0,0,0,0,0,0
4580223,5,0,0,0,0,0,0,0,0,0,0,0,0,0,0,0,0,0,0,0,0,0,1,0,0,0,0,0
4584505,5,0,0,0,1,0,0,0,0,0,0,0,0,0,0,0,0,0,0,0,0,0,0,0,0,0,0,0
4601620,5,0,1,0,0,0,1,1,0,0,1,0,1,0,0,0,0,0,0,0,0,0,0,0,0,0,0,0
4607487,5,0,0,0,0,0,0,1,0,0,0,0,0,0,0,0,0,0,0,0,0,0,0,0,0,0,0,0
4620661,5,0,0,0,0,0,0,0,0,0,0,0,1,0,0,0,0,0,0,0,0,0,0,0,0,0,0,0
4625493,5,0,0,0,0,0,1,0,0,0,0,0,0,0,0,0,0,0,0,0,0,0,0,0,0,0,0,0
4628421,5,0,2,5,0,1,1,0,3,1,1,1,0,0,0,0,1,0,1,0,0,0,0,0,0,0,0,0
4673813,5,0,1,3,1,0,0,0,0,0,0,0,0,0,0,0,0,0,0,0,0,0,0,0,0,0,0,0
4675618,5,0,0,0,0,0,0,0,0,0,0,0,0,0,0,0,1,0,0,0,1,0,0,0,0,0,0,0
4686978,5,0,2,0,0,0,0,0,0,1,1,0,0,0,0,0,1,0,2,1,0,0,0,0,0,0,0,0
4687164,5,0,0,1,0,0,0,1,1,0,0,0,0,0,0,0,0,0,0,0,1,0,0,0,0,0,0,0
4722060,5,0,0,3,2,0,0,0,0,0,0,0,0,0,0,0,0,0,0,0,0,0,0,0,0,0,0,0
4729136,5,0,2,1,0,0,0,0,0,0,0,0,0,0,0,0,0,0,0,0,0,0,0,0,0,0,0,0
4738034,5,0,1,0,4,4,0,0,0,0,0,0,0,0,0,0,0,0,0,0,0,0,0,0,0,0,0,0
4741260,5,0,0,0,0,0,0,0,0,0,0,0,0,0,0,0,0,0,0,0,2,0,0,0,0,0,0,0
4744402,5,0,14,4,0,0,0,0,0,0,0,0,0,0,0,0,0,0,0,0,0,0,1,0,0,0,0,0
4756514,5,0,0,0,1,0,0,0,4,0,1,0,1,0,0,0,0,0,0,0,0,0,0,0,0,0,0,0
4764579,5,0,0,0,0,0,1,1,0,0,1,0,1,0,0,0,0,0,0,0,0,0,0,0,0,0,0,0
4792348,5,0,0,0,0,0,0,0,0,0,0,0,0,0,1,0,0,0,0,0,1,0,5,0,0,0,0,0
4792882,5,0,0,0,0,0,0,0,0,0,0,0,0,0,1,0,0,0,1,0,3,0,2,1,0,0,0,0
4798558,5,0,0,0,0,0,0,1,0,0,0,0,0,0,0,0,0,0,0,0,0,0,0,0,0,0,0,0
4802908,5,0,0,0,0,0,0,1,0,0,0,0,0,0,0,0,0,0,0,0,0,0,0,0,0,0,0,0
4812501,5,0,0,0,0,0,0,0,0,0,0,0,0,0,0,1,0,0,0,2,0,2,0,4,0,1,0,1
4842580,5,0,0,0,0,8,0,5,0,2,0,0,0,0,0,0,0,0,0,0,0,0,0,0,0,0,0,0
4874843,5,0,1,1,0,1,0,0,0,0,0,0,0,0,0,0,0,0,0,0,0,0,0,0,0,0,0,0
4875646,5,0,0,0,1,0,0,1,1,0,0,0,0,0,0,0,0,0,0,0,0,0,0,0,0,0,0,0
4906711,5,0,0,0,0,0,0,1,0,0,0,0,1,0,0,0,0,0,0,0,0,0,0,0,0,0,0,0
4910145,5,0,0,0,0,0,0,0,0,0,0,0,0,0,0,0,0,0,0,0,1,0,0,0,0,0,0,0
4913834,5,0,0,1,0,0,0,0,0,0,0,0,0,0,0,0,0,0,0,0,0,0,0,0,0,0,0,0
4922263,5,0,36,22,0,0,0,0,0,0,0,0,0,0,0,0,0,0,0,0,0,1,0,0,0,0,0,0
4926396,5,0,0,0,1,0,0,0,1,0,0,0,1,0,0,0,0,0,0,0,0,0,0,0,0,0,0,0
4929283,5,0,0,0,0,0,0,0,0,0,0,0,0,0,1,0,0,0,0,0,0,0,1,0,0,0,0,0
4942931,5,0,2,0,0,1,2,0,0,0,1,0,0,0,0,0,0,0,0,0,0,0,0,0,0,0,0,0
4955546,5,0,0,0,0,0,1,0,0,0,0,0,0,0,0,0,0,0,0,0,0,0,0,0,0,0,0,0
4989971,5,0,0,0,0,1,0,0,0,0,0,0,1,0,2,0,0,0,1,0,1,0,0,0,0,0,0,0
5034718,5,0,0,0,0,0,0,0,0,0,0,0,3,2,0,0,0,0,0,0,0,0,0,0,0,0,0,0
5055265,5,0,0,0,0,0,0,0,0,0,0,0,1,0,0,0,0,0,0,0,0,0,0,0,0,0,0,0
5065014,5,0,0,0,0,0,0,0,0,0,0,0,0,0,0,0,0,0,0,0,3,4,0,0,0,0,0,1
5068483,5,0,5,3,3,0,5,2,5,2,0,2,0,1,0,0,0,1,0,0,0,1,0,0,0,0,0,0
5075595,5,0,0,0,0,0,0,0,0,0,0,0,0,0,0,0,0,0,0,0,1,0,1,0,0,0,0,0
5093881,5,0,0,0,0,0,0,0,0,0,0,0,0,0,0,0,0,0,0,0,0,0,1,0,0,0,0,0
5113283,5,0,1,0,0,1,0,0,0,0,0,0,0,0,0,0,0,0,0,0,0,0,0,0,0,0,0,0
5119165,5,0,0,0,0,0,0,0,0,0,1,1,1,0,0,0,0,0,0,0,0,0,0,0,0,0,0,0
5125152,5,0,0,0,0,0,0,0,1,0,0,0,0,0,0,0,0,0,0,0,0,0,0,0,0,0,0,0
5127621,5,0,0,0,0,0,0,0,0,0,0,0,0,0,0,0,0,0,0,0,1,0,0,0,0,0,0,0
5161665,5,0,0,0,0,0,0,0,0,0,0,0,0,0,1,0,0,0,0,0,0,0,1,0,0,0,0,0
5164069,5,0,0,0,0,0,0,0,0,0,0,0,0,0,0,0,0,0,0,0,0,2,0,0,0,0,0,0
5196943,5,0,0,0,0,0,0,0,0,1,0,0,0,0,0,0,0,0,0,0,0,0,0,0,0,0,0,0
5209417,5,0,18,18,1,2,1,0,1,3,1,0,0,1,0,0,1,0,0,1,5,1,0,0,0,0,0,0
5221476,5,0,14,15,0,0,1,1,1,0,0,0,1,0,0,0,0,0,0,0,0,0,0,0,0,0,0,0
5256197,5,0,0,0,0,0,0,0,0,0,0,0,0,0,0,0,0,0,0,0,1,0,1,0,0,0,0,0
5257955,5,0,0,0,1,0,0,0,0,0,0,0,0,0,0,0,0,0,0,0,0,0,0,0,0,0,0,0
5267485,5,0,0,0,0,0,0,0,0,0,0,0,0,0,0,0,1,0,0,0,0,0,0,0,0,0,0,0
5269196,5,0,5,4,6,3,4,1,1,2,2,3,2,3,3,1,3,2,3,1,1,1,11,5,0,1,1,0
5283969,5,0,0,1,1,2,1,1,0,0,3,1,2,0,1,0,2,0,2,1,2,0,1,0,0,0,0,0
5295772,5,0,9,6,2,3,1,0,1,0,1,0,2,0,2,0,0,0,0,0,0,0,0,0,0,0,0,0
5305364,5,0,0,0,0,0,0,0,0,0,0,0,0,0,1,0,2,0,1,0,17,0,6,0,1,0,0,0
5324332,5,0,1,3,3,1,3,1,0,0,0,4,0,1,0,0,1,0,0,0,2,0,0,0,0,0,0,0
5329306,5,0,0,0,1,0,0,0,0,0,0,0,0,0,0,0,0,0,0,0,0,0,0,0,0,0,0,0
5330750,5,0,0,0,0,0,0,0,0,0,0,0,0,0,0,0,0,2,0,0,0,1,0,0,0,0,0,0
5340357,5,0,5,5,1,0,1,0,0,0,1,0,0,0,0,0,0,0,0,0,0,0,0,0,0,0,0,0
5342087,5,0,0,0,0,0,0,0,0,0,1,0,0,0,0,0,0,0,0,0,0,0,0,0,0,0,0,0
5343292,5,0,0,0,0,0,1,0,0,0,0,0,0,0,0,0,0,0,0,0,0,0,0,0,0,0,0,0
5343967,5,0,0,0,0,4,0,0,0,0,0,0,0,0,0,0,0,0,0,1,0,0,0,0,0,0,0,0
5344389,5,0,0,0,3,0,1,0,0,0,0,0,0,1,0,0,0,0,0,0,0,0,0,0,0,0,0,0
5368802,5,0,0,0,0,0,0,0,0,0,0,0,0,1,0,0,0,0,0,0,0,0,0,0,0,0,0,0
5369992,5,0,0,0,0,0,0,0,0,1,0,0,0,0,0,0,0,0,0,0,0,0,0,0,0,0,0,0
5371742,5,0,1,0,0,0,0,0,0,0,0,0,0,0,0,0,0,0,0,0,0,0,0,0,0,0,0,0
5374052,5,0,0,0,0,0,0,0,0,0,0,0,1,0,0,0,0,0,0,0,0,0,0,0,0,0,0,0
5383544,5,0,1,0,1,0,0,0,0,0,0,0,0,0,0,0,0,0,0,0,0,0,0,0,0,0,0,0
5392170,5,0,0,2,0,0,0,0,0,1,0,0,2,0,0,0,0,0,0,1,0,0,0,0,0,0,0,0
5399441,5,0,0,0,0,1,0,0,0,0,0,0,0,0,0,0,0,0,0,0,0,0,0,0,0,0,0,0
5432067,5,0,0,0,0,1,0,0,0,0,0,0,0,0,0,0,0,0,0,0,0,0,0,0,0,0,0,0
5434173,5,0,1,0,0,0,0,0,0,0,0,0,0,0,0,0,0,0,0,0,0,0,0,0,0,0,0,0
5450232,5,0,2,1,1,0,1,1,1,1,0,0,0,0,0,0,0,0,0,0,0,0,0,0,0,0,0,0
5457664,5,0,0,0,0,1,0,0,1,0,0,0,0,0,0,0,0,0,0,0,0,0,0,0,0,0,0,0
5489266,5,0,0,0,0,1,0,0,0,0,0,0,0,0,0,0,0,0,0,0,0,0,0,0,0,0,0,0
5516459,5,0,0,0,0,0,0,0,0,0,0,0,0,0,1,0,0,0,0,0,0,0,5,0,0,0,0,0
5542962,5,0,0,0,0,1,0,0,0,0,1,0,0,0,0,0,0,0,0,0,0,0,0,0,0,0,0,0
5555828,5,0,0,0,0,0,0,0,0,0,0,0,0,0,0,0,0,0,0,0,1,0,0,0,0,0,0,0
5558266,5,0,0,0,0,0,1,1,2,1,3,0,2,0,0,0,0,0,0,0,0,0,0,0,0,0,0,0
5571360,5,0,0,0,0,0,0,0,0,0,0,0,0,1,0,0,0,0,0,0,0,0,0,0,0,0,0,0
5573447,5,0,0,1,2,0,0,0,0,0,0,1,0,0,0,0,0,0,0,0,0,0,0,0,0,0,0,0
5589558,5,0,0,0,0,0,0,0,0,0,0,0,0,0,0,0,0,0,0,0,4,1,0,0,0,0,0,0
5606417,5,0,0,2,2,1,0,1,0,0,0,0,0,0,0,0,0,0,0,0,0,0,0,0,0,0,0,0
5629570,5,0,4,0,0,2,0,1,1,3,1,0,0,2,0,0,1,0,2,0,2,0,0,1,0,0,0,0
5644735,5,0,2,0,2,0,3,1,3,2,3,0,2,1,0,1,0,1,1,0,1,0,1,0,0,0,0,0
5650009,5,0,4,0,0,0,0,0,0,0,0,0,0,0,0,0,0,0,1,0,0,0,0,0,0,0,0,0
5651500,5,0,1,0,0,1,0,0,0,0,0,0,0,0,1,0,0,0,0,0,0,0,0,1,0,0,0,0
5664291,5,0,0,0,0,0,0,0,0,0,0,0,0,0,0,0,0,0,0,0,0,1,0,0,0,0,0,0
5673038,5,0,0,0,0,0,0,0,0,0,0,0,0,0,0,0,0,0,0,0,1,0,0,0,0,0,0,0
5693756,5,0,0,0,0,0,0,0,0,0,0,0,0,0,1,0,0,0,0,0,0,0,0,0,0,0,0,0
5703018,5,0,0,0,0,0,1,1,0,0,0,0,0,0,0,0,0,0,0,0,0,0,0,0,0,0,0,0
5719706,5,0,0,0,0,0,1,0,1,0,0,0,0,0,0,0,0,0,0,0,0,0,0,0,0,0,0,0
5730562,5,0,32,21,1,1,1,0,0,1,0,0,1,0,0,0,0,0,0,0,0,0,0,0,0,0,0,0
5750962,5,0,1,0,4,2,5,1,2,0,0,1,2,2,0,0,0,0,0,0,0,0,0,0,0,0,0,0
5752783,5,0,0,1,0,0,0,0,0,0,0,0,0,0,0,0,0,0,0,0,0,0,0,0,0,0,0,0
5772967,5,0,0,0,0,0,0,0,0,0,0,0,0,0,0,0,0,0,0,0,0,0,1,0,0,0,0,0
5843336,5,0,0,0,3,2,4,3,6,3,3,2,5,2,0,1,1,2,2,0,0,1,0,1,2,4,0,0
5844115,5,0,1,1,1,1,0,0,0,0,0,0,0,0,0,0,0,0,0,0,0,0,0,0,0,0,0,0
5851302,5,0,0,0,1,0,0,0,0,0,0,0,1,0,0,0,0,0,0,0,0,0,0,0,0,0,0,0
5851689,5,0,0,0,0,0,0,0,0,0,0,0,0,0,0,1,0,0,0,0,0,5,0,0,0,1,0,0
5872968,5,0,1,3,0,2,0,0,0,1,0,0,0,0,0,0,0,0,0,0,0,0,0,0,0,0,0,0
5917527,5,0,0,0,0,1,0,0,0,0,0,0,0,0,1,0,0,0,0,0,0,0,0,0,0,0,0,0
5922295,5,0,0,0,2,4,0,0,0,0,0,0,0,0,0,0,0,0,0,0,0,0,0,0,0,0,0,0
5922696,5,0,0,0,0,0,0,0,0,0,0,0,0,0,0,0,0,0,0,0,5,3,0,0,0,0,0,0
5929304,5,0,3,0,0,1,0,0,0,1,0,1,0,0,0,0,0,0,1,0,1,1,0,0,0,0,0,0
5957687,5,0,2,1,0,1,3,2,1,0,1,0,1,0,0,1,1,0,1,0,0,0,0,0,0,0,0,0
5963435,5,0,0,0,0,0,0,0,0,0,0,0,0,1,0,0,0,0,0,0,0,0,0,0,0,0,0,0
5970242,5,0,38,42,0,0,0,0,0,0,1,0,0,0,0,0,0,0,0,0,0,0,0,0,0,0,0,0
5972311,5,0,0,0,1,0,0,0,0,0,0,0,0,0,0,0,0,0,0,0,0,0,0,0,0,0,0,0
5976190,5,0,0,0,0,1,0,0,0,0,0,0,0,0,0,0,0,0,0,0,0,0,0,0,0,0,0,0
5978702,5,0,0,0,0,0,0,0,0,0,0,0,0,0,1,0,0,0,0,0,0,0,0,0,0,0,0,0
5987292,5,0,0,0,0,0,0,0,0,0,0,0,0,0,1,0,0,0,0,0,0,0,0,0,0,0,0,0
6002295,5,0,0,0,0,0,0,0,0,0,0,0,0,0,0,1,0,0,0,0,0,0,0,0,0,0,0,0
6004703,5,0,0,0,0,0,0,0,0,0,0,0,0,0,0,0,1,0,0,0,2,0,0,0,0,0,0,0
6025560,5,0,0,0,0,0,0,0,0,0,0,1,0,0,0,0,0,0,0,0,0,0,0,0,0,0,0,0
6066543,5,0,0,0,0,0,0,0,0,0,0,0,0,1,0,0,0,0,0,0,0,0,0,0,0,0,0,0
6071939,5,0,0,0,0,0,1,0,0,0,0,0,0,0,0,0,0,0,0,0,0,0,0,0,0,0,0,0
6088988,5,0,0,0,0,1,0,0,0,0,0,0,1,0,0,0,0,0,0,0,0,0,0,0,0,0,0,0
6101393,5,0,0,1,0,1,0,0,0,0,1,1,0,0,0,0,0,0,0,1,0,0,0,0,0,0,0,0
6105840,5,0,0,0,0,0,0,0,0,0,0,0,0,0,1,0,0,0,1,0,1,0,1,0,0,0,0,0
6106850,5,0,0,0,2,2,0,0,0,0,0,0,0,0,0,0,0,0,0,0,0,0,0,0,0,0,0,0
6109104,5,0,0,0,0,1,0,0,0,0,0,0,0,0,0,0,0,0,0,0,0,0,0,0,0,0,0,0
6118341,5,0,0,0,0,0,1,0,0,0,0,0,0,0,0,0,0,0,0,0,0,0,0,0,0,0,0,0
6127371,5,0,0,0,2,0,0,0,0,0,0,0,0,0,0,0,0,0,0,0,0,0,0,0,0,0,0,0
6147115,5,0,0,1,0,0,0,0,0,0,0,0,0,0,0,0,0,0,1,0,0,0,1,0,0,0,0,0
6150200,5,0,0,0,0,0,0,0,0,0,0,0,0,0,0,0,0,0,1,0,0,0,0,0,0,0,0,0
6154732,5,0,0,0,0,1,0,0,0,0,0,0,0,0,0,0,0,0,0,0,0,0,0,0,0,0,0,0
6157668,5,0,0,0,1,0,0,0,0,0,0,0,0,0,0,0,0,0,0,0,0,0,0,0,0,0,0,0
6161429,5,0,0,0,0,1,1,0,0,0,0,0,0,0,0,0,0,0,0,0,0,0,0,0,0,0,0,0
6171266,5,0,0,0,0,0,0,0,0,0,0,1,0,0,0,0,0,0,0,0,0,0,0,0,0,0,0,0
6189207,5,0,0,0,1,0,0,0,0,0,0,0,1,0,0,0,0,0,0,0,0,0,0,0,0,0,0,0
6191926,5,0,0,1,2,0,0,1,0,0,0,0,0,0,0,0,0,0,0,0,0,0,0,0,0,0,0,0
6194000,5,0,0,0,0,0,0,0,0,0,0,0,0,0,0,0,0,0,0,0,2,4,3,0,0,0,0,0
6212128,5,0,0,0,0,0,0,0,0,0,0,0,1,0,0,0,0,0,0,0,0,0,0,0,0,0,0,0
6218550,5,0,0,0,0,0,0,1,0,0,0,0,0,0,0,0,0,0,0,0,0,0,0,0,0,0,0,0
6228490,5,0,0,0,0,0,0,0,0,0,0,1,0,0,0,0,0,0,0,0,0,0,0,0,0,0,0,0
6251542,5,0,0,0,0,0,0,0,0,0,0,0,0,0,0,0,0,0,0,1,0,0,0,0,0,0,0,0
6261648,5,0,0,0,0,0,0,0,0,0,1,0,0,0,0,0,0,0,0,0,0,0,0,0,0,0,0,0
6267817,5,0,0,0,0,1,0,0,0,0,0,0,0,0,0,0,0,0,0,0,0,0,0,0,0,0,0,0
6288736,5,0,2,1,2,2,7,4,1,4,4,4,2,2,3,1,5,0,2,0,2,0,0,0,0,0,0,0
6297347,5,0,0,0,0,0,0,0,0,0,1,0,0,0,0,0,0,0,0,0,0,0,0,0,0,0,0,0
6307345,5,0,1,0,0,0,0,0,0,0,0,0,0,0,0,0,0,0,0,0,0,0,0,0,0,0,0,0
6310717,5,0,3,3,0,0,0,0,0,0,0,0,0,0,0,0,0,0,0,0,0,0,0,0,1,0,0,0
6312402,5,0,6,2,0,0,0,0,0,0,0,0,0,0,0,1,0,0,0,0,0,0,6,1,0,0,0,0
6321699,5,0,0,0,0,0,0,0,0,0,0,0,0,0,0,0,1,1,0,0,0,0,0,1,0,0,0,0
6359065,5,0,0,0,0,0,0,0,0,0,0,0,0,0,0,0,0,0,0,0,1,0,0,0,0,0,0,0
6380140,5,0,2,0,0,1,1,0,1,0,1,0,2,2,0,0,0,0,1,0,0,0,0,0,0,0,0,0
6385888,5,0,26,12,1,0,0,0,0,3,3,0,1,0,1,1,1,1,3,0,0,1,4,1,3,1,2,2
6407505,5,0,0,0,0,0,0,0,0,0,0,0,0,0,0,0,0,0,0,0,3,0,0,0,0,0,0,0
6412650,5,0,3,9,4,0,1,1,2,3,2,1,3,2,1,0,1,0,2,1,1,1,0,0,0,0,0,0
6413264,5,0,0,0,0,0,0,0,0,0,0,0,0,0,0,0,0,0,0,0,1,0,1,0,0,0,0,0
6415789,5,0,0,0,1,1,0,0,0,0,0,0,0,0,0,0,0,0,0,0,0,0,0,0,0,0,0,0
6432620,5,0,2,3,0,0,0,0,0,0,0,0,0,0,1,0,0,0,0,0,0,0,0,0,0,0,0,0
6446680,5,0,2,0,1,0,0,0,1,0,0,1,0,0,0,0,0,0,0,0,0,0,0,0,0,0,0,0
6451531,5,0,0,0,0,0,0,1,0,0,0,0,0,0,0,0,0,0,0,0,0,0,0,0,0,0,0,0
6452308,5,0,0,0,0,2,0,0,0,1,1,0,1,0,0,1,0,0,0,0,0,0,0,0,0,0,0,0
6461022,5,0,0,0,0,0,0,0,0,0,0,0,0,0,1,0,0,0,0,0,0,0,0,0,0,0,0,0
6465942,5,0,0,0,0,1,0,1,2,0,0,1,0,0,0,0,0,0,0,0,0,0,0,0,0,0,0,0
6466963,5,0,2,0,0,0,0,0,0,0,0,0,0,0,0,0,0,0,0,0,0,0,0,0,0,0,0,0
6481875,5,0,12,8,3,2,0,0,0,0,0,0,0,1,0,0,0,0,0,0,0,0,0,0,0,0,0,0
6485376,5,0,0,0,0,0,0,1,0,0,0,0,0,0,0,0,0,0,0,0,0,0,0,0,0,0,0,0
6490154,5,0,0,0,0,0,0,0,1,0,0,0,0,0,0,0,0,0,0,0,0,0,0,0,0,0,0,0
6496992,5,0,0,0,1,0,0,0,1,0,0,0,0,0,0,0,0,0,0,0,0,0,0,0,0,0,0,0
6514462,5,0,1,0,0,0,0,0,0,0,1,0,0,1,1,1,0,1,0,0,2,0,1,0,0,0,0,0
6528176,5,0,0,0,0,0,0,0,0,0,0,0,0,0,0,1,0,0,0,0,0,0,0,0,0,0,0,0
6528458,5,0,0,0,0,0,0,0,0,0,0,0,0,0,1,0,1,0,0,0,1,0,0,0,0,0,0,0
6534067,5,0,0,0,2,0,0,0,0,0,0,0,0,0,0,0,0,0,0,0,0,0,0,0,0,0,0,0
6572155,5,0,3,8,1,1,2,1,1,1,0,2,0,2,0,2,0,0,0,0,0,0,0,0,0,0,0,0
6574482,5,0,11,5,4,5,5,5,6,3,5,5,5,2,1,2,1,1,1,0,0,0,0,0,0,0,0,0
6577033,5,0,0,0,0,0,0,1,0,0,0,0,0,0,0,0,0,0,0,0,0,0,0,0,0,0,0,0
6617309,5,0,0,0,0,0,0,0,0,0,0,0,0,0,0,0,0,0,1,0,3,1,1,0,1,0,0,0
6624149,5,0,0,0,0,0,0,0,0,0,0,0,0,0,1,0,0,0,0,0,1,0,0,0,0,0,0,0
6626685,5,0,0,0,0,0,1,0,0,0,0,0,0,0,0,0,0,0,0,0,0,0,0,0,0,0,0,0
6629779,5,0,0,0,0,0,0,1,0,0,0,0,0,0,0,0,0,0,0,0,0,0,0,0,0,0,0,0
6648539,5,0,0,0,0,0,0,0,0,0,0,0,0,0,0,1,0,0,0,1,0,0,0,0,0,0,0,0
6699909,5,0,0,0,0,0,0,0,2,1,2,2,0,0,0,0,0,0,0,0,0,0,0,0,0,0,0,0
6712191,5,0,8,9,0,0,0,1,0,0,0,0,0,0,0,0,0,1,0,0,0,0,0,0,0,0,0,0
6718059,5,0,3,0,0,0,1,0,2,4,2,1,1,1,1,1,1,0,0,0,1,0,0,0,0,0,0,0
6731225,5,0,0,0,1,0,0,0,0,0,0,0,0,0,0,0,0,0,0,0,0,0,0,0,0,0,0,0
6746079,5,0,0,0,0,1,0,0,0,0,0,0,0,0,0,0,0,0,0,0,0,0,0,0,0,0,0,0
6747824,5,0,3,0,1,1,0,0,1,0,0,0,0,0,0,0,0,0,0,0,0,0,0,0,0,0,0,0
6783761,5,0,0,0,0,0,0,1,0,0,0,0,0,0,0,0,0,0,0,0,0,0,0,0,0,0,0,0
6797344,5,0,0,0,0,1,0,1,0,0,0,0,0,0,0,0,0,0,0,0,0,0,0,0,0,0,0,0
6814881,5,0,1,0,0,0,0,0,1,0,0,0,0,0,0,0,0,0,0,0,0,0,0,0,0,0,0,0
6847356,5,0,0,0,0,0,1,0,0,0,0,0,0,0,0,0,0,0,0,0,0,0,0,0,0,0,0,0
6848299,5,0,0,0,0,1,0,0,0,1,0,0,0,0,0,0,0,0,0,0,0,1,4,2,0,0,0,0
6864715,5,0,0,0,0,0,0,0,0,0,1,0,0,0,0,0,1,0,0,0,0,0,0,0,0,0,0,0
6885873,5,0,0,0,0,0,0,0,0,0,0,0,0,0,1,0,0,0,0,0,0,0,0,0,0,0,0,0
6886506,5,0,0,0,0,0,0,0,0,0,0,0,0,0,0,1,0,0,0,0,0,0,0,0,0,0,0,0
6895640,5,0,0,0,0,0,0,0,0,0,0,0,0,0,0,0,0,0,0,1,0,0,0,0,0,0,0,0
6896672,5,0,0,0,1,1,0,0,0,0,0,0,0,0,0,0,0,0,0,0,0,0,0,0,0,0,0,0
6905745,5,0,0,0,0,2,0,0,0,0,0,0,0,0,0,0,0,0,0,0,0,0,0,0,0,0,0,0
6939898,5,0,1,0,0,0,0,0,0,0,0,0,0,0,0,0,0,0,0,0,0,0,0,0,0,0,0,0
6950325,5,0,0,0,0,0,1,0,0,0,0,0,0,0,0,0,0,0,0,0,0,0,0,0,0,0,0,0
6952609,5,0,0,0,0,0,0,0,0,0,1,0,0,0,0,0,0,0,0,0,0,0,0,0,0,0,0,0
6955667,5,0,0,1,0,0,0,0,0,0,0,0,0,0,0,0,0,0,0,0,0,0,0,0,0,0,0,0
6982445,5,0,0,0,1,0,3,0,2,1,1,0,0,0,0,0,0,0,0,0,0,0,0,0,0,0,0,0
6986279,5,0,0,0,1,0,0,0,0,0,0,0,0,0,0,0,0,0,0,0,0,0,0,0,0,0,0,0
6987107,5,0,0,0,1,0,0,0,0,0,0,0,0,0,0,0,0,0,0,0,0,0,0,0,0,0,0,0
7010299,5,0,0,0,0,0,1,1,0,0,0,0,0,0,0,0,0,0,0,0,0,0,0,0,0,0,0,0
7017714,5,0,0,0,0,0,1,0,0,0,0,0,0,0,0,0,0,0,0,0,0,0,0,0,0,0,0,0
7020982,5,0,0,0,0,0,0,0,1,0,0,0,0,0,0,0,1,1,0,0,0,0,0,0,0,0,0,0
7028745,5,0,1,0,0,0,0,0,0,0,0,0,0,0,0,0,0,0,0,0,0,0,0,0,0,0,0,0
7051352,5,0,0,0,1,0,0,0,0,0,0,0,0,0,0,0,0,0,0,0,0,0,0,0,0,0,0,0
7059715,5,0,5,3,1,3,1,1,5,1,1,4,2,0,4,2,0,5,0,1,2,1,0,0,0,0,0,0
7076071,5,0,0,0,0,0,0,0,0,0,1,0,0,0,0,0,0,0,0,0,0,0,0,0,0,0,0,0
7105176,5,0,0,0,0,0,2,1,0,0,0,0,2,0,0,0,0,0,0,0,0,0,0,0,0,0,0,0
7106597,5,0,0,6,0,0,0,0,0,0,0,0,0,0,0,0,0,0,0,0,0,0,0,0,0,0,0,0
7117849,5,0,1,1,1,0,0,0,0,0,0,0,0,0,0,0,0,0,0,0,0,0,0,0,0,0,0,0
7123383,5,0,10,10,4,4,2,1,8,1,1,0,1,1,1,5,1,0,2,0,0,0,0,0,0,0,0,0
7124805,5,0,1,0,0,1,1,0,0,0,0,1,0,0,0,0,0,0,0,0,0,0,0,0,0,0,0,0
7126779,5,0,4,2,1,1,3,1,2,3,1,2,2,1,0,0,0,0,0,1,0,0,0,0,0,0,0,0
7129594,5,0,0,0,0,0,1,0,0,0,0,0,0,1,0,0,0,0,0,0,0,0,0,0,0,0,0,0
7149271,5,0,0,0,0,0,0,0,0,0,0,0,0,0,0,0,0,0,0,0,0,0,1,0,0,0,0,0
7164591,5,0,0,0,0,0,0,0,0,0,1,0,0,0,0,0,0,0,0,0,0,0,0,0,0,0,0,0
7164676,5,0,7,8,3,3,5,3,2,2,2,2,3,2,1,1,1,0,0,0,0,0,0,0,0,0,0,0
7170787,5,0,33,32,15,12,1,1,0,0,1,0,0,0,0,0,0,1,0,0,0,0,0,0,0,0,0,0
7176721,5,0,0,0,0,0,0,0,0,0,0,0,0,0,0,0,0,0,0,0,1,0,0,0,0,0,0,0
7184450,5,0,0,0,1,0,0,0,0,0,0,0,0,0,0,0,0,0,0,0,0,0,0,0,0,0,0,0
7191894,5,0,0,0,0,0,0,0,0,0,0,0,0,0,1,1,0,0,0,1,0,0,0,0,0,0,0,0
7204665,5,0,0,0,2,1,0,0,0,0,0,0,0,0,0,0,0,0,0,0,0,0,0,0,0,0,0,0
7209148,5,0,0,0,1,2,0,0,0,0,0,0,0,0,0,0,0,0,0,0,0,0,0,0,0,0,0,0
7210326,5,0,0,0,1,1,0,0,0,0,0,0,0,0,0,0,0,0,0,0,0,0,0,0,0,0,0,0
7221642,5,0,0,0,0,0,0,0,0,0,0,0,0,0,0,0,0,0,0,0,0,0,1,0,0,0,0,0
7229322,5,0,0,0,0,0,0,0,2,1,0,0,1,0,0,0,0,0,0,0,0,0,0,0,0,0,0,0
7244365,5,0,0,0,0,4,0,0,0,0,0,0,0,0,0,0,0,0,0,0,0,0,0,0,0,0,0,0
7250936,5,0,0,0,0,0,0,0,0,0,0,0,0,0,1,0,0,0,0,0,0,0,0,0,0,0,0,0
7266639,5,0,0,0,0,0,0,0,0,0,1,0,0,0,0,0,0,0,0,0,0,0,0,0,0,0,0,0
7273657,5,0,0,0,0,0,0,0,0,0,1,0,0,0,0,0,0,0,0,0,0,0,0,0,0,0,0,0
7274283,5,0,5,0,2,1,2,4,3,6,1,4,2,1,3,0,2,4,5,0,3,2,2,2,0,0,0,0
7289472,5,0,105,74,1,0,0,1,0,0,1,0,0,0,0,0,0,0,0,0,1,0,4,0,0,0,0,0
7291479,5,0,0,0,0,0,1,0,0,1,1,0,0,0,0,0,0,0,0,0,0,0,0,0,0,0,0,0
7300834,5,0,0,0,0,0,0,0,0,0,0,0,0,1,0,0,0,0,0,0,0,0,0,0,0,0,0,0
7319298,5,0,0,0,0,0,0,0,0,0,0,0,0,0,0,0,0,0,0,0,1,0,0,0,0,0,0,0
7325213,5,0,0,0,0,1,0,1,2,1,0,0,0,0,0,4,0,1,0,0,0,0,0,0,0,0,0,0
7326314,5,0,0,0,2,0,0,1,0,0,0,0,0,0,0,0,0,0,0,0,0,0,0,0,0,0,0,0
7336514,5,0,0,0,0,0,1,0,0,0,0,0,0,0,0,0,0,0,0,0,0,0,0,0,0,0,0,0
7355285,5,0,10,7,1,0,2,0,0,1,1,1,0,0,0,0,0,0,0,2,0,0,0,0,0,0,0,0
7368743,5,0,0,0,0,0,0,1,0,0,0,0,0,0,0,0,0,0,0,0,0,0,0,0,0,0,0,0
7374441,5,0,0,0,0,0,0,0,0,0,0,0,0,0,0,0,0,0,0,0,1,0,0,0,0,0,0,0
7375723,5,0,0,0,2,1,1,0,0,0,0,0,0,0,0,0,0,0,0,0,0,0,0,0,0,0,0,0
7377253,5,0,1,0,0,0,0,0,1,0,0,0,0,0,0,0,0,0,0,1,0,0,0,0,0,0,0,0
7382106,5,0,0,1,1,0,0,0,1,0,0,0,0,0,0,0,0,0,0,0,0,0,0,0,0,0,0,0
7415818,5,0,0,0,0,0,0,0,0,0,0,0,0,0,0,0,1,0,0,0,0,0,0,0,0,0,0,0
7425964,5,0,0,0,0,0,0,0,0,0,0,0,0,0,0,0,0,0,0,0,0,0,0,1,0,0,0,0
7443417,5,0,0,0,1,0,0,0,0,0,0,0,0,0,0,0,0,0,0,0,0,0,0,0,0,0,0,0
7471605,5,0,1,1,0,0,0,0,2,0,0,0,0,3,0,0,0,0,0,0,0,1,0,0,0,0,0,0
7478071,5,0,0,0,0,0,0,0,0,0,0,0,0,0,0,0,0,0,1,0,0,0,0,0,0,0,0,0
7485498,5,0,0,0,0,0,0,0,1,0,0,0,0,0,0,0,0,0,0,0,0,0,0,0,0,0,0,0
7498632,5,0,0,0,0,0,0,0,0,0,0,0,0,0,0,0,0,0,0,6,0,10,0,4,0,9,0,1
7508040,5,0,0,0,0,0,1,0,0,0,0,0,0,0,0,0,0,0,0,0,0,0,0,0,0,0,0,0
7528180,5,0,0,0,0,0,0,0,0,0,0,0,0,0,0,0,0,0,0,0,0,0,0,1,0,0,0,0
7555208,5,0,0,1,0,0,0,0,0,0,0,0,0,0,0,0,0,0,0,0,0,0,0,0,0,0,0,0
7562032,5,0,0,0,2,2,0,0,0,0,0,0,0,0,0,0,0,0,0,0,0,0,0,0,0,0,0,0
7563991,5,0,4,0,0,1,0,0,0,0,0,0,0,0,0,0,0,0,0,0,0,0,0,0,0,0,0,0
7576582,5,0,0,0,0,0,0,0,0,0,1,0,0,0,0,0,0,0,0,0,0,0,0,0,0,0,0,0
7577271,5,0,0,0,3,1,0,0,0,0,0,0,0,0,0,0,0,0,0,0,0,0,0,0,0,0,0,0
7577986,5,0,0,0,0,0,0,0,0,0,0,0,0,0,0,0,0,0,0,0,1,0,0,0,0,0,0,0
7600415,5,0,0,0,0,0,0,0,0,0,0,0,1,0,0,0,0,0,0,0,0,0,0,0,0,0,0,0
7633684,5,0,0,0,2,3,0,0,0,0,0,0,0,0,0,0,0,0,0,0,0,0,0,0,0,0,0,0
7644750,5,0,0,0,0,0,0,0,0,0,0,0,0,0,1,0,0,0,0,0,0,0,0,0,0,0,0,0
7645221,5,0,0,0,0,0,0,0,0,0,1,0,0,0,0,0,0,0,0,0,0,0,0,0,0,0,0,0
7726712,5,0,0,0,0,0,1,0,0,0,0,0,0,0,0,0,0,0,0,0,0,0,0,0,0,0,0,0
7732328,5,0,0,0,0,0,0,2,0,0,0,0,0,0,0,0,0,0,0,0,0,0,0,0,0,0,0,0
7752450,5,0,0,0,0,0,0,0,0,0,0,0,0,0,0,0,0,0,0,0,0,0,2,0,0,0,0,0
7755372,5,0,0,0,0,1,0,0,0,0,0,0,0,0,0,0,0,0,0,0,0,0,0,0,0,0,0,0
7765036,5,0,0,0,1,0,0,0,2,0,0,1,0,0,0,0,0,0,0,0,0,0,0,0,0,0,0,0
7773730,5,0,0,0,0,0,0,0,0,0,0,0,0,0,1,0,0,0,0,0,0,0,0,0,0,0,0,0
7793924,5,0,2,2,0,0,1,0,0,0,0,0,0,0,0,0,0,0,0,0,0,0,0,0,0,0,0,0
7796170,5,0,0,0,0,0,0,0,0,0,0,0,0,0,0,0,0,1,0,1,1,1,1,0,0,0,0,0
7808361,5,0,12,5,3,2,9,4,4,6,4,1,2,3,4,0,0,1,1,1,2,1,1,0,0,0,0,0
7817521,5,0,0,0,1,1,0,0,0,0,0,0,0,0,0,0,0,0,0,0,0,0,0,0,0,0,0,0
7817676,5,0,0,0,0,0,0,0,0,0,0,0,0,0,0,0,0,0,0,0,0,0,0,1,0,0,0,0
7823312,5,0,0,0,0,0,0,0,0,0,0,0,0,0,0,0,0,0,0,0,1,0,0,0,0,0,0,0
7825449,5,0,0,0,0,1,0,0,0,0,0,0,0,0,0,0,0,0,0,0,0,0,0,0,0,0,0,0
7865332,5,0,0,0,0,0,0,0,0,0,0,0,0,1,0,0,0,0,0,0,0,0,0,0,0,0,0,0
7871505,5,0,0,0,0,0,0,1,0,0,0,0,0,0,0,0,0,0,0,0,0,0,0,0,0,0,0,0
7890560,5,0,0,0,2,2,3,1,0,0,0,0,0,0,0,0,0,0,0,1,0,0,0,0,0,0,0,0
7942026,5,0,0,0,0,1,0,0,0,0,0,0,0,0,0,0,0,0,0,0,0,0,0,0,0,0,0,0
7951009,5,0,0,0,0,0,0,1,1,0,0,0,0,1,0,0,0,0,0,0,0,0,0,0,0,0,0,0
7955996,5,0,1,1,0,0,0,0,0,0,0,0,0,0,0,0,0,0,0,0,0,0,0,0,0,0,0,0
7962044,5,0,0,0,5,6,0,0,0,0,0,0,0,0,0,0,0,0,0,0,0,0,0,0,0,0,0,0
7982824,5,0,2,2,0,0,0,0,0,1,0,0,0,0,0,0,0,0,0,0,0,0,0,0,0,0,0,0
8024100,5,0,0,0,1,0,1,1,0,0,0,0,0,0,0,0,0,0,0,0,0,0,0,0,0,0,0,0
8024821,5,0,84,66,3,9,0,1,1,1,4,4,1,0,6,3,8,1,7,5,0,0,1,0,0,0,0,0
8030027,5,0,0,0,3,0,2,7,4,2,1,5,1,2,0,0,0,0,0,0,0,0,0,0,0,0,0,0
8040071,5,0,7,4,0,0,0,2,1,1,2,2,2,0,0,0,0,0,0,0,0,1,0,1,0,0,0,0
8054882,5,0,2,2,0,0,0,0,0,0,0,0,0,0,0,0,0,0,0,0,0,0,0,0,0,0,0,0
8067355,5,0,0,1,0,0,0,0,0,0,0,0,0,0,0,0,0,0,0,0,0,0,0,0,0,0,0,0
8069127,5,0,0,0,0,0,0,0,0,0,0,0,0,0,0,0,0,0,2,0,1,0,0,0,0,0,0,0
8073716,5,0,3,2,4,1,0,0,1,0,0,0,3,1,0,0,0,0,0,0,0,0,0,0,0,0,0,0
8095212,5,0,0,0,0,0,0,0,0,0,0,0,0,0,1,0,0,0,0,0,0,0,0,0,0,0,0,0
8128199,5,0,0,0,0,0,1,0,0,0,1,0,1,0,0,0,0,0,0,0,0,0,0,0,0,0,0,0
8173514,5,0,0,0,0,0,0,0,0,0,0,0,0,0,0,0,0,1,0,0,0,0,0,0,0,0,0,0
8185659,5,0,0,0,0,0,0,0,0,0,0,0,0,0,0,1,0,1,0,0,0,0,0,0,0,0,0,0
8196190,5,0,3,3,2,0,0,2,0,0,0,0,0,0,0,0,0,0,0,0,0,0,0,0,0,0,0,0
8197313,5,0,0,0,0,0,0,0,0,0,0,0,0,0,1,0,0,0,0,0,0,0,0,0,0,0,0,0
8210130,5,0,0,0,0,0,0,0,0,0,0,0,0,0,1,0,0,0,0,0,0,0,0,0,0,0,0,0
8229581,5,0,0,0,0,0,2,0,0,0,0,0,0,0,0,0,0,0,0,0,0,0,0,0,0,0,0,0
8243728,5,0,2,2,0,0,0,0,0,1,0,0,0,0,0,0,0,0,0,0,0,0,0,0,0,0,0,0
8248876,5,0,0,0,0,0,0,0,1,0,0,0,0,0,0,0,0,0,0,0,0,0,0,0,0,0,0,0
8251801,5,0,2,0,0,0,1,1,0,0,0,0,0,1,0,0,0,0,0,0,0,0,0,0,0,0,0,0
8281379,5,0,1,1,1,1,0,2,1,0,1,1,0,1,0,0,0,0,0,0,0,0,0,0,0,0,0,0
8298312,5,0,1,0,0,0,0,0,0,0,0,0,0,0,0,0,0,0,0,0,0,0,0,0,0,0,0,0
8304450,5,0,0,0,0,0,0,0,0,0,1,0,0,0,0,0,0,0,0,0,0,0,0,0,0,0,0,0
8315019,5,0,0,0,0,0,0,1,0,0,0,0,0,0,0,0,0,0,0,0,0,0,0,0,0,0,0,0
8326816,5,0,1,2,1,0,0,1,1,2,0,1,0,0,0,0,0,0,0,0,0,0,0,0,0,0,0,0
8333302,5,0,0,0,0,0,0,0,0,0,0,0,0,0,0,0,0,0,0,0,0,0,1,0,0,0,0,0
8343411,5,0,0,0,0,0,1,0,0,1,0,0,0,0,0,0,0,0,0,0,0,0,0,0,0,0,0,0
8356628,5,0,0,0,0,1,2,0,0,1,0,0,0,1,0,0,0,0,0,0,0,0,0,0,0,0,0,0
8359493,5,0,0,0,0,0,0,0,0,0,0,0,0,0,0,0,0,0,1,0,3,1,0,0,0,0,0,0
8374438,5,0,0,0,0,0,0,0,0,0,0,0,0,0,0,0,0,0,0,0,1,0,1,0,0,0,0,0
8381012,5,0,0,0,0,0,0,0,0,0,0,0,1,0,0,0,0,0,0,0,0,0,0,0,0,0,0,0
8391281,5,0,1,0,1,0,0,0,0,0,0,0,0,0,0,0,0,0,0,0,0,0,0,0,0,0,0,0
8403584,5,0,0,0,0,1,0,0,0,0,0,0,0,0,0,0,0,0,0,0,0,0,0,0,0,0,0,0
8406439,5,0,0,0,1,1,0,0,0,1,0,0,0,0,0,0,0,0,0,0,0,0,0,0,0,0,0,0
8407029,5,0,0,0,0,0,0,0,0,0,0,0,0,0,0,0,0,0,0,0,1,0,0,0,0,0,0,0
8446865,5,0,0,0,0,0,1,0,1,1,0,0,0,0,1,0,0,0,0,0,0,0,0,0,0,0,0,0
8453268,5,0,0,0,0,0,0,1,0,0,0,0,1,0,0,0,0,0,0,0,0,0,0,0,0,0,0,0
8453962,5,0,0,0,0,0,0,0,0,1,0,0,0,0,0,0,0,0,0,0,0,0,0,0,0,0,0,0
8466388,5,0,0,0,0,0,0,0,0,0,0,0,0,0,0,1,0,0,0,1,0,0,0,0,0,0,0,0
8467646,5,0,0,1,2,1,1,0,3,0,0,2,0,2,1,2,1,1,0,1,0,0,0,0,0,0,0,0
8477144,5,0,10,13,2,0,0,0,0,1,0,0,0,0,0,0,0,0,0,0,0,0,1,0,0,0,0,0
8478256,5,0,0,0,0,0,0,0,0,0,0,0,0,0,0,0,0,0,0,1,0,0,0,0,0,0,0,0
8490325,5,0,1,0,0,0,0,1,0,0,0,0,0,0,0,0,0,0,0,0,0,0,0,0,0,0,0,0
8506431,5,0,0,0,0,0,0,1,0,0,1,0,0,0,0,0,0,0,0,0,0,0,0,0,0,0,0,0
8507593,5,0,9,5,1,1,3,2,2,0,0,0,0,1,0,0,1,0,1,0,0,0,0,0,0,0,0,0
8509743,5,0,0,0,5,9,0,0,0,0,0,0,0,0,0,0,0,0,0,0,0,0,0,0,0,0,0,0
8556432,5,0,0,0,0,0,0,0,0,0,0,0,0,0,0,0,0,0,0,1,2,0,0,1,0,0,0,0
8559108,5,0,0,0,0,0,0,0,0,0,0,0,0,0,1,1,0,0,0,0,0,0,0,0,0,0,0,0
8565081,5,0,0,0,0,0,0,0,0,0,0,0,0,0,0,0,0,0,0,0,0,0,1,0,0,0,0,0
8566453,5,0,10,7,2,1,1,1,1,1,0,0,0,0,1,1,0,0,0,0,0,0,0,1,0,0,0,0
8615535,5,0,2,2,1,0,3,0,1,1,0,0,0,0,0,0,1,0,0,2,2,0,0,1,1,0,1,0
8615783,5,0,0,0,0,0,0,0,0,0,0,0,0,0,0,0,0,0,0,0,0,0,0,0,1,0,0,0
8658127,5,0,1,0,0,0,0,0,0,0,0,0,0,0,0,0,0,0,0,0,0,0,0,0,0,0,0,0
8675397,5,0,0,0,1,0,0,1,0,0,1,0,0,0,0,0,0,0,0,0,0,0,0,0,0,0,0,0
8682934,5,0,1,2,0,0,0,0,0,0,0,0,0,0,0,0,0,0,0,0,0,0,0,0,0,0,0,0
8684542,5,0,1,1,4,0,2,1,1,2,0,1,1,0,1,0,0,0,1,1,1,0,0,0,0,0,0,0
8708149,5,0,0,0,0,0,0,0,0,0,0,0,0,0,0,0,0,0,0,0,0,0,1,0,0,0,0,0
8711221,5,0,0,0,0,0,0,0,0,0,0,0,0,0,0,0,1,0,0,0,4,3,3,0,0,0,0,0
8724239,5,0,0,0,1,0,2,1,0,0,1,0,1,2,0,0,0,0,0,0,0,0,0,0,0,0,0,0
8725776,5,0,0,0,0,0,0,0,0,0,0,0,0,0,0,0,0,0,0,0,0,0,1,0,0,0,0,0
8726899,5,0,0,0,1,3,0,0,0,0,0,0,0,0,0,0,0,0,0,0,0,0,0,0,0,0,0,0
8735684,5,0,0,0,0,0,0,1,0,0,0,0,0,0,0,0,0,0,0,0,0,0,0,0,0,0,0,0
8741264,5,0,0,0,0,1,0,0,0,0,0,0,0,0,0,0,0,0,0,0,0,0,0,0,0,0,0,0
8742397,5,0,1,0,0,0,0,0,0,0,0,0,0,0,0,0,0,0,0,0,0,0,0,0,0,0,0,0
8742432,5,0,0,0,0,0,0,0,0,0,0,1,0,0,0,0,0,0,0,0,0,0,0,0,0,0,0,0
8749140,5,0,0,0,0,0,0,0,0,0,0,0,0,1,0,0,0,0,0,0,0,0,0,0,0,0,0,0
8751571,5,0,0,0,1,0,0,0,0,0,0,0,0,0,0,0,0,0,0,0,0,0,0,0,0,0,0,0
8758783,5,0,1,0,0,1,0,2,1,0,0,0,0,0,0,0,1,0,0,0,1,0,0,0,0,0,0,0
8776676,5,0,0,0,1,0,0,0,0,0,0,0,0,0,0,0,0,0,0,0,0,0,0,0,0,0,0,0
8791681,5,0,0,0,0,0,1,0,1,0,0,0,0,0,0,0,0,0,0,0,0,0,0,0,0,0,0,0
8823052,5,0,0,0,0,0,0,0,0,0,0,0,0,0,0,1,0,0,0,1,0,0,0,0,0,0,0,0
8837845,5,0,36,35,0,1,0,0,0,0,0,1,0,0,1,1,0,0,0,0,0,0,0,0,0,0,0,0
8841026,5,0,0,0,0,0,0,0,0,0,0,0,0,0,2,1,0,0,0,0,0,0,0,0,0,0,0,0
8857173,5,0,0,0,0,0,0,0,0,0,0,0,0,0,0,1,0,0,0,0,0,0,0,0,0,0,0,0
8863732,5,0,2,0,0,1,1,0,0,0,0,0,0,0,0,0,0,0,0,0,0,0,0,0,0,0,0,0
8870228,5,0,0,0,0,0,0,0,0,0,0,0,0,0,1,0,0,0,0,0,2,1,2,0,0,0,0,0
8886963,5,0,0,0,0,0,0,0,0,0,0,0,0,0,1,0,0,0,0,0,3,0,0,0,0,0,0,0
8888084,5,0,0,0,2,0,0,0,1,1,0,0,1,0,0,0,0,0,0,0,0,0,0,0,0,0,0,0
8899851,5,0,0,0,0,0,0,0,0,0,0,0,0,0,0,3,0,0,0,0,0,0,0,0,0,0,0,0
8902857,5,0,0,0,0,0,0,0,0,0,0,0,0,0,0,0,0,0,0,0,2,0,1,0,0,0,0,0
8914205,5,0,0,0,0,0,0,0,1,0,0,0,0,0,0,0,0,0,0,0,0,0,0,0,0,0,0,0
8915244,5,0,0,1,0,0,0,0,0,0,0,0,1,0,0,0,0,0,0,0,0,0,0,0,0,0,0,0
8942500,5,0,0,0,0,0,1,0,0,0,0,0,0,0,0,0,0,0,0,0,0,0,0,0,0,0,0,0
8950350,5,0,11,7,12,8,0,0,1,0,0,0,2,0,0,0,0,0,1,0,0,0,0,0,0,0,0,0
8976252,5,0,0,0,0,0,0,0,0,0,1,0,0,0,0,0,0,0,0,0,0,0,0,0,0,0,0,0
8992805,5,0,0,0,1,0,0,0,0,1,0,0,0,0,0,0,0,0,0,0,0,0,0,0,0,0,0,0
9036362,5,0,0,0,0,0,0,0,0,0,1,0,0,0,0,0,0,0,0,0,0,0,0,0,0,0,0,0
9044231,5,0,15,18,0,0,0,0,0,1,0,0,1,1,0,0,0,0,0,0,0,0,0,0,0,0,0,0
9044495,5,0,0,0,0,1,0,0,0,0,0,0,0,0,0,0,0,0,0,0,0,0,0,0,0,0,0,0
9045791,5,0,0,0,0,0,0,0,1,0,0,0,0,0,0,0,0,0,0,0,0,0,0,0,0,0,0,0
9051960,5,0,0,0,0,1,0,0,0,0,0,0,0,0,0,0,0,0,0,0,0,0,0,0,0,0,0,0
9062446,5,0,0,0,0,0,1,0,0,0,0,0,0,0,0,0,0,0,0,0,0,0,0,0,0,0,0,0
9078365,5,0,4,1,0,1,3,1,2,0,3,2,5,1,1,0,2,0,0,0,3,0,1,0,0,0,0,0
9095220,5,0,1,1,0,0,0,0,1,0,0,0,0,0,0,0,0,0,0,0,0,0,0,0,0,0,0,0
9103498,5,0,0,0,0,1,0,0,0,0,0,0,1,1,0,0,0,0,0,0,0,0,0,0,0,0,0,0
9115400,5,0,0,0,0,0,0,1,0,0,0,0,0,0,0,0,0,0,0,0,0,0,0,0,0,0,0,0
9136749,5,0,1,0,1,0,0,0,1,1,0,0,2,0,0,0,0,0,0,0,0,0,0,0,0,0,0,0
9146247,5,0,2,0,0,0,0,0,0,0,0,0,0,0,0,0,0,0,0,0,0,0,0,0,0,0,0,0
9215213,5,0,9,13,13,9,5,3,0,1,1,0,0,0,0,0,0,0,0,0,0,0,0,0,0,0,0,0
9218032,5,0,6,8,3,1,1,1,2,1,2,1,2,1,1,1,2,0,1,1,1,0,1,1,0,1,0,0
9244608,5,0,0,0,1,0,0,0,0,0,0,0,0,0,0,0,0,0,0,0,0,0,0,0,0,0,0,0
9267087,5,0,0,0,0,0,0,0,0,0,0,0,0,0,0,1,0,0,0,0,0,0,0,0,0,0,0,0
9271030,5,0,1,0,0,0,0,0,0,0,0,0,0,0,0,0,0,0,0,0,0,0,0,0,0,0,0,0
9278260,5,0,0,0,0,0,0,0,0,0,0,0,0,0,0,1,0,0,0,0,0,0,0,0,0,0,0,0
9283918,5,0,0,0,0,0,0,0,0,0,0,0,0,0,1,0,0,0,0,0,0,0,6,0,0,0,0,0
9294852,5,0,0,0,0,0,0,0,0,0,0,0,0,0,0,0,0,0,0,0,0,1,0,0,0,0,0,0
9301819,5,0,0,0,0,0,0,0,0,0,0,0,0,0,1,0,0,0,1,0,14,0,0,0,0,0,0,0
9311640,5,0,0,0,0,0,0,0,0,0,0,0,0,0,0,0,0,1,0,0,0,0,0,1,0,0,0,0
9324034,5,0,2,0,0,1,1,2,2,1,3,0,0,1,2,0,1,0,0,0,1,2,0,0,0,0,0,0
9328696,5,0,0,0,0,0,0,0,0,0,0,0,0,0,0,0,1,0,0,0,2,0,1,0,0,0,0,0
9343390,5,0,3,1,0,0,0,1,0,0,0,0,0,0,0,0,0,0,0,0,0,0,0,0,0,0,0,0
9347612,5,0,0,0,0,0,0,0,0,0,1,0,0,1,0,0,0,0,0,0,0,0,0,0,0,0,0,0
9347810,5,0,0,0,1,1,0,0,0,0,1,0,0,0,0,0,0,0,0,0,0,0,0,0,0,0,0,0
9363818,5,0,0,0,0,1,1,0,0,0,0,0,0,0,0,0,0,0,0,0,0,0,0,0,0,0,0,0
9368464,5,0,0,0,1,0,0,0,0,0,0,0,0,0,0,0,0,0,0,0,0,0,0,0,0,0,0,0
9378315,5,0,0,0,0,0,1,0,0,0,0,0,0,0,0,0,0,0,0,0,0,0,0,0,0,0,0,0
9383672,5,0,0,0,1,0,0,0,0,0,1,0,0,0,0,0,0,0,0,1,0,0,0,0,0,0,0,0
9423700,5,0,0,0,0,0,0,0,0,0,0,0,0,0,0,1,0,0,0,0,0,0,0,0,0,0,0,0
9436833,5,0,7,2,2,3,3,2,2,5,5,0,5,1,2,2,1,0,4,1,3,0,0,0,0,0,0,0
9439359,5,0,0,0,3,0,0,0,0,0,0,0,0,0,0,0,0,0,0,0,0,0,0,0,0,0,0,0
9457115,5,0,0,0,0,0,0,0,0,0,0,0,0,1,1,0,0,0,1,1,0,0,0,0,0,0,0,0
9463693,5,0,0,0,0,0,0,0,0,0,0,0,0,0,0,0,0,0,0,1,0,0,0,0,0,0,0,0
9478378,5,0,0,0,0,0,0,0,0,0,0,0,0,0,0,0,0,0,0,0,2,0,1,0,0,0,0,0
9481347,5,0,3,1,0,0,0,0,0,0,0,0,0,0,1,0,1,0,0,0,0,0,0,0,0,0,0,0
9507829,5,0,0,0,0,0,0,0,0,0,0,0,1,0,0,0,0,0,0,0,0,0,0,0,0,0,0,0
9524337,5,0,0,0,1,1,1,0,1,0,0,0,0,0,0,0,0,0,0,0,0,0,0,0,0,0,0,0
9530504,5,0,0,0,0,1,0,0,0,0,0,0,0,0,0,0,0,0,0,0,0,0,0,0,0,0,0,0
9534958,5,0,0,0,0,0,0,0,0,0,0,0,0,0,0,0,0,0,0,0,0,0,1,0,0,0,0,0
9544172,5,0,3,0,0,1,6,1,1,2,2,1,2,2,3,3,1,1,1,0,1,1,0,0,0,0,0,0
9551648,5,0,1,0,0,0,1,0,0,0,0,0,0,0,0,0,0,0,0,0,0,0,0,0,0,0,0,0
9562866,5,0,0,0,0,0,0,0,0,0,0,0,0,0,0,0,1,0,0,0,0,0,0,0,0,0,0,0
9583170,5,0,0,0,0,0,0,0,0,0,0,0,0,0,0,0,0,0,0,0,1,0,1,0,0,0,0,0
9591916,5,0,0,0,2,0,1,0,0,0,0,0,0,0,0,0,0,0,0,0,0,0,0,0,0,0,0,0
9605743,5,0,0,0,0,0,0,0,0,0,0,0,1,0,1,0,0,0,1,0,0,0,0,0,0,0,0,0
9609741,5,0,5,1,3,3,1,2,0,1,1,0,0,1,0,1,0,0,0,0,0,0,0,0,0,0,0,0
9613325,5,0,0,0,0,0,0,0,0,0,0,0,0,0,0,0,1,0,0,0,3,0,1,0,0,0,0,0
9614787,5,0,0,0,0,0,0,0,0,0,0,0,0,0,0,1,0,0,0,0,0,0,0,1,0,0,0,0
9617018,5,0,0,0,0,0,0,0,0,0,0,0,1,0,0,0,0,0,0,0,0,0,0,0,0,0,0,0
9620682,5,0,3,3,0,1,1,0,1,0,0,2,0,2,0,0,0,0,0,0,0,0,0,1,0,0,0,0
9622934,5,0,0,0,0,1,0,0,0,1,0,0,0,0,0,0,0,0,0,0,0,0,0,0,0,0,0,0
9633499,5,0,6,4,0,0,0,1,3,2,0,0,0,0,1,0,0,0,3,0,2,0,2,0,0,0,0,0
9641156,5,0,0,1,0,0,0,0,0,0,0,0,0,0,1,0,0,0,0,0,1,0,0,0,0,0,0,0
9651807,5,0,0,0,0,0,0,0,0,0,0,0,0,0,1,0,0,0,0,0,0,0,0,0,0,0,0,0
9658878,5,0,0,0,0,0,0,0,0,0,0,0,0,0,0,1,0,0,0,0,0,0,0,1,0,0,0,0
9676707,5,0,0,2,1,0,0,2,1,2,2,3,2,3,3,1,1,2,0,0,0,0,0,0,0,0,0,0
9678769,5,0,0,0,1,1,0,1,0,0,1,0,0,0,1,0,0,0,0,0,0,0,0,0,0,0,0,0
9713415,5,0,0,0,0,0,0,0,1,0,0,0,0,0,0,0,0,0,0,0,0,0,0,0,0,0,0,0
9721840,5,0,8,3,1,2,1,0,3,0,2,2,3,0,2,1,1,1,6,0,0,0,0,0,0,0,0,0
9739797,5,0,0,0,0,0,0,0,1,0,0,0,0,0,0,0,0,0,0,0,0,0,0,0,0,0,0,0
9746247,5,0,0,0,1,1,1,0,0,0,0,0,0,0,0,0,0,0,0,0,0,0,0,0,0,0,0,0
9747769,5,0,0,0,0,0,0,0,1,0,0,0,0,0,0,0,0,0,0,0,0,0,0,0,0,0,0,0
9753234,5,0,0,1,0,1,2,1,0,0,0,1,0,0,0,0,0,0,1,0,1,0,0,0,0,0,0,0
9757156,5,0,0,0,3,0,0,1,0,0,0,0,0,0,0,0,0,0,0,0,0,0,0,0,0,0,0,0
9761144,5,0,0,0,0,0,0,0,0,0,0,0,0,0,0,1,0,0,0,0,0,0,0,0,0,0,0,0
9763725,5,0,0,0,0,0,0,0,0,0,0,2,0,0,0,0,0,0,0,0,0,0,0,0,0,0,0,0
9774588,5,0,0,0,4,4,1,0,2,0,2,1,0,1,1,1,0,0,2,0,1,0,0,1,1,0,0,0
9791582,5,0,0,0,0,0,0,0,0,0,0,0,0,0,0,0,0,0,0,0,0,2,0,0,0,0,0,0
9825338,5,0,0,0,0,0,0,0,0,0,0,0,1,0,0,0,0,0,0,0,0,0,0,0,0,0,0,0
9848134,5,0,0,0,0,0,0,0,0,0,1,0,0,0,0,0,0,0,0,0,0,0,0,1,0,0,0,0
9854485,5,0,0,0,0,1,0,0,0,0,0,0,0,0,0,0,0,0,0,0,0,0,0,0,0,0,0,0
9859735,5,0,0,0,0,0,1,0,0,0,0,0,0,0,1,0,0,0,0,1,0,0,0,0,0,0,0,0
9862287,5,0,0,0,0,0,1,0,0,0,0,0,0,0,0,0,0,0,0,0,0,0,0,0,0,0,0,0
9877004,5,0,0,0,0,0,0,0,0,0,0,0,0,0,0,0,0,0,1,0,3,0,1,0,0,0,0,0
9905275,5,0,0,0,0,0,0,0,0,0,0,0,0,0,0,0,0,0,0,0,4,0,3,0,0,0,0,0
9922230,5,0,0,0,0,0,0,0,0,0,0,0,0,0,0,1,0,0,0,2,2,0,0,0,0,0,0,0
9928084,5,0,0,0,0,0,0,1,0,0,0,0,0,0,0,0,0,0,0,0,0,0,0,0,0,0,0,0
9932993,5,0,4,5,0,1,3,2,2,0,0,0,0,0,3,0,0,0,0,0,0,0,0,0,0,0,0,0
9935391,5,0,0,0,0,0,0,0,0,0,0,0,0,0,0,0,0,0,0,0,1,0,1,0,0,0,0,0
9939754,5,0,0,0,0,0,1,0,1,1,0,0,0,0,0,0,0,0,0,0,0,0,0,0,0,0,0,0
9941289,5,0,0,0,0,0,0,0,1,0,0,0,0,0,0,0,0,0,0,0,0,0,0,0,0,0,0,0
9941447,5,0,0,0,0,0,0,0,0,0,0,1,0,0,0,0,0,0,0,0,0,0,0,0,0,0,0,0
9942267,5,0,0,2,0,2,1,0,0,0,0,0,1,0,0,0,0,0,0,0,0,0,0,0,0,0,0,0
9951708,5,0,0,0,1,0,0,0,0,0,0,0,0,0,0,0,0,0,0,0,0,0,0,0,0,0,0,0
9955143,5,0,0,0,0,0,0,1,1,0,1,0,0,0,0,1,0,0,0,0,0,0,0,0,0,0,0,0
9955991,5,0,0,0,0,1,0,0,0,0,0,1,0,0,0,0,0,0,0,0,0,0,0,0,0,0,0,0
9959714,5,0,0,0,0,0,0,0,0,0,0,0,1,0,0,0,0,0,0,0,0,0,0,0,0,0,0,0
9961147,5,0,0,0,0,0,0,0,0,0,1,0,0,0,0,0,0,0,0,0,0,0,0,0,0,0,0,0
9963406,5,0,0,0,0,0,1,0,0,1,0,0,0,0,0,0,0,0,0,0,0,0,0,0,0,0,0,0
9980856,5,0,2,6,0,0,0,0,0,1,0,1,1,0,0,0,0,0,0,0,0,0,0,0,0,0,0,0
9988185,5,0,0,0,0,0,0,1,2,0,0,0,0,1,0,0,0,0,1,0,0,0,0,0,0,0,0,0
9988955,5,0,9,9,11,4,0,0,0,1,0,0,0,0,0,0,0,0,0,0,0,0,0,0,0,0,0,0
