pseudocode,building_status,no_building_blocks,pucca_building_blocks,boundary_wall,total_class_rooms,other_rooms,classrooms_in_good_condition,classrooms_needs_minor_repair,classrooms_needs_major_repair,separate_room_for_hm,total_boys_toilet,total_boys_func_toilet,total_girls_toilet,total_girls_func_toilet,total_boys_cwsn_toilet,func_boys_cwsn_friendly,total_girls_cwsn_toilet,func_girls_cwsn_friendly,urinal_boys,urinal_girls,handwash_near_toilet,hand_pump_yn,well_prot_yn,tap_yn,othsrc_yn,well_unprot_yn,pack_water_yn,hand_pump_fun_yn,well_prot_fun_yn,tap_fun_yn,othsrc_fun_yn,well_unprot_fun_yn,pack_water_fun_yn,rain_water_harvesting,handwash_facility_for_meal,electricity_availability,solar_panel,library_availability,book_bank,reading_corner,playground_available,playground_alt_yn,medical_checkups,availability_ramps,availability_of_handrails,furniture_availability,phy_lab_cond,chem_lab_cond,bio_lab_cond,math_lab_cond,lang_lab_cond,geo_lab_cond,home_sc_lab_cond,psycho_lab_cond,comp_lab_cond,comp_ict_lab_yn,ict_lab_yn,laptop,tablet,desktop,digiboard,teachdev_tot,server_tot,smart_class_tv_tot,projector,printer,internet,dth,spl_educator_yn
9232139,3,1,1,2,2,0,2,0,0,2,1,1,1,1,0,0,0,0,3,3,1,2,2,1,2,2,1,2,2,1,2,2,1,1,1,1,2,1,1,1,2,2,1,1,1,3,0,0,0,0,0,0,0,0,0,2,9,1,2,1,0,0,1,1,0,0,1,2,3
4339167,3,8,3,1,9,0,7,0,0,2,2,2,2,2,0,0,0,0,6,6,1,2,2,1,2,2,2,2,2,1,2,2,2,1,1,1,2,1,1,1,1,9,1,1,1,1,0,0,0,0,0,0,0,0,0,1,1,6,3,14,0,10,1,0,2,2,1,2,2
4558017,3,7,6,1,7,2,7,0,0,1,2,2,5,5,1,1,1,0,6,0,1,2,2,1,2,2,2,2,2,1,2,2,2,1,1,1,2,1,1,1,1,9,1,1,1,1,0,0,0,0,0,0,0,0,0,2,9,2,6,0,0,1,0,1,1,2,1,2,2
9463693,3,15,4,1,12,1,7,0,0,1,12,12,7,7,0,0,1,1,8,9,1,2,2,1,1,2,2,2,2,1,1,2,2,1,1,1,2,1,1,1,1,9,1,1,1,2,0,0,0,0,0,0,0,0,0,1,1,5,7,4,0,21,0,0,4,5,1,1,2
9504712,3,12,5,1,14,9,17,0,0,1,5,5,5,5,2,2,0,0,12,20,1,2,2,1,2,2,2,2,2,1,2,2,2,1,1,1,2,1,2,2,1,9,1,1,1,2,1,1,1,3,1,4,4,4,1,1,1,4,0,27,0,0,1,0,3,3,1,1,2
5487910,3,10,2,1,5,0,4,1,0,2,0,0,1,1,2,2,1,1,0,5,1,2,2,1,2,2,1,2,2,1,2,2,1,1,1,1,2,1,1,1,2,1,1,1,1,1,0,0,0,0,0,0,0,0,0,2,9,1,3,3,0,0,0,1,0,1,1,2,2
9978287,3,4,1,7,5,0,1,2,0,2,1,0,2,0,0,0,0,0,1,3,1,1,2,1,2,2,1,1,2,1,2,2,1,1,1,1,2,1,1,1,1,9,1,1,1,3,0,0,0,0,0,0,0,0,0,2,9,1,2,1,0,0,0,1,0,0,2,1,2
5257955,2,8,1,1,5,2,0,0,1,2,1,1,1,1,0,0,0,0,1,1,1,1,2,1,1,2,1,1,2,1,1,2,1,1,1,1,2,1,2,1,1,9,1,1,1,1,0,0,0,0,0,0,0,0,0,2,9,1,2,1,0,0,0,1,0,0,1,2,2
2994464,3,8,4,1,8,1,6,0,0,1,2,2,2,2,0,0,1,1,21,8,1,2,2,1,2,2,2,2,2,1,2,2,2,1,1,1,2,1,1,1,1,9,1,1,1,1,0,0,0,0,0,0,0,0,0,1,1,5,2,10,0,0,0,0,1,1,1,2,2
1180617,2,2,2,1,12,3,12,0,0,1,3,3,2,2,2,2,2,2,9,6,1,2,2,1,2,2,1,2,2,1,2,2,1,1,1,1,2,1,1,1,1,9,1,1,1,1,0,0,0,0,0,0,0,0,0,1,9,0,2,3,150,0,1,0,1,1,1,2,2
2863647,2,3,3,1,13,5,12,0,0,1,5,5,4,4,2,2,3,3,10,8,1,2,2,1,2,2,1,2,2,1,2,2,1,1,1,1,2,1,1,1,1,9,1,2,9,1,0,0,0,0,0,0,0,0,0,1,9,1,1,8,0,0,0,1,2,0,1,2,3
9972310,3,13,8,1,18,3,13,2,0,2,5,5,8,8,1,1,0,0,8,7,1,1,2,1,2,2,2,1,2,1,2,2,2,1,1,1,2,1,1,1,1,9,1,1,1,2,4,1,4,4,4,4,4,4,1,1,1,9,0,20,0,1,1,1,1,1,1,1,2
2679566,3,6,2,1,5,0,6,0,0,2,1,1,2,2,1,1,1,1,1,2,1,1,2,1,2,2,2,1,2,1,2,2,2,1,1,1,1,1,1,1,1,9,1,1,1,2,0,0,0,0,0,0,0,0,0,2,9,1,7,5,0,0,0,1,1,1,1,2,2
6592321,2,2,2,2,5,4,5,0,0,1,2,2,0,0,0,0,0,0,0,0,1,2,2,1,1,2,1,2,2,1,1,2,1,1,1,1,2,1,1,1,1,9,1,1,1,1,0,0,0,0,0,0,0,0,0,1,1,0,0,10,0,1,1,0,1,1,1,1,2
3394759,3,3,1,8,7,7,4,1,2,1,1,1,1,1,0,0,0,0,2,2,1,2,2,1,2,2,2,2,2,1,2,2,2,1,1,1,2,1,1,1,1,9,1,1,2,1,0,0,0,0,0,0,0,0,0,2,9,1,1,1,0,0,0,1,0,0,1,2,2
8255590,3,5,1,2,5,1,2,1,0,2,1,1,2,2,0,0,1,1,1,1,1,2,2,1,2,2,1,2,2,1,2,2,1,3,1,1,2,1,1,1,1,9,1,1,1,2,0,0,0,0,0,0,0,0,0,2,9,1,2,1,0,0,0,1,0,1,1,2,2
5978702,3,15,3,7,14,3,8,0,0,2,2,2,0,0,0,0,0,0,0,0,1,2,2,1,2,2,1,2,2,1,2,2,1,1,1,1,2,1,1,1,1,9,1,1,1,1,1,1,1,2,4,4,4,4,1,1,1,10,0,15,0,1,1,0,2,2,1,1,2
4497831,3,4,1,1,2,0,1,0,0,2,1,1,1,1,0,0,0,0,1,1,1,1,2,2,2,2,2,1,2,2,2,2,2,1,1,1,2,1,1,1,1,9,1,1,1,2,0,0,0,0,0,0,0,0,0,2,9,1,0,1,0,0,0,1,0,1,1,2,2
4121930,1,1,4,1,66,7,66,0,0,1,42,38,29,27,17,12,13,9,76,54,1,1,1,1,2,2,1,1,1,1,2,2,1,1,1,1,1,1,1,1,1,9,1,1,1,1,1,1,1,1,1,4,4,4,1,1,9,4,0,100,0,15,2,30,10,8,1,1,1
3229743,3,11,6,7,14,3,9,5,0,1,3,3,4,4,0,0,0,0,3,4,1,2,2,1,2,2,2,2,2,1,2,2,2,1,1,1,2,1,2,2,1,9,1,1,1,2,2,2,2,4,4,4,4,4,1,1,1,11,0,21,0,21,2,2,2,1,1,2,2
4900350,2,2,2,1,14,5,12,0,0,1,4,4,4,4,0,0,0,0,8,8,1,1,2,1,2,2,2,1,2,1,2,2,2,1,1,1,2,1,1,1,1,9,1,1,1,1,0,0,0,0,0,0,0,0,0,1,9,1,0,10,0,0,0,4,2,2,1,2,3
5500412,1,1,1,1,13,4,13,0,0,1,3,3,3,3,1,1,1,1,3,3,1,2,2,1,2,2,1,2,2,1,2,2,1,1,1,1,2,1,1,1,1,9,1,1,1,1,0,0,0,0,0,0,0,0,0,1,9,0,0,15,0,0,0,0,0,0,1,2,1
9101266,2,6,6,1,7,2,7,0,0,1,1,1,2,2,0,0,0,0,3,4,1,2,2,1,1,2,2,2,2,1,1,2,2,1,1,1,2,1,1,1,1,9,1,1,1,3,0,0,0,0,0,0,0,0,0,2,9,2,2,4,0,0,1,1,1,1,1,2,2
7319298,3,7,2,7,8,1,11,0,0,2,2,2,5,5,0,0,0,0,4,4,1,1,2,1,2,2,2,1,2,1,2,2,2,1,1,1,2,1,1,1,1,9,1,1,1,1,1,1,1,1,1,4,4,4,1,1,1,2,0,25,0,0,1,0,1,2,1,2,2
9311640,3,12,3,1,40,2,26,0,0,1,0,0,16,16,0,0,1,1,0,0,1,1,2,1,2,2,2,1,2,1,2,2,2,1,1,1,2,1,2,2,2,1,1,1,1,2,4,4,4,4,4,4,4,4,4,1,1,6,1,32,0,0,2,1,3,2,1,2,2
1328782,4,12,2,1,5,2,5,0,0,1,1,1,1,1,0,0,1,1,5,5,1,2,2,1,2,2,1,2,2,1,2,2,1,1,1,1,2,1,1,1,1,9,1,1,1,1,0,0,0,0,0,0,0,0,0,2,9,2,2,3,0,0,0,1,0,1,1,2,2
9676707,1,1,1,1,12,26,14,0,0,1,5,5,5,5,1,1,1,1,10,15,1,1,2,1,1,2,1,1,2,1,1,2,1,1,1,1,1,1,1,1,1,9,1,1,1,1,1,1,1,1,1,4,4,4,1,1,9,40,17,17,1230,14,2,0,7,0,1,1,2
8431387,3,3,1,1,5,1,2,0,0,2,1,1,1,1,1,1,0,0,6,0,1,2,2,1,2,2,2,2,2,1,2,2,2,1,1,1,2,1,1,1,1,9,1,1,1,1,0,0,0,0,0,0,0,0,0,2,9,2,2,1,0,0,1,1,0,1,1,2,2
1374901,3,8,3,1,9,0,7,0,0,2,3,3,4,4,0,0,0,0,6,9,1,2,2,1,2,2,1,2,2,1,2,2,1,1,1,1,2,1,1,1,1,9,1,1,1,1,0,0,0,0,0,0,0,0,0,2,9,1,2,4,0,0,0,1,1,1,1,2,2
9204734,3,1,1,1,2,0,1,1,0,2,1,1,2,2,0,0,0,0,1,2,1,2,2,1,2,2,1,2,2,1,2,2,1,1,1,1,2,1,1,1,1,9,1,1,1,1,0,0,0,0,0,0,0,0,0,2,9,0,3,1,0,1,0,1,0,1,1,2,2
7991141,3,10,3,7,5,0,5,0,0,2,1,1,1,1,1,0,0,0,6,6,1,1,2,1,1,2,2,1,2,1,1,2,2,1,1,1,2,1,1,1,1,9,1,1,1,1,0,0,0,0,0,0,0,0,0,2,9,2,2,1,0,0,0,1,1,0,1,2,2
5706576,3,1,1,5,5,7,5,0,0,1,4,4,6,6,1,0,1,0,6,0,1,1,2,1,2,2,2,1,2,1,2,2,2,1,1,1,2,1,1,1,1,9,1,1,1,1,0,0,0,0,0,0,0,0,0,1,1,5,2,10,0,1,1,0,1,1,1,1,2
6216646,2,3,4,1,6,2,6,0,0,1,2,2,2,2,3,3,3,3,6,6,1,2,2,1,2,2,1,2,2,1,2,2,1,1,1,1,2,1,1,1,1,9,1,1,1,1,0,0,0,0,0,0,0,0,0,2,9,1,0,1,10,1,0,0,1,1,1,2,2
9764102,3,4,1,7,5,1,2,0,0,2,1,1,1,1,0,0,0,0,1,1,1,2,2,1,2,2,2,2,2,1,2,2,2,1,1,1,2,1,1,1,1,9,1,1,1,1,0,0,0,0,0,0,0,0,0,2,9,1,0,1,0,0,0,1,0,1,1,2,2
9304762,3,5,2,1,4,2,4,0,0,2,0,0,0,0,1,1,0,0,0,0,1,2,2,1,2,2,2,2,2,1,2,2,2,1,1,1,2,1,1,1,1,9,1,1,1,1,0,0,0,0,0,0,0,0,0,2,9,1,1,1,0,0,1,1,0,0,1,2,2
5365169,3,3,1,5,2,0,0,0,2,2,1,1,1,1,0,0,0,0,2,3,1,2,2,1,2,2,2,2,2,1,2,2,2,1,1,1,2,1,1,1,2,1,1,1,1,2,0,0,0,0,0,0,0,0,0,2,9,1,2,1,0,0,0,1,0,0,1,1,2
4382109,3,3,3,2,5,4,4,0,0,2,2,2,2,2,0,0,0,0,4,2,1,2,2,1,1,2,1,2,2,1,1,2,1,1,1,1,2,1,1,1,2,1,1,1,1,2,0,0,0,0,0,0,0,0,0,2,9,1,3,3,0,1,0,1,0,1,1,2,2
2288532,3,5,4,1,5,0,4,0,0,2,0,0,5,5,0,0,1,1,0,6,1,2,2,1,2,2,1,2,2,1,2,2,1,1,1,1,2,1,1,1,1,9,1,1,1,1,0,0,0,0,0,0,0,0,0,2,9,1,3,3,0,1,0,1,0,1,1,2,2
1667297,3,8,4,1,7,1,4,2,1,1,4,4,4,4,0,0,1,1,8,8,1,2,2,1,2,2,1,2,2,1,2,2,1,1,1,1,2,1,1,1,1,9,1,1,1,2,0,0,0,0,0,0,0,0,0,2,9,2,6,4,0,0,1,1,0,1,1,2,2
3073247,3,4,1,2,5,0,0,2,0,2,1,1,1,1,0,0,0,0,3,3,1,1,2,1,2,2,2,2,2,1,2,2,2,1,1,1,2,1,2,1,1,9,1,1,1,1,0,0,0,0,0,0,0,0,0,2,9,1,2,1,0,0,1,1,0,0,1,1,2
2487917,3,26,26,2,62,6,60,2,0,1,2,2,0,0,0,0,0,0,0,0,1,2,2,1,2,2,1,2,2,1,2,2,1,1,1,1,2,1,1,1,1,9,1,1,1,1,2,1,1,1,1,4,4,4,1,1,1,21,0,30,0,2,1,2,3,2,1,1,2
9278181,3,5,1,2,5,1,2,0,0,2,1,1,1,1,0,0,0,0,1,1,1,2,2,1,2,2,2,2,2,1,2,2,2,1,1,1,2,1,1,1,1,9,1,1,1,3,0,0,0,0,0,0,0,0,0,2,9,1,1,0,0,0,0,0,0,0,2,2,2
6412650,1,1,3,1,26,6,21,0,0,1,24,24,36,36,1,1,1,1,12,13,1,2,2,1,2,2,1,2,2,1,2,2,1,1,1,1,2,1,1,1,1,9,1,1,1,1,0,0,0,0,0,0,0,0,0,1,9,2,0,2,0,0,0,2,2,2,1,2,2
7478071,3,6,3,5,5,3,2,0,3,1,1,1,1,1,0,0,0,0,3,5,1,2,2,1,2,2,1,2,2,1,2,2,1,1,1,1,2,1,2,1,1,9,1,1,1,2,0,0,0,0,0,0,0,0,0,1,1,0,0,10,0,10,1,0,1,1,1,2,2
1003440,3,6,2,7,5,1,2,1,0,2,4,4,3,3,0,0,0,0,3,5,1,2,2,1,2,2,2,2,2,1,2,2,2,1,1,1,2,1,1,1,1,9,1,1,1,2,0,0,0,0,0,0,0,0,0,2,9,1,3,1,0,1,0,1,0,0,1,2,2
5343967,2,3,3,1,30,6,30,0,0,1,25,25,25,25,10,10,10,10,50,50,1,2,2,1,1,2,2,2,2,1,1,2,2,1,1,1,1,1,1,1,1,9,1,1,1,1,1,1,1,1,1,4,4,4,1,2,9,2,0,15,0,15,2,3,3,5,1,2,3
5573455,3,2,1,7,5,0,2,0,0,2,0,0,1,1,0,0,1,1,0,6,1,2,2,1,2,2,1,2,2,1,2,2,1,1,1,1,2,1,1,1,2,1,1,1,1,1,0,0,0,0,0,0,0,0,0,2,9,1,0,0,0,0,1,1,0,1,1,2,2
2474930,3,7,2,7,5,0,3,0,0,2,2,2,2,2,0,0,1,1,0,0,1,2,2,1,2,2,2,2,2,1,2,2,2,1,1,1,2,1,1,1,1,9,1,1,1,1,0,0,0,0,0,0,0,0,0,2,9,2,2,3,0,3,0,1,0,1,1,2,2
3672667,3,10,5,5,13,6,10,0,0,1,2,2,4,4,1,1,1,1,3,5,1,1,2,1,2,2,1,1,2,1,2,2,1,1,1,1,2,1,1,1,1,9,1,1,1,1,0,0,0,0,0,0,0,0,0,1,1,0,0,10,0,17,1,0,1,1,1,1,3
7644750,3,3,3,1,7,1,4,3,0,2,1,1,2,2,1,1,1,0,12,3,1,2,2,1,2,2,1,2,2,1,2,2,1,1,1,1,2,1,1,1,2,1,1,1,1,1,0,0,0,0,0,0,0,0,0,1,2,6,3,13,0,10,1,0,1,2,1,2,2
6952609,3,3,1,1,5,0,2,0,0,2,1,1,0,0,1,1,0,0,3,0,1,2,2,1,2,2,2,2,2,1,2,2,2,1,1,1,2,1,1,1,1,9,1,1,1,1,0,0,0,0,0,0,0,0,0,2,9,1,3,1,0,0,1,1,0,1,1,2,2
4849288,3,6,2,1,5,0,5,0,0,2,1,1,2,2,0,0,0,0,3,10,1,2,2,1,2,2,2,2,2,1,2,2,2,1,1,1,2,1,1,1,2,1,1,1,1,2,0,0,0,0,0,0,0,0,0,1,1,4,1,13,0,0,1,0,2,1,1,2,2
9774588,1,1,1,1,54,22,54,0,0,1,27,25,22,20,11,8,10,8,50,60,1,2,1,1,1,2,1,2,1,1,1,2,1,1,1,1,2,1,1,1,1,9,1,1,1,1,1,1,1,1,1,4,4,4,1,2,9,1,0,118,0,0,0,41,2,5,1,2,2
3463147,3,4,2,1,8,0,2,2,0,2,2,2,2,2,0,0,0,0,9,4,1,2,2,1,1,2,2,2,2,1,1,2,2,1,1,1,2,1,1,1,1,9,1,1,1,1,0,0,0,0,0,0,0,0,0,2,9,2,5,1,0,0,1,1,1,1,1,2,2
4628421,1,1,1,1,49,15,45,0,0,1,10,10,12,11,1,1,1,1,15,15,1,1,1,1,1,2,2,1,1,1,1,2,2,1,1,1,2,1,2,1,1,9,2,1,1,1,1,1,1,4,4,4,4,4,1,2,9,1,4,24,0,8,1,6,8,0,1,1,2
7466035,3,3,1,7,5,2,0,2,0,2,1,1,1,1,0,0,0,0,1,1,1,2,2,1,2,2,1,2,2,1,2,2,1,1,1,1,2,1,1,1,2,2,1,1,1,1,0,0,0,0,0,0,0,0,0,2,9,1,1,1,0,1,0,1,0,0,1,1,2
9854780,3,4,2,1,5,1,2,0,0,1,1,1,1,1,0,0,1,1,1,1,1,2,2,1,2,2,2,2,2,1,2,2,2,1,1,1,2,1,1,1,1,9,1,1,1,1,0,0,0,0,0,0,0,0,0,2,9,2,2,1,0,1,1,1,0,1,1,2,2
2647175,3,1,2,1,5,0,3,1,0,2,1,1,1,1,0,0,0,0,2,3,1,2,2,1,2,2,1,2,2,1,2,2,1,1,1,1,2,1,1,1,1,9,1,1,1,1,0,0,0,0,0,0,0,0,0,2,9,2,1,2,0,0,0,1,0,0,1,2,2
6321699,3,11,5,1,21,4,15,0,0,1,6,6,8,8,1,1,0,0,16,23,1,1,2,1,1,2,2,1,2,1,1,2,2,1,1,1,2,1,1,1,1,9,1,1,1,1,4,4,4,4,4,4,4,4,4,1,1,4,0,11,0,0,1,0,2,2,1,2,2
5119165,3,2,2,1,4,0,3,0,0,2,2,2,2,2,0,0,0,0,2,3,1,2,2,1,2,2,2,2,2,1,2,2,2,1,1,1,2,1,2,1,1,9,1,1,1,3,0,0,0,0,0,0,0,0,0,2,9,1,3,1,0,0,0,1,0,1,1,2,3
9393357,3,6,1,5,5,1,2,0,0,2,1,1,1,1,0,0,0,0,6,6,1,2,2,1,2,2,2,2,2,1,2,2,2,1,1,1,2,1,1,1,2,2,1,1,1,2,0,0,0,0,0,0,0,0,0,2,9,2,2,1,0,1,1,1,1,1,1,2,2
8574132,3,9,9,7,9,0,9,0,0,2,0,0,0,0,3,3,3,3,0,1,1,2,2,1,2,2,2,2,2,1,2,2,2,1,1,1,2,1,1,1,1,9,1,1,1,1,0,0,0,0,0,0,0,0,0,2,9,1,2,1,0,0,0,1,0,1,1,2,2
4584505,3,3,1,1,5,3,2,0,0,2,2,2,1,1,0,0,0,0,3,3,1,1,2,2,2,2,2,1,2,2,2,2,2,1,1,1,2,1,1,1,1,9,1,1,1,1,0,0,0,0,0,0,0,0,0,2,9,1,1,0,0,0,0,0,0,0,2,1,2
9241012,3,3,1,7,5,0,2,0,0,2,3,3,3,3,0,0,0,0,4,3,1,1,2,1,2,2,2,1,2,1,2,2,2,1,1,1,2,1,2,1,1,9,1,1,1,2,0,0,0,0,0,0,0,0,0,2,9,1,2,2,0,0,0,1,0,0,1,2,3
5462325,3,3,2,1,5,1,2,2,0,2,1,1,0,0,0,0,1,1,2,1,1,2,2,1,2,2,2,2,2,1,2,2,2,1,1,1,2,1,1,1,2,1,1,1,1,1,0,0,0,0,0,0,0,0,0,2,9,1,2,2,0,0,0,1,0,0,1,2,2
4157694,2,1,1,1,17,7,17,0,0,1,6,6,6,6,1,1,1,1,15,6,1,2,2,1,1,2,2,2,2,1,1,2,2,1,1,1,2,1,1,1,1,9,1,1,1,1,1,1,1,1,1,1,1,1,1,1,9,0,0,11,857,0,1,0,1,2,1,1,2
2064243,3,6,3,1,6,0,6,0,0,2,1,1,2,2,1,1,1,1,6,6,1,2,2,1,2,2,2,2,2,1,2,2,2,1,1,1,2,1,1,1,1,9,1,1,1,2,0,0,0,0,0,0,0,0,0,1,1,4,4,13,0,0,0,0,2,2,1,1,2
9501234,3,5,2,7,5,0,3,0,0,2,1,1,1,1,0,0,1,1,0,0,1,2,2,2,1,2,2,2,2,2,1,2,2,1,1,1,2,1,1,1,1,9,1,1,1,1,0,0,0,0,0,0,0,0,0,2,9,1,2,1,0,0,1,1,0,0,1,2,2
4354241,3,1,1,5,5,6,5,0,0,1,1,1,1,1,0,0,0,0,2,2,1,2,2,1,2,2,1,2,2,1,2,2,1,1,1,1,2,1,1,1,1,9,1,1,1,1,0,0,0,0,0,0,0,0,0,1,1,0,0,10,0,0,1,0,1,1,1,1,2
1985859,3,6,1,1,5,2,2,2,0,1,2,2,1,1,0,0,1,1,0,0,1,1,2,1,2,2,2,2,2,1,2,2,2,3,1,1,2,1,1,1,1,9,1,1,1,3,0,0,0,0,0,0,0,0,0,2,9,1,1,1,0,0,1,1,0,1,1,2,2
4990262,3,7,4,7,5,5,4,0,0,2,1,1,2,2,1,1,0,0,5,15,1,1,1,1,2,2,2,1,1,1,2,2,2,1,1,1,2,1,2,1,2,2,1,1,1,2,0,0,0,0,0,0,0,0,0,2,9,2,1,1,0,1,0,1,1,1,1,2,2
9859735,1,1,1,7,7,3,7,0,0,1,5,5,4,4,1,1,1,1,10,10,1,1,2,1,2,2,2,1,2,1,2,2,2,1,1,1,2,1,1,1,1,9,1,1,1,1,0,0,0,0,0,0,0,0,0,2,9,0,0,10,0,0,0,1,1,1,1,2,2
8621352,3,1,1,1,5,0,2,0,0,2,1,1,1,1,0,0,0,0,1,1,1,2,2,1,2,2,1,2,2,1,2,2,1,1,1,1,2,1,1,1,1,9,1,1,2,1,0,0,0,0,0,0,0,0,0,2,9,0,1,0,0,0,0,0,0,0,2,2,2
7822447,3,3,1,1,2,2,2,0,0,2,1,1,1,1,0,0,0,0,3,2,1,2,2,1,1,2,1,2,2,1,1,2,1,1,1,1,2,1,1,1,1,9,1,1,1,1,0,0,0,0,0,0,0,0,0,2,9,1,1,1,0,0,1,1,1,0,1,2,2
4999325,3,3,2,1,5,0,3,0,0,2,1,1,1,1,0,0,0,0,3,0,1,1,2,1,2,2,2,1,2,1,2,2,2,1,1,1,2,1,1,1,1,9,1,1,1,2,0,0,0,0,0,0,0,0,0,2,9,1,1,1,0,0,0,1,0,1,1,2,2
8024100,3,8,4,7,7,3,8,0,0,1,1,1,1,1,1,1,1,1,10,10,1,2,2,1,2,2,2,2,2,1,2,2,2,1,1,1,2,1,1,1,1,9,1,1,1,2,0,0,0,0,0,0,0,0,0,2,9,1,4,1,0,0,0,1,0,0,1,1,2
3927081,2,2,12,1,15,6,12,0,0,1,8,8,11,11,0,0,0,0,10,10,1,1,2,1,2,2,1,1,2,1,2,2,1,1,1,1,2,1,1,1,1,9,1,1,1,1,0,0,0,0,0,0,0,0,0,1,9,2,1,29,0,2,1,5,1,2,1,1,1
6250154,2,1,1,1,5,7,5,0,0,1,2,2,1,1,1,1,1,1,4,1,1,2,2,1,2,2,1,2,2,1,2,2,1,1,1,1,2,1,1,1,1,9,1,1,1,1,0,0,0,0,0,0,0,0,0,2,9,1,1,1,0,0,0,0,1,0,1,2,3
9959714,3,4,2,7,5,0,1,1,0,2,3,0,3,0,1,1,0,0,3,0,1,2,2,1,2,2,2,2,2,1,2,2,2,1,1,1,2,1,1,1,1,9,1,1,1,1,0,0,0,0,0,0,0,0,0,2,9,1,2,1,0,1,1,1,0,0,1,1,3
3512964,3,9,4,5,7,1,5,1,0,1,3,3,4,4,0,0,0,0,6,16,1,2,2,1,2,2,1,2,2,1,2,2,1,3,1,1,2,1,1,1,2,2,1,1,1,2,0,0,0,0,0,0,0,0,0,1,2,6,4,3,0,10,1,0,1,2,1,2,2
9725639,3,10,3,2,8,1,6,0,0,1,2,2,4,4,0,0,2,2,4,10,1,2,2,1,2,2,1,2,2,1,2,2,1,1,1,1,3,1,1,1,1,9,1,1,1,1,0,0,0,0,0,0,0,0,0,1,1,2,4,10,0,0,1,0,1,2,1,1,2
6497925,3,6,2,2,5,1,4,0,0,1,1,1,1,1,1,1,0,0,1,1,1,1,2,2,2,2,2,1,2,2,2,2,2,1,1,1,1,1,2,1,1,9,1,1,1,2,0,0,0,0,0,0,0,0,0,2,9,1,1,1,0,1,0,1,0,0,1,1,2
5651500,2,3,3,1,28,36,26,0,0,1,25,25,30,30,2,2,2,2,40,40,1,1,2,1,2,2,1,1,2,1,2,2,1,1,1,1,2,1,1,1,1,9,1,1,1,1,1,1,1,1,1,4,4,4,1,2,9,0,0,20,0,3,1,2,5,1,1,2,2
8453962,3,9,4,1,10,2,8,0,0,1,3,3,5,5,1,1,1,1,6,12,1,1,2,2,2,2,2,1,2,2,2,2,2,1,1,1,2,1,1,1,1,9,1,1,1,1,0,0,0,0,0,0,0,0,0,1,1,15,1,10,0,0,0,0,2,2,1,2,2
8677756,3,3,1,7,5,0,1,0,0,2,1,1,1,1,0,0,0,0,1,1,1,2,2,1,2,2,2,2,2,1,2,2,2,1,1,1,2,1,2,1,1,9,1,1,1,1,0,0,0,0,0,0,0,0,0,2,9,1,2,1,0,0,0,1,0,1,1,2,2
9397924,3,6,4,7,8,0,4,3,0,2,0,0,1,1,0,0,1,1,0,6,1,2,2,1,2,2,2,2,2,1,2,2,2,2,1,1,2,1,1,1,1,9,1,1,1,2,0,0,0,0,0,0,0,0,0,2,9,1,2,1,0,0,0,1,0,1,1,2,2
1281958,3,15,4,7,12,1,5,0,1,2,2,2,4,4,1,1,1,1,2,2,1,1,2,1,2,2,2,2,2,1,2,2,2,1,1,1,2,1,1,1,1,9,1,1,1,3,0,0,0,0,0,0,0,0,0,2,9,1,0,2,0,0,0,1,0,1,1,2,2
2259231,1,6,8,1,5,5,186,0,0,1,131,131,134,134,4,4,2,2,211,86,1,1,2,1,2,2,2,1,2,1,2,2,2,1,1,1,1,1,2,1,1,9,1,1,1,1,1,1,1,1,1,4,4,4,1,1,9,4,0,150,1500,6,3,99,99,16,1,2,1
9707450,3,4,1,7,2,1,2,0,0,1,1,1,1,1,0,0,0,0,6,6,1,2,2,1,2,2,1,2,2,1,2,2,1,1,1,1,2,1,1,1,1,9,1,1,1,1,0,0,0,0,0,0,0,0,0,2,9,1,1,0,0,2,0,0,0,1,2,2,2
6002295,3,15,8,2,30,7,17,2,0,1,6,3,21,17,1,1,1,1,25,4,1,1,2,1,2,2,2,1,2,1,2,2,2,1,1,1,2,1,2,2,1,9,1,1,1,2,2,2,4,4,4,4,4,4,2,1,2,3,0,5,0,1,0,0,2,2,1,2,2
1245995,3,3,3,2,8,0,6,0,1,2,2,0,2,0,0,0,1,1,3,3,1,2,2,1,2,2,2,2,2,1,2,2,2,1,1,1,2,1,2,1,1,9,1,1,1,1,0,0,0,0,0,0,0,0,0,1,1,4,3,17,0,10,1,0,2,1,1,2,2
5843336,2,1,1,1,59,16,90,0,0,1,20,20,50,50,8,8,8,8,40,0,1,1,2,1,1,2,1,1,2,1,1,2,1,1,1,1,2,1,1,1,1,9,1,1,1,1,1,1,1,1,1,4,4,4,1,1,9,3,40,48,0,30,1,30,30,3,1,1,2
5488112,3,3,2,5,4,1,2,0,0,2,1,1,1,0,0,0,0,0,3,0,1,1,2,1,2,2,1,1,2,1,2,2,1,1,1,1,2,1,1,1,2,1,1,2,9,1,0,0,0,0,0,0,0,0,0,2,9,1,1,1,0,0,0,1,0,1,1,2,2
8343411,3,4,3,1,8,1,5,3,0,2,6,6,6,6,2,1,2,1,6,6,1,2,2,1,1,2,2,2,2,1,1,2,2,1,1,1,2,1,1,1,1,9,1,1,1,1,0,0,0,0,0,0,0,0,0,1,1,5,5,1,0,0,1,0,1,2,1,2,2
6564562,3,7,8,1,8,7,8,0,0,1,8,8,4,4,1,0,0,0,3,3,1,1,2,1,2,2,2,1,2,1,2,2,2,1,1,1,2,1,2,1,1,9,1,1,1,1,0,0,0,0,0,0,0,0,0,1,1,1,0,11,0,0,1,0,1,4,1,2,2
5196943,3,8,4,7,3,0,4,0,0,2,0,0,5,5,1,1,0,0,0,4,1,2,2,1,2,2,1,2,2,1,2,2,1,1,1,1,2,1,1,1,1,9,1,1,1,1,0,0,0,0,0,0,0,0,0,2,9,2,3,1,0,1,0,1,0,1,1,1,3
9028816,3,5,2,1,5,0,2,0,0,2,1,1,1,1,0,0,0,0,1,1,1,2,2,1,2,2,2,2,2,1,2,2,2,1,1,1,1,1,1,1,1,9,1,1,1,2,0,0,0,0,0,0,0,0,0,2,9,1,2,1,0,0,0,1,0,1,1,2,2
5929304,1,3,3,1,41,8,41,0,0,1,12,12,12,12,0,0,0,0,25,15,1,2,2,1,1,2,2,2,2,1,1,2,2,1,1,1,2,1,1,1,1,9,1,2,9,1,1,1,1,1,1,4,1,4,1,2,9,4,1,15,850,2,1,4,7,2,1,1,3
5000558,3,4,2,2,5,0,4,0,0,2,0,0,1,1,0,0,0,0,0,3,1,2,2,1,2,2,2,2,2,1,2,2,2,1,1,1,2,1,2,1,2,2,1,1,1,3,0,0,0,0,0,0,0,0,0,2,9,1,1,1,0,0,1,1,0,1,1,2,2
8147313,3,5,1,2,5,0,2,0,0,2,1,1,1,1,0,0,0,0,1,1,1,2,2,1,2,2,2,2,2,1,2,2,2,1,1,1,2,1,2,2,1,9,1,1,1,1,0,0,0,0,0,0,0,0,0,2,9,1,1,1,0,0,1,1,0,0,2,2,2
9530504,3,4,2,1,5,0,2,0,0,2,1,1,1,1,0,0,0,0,2,3,1,2,2,1,2,2,2,2,2,1,2,2,2,1,1,1,2,1,1,1,1,9,1,1,1,3,0,0,0,0,0,0,0,0,0,2,9,2,1,1,0,0,0,1,0,0,1,2,2
9955991,3,8,8,7,10,8,10,0,0,1,5,5,2,2,0,0,0,0,4,6,1,2,2,1,2,2,1,2,2,1,2,2,1,1,1,1,2,1,1,1,2,1,1,1,1,1,0,0,0,0,0,0,0,0,0,2,9,1,7,3,0,0,0,3,0,1,1,2,2
9534958,3,3,3,5,9,9,9,0,0,1,2,2,0,0,0,0,0,0,0,0,1,2,2,1,2,2,1,2,2,1,2,2,1,1,1,1,2,1,1,1,1,9,1,1,1,1,0,0,0,0,0,0,0,0,0,1,1,0,0,10,0,0,1,0,1,1,1,2,2
1873768,1,1,1,1,27,7,36,0,0,1,23,21,20,18,9,7,10,8,21,18,1,1,2,1,2,2,1,1,2,1,2,2,1,1,1,1,1,1,1,1,1,9,1,1,1,1,1,1,1,1,1,4,4,3,1,1,9,2,0,53,350,53,4,0,2,2,1,1,2
1498182,3,1,1,1,5,1,1,0,0,1,1,1,1,1,0,0,0,0,3,3,1,2,2,1,2,2,2,2,2,1,2,2,2,1,1,1,2,1,1,1,2,2,1,1,2,1,0,0,0,0,0,0,0,0,0,2,9,0,1,1,0,0,0,1,1,0,2,2,3
6629779,3,2,2,2,6,1,3,0,0,1,1,1,1,1,0,0,1,1,1,1,1,2,2,1,2,2,1,2,2,1,2,2,1,1,1,1,2,1,1,1,1,9,1,1,2,1,0,0,0,0,0,0,0,0,0,2,9,1,2,1,0,0,0,1,0,0,1,2,2
1513086,3,3,2,1,5,1,2,0,0,2,0,0,1,1,0,0,0,0,0,1,1,2,2,1,2,2,2,2,2,1,2,2,2,3,1,1,2,1,1,1,2,2,1,2,9,3,0,0,0,0,0,0,0,0,0,2,9,1,2,1,0,1,0,1,0,0,1,1,3
2125573,3,4,4,1,5,4,5,0,0,1,2,0,1,1,1,1,0,0,8,4,1,2,2,1,2,2,1,2,2,1,2,2,1,1,1,1,2,1,1,1,1,9,1,1,1,1,0,0,0,0,0,0,0,0,0,2,9,1,1,1,0,0,1,1,0,0,1,2,3
6787738,3,4,2,1,5,0,3,0,0,2,1,1,1,1,0,0,0,0,1,1,1,2,2,1,2,2,1,2,2,1,2,2,1,1,1,1,2,1,2,1,1,9,1,1,1,2,0,0,0,0,0,0,0,0,0,2,9,1,2,1,0,0,1,1,0,0,1,2,2
6871035,3,6,2,1,4,2,2,2,0,2,1,1,1,1,0,0,0,0,3,3,1,2,2,1,2,2,2,2,2,1,2,2,2,1,1,1,2,1,2,2,1,9,1,1,1,3,0,0,0,0,0,0,0,0,0,2,9,1,2,0,0,0,0,0,0,1,1,2,2
8864545,3,5,3,1,5,0,3,1,0,2,2,2,2,2,0,0,0,0,1,2,1,2,2,1,2,2,2,2,2,1,2,2,2,1,1,1,2,1,2,1,1,9,1,1,1,2,0,0,0,0,0,0,0,0,0,1,1,4,2,10,0,0,0,1,3,1,1,1,2
6531392,3,2,2,1,5,1,5,0,0,2,1,1,1,1,2,2,1,1,2,1,1,2,2,1,2,2,2,2,2,1,2,2,2,1,1,1,2,1,1,1,1,9,1,1,1,1,0,0,0,0,0,0,0,0,0,2,9,1,4,2,0,1,1,1,1,1,1,2,2
3732479,3,5,1,1,5,0,2,0,0,2,1,1,1,1,0,0,0,0,3,1,1,2,2,1,2,2,2,2,2,1,2,2,2,1,1,1,2,1,2,2,1,9,1,1,1,3,0,0,0,0,0,0,0,0,0,2,9,1,2,1,0,0,1,1,0,1,1,2,2
9080433,3,5,3,1,5,2,4,0,1,2,1,1,1,1,0,0,0,0,4,4,1,2,2,1,2,2,2,2,2,1,2,2,2,1,1,1,1,1,2,2,1,9,1,1,1,3,0,0,0,0,0,0,0,0,0,2,9,2,2,2,0,1,0,1,0,0,1,1,2
2448191,2,1,1,2,15,15,15,0,0,1,3,3,3,3,3,3,3,3,21,0,1,1,2,1,1,2,2,1,2,1,1,2,2,1,1,1,2,1,1,1,1,9,1,1,1,2,2,2,2,2,2,4,4,4,2,1,1,4,0,34,0,25,1,0,2,3,1,1,3
4670216,3,4,2,1,5,0,5,0,0,2,1,1,1,1,0,0,0,0,4,4,1,2,2,1,2,2,2,2,2,1,2,2,2,1,1,1,2,1,1,1,2,2,1,1,1,2,0,0,0,0,0,0,0,0,0,1,1,4,2,11,0,0,0,0,1,1,1,2,2
4922263,1,5,5,1,40,5,40,0,0,1,16,15,13,12,6,4,5,4,15,12,1,2,2,1,2,2,1,2,2,1,2,2,1,1,1,1,2,1,1,1,1,9,1,1,1,1,1,1,1,1,1,4,4,4,1,1,9,1,0,12,1490,0,0,0,0,0,1,1,2
3801878,1,2,2,1,53,6,53,0,0,1,42,38,28,26,17,15,11,8,96,26,1,2,2,1,2,2,1,2,2,1,2,2,1,1,1,1,2,1,1,1,1,9,1,1,1,1,1,1,1,1,1,1,1,1,1,1,9,3,8,23,0,1,1,1,1,4,1,1,3
6465942,3,4,1,7,5,0,2,0,0,2,1,1,1,1,0,0,0,0,1,4,1,2,2,2,1,2,2,2,2,2,1,2,2,1,1,1,2,1,1,1,2,1,1,1,1,1,0,0,0,0,0,0,0,0,0,2,9,1,1,2,0,0,0,0,0,0,2,2,2
7326314,4,9,7,2,13,4,7,0,2,1,2,2,2,2,2,2,4,4,4,4,1,2,2,1,2,2,2,2,2,1,2,2,2,1,1,1,2,1,2,1,1,9,1,1,1,1,0,0,0,0,0,0,0,0,0,2,9,2,7,1,0,0,0,1,0,0,1,2,2
9685419,3,5,2,1,5,0,2,0,2,2,1,1,1,1,0,0,0,0,2,2,1,2,2,1,2,2,2,2,2,1,2,2,2,1,1,1,2,1,1,1,1,9,1,1,2,3,0,0,0,0,0,0,0,0,0,2,9,2,2,0,0,0,0,1,0,1,1,2,2
3269327,3,1,1,1,5,0,2,0,0,2,1,1,1,1,0,0,0,0,2,2,1,2,2,1,2,2,1,2,2,1,2,2,1,1,1,1,2,1,1,1,1,9,1,1,1,1,0,0,0,0,0,0,0,0,0,2,9,1,3,0,0,0,0,1,0,0,1,2,2
3958107,3,6,2,1,5,0,3,0,0,2,1,1,1,1,0,0,0,0,1,1,1,2,2,1,2,2,2,2,2,1,2,2,2,1,1,1,2,1,2,1,1,9,1,1,1,1,0,0,0,0,0,0,0,0,0,2,9,1,2,1,0,1,0,1,0,0,1,1,2
9966676,3,3,1,1,5,0,2,0,0,2,1,1,1,1,1,1,1,0,2,2,1,1,2,1,1,2,1,1,2,1,1,2,1,1,1,1,2,1,1,1,1,9,1,1,2,1,0,0,0,0,0,0,0,0,0,2,9,1,2,3,0,0,0,1,0,0,1,2,2
6331427,3,1,2,2,5,0,3,0,0,2,2,2,2,2,2,2,0,0,2,4,1,2,2,1,2,2,1,2,2,1,2,2,1,1,1,1,2,1,1,1,1,9,1,1,1,2,0,0,0,0,0,0,0,0,0,2,9,2,1,0,0,0,0,1,1,1,1,2,2
2861114,3,6,2,1,5,0,3,0,0,2,2,2,2,2,0,0,1,0,4,4,1,2,2,1,2,2,2,2,2,1,2,2,2,1,1,1,2,1,1,1,1,9,1,1,1,1,0,0,0,0,0,0,0,0,0,2,9,2,2,4,0,0,0,1,0,1,1,2,2
4252163,3,1,1,7,5,0,0,0,2,2,1,1,1,1,0,0,0,0,2,3,1,2,2,1,2,2,2,2,2,1,2,2,2,1,1,1,2,1,1,1,2,1,1,1,1,2,0,0,0,0,0,0,0,0,0,2,9,2,2,1,0,0,1,1,0,1,1,2,2
7644034,3,2,1,1,5,0,5,0,0,2,1,1,1,1,0,0,1,1,4,8,1,2,2,1,2,2,2,2,2,1,2,2,2,1,1,1,2,1,1,1,2,2,1,1,2,1,0,0,0,0,0,0,0,0,0,2,9,1,5,1,0,1,1,1,1,1,1,2,3
3399180,3,3,3,1,8,0,6,2,0,2,1,1,1,1,0,0,0,0,6,6,1,1,1,1,2,2,2,1,1,1,2,2,2,1,1,1,2,1,1,1,1,9,1,1,1,2,0,0,0,0,0,0,0,0,0,1,1,6,1,10,0,0,1,0,1,1,1,2,2
8556432,3,10,5,1,15,7,8,4,2,1,8,4,5,5,0,0,1,1,8,6,1,1,2,1,2,2,2,2,2,1,2,2,2,1,1,1,2,1,1,1,1,9,1,1,1,1,2,1,1,1,1,4,4,4,4,1,1,2,0,20,0,0,1,0,1,1,1,2,2
3523164,3,12,12,7,13,4,12,1,0,1,2,2,2,2,0,0,0,0,5,5,1,2,2,1,2,2,1,2,2,1,2,2,1,1,1,1,2,1,1,1,1,9,1,1,1,1,1,1,1,1,1,4,4,4,1,1,1,0,0,20,0,0,1,0,2,2,1,1,2
5125152,1,1,1,7,11,9,8,0,0,1,2,2,2,2,0,0,0,0,9,6,1,2,2,1,2,2,1,2,2,1,2,2,1,1,1,1,2,1,1,1,1,9,1,1,1,1,0,0,0,0,0,0,0,0,0,2,9,0,0,1,10,0,0,0,0,1,1,2,2
2158708,3,11,5,1,14,5,5,0,3,1,2,1,1,1,1,1,1,1,2,5,1,1,2,1,2,2,2,2,2,1,2,2,2,1,1,1,2,1,1,1,1,9,1,1,1,1,0,0,0,0,0,0,0,0,0,1,1,5,0,10,0,0,1,0,1,1,1,2,2
7117849,1,1,1,1,15,2,15,0,0,1,3,3,2,2,1,1,1,1,3,2,1,1,1,1,2,2,1,1,1,1,2,2,1,1,1,1,2,1,1,1,1,9,1,1,1,1,0,0,0,0,0,0,0,0,0,2,9,1,0,2,0,0,0,0,1,0,1,2,2
4792882,3,15,7,1,12,12,10,4,0,1,4,4,6,6,1,1,0,0,10,0,1,1,2,1,1,2,2,1,2,1,1,2,2,1,1,1,1,1,1,1,2,1,1,1,1,1,1,1,4,4,1,4,4,4,1,1,1,15,0,4,0,5,1,0,4,4,1,1,2
8914205,3,10,5,1,15,11,9,4,0,1,1,1,2,2,0,0,1,1,7,10,1,2,2,1,2,2,2,2,2,1,2,2,2,1,1,1,2,1,1,1,1,9,1,1,2,3,0,0,0,0,0,0,0,0,0,2,9,2,5,2,0,0,0,1,0,1,1,2,2
3668877,3,11,3,5,8,11,5,3,0,1,2,2,2,2,0,0,0,0,2,2,1,1,2,1,2,2,1,1,2,1,2,2,1,1,1,1,2,1,1,1,1,9,1,1,1,1,0,0,0,0,0,0,0,0,0,1,1,1,0,13,0,0,1,0,1,1,1,2,2
8749140,3,5,5,1,5,0,5,0,0,2,2,1,2,1,0,0,0,0,7,10,1,2,2,1,2,2,2,2,2,1,2,2,2,1,1,1,1,1,1,1,1,9,1,1,1,2,0,0,0,0,0,0,0,0,0,2,9,2,2,3,0,0,0,1,0,1,1,2,2
8197313,3,10,5,2,50,8,10,0,0,1,2,2,0,0,0,0,0,0,0,0,1,2,2,1,2,2,1,2,2,1,2,2,1,1,1,1,2,1,1,1,1,9,1,1,1,1,0,0,0,0,0,0,0,0,0,1,1,5,0,10,0,0,1,0,1,1,1,2,2
3425762,3,12,4,1,12,1,7,0,0,2,1,1,2,2,0,0,0,0,2,2,1,1,2,1,2,2,1,1,2,1,2,2,1,1,1,1,2,1,1,1,1,9,1,1,1,1,0,0,0,0,0,0,0,0,0,2,9,1,1,1,0,0,0,1,0,0,1,1,2
5656298,3,3,1,1,5,0,2,0,0,2,1,1,1,1,0,0,0,0,4,4,1,2,2,1,2,2,1,2,2,1,2,2,1,1,1,1,2,1,1,1,1,9,1,1,1,3,0,0,0,0,0,0,0,0,0,2,9,1,1,1,0,0,0,1,0,1,1,2,2
5946237,3,2,1,1,5,0,2,0,0,2,1,1,0,0,0,0,0,0,0,0,1,2,2,1,2,2,2,2,2,1,2,2,2,1,1,1,2,1,1,1,1,9,1,1,1,3,0,0,0,0,0,0,0,0,0,2,9,1,1,1,0,0,0,1,0,0,1,2,3
8755901,2,4,2,7,5,0,2,0,0,2,1,1,1,1,0,0,0,0,1,1,1,2,2,1,2,2,1,2,2,1,2,2,1,1,1,1,2,1,1,1,1,9,1,1,1,1,0,0,0,0,0,0,0,0,0,2,9,0,2,1,0,0,0,1,0,1,1,2,2
6592254,3,5,2,1,5,1,2,0,0,2,1,1,1,1,0,0,1,1,2,4,1,2,2,1,2,2,2,2,2,1,2,2,2,1,1,1,2,1,1,1,1,9,1,1,1,3,0,0,0,0,0,0,0,0,0,2,9,1,2,1,0,0,1,1,0,0,1,2,3
8327132,2,3,3,7,5,2,3,0,0,1,1,1,1,1,0,0,0,0,1,1,1,2,2,1,1,2,1,2,2,1,1,2,1,1,1,1,2,1,1,1,1,9,1,1,1,1,0,0,0,0,0,0,0,0,0,2,9,0,2,1,0,1,0,2,0,0,1,1,2
3442810,3,6,5,7,5,0,6,0,0,2,1,1,1,1,0,0,1,1,5,3,1,2,2,1,2,2,2,2,2,1,2,2,2,1,1,1,2,1,1,1,1,9,1,1,1,1,0,0,0,0,0,0,0,0,0,2,9,1,2,1,0,0,0,1,0,0,1,2,3
8992805,3,11,8,1,10,5,8,0,0,1,2,2,4,4,1,1,1,0,1,1,1,1,2,1,2,2,2,1,2,1,2,2,2,1,1,1,2,1,1,1,2,1,1,1,1,2,0,0,0,0,0,0,0,0,0,1,1,3,0,1,0,0,0,0,0,1,1,2,2
5161665,3,14,14,2,24,7,24,0,0,1,1,1,2,2,1,1,1,1,6,26,1,2,2,1,2,2,1,2,2,1,2,2,1,1,1,1,3,1,1,1,1,9,1,1,1,1,2,2,1,2,1,4,4,4,2,1,1,3,0,20,0,1,1,0,1,1,1,2,2
2549767,2,1,1,4,10,4,15,0,0,1,3,3,3,3,1,1,1,1,9,9,1,2,2,1,2,2,1,2,2,1,2,2,1,1,1,1,2,1,1,1,1,9,1,1,1,1,0,0,0,0,0,0,0,0,0,2,9,1,0,1,0,1,0,0,1,0,1,1,2
4794151,3,3,1,5,5,0,2,0,0,2,1,1,0,0,0,0,0,0,3,0,1,2,2,1,2,2,1,2,2,1,2,2,1,1,1,1,2,1,1,1,2,1,1,1,1,1,0,0,0,0,0,0,0,0,0,2,9,1,1,1,0,0,0,1,0,0,1,2,2
5159965,3,2,1,1,3,0,1,0,1,2,1,1,1,1,0,0,0,0,1,1,1,1,2,1,2,2,2,1,2,1,2,2,2,1,1,1,2,1,1,1,1,9,1,1,1,1,0,0,0,0,0,0,0,0,0,2,9,1,2,1,0,0,0,1,0,1,1,2,2
1376198,3,7,1,1,5,1,2,0,0,1,2,2,1,1,0,0,0,0,2,3,1,2,2,1,2,2,2,2,2,1,2,2,2,1,1,1,2,1,1,1,1,9,1,1,1,2,0,0,0,0,0,0,0,0,0,2,9,1,2,1,0,1,1,1,0,0,1,2,2
1814927,3,1,1,1,5,0,2,0,0,2,1,1,1,1,0,0,0,0,1,1,1,2,2,1,2,2,1,2,2,1,2,2,1,1,1,1,2,1,1,1,2,1,1,1,1,1,0,0,0,0,0,0,0,0,0,2,9,1,2,0,0,0,0,0,0,0,2,2,2
6308168,3,2,1,1,5,0,2,0,0,2,1,1,1,1,0,0,0,0,2,2,1,2,2,1,2,2,2,2,2,1,2,2,2,1,1,1,2,1,2,1,1,9,1,1,1,3,0,0,0,0,0,0,0,0,0,2,9,0,2,1,0,0,0,1,0,1,1,2,2
1992073,2,1,1,1,18,12,51,0,0,1,28,26,24,22,11,8,11,10,78,66,1,1,2,1,2,2,2,1,2,1,2,2,2,1,1,1,1,1,1,1,1,9,1,1,1,1,1,1,1,1,1,4,4,4,1,1,9,1,35,75,825,14,3,45,8,5,1,1,2
8580463,3,1,2,1,5,2,4,0,0,1,1,1,1,1,0,0,0,0,4,4,1,2,2,1,2,2,2,2,2,1,2,2,2,1,1,1,2,1,2,2,1,9,1,1,2,1,0,0,0,0,0,0,0,0,0,2,9,1,2,1,0,0,1,1,0,1,1,2,2
9113535,3,4,2,1,6,2,3,1,0,1,1,1,1,1,0,0,0,0,1,1,1,2,2,1,2,2,2,2,2,1,2,2,2,1,1,1,2,1,1,1,2,1,1,1,1,1,0,0,0,0,0,0,0,0,0,1,1,1,1,13,0,0,0,0,1,2,1,2,2
3852829,3,3,3,1,5,0,5,0,0,2,1,1,1,1,0,0,0,0,3,3,1,2,2,1,2,2,1,2,2,1,2,2,1,1,1,1,2,1,1,1,2,1,1,1,1,2,0,0,0,0,0,0,0,0,0,2,9,1,3,1,0,0,0,1,0,1,1,2,3
4430228,3,19,11,1,61,61,61,0,0,1,2,2,0,0,0,0,0,0,0,0,1,1,2,1,2,2,2,1,2,1,2,2,2,1,1,1,2,1,2,2,1,9,1,1,1,1,2,1,1,1,1,4,4,3,1,1,1,3,0,30,0,0,1,0,2,1,1,1,2
9510661,3,5,1,1,5,2,2,0,0,2,1,1,1,1,0,0,0,0,1,1,1,2,2,1,2,2,2,2,2,1,2,2,2,1,1,1,2,1,1,1,1,9,1,1,1,2,0,0,0,0,0,0,0,0,0,2,9,1,1,0,0,0,0,1,0,1,1,2,2
7857230,3,4,4,1,5,0,2,0,2,2,1,1,1,1,1,1,0,0,3,1,1,1,2,2,2,2,2,1,2,2,2,2,2,1,1,1,2,1,2,1,2,2,1,1,1,2,0,0,0,0,0,0,0,0,0,2,9,2,3,1,0,1,1,1,0,1,1,2,2
7696125,3,3,2,7,8,1,3,0,2,1,2,2,1,1,0,0,0,0,6,3,1,1,2,2,2,2,2,1,2,2,2,2,2,1,1,1,2,1,2,1,1,9,1,1,1,1,0,0,0,0,0,0,0,0,0,1,1,5,2,10,0,0,1,0,1,2,1,1,3
1471204,3,5,2,7,2,0,3,1,0,2,1,0,1,1,1,1,1,1,3,3,1,1,2,2,2,2,2,1,2,2,2,2,2,1,1,1,2,1,1,1,1,9,1,1,1,3,0,0,0,0,0,0,0,0,0,2,9,1,2,1,0,0,1,1,0,0,1,1,2
9674602,3,3,2,1,2,0,2,2,0,2,1,1,1,1,0,0,0,0,3,3,1,2,2,1,2,2,2,2,2,1,2,2,2,1,1,1,2,1,1,1,1,9,1,1,1,2,0,0,0,0,0,0,0,0,0,2,9,1,3,1,0,0,1,1,1,1,1,2,2
5369992,3,3,3,1,4,1,3,0,1,1,2,2,1,1,1,1,0,0,10,5,1,1,2,1,2,2,1,1,2,1,2,2,1,1,1,1,2,1,1,1,1,9,1,1,1,1,0,0,0,0,0,0,0,0,0,2,9,1,2,1,0,0,0,1,0,0,1,2,2
3306921,3,3,2,1,5,0,2,0,0,2,1,1,1,1,0,0,0,0,2,2,1,2,2,1,2,2,2,2,2,1,2,2,2,1,1,1,2,1,1,1,1,9,1,1,1,1,0,0,0,0,0,0,0,0,0,2,9,1,2,1,0,0,0,1,0,1,1,2,2
7865332,3,2,4,2,5,1,3,1,1,1,1,1,2,2,1,1,0,0,6,6,1,2,2,1,2,2,1,2,2,1,2,2,1,1,1,1,2,1,1,1,1,9,1,1,1,1,0,0,0,0,0,0,0,0,0,2,9,2,1,0,0,0,0,1,0,1,1,2,2
2750783,1,1,3,1,32,7,26,0,0,1,11,10,10,9,4,3,4,3,30,18,1,2,2,1,2,2,1,2,2,1,2,2,1,1,1,1,2,1,1,1,1,9,1,1,1,1,1,1,1,1,1,4,4,4,4,1,9,1,1,25,0,3,0,0,1,0,1,1,2
9257197,3,6,2,7,5,0,2,0,2,2,1,1,1,1,0,0,0,0,3,3,1,2,2,1,2,2,2,2,2,1,2,2,2,1,1,1,2,1,2,1,1,9,1,1,1,2,0,0,0,0,0,0,0,0,0,2,9,2,2,3,0,1,0,1,0,1,1,1,2
4055189,3,2,1,2,2,0,2,0,0,2,1,1,1,1,1,1,0,0,0,0,1,2,2,1,1,2,1,2,2,1,1,2,1,1,1,1,2,1,1,1,2,2,1,1,1,1,0,0,0,0,0,0,0,0,0,2,9,1,1,0,0,0,0,0,0,0,2,2,2
5330750,3,17,16,1,38,5,38,0,0,1,0,0,9,9,0,0,0,0,0,20,1,2,2,1,2,2,1,2,2,1,2,2,1,1,1,1,2,1,1,1,1,9,1,1,1,1,1,1,1,1,1,4,4,4,1,1,1,0,0,20,0,0,1,0,1,1,1,1,2
7982744,3,7,2,1,7,1,1,0,5,2,2,2,3,3,0,0,0,0,1,2,1,2,2,1,2,2,2,2,2,1,2,2,2,1,1,1,2,1,1,1,1,9,1,1,1,1,0,0,0,0,0,0,0,0,0,1,1,4,4,12,0,2,1,0,1,1,1,1,2
9017613,3,5,1,1,5,0,2,0,0,2,2,2,2,2,0,0,0,0,10,10,1,1,2,1,2,2,2,1,2,1,2,2,2,1,1,1,2,1,1,1,1,9,1,1,1,1,0,0,0,0,0,0,0,0,0,2,9,1,1,2,0,0,0,1,0,1,1,2,2
6211747,3,1,1,1,5,0,2,0,0,2,1,1,1,1,0,0,0,0,1,3,1,2,2,1,2,2,1,2,2,1,2,2,1,1,1,1,2,1,1,1,1,9,1,1,1,1,0,0,0,0,0,0,0,0,0,2,9,1,1,0,0,0,0,0,0,0,2,2,2
7375723,1,2,2,1,9,0,9,0,0,2,6,6,4,4,2,1,1,0,6,8,1,2,1,1,2,2,1,2,1,1,2,2,1,1,1,1,2,1,1,1,1,9,1,1,1,1,0,0,0,0,0,0,0,0,0,1,2,2,0,10,0,0,1,0,3,0,1,2,2
1509056,3,4,1,1,4,0,1,1,0,2,1,1,1,1,0,0,0,0,1,1,1,2,2,1,2,2,2,2,2,1,2,2,2,1,1,1,2,1,1,1,2,1,1,1,1,1,0,0,0,0,0,0,0,0,0,2,9,0,2,1,0,0,0,1,0,0,1,2,2
2428989,3,1,1,1,5,0,2,0,0,2,1,1,1,1,0,0,0,0,1,1,1,2,2,1,2,2,1,2,2,1,2,2,1,1,1,1,2,1,1,1,1,9,1,1,1,1,0,0,0,0,0,0,0,0,0,2,9,1,1,1,0,0,1,1,0,0,1,2,2
6592356,3,6,2,1,4,0,4,0,0,2,1,1,1,1,0,0,0,0,5,5,1,2,2,1,2,2,2,2,2,1,2,2,2,1,1,1,2,1,2,2,1,9,1,1,1,1,0,0,0,0,0,0,0,0,0,2,9,1,2,1,0,0,0,1,0,0,1,2,2
5694534,3,4,2,5,5,0,2,0,0,2,1,1,1,1,0,0,0,0,2,2,1,2,2,1,2,2,1,2,2,1,2,2,1,1,1,1,2,1,1,1,1,9,1,1,1,1,0,0,0,0,0,0,0,0,0,2,9,1,1,1,0,0,0,1,0,1,1,2,2
8783948,3,1,1,1,5,2,0,2,0,2,1,1,1,1,0,0,0,0,2,2,1,2,2,1,1,2,2,2,2,1,1,2,2,1,1,1,2,1,1,1,1,9,1,1,2,3,0,0,0,0,0,0,0,0,0,2,9,2,1,0,0,0,0,1,0,1,1,2,2
4332516,3,8,4,1,4,1,7,0,0,2,3,3,3,3,1,1,1,1,6,6,1,2,2,1,2,2,1,2,2,1,2,2,1,1,1,1,2,1,1,1,1,9,1,1,1,1,0,0,0,0,0,0,0,0,0,2,9,1,4,2,0,1,0,1,1,1,1,2,2
4435209,3,7,3,7,7,1,6,0,0,1,3,3,6,6,1,1,0,0,10,15,1,2,2,1,2,2,2,2,2,1,2,2,2,1,1,1,3,1,1,1,1,9,1,1,1,1,0,0,0,0,0,0,0,0,0,1,1,4,2,13,0,2,0,0,2,3,1,2,2
3988938,3,4,4,1,46,0,1,4,0,2,1,1,1,1,1,1,0,0,2,2,1,2,2,1,2,2,2,2,2,1,2,2,2,1,1,1,2,1,1,1,2,2,1,1,2,2,0,0,0,0,0,0,0,0,0,1,1,4,1,10,0,0,0,0,1,2,1,2,2
3844139,3,6,3,5,7,0,6,1,0,2,2,2,2,2,0,0,0,0,8,8,1,2,2,1,2,2,1,2,2,1,2,2,1,1,1,1,2,1,1,1,2,1,1,1,2,2,0,0,0,0,0,0,0,0,0,1,1,4,2,12,0,0,1,0,1,2,1,2,2
8187099,3,5,1,1,2,0,3,0,0,2,2,2,2,2,0,0,0,0,0,0,1,2,2,1,2,2,1,2,2,1,2,2,1,1,1,1,2,1,1,1,1,9,1,1,1,1,0,0,0,0,0,0,0,0,0,2,9,1,2,1,0,0,0,1,1,1,1,2,2
4955546,3,1,1,5,5,0,2,0,0,2,1,1,1,1,0,0,0,0,1,2,1,2,2,1,2,2,2,2,2,1,2,2,2,1,1,1,2,1,1,1,1,9,1,1,1,3,0,0,0,0,0,0,0,0,0,2,9,1,1,1,0,0,0,1,0,0,1,2,2
9680224,2,4,4,1,5,0,2,0,0,2,2,1,1,1,0,0,0,0,6,4,1,2,2,1,2,2,1,2,2,1,2,2,1,1,1,1,2,1,1,1,1,9,1,1,1,1,0,0,0,0,0,0,0,0,0,2,9,1,1,1,0,0,0,1,0,0,1,2,2
4764579,3,4,1,1,2,0,2,0,0,2,0,0,2,2,0,0,0,0,0,6,1,2,2,1,1,2,2,2,2,1,1,2,2,1,1,1,2,1,1,1,2,1,1,1,1,1,0,0,0,0,0,0,0,0,0,2,9,1,1,1,0,0,0,1,0,0,1,2,2
7941503,3,21,21,7,15,5,18,3,0,1,8,8,15,15,1,1,1,1,2,2,1,1,2,2,1,2,2,1,2,2,1,2,2,1,1,1,1,1,2,1,1,9,1,1,1,1,2,2,2,3,3,3,3,3,2,1,1,4,0,21,0,0,1,0,4,1,1,2,2
5517972,3,4,3,5,7,1,4,1,0,2,2,2,2,2,0,0,0,0,4,4,1,2,2,1,2,2,2,2,2,1,2,2,2,1,1,1,2,1,2,1,1,9,1,1,1,1,0,0,0,0,0,0,0,0,0,2,9,4,4,1,0,0,0,1,0,1,1,2,3
6106850,3,2,2,5,5,0,3,0,0,2,1,1,1,1,0,0,0,0,3,3,1,2,2,1,2,2,2,2,2,1,2,2,2,1,1,1,2,1,1,1,1,9,1,1,1,3,0,0,0,0,0,0,0,0,0,2,9,1,1,1,0,0,1,1,0,1,1,2,2
8976252,3,4,3,1,7,0,6,0,1,2,1,1,4,3,1,1,0,0,8,10,1,2,2,1,1,2,2,2,2,1,1,2,2,1,1,1,2,1,1,1,1,9,1,1,1,2,0,0,0,0,0,0,0,0,0,2,9,1,2,4,0,0,0,1,0,1,1,2,2
6893182,3,3,1,7,5,2,1,0,0,2,1,1,2,1,0,0,0,0,3,6,1,2,2,1,2,2,1,2,2,1,2,2,1,3,1,1,2,1,2,2,1,9,1,1,1,1,0,0,0,0,0,0,0,0,0,2,9,1,1,1,0,0,0,1,0,0,1,2,2
4550822,3,5,8,1,8,0,4,2,2,2,1,0,2,1,0,0,0,0,6,8,1,1,2,1,2,2,2,1,2,1,2,2,2,1,1,1,2,1,1,1,1,9,1,1,1,1,0,0,0,0,0,0,0,0,0,1,1,6,2,12,0,0,1,0,1,2,1,2,2
9886115,3,7,7,1,5,0,5,0,0,2,2,2,2,2,0,0,0,0,10,6,1,2,2,1,2,2,1,2,2,1,2,2,1,1,1,1,1,1,1,1,1,9,1,1,1,1,0,0,0,0,0,0,0,0,0,1,2,1,1,1,0,0,1,0,1,2,1,2,2
3386974,3,6,2,7,7,5,5,0,0,1,2,2,3,3,1,1,0,0,6,6,1,1,2,2,2,2,1,1,2,2,2,2,1,1,1,1,1,1,1,1,1,9,1,1,1,1,0,0,0,0,0,0,0,0,0,1,1,6,3,10,0,0,1,0,2,1,1,2,2
3323113,3,5,2,7,5,4,4,0,0,1,1,1,1,1,0,0,0,0,0,0,1,1,2,1,2,2,2,1,2,1,2,2,2,1,1,1,2,1,1,1,2,1,1,1,1,1,0,0,0,0,0,0,0,0,0,2,9,1,2,1,0,0,0,1,0,1,1,2,2
5343292,3,4,1,1,5,0,2,0,0,2,0,0,1,1,1,1,0,0,6,3,1,1,2,1,2,2,1,1,2,1,2,2,1,1,1,1,2,1,1,1,1,9,1,1,1,1,0,0,0,0,0,0,0,0,0,2,9,1,2,2,0,0,0,1,0,1,1,2,2
5703018,3,6,4,1,6,0,11,0,0,2,1,1,1,1,0,0,0,0,3,4,1,1,2,1,2,2,1,1,2,1,2,2,1,1,1,1,2,1,1,1,1,9,1,1,1,1,0,0,0,0,0,0,0,0,0,2,9,2,3,3,0,0,0,1,0,1,1,2,2
6814719,3,5,5,1,5,1,5,0,0,2,1,1,2,2,0,0,0,0,5,8,1,2,2,1,2,2,2,2,2,1,2,2,2,1,1,1,2,1,1,1,1,9,1,1,1,3,0,0,0,0,0,0,0,0,0,2,9,1,2,1,0,0,0,1,0,0,1,2,2
4771374,3,8,1,2,5,1,2,0,0,1,1,0,1,0,0,0,0,0,6,6,1,1,2,1,1,2,1,1,2,1,1,2,1,1,1,1,2,1,1,1,1,9,1,1,1,1,0,0,0,0,0,0,0,0,0,2,9,1,1,0,0,0,0,0,0,0,2,2,2
8902857,3,1,1,7,7,6,4,0,0,1,4,4,6,6,1,1,1,1,8,0,1,1,1,1,2,2,2,1,1,1,2,2,2,1,1,1,2,1,2,1,1,9,1,1,1,2,0,0,0,0,0,0,0,0,0,1,1,4,0,11,0,0,1,0,2,1,1,2,2
1378581,3,8,3,1,6,1,6,0,0,1,4,4,4,4,1,1,1,1,4,4,1,2,2,1,2,2,2,2,2,1,2,2,2,1,1,1,2,1,1,1,2,2,1,1,1,1,0,0,0,0,0,0,0,0,0,1,2,1,2,10,0,0,0,1,1,1,1,2,3
4086926,3,4,1,1,5,2,2,0,0,1,1,1,1,1,0,0,0,0,5,8,1,2,2,1,2,2,1,2,2,1,2,2,1,1,1,1,2,1,1,1,2,1,1,1,1,1,0,0,0,0,0,0,0,0,0,2,9,1,2,0,0,0,0,1,0,0,1,2,2
4150816,3,6,2,1,6,0,0,2,2,2,1,1,2,2,0,0,0,0,0,5,1,2,2,1,2,2,2,2,2,1,2,2,2,1,1,1,2,1,1,1,2,1,1,1,1,1,0,0,0,0,0,0,0,0,0,2,9,1,1,2,0,0,0,1,0,0,1,2,2
4842493,3,5,5,7,5,0,5,0,0,2,2,2,2,2,0,0,0,0,4,4,1,2,2,1,2,2,1,2,2,1,2,2,1,1,1,1,2,1,1,1,1,9,1,1,1,2,0,0,0,0,0,0,0,0,0,2,9,1,2,1,0,0,1,1,0,0,2,2,2
4279968,3,2,1,1,14,5,5,0,0,1,6,6,5,5,0,0,0,0,6,5,1,2,2,1,2,2,2,2,2,1,2,2,2,1,1,1,2,1,1,1,1,9,1,1,1,1,0,0,0,0,0,0,0,0,0,1,1,0,0,11,0,0,1,0,1,1,1,2,2
2267246,3,4,1,1,2,0,2,0,0,2,2,2,2,2,0,0,0,0,0,0,1,2,2,1,2,2,2,2,2,1,2,2,2,1,1,1,2,1,2,1,1,9,1,1,2,1,0,0,0,0,0,0,0,0,0,2,9,1,2,1,0,0,1,1,0,1,1,2,2
4241653,3,2,2,1,5,1,0,0,4,1,1,1,1,1,0,0,0,0,4,3,1,2,2,1,2,2,2,2,2,1,2,2,2,1,1,1,2,1,1,1,2,1,1,2,9,3,0,0,0,0,0,0,0,0,0,2,9,1,1,3,0,1,0,1,0,1,1,2,2
4213448,3,2,1,1,5,0,2,0,0,2,0,0,2,2,0,0,0,0,0,6,1,2,2,2,2,2,1,2,2,2,2,2,1,1,1,1,2,1,1,1,1,9,1,1,1,1,0,0,0,0,0,0,0,0,0,2,9,1,1,1,0,0,0,1,0,0,1,2,2
8381012,2,1,3,1,32,8,32,0,0,1,17,17,17,17,2,2,2,2,40,42,1,1,2,1,1,2,1,1,2,1,1,2,1,1,1,1,2,1,1,1,1,9,1,1,1,1,1,1,1,1,1,1,4,1,1,1,9,5,6,10,1500,10,6,2,3,5,1,1,3
7209842,3,3,1,1,5,0,2,0,0,2,1,1,1,1,0,0,0,0,0,0,1,2,2,1,2,2,2,2,2,1,2,2,2,1,1,1,2,1,1,1,2,1,1,1,1,1,0,0,0,0,0,0,0,0,0,2,9,1,2,1,0,0,0,1,0,0,1,2,2
9746247,3,3,1,1,5,0,1,1,0,2,1,1,1,0,1,0,0,0,1,1,1,2,2,1,2,2,1,2,2,1,2,2,1,1,1,1,2,1,2,1,1,9,1,1,1,1,0,0,0,0,0,0,0,0,0,2,9,1,2,1,0,0,0,1,0,0,1,2,3
6158490,3,4,1,7,5,0,2,0,2,2,1,1,1,1,0,0,0,0,3,3,1,2,2,1,2,2,1,2,2,1,2,2,1,1,1,1,2,1,1,1,1,9,1,2,9,1,0,0,0,0,0,0,0,0,0,2,9,1,2,1,0,0,1,1,0,0,1,2,2
5497126,2,5,5,5,5,0,5,0,0,2,2,2,4,4,0,0,1,1,0,0,1,1,2,1,2,2,2,1,2,1,2,2,2,1,1,1,3,1,1,1,1,9,1,1,1,1,0,0,0,0,0,0,0,0,0,1,1,4,0,10,0,10,1,0,1,1,1,1,2
1945395,3,8,4,1,7,1,8,0,0,1,2,2,4,4,1,1,0,0,12,8,1,2,2,1,2,2,2,2,2,1,2,2,2,1,1,1,2,1,1,1,1,9,1,1,1,2,0,0,0,0,0,0,0,0,0,1,1,3,2,10,0,0,1,0,2,3,1,1,2
2551705,3,5,2,1,5,0,2,0,0,2,1,1,1,1,0,0,0,0,1,1,1,2,2,1,2,2,2,2,2,1,2,2,2,1,1,1,2,1,1,1,1,9,1,1,1,1,0,0,0,0,0,0,0,0,0,2,9,2,2,1,0,0,0,1,1,1,1,1,2
5750962,2,1,2,1,21,0,15,0,0,2,6,6,5,5,1,1,1,0,12,5,1,2,2,1,2,2,1,2,2,1,2,2,1,1,1,1,1,1,1,1,1,9,1,1,1,1,0,0,0,0,0,0,0,0,0,1,9,0,0,20,350,0,2,2,2,0,1,1,2
1834284,3,5,5,1,5,1,5,0,0,1,1,1,1,1,1,1,1,1,4,4,1,2,2,1,2,2,2,2,2,1,2,2,2,1,1,1,2,1,1,1,2,1,1,1,1,1,0,0,0,0,0,0,0,0,0,1,1,4,2,3,0,0,0,0,1,3,1,2,2
8928083,3,13,6,1,8,1,8,0,1,1,3,3,3,3,1,1,1,1,15,15,1,2,2,1,2,2,1,2,2,1,2,2,1,1,1,1,2,1,2,1,2,2,1,1,1,2,0,0,0,0,0,0,0,0,0,1,1,5,3,11,0,0,1,0,1,1,1,2,2
9294852,2,18,18,2,36,36,24,12,0,1,0,0,9,9,0,0,0,0,0,6,1,2,2,1,1,2,1,2,2,1,1,2,1,1,1,1,2,1,1,1,2,1,1,1,1,1,1,1,1,1,1,4,4,4,1,1,1,0,1,20,0,1,2,1,1,1,1,1,2
4814261,3,1,1,8,5,0,2,0,0,2,2,2,2,2,0,0,0,0,1,2,1,1,2,1,2,2,2,1,2,1,2,2,2,1,1,1,2,1,1,1,1,9,1,1,1,3,0,0,0,0,0,0,0,0,0,2,9,2,1,1,0,0,0,1,0,1,1,2,2
8905502,3,4,4,2,14,7,5,0,0,1,4,4,4,4,1,1,1,1,6,6,1,2,2,1,1,2,1,2,2,1,1,2,1,1,1,1,2,1,1,1,2,1,1,1,1,1,0,0,0,0,0,0,0,0,0,1,1,2,1,10,0,0,1,0,1,1,1,1,2
6154732,3,1,1,1,5,0,2,0,0,2,1,1,1,1,0,0,0,0,1,2,1,2,2,1,1,2,1,2,2,1,1,2,1,1,1,1,2,1,1,1,1,9,1,1,1,2,0,0,0,0,0,0,0,0,0,2,9,1,1,0,0,0,0,1,0,0,1,2,2
1720505,1,1,1,3,7,8,7,0,0,1,1,1,1,1,1,1,1,1,3,1,1,2,2,1,2,2,1,2,2,1,2,2,1,1,1,1,2,1,1,1,1,9,1,1,1,1,0,0,0,0,0,0,0,0,0,2,9,0,0,1,0,0,0,0,0,0,1,2,2
3332939,3,7,3,1,6,1,6,0,0,1,2,2,3,3,0,0,0,0,2,3,1,2,2,1,2,2,2,2,2,1,2,2,2,1,1,1,2,1,2,1,2,1,1,1,1,1,0,0,0,0,0,0,0,0,0,1,1,4,1,1,0,0,0,0,1,1,1,2,2
8883783,3,5,1,1,4,0,0,0,4,2,1,1,1,1,0,0,1,1,1,1,1,2,2,1,2,2,1,2,2,1,2,2,1,1,1,1,2,1,1,1,1,9,1,1,1,2,0,0,0,0,0,0,0,0,0,2,9,1,2,1,0,0,0,1,0,0,1,2,2
9747769,3,5,1,1,5,1,2,0,0,2,3,3,5,3,0,0,1,1,3,6,1,1,2,1,2,2,1,1,2,1,2,2,1,1,1,1,2,1,1,1,1,9,1,1,1,2,0,0,0,0,0,0,0,0,0,2,9,1,2,1,0,0,0,1,0,1,1,2,2
6626685,2,3,3,1,6,3,6,0,0,1,3,3,3,3,0,0,1,0,3,6,1,1,2,1,2,2,2,2,2,1,2,2,2,1,1,1,2,1,1,1,1,9,1,1,1,1,0,0,0,0,0,0,0,0,0,2,9,0,4,1,456,0,0,1,0,0,1,2,2
9622934,3,1,1,2,2,0,1,0,1,2,1,1,1,1,0,0,0,0,1,1,1,2,2,1,2,2,2,2,2,1,2,2,2,1,1,1,2,1,1,1,1,9,1,1,1,1,0,0,0,0,0,0,0,0,0,2,9,1,1,3,0,0,0,1,0,1,1,2,2
7021084,3,3,3,2,5,0,1,0,0,2,0,0,1,1,0,0,0,0,0,2,1,2,2,1,2,2,2,2,2,1,2,2,2,1,1,1,2,1,2,2,2,2,1,1,1,1,0,0,0,0,0,0,0,0,0,2,9,2,2,1,0,0,0,1,0,0,2,2,2
3431728,2,1,1,2,5,2,5,0,0,1,1,1,1,1,0,0,0,0,2,1,1,2,2,1,2,2,1,2,2,1,2,2,1,1,1,1,2,1,1,1,2,1,1,1,1,1,0,0,0,0,0,0,0,0,0,2,9,1,1,1,0,0,0,1,0,0,1,1,2
3821673,2,1,0,1,5,1,3,0,2,2,1,1,1,1,0,0,0,0,3,3,1,2,2,1,2,2,1,2,2,1,2,2,1,1,1,1,2,1,1,1,2,1,1,1,1,1,0,0,0,0,0,0,0,0,0,2,9,2,3,1,0,0,0,1,0,1,1,1,2
5065014,3,14,9,7,25,9,13,0,0,1,1,1,1,1,1,1,1,1,1,1,1,2,2,1,2,2,2,2,2,1,2,2,2,1,1,1,2,1,1,1,1,9,1,1,1,1,1,1,1,1,1,4,4,4,1,1,1,6,0,20,0,1,1,0,1,1,1,1,2
7069328,3,2,1,5,5,0,5,0,0,2,1,1,1,1,0,0,0,0,0,0,1,2,2,1,2,2,2,2,2,1,2,2,2,1,1,1,2,1,1,1,2,1,1,1,1,2,0,0,0,0,0,0,0,0,0,2,9,1,2,1,0,1,0,1,1,0,1,2,3
2390889,4,3,3,1,7,3,7,0,0,1,1,1,1,1,0,0,0,0,1,2,1,1,2,1,1,2,2,1,2,1,1,2,2,1,1,1,2,1,1,1,1,9,1,1,1,1,0,0,0,0,0,0,0,0,0,1,1,6,1,13,0,0,0,1,2,1,1,2,2
6349474,3,5,5,1,7,0,7,0,0,2,0,0,1,1,0,0,1,1,0,10,1,2,2,1,2,2,2,2,2,1,2,2,2,1,1,1,2,1,1,1,1,9,1,1,1,1,0,0,0,0,0,0,0,0,0,2,9,1,1,2,0,0,0,1,0,0,1,2,2
4546150,3,5,5,1,9,2,8,0,0,2,2,2,3,3,0,0,0,0,10,12,1,2,2,1,2,2,1,2,2,1,2,2,1,1,1,1,1,1,1,1,1,9,1,1,1,2,0,0,0,0,0,0,0,0,0,1,1,0,1,1,0,1,0,0,0,0,1,2,2
8099990,3,1,1,1,6,4,2,0,0,2,1,1,1,1,0,0,0,0,2,2,1,2,2,1,2,2,2,2,2,1,2,2,2,1,1,1,2,1,2,1,1,9,1,1,1,3,0,0,0,0,0,0,0,0,0,2,9,1,2,2,0,0,0,1,0,1,1,2,3
6267817,3,1,1,5,5,2,2,0,0,2,1,1,1,1,0,0,0,0,1,1,1,2,2,1,2,2,2,2,2,1,2,2,2,1,1,1,2,1,2,1,2,2,1,2,9,1,0,0,0,0,0,0,0,0,0,2,9,1,2,0,0,0,0,1,0,1,1,2,2
1508948,1,1,1,1,43,2,43,0,0,1,12,11,12,11,5,4,5,4,11,11,1,2,2,1,1,2,1,2,2,1,1,2,1,1,1,1,2,1,1,1,1,9,1,1,1,1,0,0,0,0,0,0,0,0,0,1,9,0,0,32,0,32,2,0,9,0,1,2,2
4681936,3,4,1,7,5,0,2,0,0,2,1,1,2,2,0,0,0,0,3,6,1,2,2,1,2,2,2,2,2,1,2,2,2,1,1,1,2,1,2,2,1,9,1,1,1,2,0,0,0,0,0,0,0,0,0,2,9,1,2,1,0,0,0,1,0,0,1,2,2
2273123,2,1,1,1,99,6,99,0,0,1,79,72,57,52,33,23,28,22,96,90,1,2,2,1,2,2,1,2,2,1,2,2,1,1,1,1,1,1,1,1,1,9,1,1,1,1,1,1,1,1,1,4,4,4,1,1,9,1,1,50,0,5,2,1,14,1,1,1,2
9905275,3,10,4,7,16,8,14,0,0,1,10,10,10,10,1,1,1,1,8,8,1,1,2,1,2,2,2,2,2,1,2,2,2,1,1,1,2,1,1,1,1,9,1,1,1,2,1,1,1,1,1,4,4,4,1,1,1,0,0,20,0,1,1,0,1,1,1,2,3
9524337,3,7,3,1,5,0,7,0,0,2,1,1,1,1,0,0,0,0,1,1,1,1,2,1,2,2,2,1,2,1,2,2,2,1,1,1,2,1,1,1,1,9,1,1,1,1,0,0,0,0,0,0,0,0,0,2,9,1,4,1,0,0,0,1,0,1,1,1,2
7629315,3,2,2,5,5,6,5,0,0,1,4,4,4,4,1,0,1,0,3,0,1,2,2,1,2,2,1,2,2,1,2,2,1,1,1,1,1,1,1,1,1,9,1,1,1,1,0,0,0,0,0,0,0,0,0,1,1,4,0,12,0,0,1,0,2,4,1,1,2
5711222,3,2,2,1,5,2,5,0,0,1,2,2,4,4,1,1,0,0,0,2,1,2,2,1,1,2,2,2,2,1,1,2,2,1,1,1,2,1,2,2,2,2,1,1,1,1,0,0,0,0,0,0,0,0,0,1,1,4,1,6,0,0,0,0,1,2,1,1,3
8185659,3,14,14,2,43,6,39,4,0,1,2,2,2,2,0,0,0,0,2,2,1,2,2,1,2,2,2,2,2,1,2,2,2,1,1,1,2,1,1,1,1,9,1,1,1,2,2,1,1,1,1,4,4,4,2,1,1,0,0,20,0,21,1,0,2,1,1,2,2
1637006,3,8,1,1,5,1,2,0,0,1,0,0,1,1,1,1,0,0,2,2,1,2,2,1,1,2,2,2,2,1,1,2,2,1,1,1,2,1,1,1,1,9,1,1,1,1,0,0,0,0,0,0,0,0,0,2,9,1,2,2,0,1,1,1,0,1,1,2,2
5256197,3,6,6,2,10,5,7,0,1,1,2,2,3,3,1,1,0,0,0,0,1,1,1,1,1,2,2,1,1,1,1,2,2,1,1,1,2,1,1,1,1,9,1,1,1,2,1,1,1,1,1,4,4,4,2,1,1,5,0,20,0,0,1,0,1,1,1,2,2
5336754,3,10,5,7,5,7,5,0,0,1,1,1,2,2,1,1,1,1,10,12,1,2,2,1,2,2,1,2,2,1,2,2,1,1,1,1,2,1,1,1,1,9,1,1,1,1,0,0,0,0,0,0,0,0,0,1,1,0,0,10,0,0,1,0,1,1,1,1,2
8758783,2,1,4,1,29,5,19,0,0,1,8,8,7,7,3,2,2,1,16,7,1,2,1,2,2,2,2,2,1,2,2,2,2,1,1,1,2,1,1,1,1,9,1,1,1,1,0,0,0,0,0,0,0,0,0,1,9,1,0,2,0,10,1,0,3,0,1,1,2
3024831,3,3,0,7,3,0,0,0,0,2,1,1,1,1,0,0,0,0,1,1,1,2,2,1,2,2,2,2,2,1,2,2,2,1,1,1,2,1,1,1,1,9,1,1,1,3,0,0,0,0,0,0,0,0,0,2,9,2,2,1,0,0,0,0,0,1,1,2,2
8067355,1,2,2,1,20,5,14,0,0,1,2,2,2,2,0,0,0,0,6,6,1,1,2,1,1,2,2,1,2,1,1,2,2,1,1,1,2,1,1,1,1,9,1,1,1,1,1,1,1,1,1,4,4,4,1,1,9,2,0,5,0,0,1,0,1,1,1,2,3
2053210,3,11,10,8,11,5,10,0,0,1,2,2,2,2,0,0,0,0,2,2,1,2,2,1,2,2,1,2,2,1,2,2,1,1,1,1,2,1,1,1,1,9,1,1,1,1,0,0,0,0,0,0,0,0,0,1,1,0,0,14,0,0,1,0,1,1,1,2,2
9535695,3,4,4,1,5,0,2,2,0,2,1,1,0,0,0,0,0,0,2,0,1,2,2,1,2,2,2,2,2,1,2,2,2,1,1,1,2,1,1,1,2,1,1,1,1,1,0,0,0,0,0,0,0,0,0,2,9,1,2,1,0,0,1,1,0,0,1,2,2
6070161,3,4,2,1,5,0,4,0,0,2,1,0,1,0,1,0,0,0,0,4,1,2,2,1,2,2,2,2,2,1,2,2,2,1,1,1,2,1,1,1,1,9,1,1,1,1,0,0,0,0,0,0,0,0,0,2,9,1,2,1,0,0,0,1,0,0,1,2,2
4289620,3,2,2,1,2,0,0,0,3,2,1,0,1,0,0,0,0,0,1,1,1,2,2,1,2,2,2,2,2,1,2,2,2,1,1,1,2,1,1,1,1,9,1,1,1,1,0,0,0,0,0,0,0,0,0,2,9,1,1,1,0,1,0,1,0,1,1,2,2
7115992,3,7,3,7,7,1,0,2,4,1,1,1,1,1,1,0,0,0,1,2,1,2,2,1,2,2,2,2,2,1,2,2,2,1,1,1,2,1,1,1,1,9,1,1,1,3,0,0,0,0,0,0,0,0,0,2,9,1,2,3,0,0,1,1,0,0,1,1,2
6024236,3,5,4,7,10,1,5,0,2,1,1,1,2,2,1,1,1,1,3,4,1,2,2,1,2,2,2,2,2,1,2,2,2,1,1,1,2,1,1,1,2,2,1,1,1,2,0,0,0,0,0,0,0,0,0,1,1,4,2,3,0,0,0,0,1,3,1,2,2
1096718,1,3,3,1,72,9,72,0,0,1,39,36,30,27,16,14,15,12,72,54,1,2,2,1,2,2,1,2,2,1,2,2,1,1,1,1,2,1,1,1,1,9,1,1,1,1,1,1,1,1,1,4,4,4,1,2,9,3,0,20,0,0,0,0,3,2,1,1,2
2442433,2,5,7,1,23,7,30,0,0,1,9,9,12,12,1,1,1,1,4,5,1,1,2,1,2,2,2,1,2,1,2,2,2,1,1,1,2,1,1,1,1,9,1,1,1,1,1,1,1,1,1,4,4,4,1,1,9,2,1,45,500,7,2,7,8,4,1,1,1
8030027,2,0,2,1,0,2,2,0,0,1,2,2,2,2,0,0,0,0,4,4,1,1,1,1,2,2,2,1,1,1,2,2,2,1,1,1,2,1,2,2,1,9,1,1,1,1,0,0,0,0,0,0,0,0,0,2,9,1,0,3,0,0,1,0,1,1,1,2,3
1350457,3,2,4,1,5,0,4,0,0,2,1,1,1,1,0,0,0,0,1,1,1,2,2,1,2,2,2,2,2,1,2,2,2,1,1,1,2,1,1,1,1,9,1,1,1,1,0,0,0,0,0,0,0,0,0,2,9,1,2,1,0,0,0,1,0,1,1,2,2
9791582,3,15,8,1,28,3,8,11,8,2,0,0,6,6,0,0,1,0,0,63,1,2,2,1,2,2,2,2,2,1,2,2,2,1,1,1,1,1,2,2,2,2,1,1,1,2,4,4,4,4,4,4,4,4,2,1,1,0,0,30,0,0,2,0,2,1,1,2,2
1460573,3,1,1,1,5,0,2,0,0,2,1,1,1,1,0,0,0,0,3,2,1,2,2,1,2,2,2,2,2,1,2,2,2,1,1,1,2,1,1,1,2,2,1,1,2,2,0,0,0,0,0,0,0,0,0,2,9,1,2,2,0,0,0,1,0,0,1,2,2
5946154,3,8,3,7,8,3,5,2,0,1,1,1,1,1,1,1,0,0,4,4,1,1,2,1,2,2,2,1,2,1,2,2,2,1,1,1,2,1,1,1,1,9,1,1,1,1,0,0,0,0,0,0,0,0,0,1,1,5,0,12,0,0,1,1,2,4,1,2,2
5032429,3,4,4,8,6,1,6,0,0,2,2,2,2,2,0,0,6,6,6,6,1,2,2,1,2,2,2,2,2,1,2,2,2,1,1,1,2,1,1,1,1,9,1,1,1,1,0,0,0,0,0,0,0,0,0,1,2,1,3,10,0,0,1,0,2,2,1,2,2
8696125,3,5,2,1,8,4,4,0,0,1,1,1,1,1,0,0,0,0,4,6,1,2,2,1,2,2,2,2,2,1,2,2,2,1,1,1,2,1,1,1,1,9,1,1,1,1,0,0,0,0,0,0,0,0,0,1,1,1,2,10,0,0,1,0,1,1,1,2,2
7417787,3,6,1,1,5,2,2,0,0,2,1,1,1,1,0,0,1,1,1,1,1,1,1,1,2,2,2,1,1,1,2,2,2,1,1,1,2,1,1,1,1,9,1,1,1,1,0,0,0,0,0,0,0,0,0,2,9,1,2,1,0,0,1,1,0,0,1,2,2
9685379,3,7,2,1,5,2,4,0,0,2,1,1,1,1,0,0,1,1,0,1,1,2,2,1,2,2,2,2,2,1,2,2,2,1,1,1,2,1,1,1,1,9,1,1,1,1,0,0,0,0,0,0,0,0,0,2,9,1,2,1,0,0,1,1,0,0,1,2,2
9591916,2,2,2,1,9,2,9,0,0,1,6,6,5,5,2,1,2,1,18,5,1,1,2,1,2,2,1,1,2,1,2,2,1,1,1,1,2,1,1,1,1,9,1,1,1,1,0,0,0,0,0,0,0,0,0,1,9,1,0,4,0,0,0,1,0,0,1,2,2
5403719,3,6,1,1,5,1,3,0,0,1,1,1,1,1,0,0,0,0,10,10,1,1,1,1,2,2,1,1,1,1,2,2,1,1,1,1,2,1,1,1,1,9,1,1,1,1,0,0,0,0,0,0,0,0,0,1,1,3,1,10,0,0,0,0,1,1,1,2,2
9481300,3,11,5,7,7,5,9,0,0,1,2,2,4,4,1,1,1,1,4,6,1,2,2,1,1,2,2,2,2,1,1,2,2,1,1,1,2,1,1,1,1,9,1,1,1,1,0,0,0,0,0,0,0,0,0,1,1,5,0,10,0,0,1,0,4,2,1,1,2
3678199,1,2,2,1,62,7,62,0,0,1,29,27,21,19,12,12,9,9,54,38,1,2,2,1,2,2,1,2,2,1,2,2,1,1,1,1,2,1,1,1,1,9,1,1,1,1,1,1,1,1,1,4,4,4,2,1,9,0,0,45,0,9,1,0,10,0,1,2,2
2551645,3,10,10,7,12,10,6,6,0,1,2,2,0,0,0,0,0,0,0,0,1,2,2,1,1,2,1,2,2,1,1,2,1,1,1,1,1,1,1,1,1,9,1,1,1,2,0,0,0,0,0,0,0,0,0,1,1,0,0,10,0,0,1,1,1,1,1,1,2
7232927,3,8,4,1,9,2,6,2,0,1,3,3,3,3,0,0,0,0,3,3,1,2,2,1,2,2,1,2,2,1,2,2,1,1,1,1,2,1,1,1,1,9,1,1,1,2,0,0,0,0,0,0,0,0,0,1,1,1,3,10,0,0,0,0,1,1,1,2,2
8711221,3,9,9,2,46,13,46,0,0,1,20,20,49,49,1,1,1,1,40,40,1,1,2,1,2,2,2,1,2,1,2,2,2,1,1,1,2,1,1,1,1,9,1,1,1,1,1,1,1,1,1,4,4,4,3,1,1,0,5,20,0,1,1,1,0,1,1,1,2
7368743,3,5,2,1,5,0,4,0,0,2,1,1,1,1,0,0,0,0,2,2,1,1,2,1,1,2,1,2,2,1,1,2,1,1,1,1,2,1,1,1,2,1,1,1,1,2,0,0,0,0,0,0,0,0,0,2,9,1,1,1,0,0,1,1,0,0,1,2,2
1870664,3,9,3,2,8,1,3,2,0,1,1,1,1,1,1,0,0,0,2,2,1,2,2,1,2,2,2,2,2,1,2,2,2,1,1,1,2,1,2,1,1,9,1,1,1,1,0,0,0,0,0,0,0,0,0,2,9,2,3,3,0,0,1,1,1,1,1,2,2
1206657,3,6,1,1,3,0,3,0,0,2,1,1,1,1,0,0,0,0,4,4,1,2,2,1,2,2,2,2,2,1,2,2,2,1,1,1,2,1,2,2,1,9,1,1,1,2,0,0,0,0,0,0,0,0,0,2,9,1,2,1,0,0,0,1,0,1,1,2,2
7106597,3,4,2,1,5,1,5,0,0,2,1,1,1,1,0,0,0,0,4,4,1,2,2,1,2,2,2,2,2,1,2,2,2,1,1,1,2,1,1,1,1,9,1,1,1,2,0,0,0,0,0,0,0,0,0,1,2,4,1,10,0,0,0,0,1,1,2,2,2
5575784,3,2,2,5,5,0,2,3,0,2,1,1,1,1,1,1,1,1,2,6,1,2,1,1,2,2,2,2,1,1,2,2,2,1,1,1,2,1,1,1,2,1,1,1,1,1,0,0,0,0,0,0,0,0,0,1,1,3,1,10,0,0,0,0,1,1,1,1,2
5295053,3,5,1,7,5,0,3,0,0,2,1,1,2,1,1,1,1,1,4,4,1,2,2,1,2,2,1,2,2,1,2,2,1,1,1,1,2,1,1,1,1,9,1,1,2,2,0,0,0,0,0,0,0,0,0,1,1,3,1,10,0,0,1,0,1,2,1,2,3
1902111,3,2,1,1,5,0,1,1,0,2,0,0,1,1,0,0,0,0,0,6,1,2,2,1,2,2,2,2,2,1,2,2,2,1,1,1,2,1,1,1,1,9,1,1,1,2,0,0,0,0,0,0,0,0,0,2,9,1,2,1,0,0,0,1,0,1,1,2,2
1304084,3,3,1,2,5,0,1,0,0,2,1,1,1,1,0,0,0,0,3,4,1,1,2,2,2,2,2,1,2,2,2,2,2,1,1,1,2,1,2,2,1,9,1,1,1,3,0,0,0,0,0,0,0,0,0,2,9,1,2,1,0,0,0,1,0,0,1,2,3
4802908,3,6,1,1,5,1,1,1,0,1,1,1,1,1,1,1,0,0,4,1,1,2,2,1,2,2,1,2,2,1,2,2,1,1,1,1,2,1,2,2,1,9,1,1,1,1,0,0,0,0,0,0,0,0,0,2,9,1,2,1,0,0,1,1,0,1,1,2,2
1392959,3,2,1,1,3,1,2,0,1,2,1,1,1,1,0,0,0,0,2,1,1,2,2,1,2,2,2,2,2,1,2,2,2,1,1,1,2,1,1,1,2,2,1,1,1,3,0,0,0,0,0,0,0,0,0,2,9,1,2,1,0,0,1,1,0,0,1,2,2
5126002,2,5,2,1,3,1,3,0,0,1,1,0,2,2,0,0,0,0,4,6,1,1,2,1,2,2,1,1,2,1,2,2,1,1,1,1,2,1,1,1,1,9,1,1,1,1,0,0,0,0,0,0,0,0,0,2,9,1,2,1,0,0,0,1,0,1,1,2,2
4037067,3,4,1,2,5,0,1,1,0,2,1,1,1,1,0,0,0,0,1,1,1,2,2,1,2,2,2,2,2,1,2,2,2,1,1,1,2,1,1,1,1,9,1,1,1,2,0,0,0,0,0,0,0,0,0,2,9,2,1,1,0,0,1,1,0,0,1,1,2
9124592,3,3,2,7,7,2,4,0,0,2,1,1,1,1,0,0,0,0,2,3,1,2,2,1,2,2,1,2,2,1,2,2,1,1,1,1,2,1,1,1,1,9,1,1,1,1,0,0,0,0,0,0,0,0,0,2,9,4,1,1,0,0,0,1,1,0,2,2,2
3175139,3,6,4,1,5,3,8,0,0,1,0,0,1,1,1,1,0,0,0,4,1,2,2,1,2,2,2,2,2,1,2,2,2,1,1,1,2,1,1,1,2,2,1,1,1,2,0,0,0,0,0,0,0,0,0,1,1,3,2,14,0,10,0,0,2,1,1,2,2
2690188,3,9,3,7,8,2,5,0,0,2,5,5,5,5,0,0,0,0,14,14,1,2,2,1,2,2,1,2,2,1,2,2,1,1,1,1,2,1,2,1,1,9,1,1,1,1,0,0,0,0,0,0,0,0,0,2,9,0,2,1,0,0,0,1,1,1,1,2,2
5261656,3,8,7,5,11,0,4,0,4,2,1,1,2,2,1,1,0,0,4,4,1,2,2,1,2,2,2,2,2,1,2,2,2,1,1,1,2,1,1,1,2,1,1,1,1,1,0,0,0,0,0,0,0,0,0,1,1,1,4,13,0,2,0,0,1,2,1,1,2
3261263,3,3,1,1,5,0,1,0,2,2,1,1,1,1,0,0,0,0,1,1,1,2,2,1,2,2,2,2,2,1,2,2,2,1,1,1,2,1,1,1,2,2,1,1,1,1,0,0,0,0,0,0,0,0,0,2,9,1,2,5,0,0,0,1,0,1,1,2,2
4722060,2,1,2,1,19,9,19,0,0,1,8,8,7,7,3,2,3,2,8,21,1,2,1,1,2,2,1,2,1,1,2,2,1,1,1,1,2,1,1,1,1,9,1,1,1,1,1,1,1,1,1,4,4,4,1,1,9,0,0,12,1500,1,0,1,1,0,1,1,2
5719882,3,2,4,5,5,3,2,2,4,2,1,1,1,1,0,0,0,0,3,3,1,1,2,2,2,2,2,1,2,2,2,2,2,1,1,1,2,1,2,1,1,9,1,1,1,3,0,0,0,0,0,0,0,0,0,2,9,1,2,1,0,0,0,1,0,1,1,2,2
1971247,1,2,2,5,27,7,27,0,0,1,14,13,13,12,5,3,6,4,13,12,1,2,2,1,1,2,1,2,2,1,1,2,1,1,1,1,2,1,1,1,1,9,1,1,1,1,1,1,1,1,1,4,4,4,1,1,9,1,1,15,4,0,0,0,1,0,1,1,2
4408001,3,6,1,7,3,0,1,0,0,2,0,0,1,1,1,1,1,1,0,1,1,2,2,1,2,2,2,2,2,1,2,2,2,1,1,1,2,1,1,1,1,9,1,1,1,1,0,0,0,0,0,0,0,0,0,2,9,2,2,1,0,0,0,1,0,1,1,1,2
5444373,3,1,1,2,5,0,2,0,0,2,1,1,1,1,0,0,0,0,1,1,1,2,2,1,1,2,2,2,2,1,1,2,2,1,1,1,2,1,1,1,1,9,1,1,1,1,0,0,0,0,0,0,0,0,0,2,9,1,1,1,0,0,0,1,0,0,1,2,2
2943316,3,2,1,7,5,1,2,0,0,2,1,1,1,1,0,0,0,0,1,1,1,2,2,1,2,2,1,2,2,1,2,2,1,1,1,1,2,1,1,1,1,9,1,1,1,1,0,0,0,0,0,0,0,0,0,2,9,1,1,1,0,0,0,1,1,0,1,2,2
9423700,3,3,6,1,7,8,5,0,0,1,8,8,9,9,0,0,0,0,3,0,1,1,2,1,2,2,2,1,2,1,2,2,2,1,1,1,1,1,1,1,2,1,1,1,1,2,0,0,0,0,0,0,0,0,0,1,1,3,0,15,0,10,1,0,2,2,1,2,3
8559108,3,9,3,1,9,1,5,0,2,1,3,3,3,3,1,1,0,0,12,8,1,2,2,1,2,2,2,2,2,1,2,2,2,1,1,1,2,1,1,1,2,2,1,1,1,1,0,0,0,0,0,0,0,0,0,1,1,4,3,10,0,1,1,0,2,2,1,2,3
6485742,3,4,1,1,5,0,2,0,0,2,1,1,1,1,1,1,1,1,3,3,1,2,2,1,2,2,1,2,2,1,2,2,1,1,1,1,2,1,1,1,1,9,1,1,1,1,0,0,0,0,0,0,0,0,0,2,9,1,3,1,0,0,0,1,0,1,1,2,2
7305312,2,2,2,1,7,2,7,0,0,1,2,2,2,2,2,2,2,2,6,2,1,2,2,1,2,2,1,2,2,1,2,2,1,1,1,1,2,1,1,1,1,9,1,1,1,1,0,0,0,0,0,0,0,0,0,1,9,2,0,6,0,2,1,0,2,0,1,1,2
7341654,3,5,6,1,5,1,5,0,0,2,2,2,8,8,1,1,0,0,10,12,1,2,2,1,2,2,1,2,2,1,2,2,1,1,1,1,1,1,1,1,1,9,1,1,1,2,0,0,0,0,0,0,0,0,0,1,1,5,0,12,0,20,1,1,1,1,1,1,2
6577033,3,5,3,1,9,3,5,0,0,2,1,1,1,0,0,0,0,0,1,1,1,2,2,1,2,2,2,2,2,1,2,2,2,1,1,1,2,1,1,1,1,9,1,1,1,3,0,0,0,0,0,0,0,0,0,2,9,2,6,1,0,1,1,1,0,1,1,1,2
6384807,3,5,0,1,5,1,2,0,1,1,2,2,2,2,0,0,0,0,2,0,1,2,2,1,2,2,2,2,2,1,2,2,2,1,1,1,2,1,1,1,2,1,1,1,1,2,0,0,0,0,0,0,0,0,0,1,2,1,0,13,0,0,1,1,1,2,1,2,2
1383808,3,2,1,1,5,0,1,2,0,2,1,1,1,1,0,0,0,0,2,3,1,2,2,1,2,2,2,2,2,1,2,2,2,1,1,1,2,1,2,1,1,9,1,1,1,1,0,0,0,0,0,0,0,0,0,2,9,1,2,1,0,0,1,1,0,0,1,2,3
3573073,3,6,2,1,8,0,4,0,0,2,2,2,1,1,1,0,0,0,1,1,1,1,2,2,1,2,2,1,2,2,1,2,2,1,1,1,2,1,1,1,1,9,1,1,1,1,0,0,0,0,0,0,0,0,0,1,1,4,2,10,0,1,1,0,2,1,1,2,2
9838923,3,4,2,1,5,0,4,0,0,2,1,1,1,1,0,0,0,0,3,6,1,2,2,1,2,2,1,2,2,1,2,2,1,1,1,1,2,1,2,1,1,9,1,1,1,2,0,0,0,0,0,0,0,0,0,2,9,2,2,1,0,0,0,1,0,1,1,1,2
4990234,3,4,1,1,5,2,2,1,0,1,2,1,2,1,0,0,0,0,8,8,1,2,2,1,2,2,1,2,2,1,2,2,1,1,1,1,2,1,1,1,1,9,1,1,1,1,0,0,0,0,0,0,0,0,0,2,9,2,2,1,0,0,0,1,0,0,1,2,2
6452310,3,3,3,1,6,0,6,0,0,2,1,1,1,1,0,0,0,0,1,1,1,2,2,1,2,2,2,2,2,1,2,2,2,1,1,1,2,1,2,2,2,1,1,1,1,2,0,0,0,0,0,0,0,0,0,1,1,6,2,10,0,0,0,0,1,1,1,2,2
4874843,2,2,1,1,6,3,7,0,0,1,3,3,3,3,0,0,0,0,4,4,1,1,2,1,2,2,1,1,2,1,2,2,1,1,1,1,2,1,1,1,1,9,1,1,1,1,0,0,0,0,0,0,0,0,0,2,9,2,0,4,0,0,0,0,0,3,2,2,2
9620682,1,2,2,1,66,8,66,0,0,1,6,6,5,5,2,1,2,1,12,15,1,2,2,1,2,2,1,2,2,1,2,2,1,1,1,1,2,1,1,1,1,9,2,1,1,1,1,1,1,1,1,4,4,4,1,2,9,2,0,10,1000,0,1,0,2,0,1,1,2
5954275,3,3,1,1,5,2,0,0,2,2,1,1,0,0,0,0,0,0,1,1,1,2,2,1,2,2,1,2,2,1,2,2,1,1,1,1,2,1,1,1,2,1,1,1,1,1,0,0,0,0,0,0,0,0,0,2,9,1,1,1,0,0,0,1,0,0,1,2,2
8512869,2,3,1,1,5,2,1,0,0,1,0,0,2,2,0,0,0,0,0,8,1,2,2,1,2,2,1,2,2,1,2,2,1,1,1,1,2,1,1,1,1,9,1,1,1,1,0,0,0,0,0,0,0,0,0,2,9,2,1,1,0,0,0,1,0,1,1,2,2
3411897,1,1,1,1,8,7,8,0,0,1,7,7,5,5,2,1,2,1,7,10,1,1,2,1,2,2,2,1,2,1,2,2,2,1,1,1,2,1,1,1,1,9,1,1,1,1,0,0,0,0,0,0,0,0,0,1,9,0,0,20,0,0,1,0,1,4,1,2,3
1683402,3,4,1,1,5,0,2,0,0,2,2,2,1,1,0,0,0,0,10,4,1,2,2,1,2,2,2,2,2,1,2,2,2,1,1,1,2,1,2,1,1,9,1,2,9,3,0,0,0,0,0,0,0,0,0,2,9,2,2,1,0,0,1,1,0,1,1,2,3
9891263,3,3,2,1,7,1,0,5,3,1,1,1,2,2,1,1,1,1,1,2,1,2,2,1,2,2,2,2,2,1,2,2,2,1,1,1,2,1,2,2,1,9,1,1,1,1,0,0,0,0,0,0,0,0,0,1,1,5,3,10,0,0,1,0,1,2,1,1,3
4887935,3,3,1,7,5,1,0,0,2,1,1,1,1,1,0,0,0,0,1,0,1,2,2,1,2,2,2,2,2,1,2,2,2,1,1,1,2,1,2,1,1,9,1,1,1,2,0,0,0,0,0,0,0,0,0,2,9,2,2,1,0,0,0,1,0,1,1,1,2
6699909,1,2,2,6,17,4,17,0,0,1,3,3,3,3,1,1,1,1,12,12,1,2,2,1,2,2,1,2,2,1,2,2,1,1,1,1,2,1,1,1,1,9,1,1,1,2,0,0,0,0,0,0,0,0,0,1,9,0,0,5,0,0,0,0,0,1,1,2,2
3444756,3,8,3,7,5,1,4,0,1,2,2,0,2,1,1,0,1,0,0,2,1,1,2,1,2,2,2,1,2,1,2,2,2,1,1,1,2,1,1,1,1,9,1,1,1,2,0,0,0,0,0,0,0,0,0,1,1,1,0,12,0,11,1,1,1,1,1,1,2
6847356,3,12,3,7,10,1,7,0,0,2,1,1,1,1,1,1,1,1,2,2,1,2,2,1,1,2,2,2,2,1,1,2,2,1,1,1,2,1,1,1,1,9,1,1,1,2,0,0,0,0,0,0,0,0,0,2,9,3,6,11,0,1,2,1,3,2,1,2,2
6946237,3,2,2,7,5,0,0,0,2,2,1,1,0,0,0,0,0,0,3,0,1,2,2,1,2,2,1,2,2,1,2,2,1,1,1,1,2,1,1,1,1,9,1,1,1,1,0,0,0,0,0,0,0,0,0,2,9,1,2,1,0,0,0,1,0,1,1,2,2
9633499,1,2,2,1,27,8,27,0,0,1,12,11,9,9,4,3,3,2,11,27,1,2,2,1,1,2,1,2,2,1,1,2,1,1,1,1,2,1,1,1,1,9,1,1,1,1,1,1,1,1,1,4,4,4,1,2,9,10,0,20,500,2,1,0,3,0,1,1,2
2086837,3,9,9,1,9,7,6,3,0,1,2,2,0,0,0,0,0,0,0,0,1,1,1,1,2,2,1,1,1,1,2,2,1,1,1,1,2,1,1,1,1,9,1,1,1,1,0,0,0,0,0,0,0,0,0,1,1,0,0,10,0,1,1,1,1,1,1,1,2
9798180,3,7,3,7,8,2,7,0,0,1,2,2,2,2,1,1,1,1,4,4,1,2,2,1,2,2,2,2,2,1,2,2,2,1,1,1,2,1,1,1,2,1,1,1,1,1,0,0,0,0,0,0,0,0,0,1,1,4,3,13,0,1,1,0,1,2,1,2,2
3689193,3,5,4,7,9,2,4,0,0,1,1,0,2,2,0,0,0,0,0,3,1,2,2,1,2,2,2,2,2,1,2,2,2,1,1,1,2,1,1,1,2,1,1,1,1,3,0,0,0,0,0,0,0,0,0,2,9,1,3,1,0,0,1,1,0,1,1,2,2
9064492,3,2,2,7,5,0,3,0,0,2,1,1,2,2,0,0,1,1,2,2,1,2,2,1,1,2,2,2,2,1,1,2,2,1,1,1,2,1,1,1,1,9,1,2,9,1,0,0,0,0,0,0,0,0,0,2,9,1,1,1,0,0,1,1,0,0,1,2,3
1992074,3,7,4,1,10,1,10,0,0,1,2,2,2,2,1,1,1,1,5,10,1,2,2,1,2,2,2,2,2,1,2,2,2,1,1,1,2,1,1,1,1,9,1,1,1,1,0,0,0,0,0,0,0,0,0,2,9,1,4,1,0,1,1,1,0,1,1,1,2
7808361,1,6,6,1,97,10,93,0,0,1,62,56,57,52,26,23,24,19,56,92,1,1,2,1,2,2,2,1,2,1,2,2,2,1,1,1,1,1,2,1,1,9,1,2,9,1,1,1,1,1,1,4,4,4,1,1,9,50,0,200,0,168,3,97,97,7,1,2,1
5970671,3,3,1,1,2,0,2,0,0,2,1,1,1,1,0,0,0,0,0,0,1,2,2,1,2,2,2,2,2,1,2,2,2,1,1,1,2,1,1,1,2,2,1,1,1,1,0,0,0,0,0,0,0,0,0,2,9,1,2,2,0,0,1,1,0,0,1,2,3
5386630,3,8,8,1,8,1,7,1,0,2,1,1,1,1,0,0,0,0,0,8,1,1,2,1,1,2,1,1,2,1,1,2,1,1,1,1,1,1,1,1,1,9,1,1,1,1,0,0,0,0,0,0,0,0,0,1,1,7,3,10,0,0,0,0,1,1,1,1,2
2000982,3,6,2,1,6,1,4,0,0,2,1,1,1,1,0,0,1,1,3,2,1,1,1,1,2,2,2,1,1,1,2,2,2,1,1,1,2,1,1,1,2,2,1,1,1,2,0,0,0,0,0,0,0,0,0,1,1,4,3,4,0,0,1,0,1,1,1,2,2
2061659,2,2,2,5,5,4,5,0,0,1,4,4,12,12,1,0,2,1,5,0,2,2,2,1,1,2,1,2,2,1,1,2,1,1,1,1,2,1,2,1,1,9,1,1,1,1,0,0,0,0,0,0,0,0,0,1,1,0,0,10,0,0,1,0,1,1,1,2,2
8823052,3,1,3,2,8,3,8,0,0,2,0,0,8,8,0,0,2,2,0,1,1,2,2,1,1,2,2,2,2,1,1,2,2,1,1,1,2,1,1,1,1,9,1,1,1,1,0,0,0,0,0,0,0,0,0,1,1,0,1,1,0,0,0,0,3,1,1,1,2
1212505,3,1,1,1,2,2,2,0,0,2,1,1,1,1,0,0,0,0,3,3,1,2,2,1,2,2,1,2,2,1,2,2,1,1,1,1,2,1,1,1,1,9,1,1,1,1,0,0,0,0,0,0,0,0,0,2,9,1,1,1,0,1,0,1,0,0,1,2,2
2664444,3,2,2,1,5,2,5,0,0,2,1,1,1,1,0,0,0,0,3,3,1,2,2,1,2,2,2,2,2,1,2,2,2,1,1,1,2,1,1,1,1,9,1,1,1,1,0,0,0,0,0,0,0,0,0,2,9,1,1,1,0,0,1,1,0,0,1,2,2
4074984,3,5,2,2,5,0,5,0,0,2,2,2,2,2,0,0,0,0,4,2,1,2,2,1,2,2,2,2,2,1,2,2,2,1,1,1,2,1,1,1,1,9,1,1,1,1,0,0,0,0,0,0,0,0,0,1,1,3,0,10,0,0,0,0,2,2,1,2,2
6886067,3,3,1,1,5,0,2,0,0,2,2,2,2,2,0,0,0,0,2,2,1,2,2,1,2,2,2,2,2,1,2,2,2,1,1,1,2,1,1,1,1,9,1,1,2,3,0,0,0,0,0,0,0,0,0,2,9,1,2,1,0,0,0,1,0,0,1,2,2
5752783,1,2,2,1,5,6,6,0,0,1,1,1,1,1,2,2,2,2,3,1,1,2,2,1,1,2,1,2,2,1,1,2,1,1,1,1,2,1,2,1,1,9,1,1,1,1,0,0,0,0,0,0,0,0,0,2,9,0,0,0,0,0,0,0,0,0,1,2,3
5947360,3,8,2,1,7,1,6,0,0,1,3,3,3,3,1,1,0,0,7,8,1,1,2,1,2,2,2,1,2,1,2,2,2,1,1,1,2,1,1,1,2,2,1,1,1,2,0,0,0,0,0,0,0,0,0,1,1,5,1,12,0,10,1,0,1,2,1,2,2
3251382,1,2,2,1,47,8,47,0,0,1,13,12,8,8,5,4,3,2,12,8,1,1,2,1,1,2,2,1,2,1,1,2,2,1,1,1,2,1,1,1,1,9,1,2,9,1,1,1,1,4,4,4,4,4,1,2,9,0,500,45,4,0,0,8,0,3,1,2,2
3167536,3,8,1,1,5,0,0,1,1,2,0,0,1,1,0,0,1,1,0,0,1,2,2,1,2,2,2,2,2,1,2,2,2,1,1,1,2,1,2,2,1,9,1,1,1,1,0,0,0,0,0,0,0,0,0,2,9,1,2,2,0,0,0,1,0,1,1,2,2
6461022,3,8,3,2,5,1,4,0,0,2,4,4,4,4,1,0,1,0,3,2,1,1,2,2,2,2,2,1,2,2,2,2,2,1,1,1,2,1,1,1,1,9,1,1,1,2,0,0,0,0,0,0,0,0,0,1,1,3,2,12,0,0,1,0,2,2,1,2,2
9827432,3,4,1,1,5,2,1,0,1,2,1,1,1,1,0,0,0,0,3,3,1,2,2,1,2,2,2,2,2,1,2,2,2,1,1,1,2,1,1,1,1,9,1,1,1,1,0,0,0,0,0,0,0,0,0,2,9,1,2,0,0,0,0,1,0,0,1,1,2
2690410,3,1,1,7,3,1,1,0,0,1,1,1,1,1,0,0,0,0,1,1,1,2,2,1,2,2,2,2,2,1,2,2,2,1,1,1,1,1,2,1,2,1,1,1,1,2,0,0,0,0,0,0,0,0,0,2,9,2,2,0,0,0,0,0,0,0,1,2,2
9551648,3,3,3,1,6,6,6,0,0,2,3,1,2,1,0,0,0,0,6,3,1,2,2,1,2,2,2,2,2,1,2,2,2,1,1,1,2,1,2,1,1,9,1,1,1,2,0,0,0,0,0,0,0,0,0,1,1,4,3,13,0,0,1,1,2,2,1,2,3
7228769,3,2,2,7,4,0,2,0,2,2,2,2,2,2,0,0,0,0,6,6,1,2,2,1,2,2,1,2,2,1,2,2,2,1,1,1,2,1,1,1,1,9,1,2,9,2,0,0,0,0,0,0,0,0,0,1,1,4,1,10,0,0,0,0,1,2,1,2,2
7190243,3,1,1,2,5,1,2,0,0,1,1,1,1,1,0,0,0,0,3,2,1,2,2,1,2,2,1,2,2,1,2,2,1,1,1,1,2,1,1,1,1,9,1,1,1,1,0,0,0,0,0,0,0,0,0,2,9,2,0,2,0,0,0,1,1,1,1,2,2
7628332,3,1,1,2,5,1,0,0,2,1,1,1,1,1,0,0,0,0,1,3,1,2,2,1,2,2,2,2,2,1,2,2,2,1,1,1,2,1,1,1,1,9,1,1,1,3,0,0,0,0,0,0,0,0,0,2,9,1,1,1,0,1,1,1,0,0,2,2,2
7825449,3,3,1,1,5,2,2,0,0,2,1,1,1,1,0,0,0,0,0,5,1,2,2,1,2,2,1,2,2,1,2,2,1,1,1,1,2,1,1,1,2,1,1,1,1,1,0,0,0,0,0,0,0,0,0,2,9,1,1,1,0,0,0,1,0,0,1,2,2
2070201,3,2,2,5,5,0,2,0,0,2,1,1,1,1,0,0,0,0,0,0,1,2,2,1,2,2,2,2,2,1,2,2,2,1,1,1,2,1,1,1,2,2,1,1,1,1,0,0,0,0,0,0,0,0,0,2,9,1,1,0,0,0,0,1,0,0,1,2,2
8371731,3,1,2,1,5,1,4,0,1,2,1,1,1,1,1,1,1,1,2,2,1,2,2,1,2,2,2,2,2,1,2,2,2,1,1,1,2,1,1,1,2,2,1,1,1,1,0,0,0,0,0,0,0,0,0,2,9,1,1,1,0,0,1,1,0,1,1,2,2
3891883,1,2,2,1,13,8,5,0,0,1,2,2,1,1,2,2,2,2,2,3,1,2,2,1,2,2,1,2,2,1,2,2,1,1,1,1,2,1,1,1,1,9,2,1,1,1,0,0,0,0,0,0,0,0,0,2,9,2,0,10,100,0,0,0,2,1,1,1,2
5258206,3,8,2,1,3,0,3,1,0,2,1,1,1,1,0,0,1,1,2,2,1,2,2,1,2,2,2,2,2,1,2,2,2,1,1,1,2,1,1,1,1,9,1,1,1,1,0,0,0,0,0,0,0,0,0,2,9,1,3,1,0,1,1,1,0,1,1,1,2
6230518,3,3,1,1,5,0,3,0,0,2,2,2,2,2,1,1,1,1,3,5,1,1,2,2,2,2,2,1,2,2,2,2,2,1,1,1,2,1,1,1,1,9,1,2,9,2,0,0,0,0,0,0,0,0,0,2,9,1,2,1,0,0,0,1,0,1,1,2,2
6557615,3,5,4,7,9,0,4,0,4,2,1,1,2,2,1,0,1,1,3,3,1,1,2,2,2,2,2,1,2,2,2,2,2,1,1,1,2,1,1,1,1,9,1,1,1,2,0,0,0,0,0,0,0,0,0,2,9,1,1,2,0,0,0,1,1,1,1,2,2
3464329,3,6,3,1,6,1,6,0,0,1,2,2,2,2,0,0,1,1,2,2,1,2,2,1,2,2,2,2,2,1,2,2,2,1,1,1,2,1,1,1,1,9,1,1,1,1,0,0,0,0,0,0,0,0,0,2,9,1,2,3,0,0,0,1,0,1,1,2,2
5056665,3,6,1,2,3,0,2,0,0,2,1,1,0,0,0,0,0,0,3,3,1,1,2,1,2,2,2,1,2,1,2,2,2,1,1,1,2,1,2,1,1,9,1,1,2,2,0,0,0,0,0,0,0,0,0,2,9,1,2,1,0,1,0,1,0,1,1,1,2
1887993,3,3,1,1,5,0,0,2,0,2,0,0,1,1,0,0,0,0,0,1,1,2,2,1,2,2,2,2,2,1,2,2,2,1,1,1,2,1,1,1,2,1,1,1,1,1,0,0,0,0,0,0,0,0,0,2,9,1,1,0,0,0,0,0,0,0,2,2,2
3392492,3,5,2,7,5,0,2,0,0,2,1,1,1,1,1,1,0,0,0,0,1,2,2,1,2,2,2,2,2,1,2,2,2,1,1,1,2,1,1,1,1,9,1,1,1,1,0,0,0,0,0,0,0,0,0,2,9,1,3,1,0,0,0,1,0,1,1,2,2
2348330,3,7,7,1,7,0,7,0,0,2,2,2,3,3,0,0,1,1,0,6,1,2,2,1,2,2,1,2,2,1,2,2,1,1,1,1,2,1,1,1,1,9,1,1,1,2,0,0,0,0,0,0,0,0,0,1,1,1,1,10,0,10,1,0,1,1,1,2,2
1298940,3,5,3,7,6,1,5,0,0,2,1,1,1,1,1,1,1,1,4,4,1,2,2,1,2,2,2,2,2,1,2,2,2,1,1,1,2,1,1,1,1,9,1,1,1,1,0,0,0,0,0,0,0,0,0,1,1,4,2,11,0,0,0,0,2,2,1,2,2
8073716,1,2,2,1,19,1,19,0,0,1,7,7,5,5,2,1,2,1,7,5,1,2,2,1,2,2,1,2,2,1,2,2,1,1,1,1,2,1,1,1,1,9,1,1,1,1,0,0,0,0,0,0,0,0,0,2,9,2,0,3,0,0,1,0,1,0,1,1,2
5489266,3,3,1,1,5,0,2,0,0,2,1,1,1,1,1,1,1,1,3,1,1,2,2,1,2,2,2,2,2,1,2,2,2,1,1,1,2,1,1,1,1,9,1,1,1,3,0,0,0,0,0,0,0,0,0,2,9,2,2,1,0,0,0,1,0,1,1,2,3
9566912,3,6,1,1,5,0,0,2,0,2,1,1,1,1,1,1,0,0,1,1,1,1,2,2,2,2,2,1,2,2,2,2,2,1,1,1,2,1,2,2,1,9,1,1,1,3,0,0,0,0,0,0,0,0,0,2,9,2,2,1,0,0,1,1,0,0,1,2,2
8559117,3,2,2,7,8,0,2,2,0,2,2,2,6,6,1,1,1,1,4,4,1,2,2,1,2,2,2,2,2,1,2,2,2,1,1,1,2,1,1,1,2,1,1,1,1,1,0,0,0,0,0,0,0,0,0,1,1,4,2,10,0,0,1,0,2,2,1,2,3
1767960,3,8,2,2,6,1,4,0,2,1,1,1,1,1,1,0,0,0,3,4,1,2,2,1,2,2,2,2,2,1,2,2,2,1,1,1,2,1,1,1,2,1,1,1,1,1,0,0,0,0,0,0,0,0,0,1,1,4,3,0,0,0,0,0,1,1,1,1,2
5987292,3,6,3,7,6,2,6,0,0,2,2,2,3,3,1,1,0,0,4,5,1,2,2,1,2,2,2,2,2,1,2,2,2,1,1,1,2,1,2,2,1,9,1,1,1,2,0,0,0,0,0,0,0,0,0,1,1,6,3,16,0,0,0,0,2,2,1,2,2
8040071,1,1,1,1,33,10,38,0,0,1,17,16,16,15,7,5,7,5,16,15,1,1,1,1,1,2,2,1,1,1,1,2,2,1,1,1,2,1,1,1,1,9,1,1,1,1,0,0,0,0,0,0,0,0,0,1,9,5,1,60,0,35,0,38,27,4,1,1,2
2689061,3,11,9,1,21,3,6,0,8,1,2,2,2,2,0,0,0,0,11,13,1,2,2,1,2,2,2,2,2,1,2,2,2,1,1,1,2,1,2,1,1,9,1,1,1,2,0,0,0,0,0,0,0,0,0,2,9,13,2,6,0,0,0,6,0,2,1,1,3
6141631,3,8,3,1,6,0,6,0,0,2,1,1,1,1,0,0,1,1,1,1,1,1,1,1,1,2,1,1,1,1,1,2,1,1,1,1,2,1,1,1,1,9,1,1,1,3,0,0,0,0,0,0,0,0,0,1,1,2,3,10,0,0,0,0,2,1,1,1,3
7473947,3,5,1,1,5,0,2,0,0,2,1,1,2,2,0,0,0,0,4,7,1,1,2,1,2,2,2,1,2,1,2,2,2,1,1,1,2,1,1,1,1,9,1,1,1,1,0,0,0,0,0,0,0,0,0,2,9,1,2,1,0,0,0,1,0,0,1,2,2
7076071,3,8,8,1,15,3,15,0,0,1,5,4,3,2,1,1,1,1,6,6,1,1,2,1,2,2,2,1,2,1,2,2,2,1,1,1,2,1,1,1,1,9,1,1,1,3,0,0,0,0,0,0,0,0,0,1,1,4,4,11,0,0,2,0,4,1,1,1,2
5707733,3,4,1,1,5,0,2,0,0,2,1,1,1,1,0,0,0,0,1,1,1,2,2,1,2,2,1,2,2,1,2,2,1,1,1,1,2,1,1,1,1,9,1,1,1,2,0,0,0,0,0,0,0,0,0,2,9,1,1,0,0,0,0,0,0,1,2,2,2
4818705,3,3,1,2,5,0,2,0,0,2,0,0,1,1,0,0,0,0,0,3,1,1,2,1,2,2,1,1,2,1,2,2,1,1,1,1,2,1,1,1,2,1,1,1,1,1,0,0,0,0,0,0,0,0,0,2,9,1,1,1,0,0,0,1,0,0,1,2,2
8751571,3,4,3,5,6,0,4,0,2,2,0,0,1,1,0,0,1,1,0,0,1,2,2,1,2,2,1,2,2,1,2,2,1,1,1,1,2,1,2,1,2,2,1,1,1,2,0,0,0,0,0,0,0,0,0,2,9,1,3,1,0,0,0,1,0,1,1,2,2
8303457,3,2,2,2,5,1,2,1,0,2,1,1,1,1,1,1,0,0,2,2,1,2,2,1,2,2,2,2,2,1,2,2,2,1,1,1,2,1,1,1,1,9,1,1,1,2,0,0,0,0,0,0,0,0,0,2,9,1,1,1,0,1,1,1,0,1,1,2,2
9485159,2,8,8,7,8,0,8,0,0,2,2,2,4,4,0,0,0,0,3,6,1,2,2,1,2,2,1,2,2,1,2,2,1,1,1,1,2,1,1,1,2,1,1,1,1,1,0,0,0,0,0,0,0,0,0,1,2,5,3,10,0,0,0,0,1,2,1,2,2
8787317,3,5,1,2,2,1,0,1,1,2,1,0,1,1,0,0,0,0,0,1,1,2,2,1,2,2,1,2,2,1,2,2,1,1,1,1,2,1,1,1,1,9,1,2,9,1,0,0,0,0,0,0,0,0,0,2,9,1,2,1,0,0,0,1,0,0,1,1,2
2668013,1,2,2,1,25,5,25,0,0,1,14,13,11,10,5,5,4,3,39,20,1,2,2,1,1,2,1,2,2,1,1,2,1,1,1,1,2,1,1,1,1,9,1,1,1,1,0,0,0,0,0,0,0,0,0,1,9,1,4,25,1325,0,1,0,2,0,1,1,2
7088463,2,1,1,1,5,0,1,0,0,2,1,1,1,1,0,0,0,0,2,3,1,2,2,2,1,2,2,2,2,2,1,2,2,1,1,1,2,1,1,1,1,9,1,1,1,1,0,0,0,0,0,0,0,0,0,2,9,1,1,0,0,0,0,0,0,0,2,2,2
3204460,3,1,0,5,0,0,0,0,1,2,1,1,1,1,1,1,0,0,1,1,1,2,2,1,2,2,2,2,2,1,2,2,2,1,1,1,2,1,1,1,2,2,1,2,9,3,0,0,0,0,0,0,0,0,0,2,9,0,1,0,0,0,0,0,0,0,2,2,2
9190903,3,5,1,1,5,0,2,0,2,2,1,1,1,1,0,0,0,0,3,3,1,2,2,1,2,2,2,2,2,1,2,2,2,1,1,1,2,1,2,1,1,9,1,1,1,3,0,0,0,0,0,0,0,0,0,2,9,1,3,3,0,0,1,1,0,1,1,2,2
8453268,3,4,1,1,6,1,2,2,0,2,1,1,1,1,0,0,0,0,1,1,1,2,2,1,2,2,2,2,2,1,2,2,2,1,1,1,2,1,1,1,1,9,1,1,1,2,0,0,0,0,0,0,0,0,0,2,9,1,4,3,0,0,0,1,1,2,1,2,2
4913834,2,1,1,1,7,9,9,0,0,1,3,3,3,3,1,1,1,1,10,5,1,1,1,1,2,2,1,1,1,1,2,2,1,1,1,1,2,1,1,1,1,9,1,1,1,1,0,0,0,0,0,0,0,0,0,2,9,1,0,2,0,1,1,0,1,1,1,2,2
6231522,3,7,4,2,9,0,7,0,0,2,0,0,3,3,0,0,0,0,0,0,1,1,2,2,2,2,2,1,2,2,2,2,2,1,1,1,2,1,1,1,2,1,1,1,1,2,0,0,0,0,0,0,0,0,0,1,1,4,4,14,0,10,1,0,2,1,1,2,2
1256295,3,5,1,5,4,0,0,3,0,2,3,3,3,3,1,1,1,1,3,3,1,2,2,1,2,2,2,2,2,1,2,2,2,1,1,1,2,1,1,1,1,9,1,1,1,3,0,0,0,0,0,0,0,0,0,2,9,0,1,1,0,0,0,1,0,1,1,1,2
3137247,3,1,1,1,5,0,2,0,0,2,1,1,1,1,0,0,0,0,2,3,1,2,2,1,2,2,1,2,2,1,2,2,1,1,1,1,2,1,1,1,1,9,1,1,1,1,0,0,0,0,0,0,0,0,0,2,9,1,1,0,0,0,0,1,0,0,2,2,2
1135119,2,1,1,1,15,6,15,0,0,1,9,9,7,7,3,2,3,2,18,14,1,2,1,1,2,2,1,2,1,1,2,2,1,1,1,1,2,1,1,1,1,9,1,1,1,1,0,0,0,0,0,0,0,0,0,1,9,2,0,7,1152,2,1,0,1,0,1,1,2
3373632,1,1,1,1,10,2,10,0,0,1,2,2,2,2,2,2,2,2,6,3,1,2,2,1,1,2,1,2,2,1,1,2,1,1,1,1,2,1,1,1,1,9,1,1,1,1,0,0,0,0,0,0,0,0,0,1,9,3,1,5,1,1,0,1,0,2,1,1,2
2191091,3,1,1,5,2,2,2,0,0,2,1,1,2,2,0,0,0,0,1,6,1,2,2,1,2,2,1,2,2,1,2,2,1,1,1,1,2,1,1,1,1,9,1,1,1,1,0,0,0,0,0,0,0,0,0,2,9,1,3,1,0,0,1,1,0,0,1,2,2
7188755,3,3,1,2,5,0,1,1,0,2,3,3,3,3,1,1,0,0,3,3,1,2,2,1,2,2,2,2,2,1,2,2,2,1,1,1,2,1,2,1,2,2,1,1,1,1,0,0,0,0,0,0,0,0,0,2,9,1,2,0,0,0,0,1,0,1,1,2,2
8096119,3,4,1,2,3,0,1,0,0,2,1,0,1,1,0,0,0,0,3,3,1,2,2,1,2,2,2,2,2,1,2,2,2,1,1,1,2,1,1,1,1,9,1,1,1,1,0,0,0,0,0,0,0,0,0,2,9,1,1,1,0,0,1,1,0,1,1,2,2
1953160,3,5,1,1,5,1,4,0,2,2,1,1,2,2,0,0,1,1,1,3,1,2,2,1,2,2,1,2,2,1,2,2,1,1,1,1,2,1,1,1,1,9,1,1,1,1,0,0,0,0,0,0,0,0,0,1,1,4,3,13,0,0,1,0,1,2,1,2,2
1138210,3,3,0,1,7,0,0,2,0,2,1,1,2,2,0,0,0,0,3,2,1,2,2,1,2,2,1,2,2,1,2,2,1,1,1,1,2,1,1,1,1,9,1,1,1,1,0,0,0,0,0,0,0,0,0,2,9,2,1,1,0,0,0,1,1,0,1,2,2
1179620,1,1,1,1,9,4,7,0,0,1,1,1,1,1,1,1,1,1,3,2,1,2,2,1,1,2,1,2,2,1,1,2,1,1,1,1,1,1,1,1,1,9,1,1,1,1,0,0,0,0,0,0,0,0,0,1,9,1,0,1,0,0,0,0,1,0,1,2,3
3449363,3,1,1,2,2,0,2,0,0,2,2,2,2,2,0,0,0,0,2,0,1,2,2,1,2,2,2,2,2,1,2,2,2,1,1,1,2,1,1,1,1,9,1,1,1,1,0,0,0,0,0,0,0,0,0,2,9,1,2,1,0,0,1,1,0,1,1,2,3
9439359,3,6,4,7,6,1,6,2,0,1,2,2,2,2,0,0,0,0,5,5,1,2,2,1,2,2,1,2,2,1,2,2,1,1,1,1,1,1,2,1,1,9,1,1,1,2,0,0,0,0,0,0,0,0,0,2,9,1,4,2,0,0,0,1,1,1,1,2,2
8058313,3,9,5,7,10,4,8,2,0,1,2,1,2,2,0,0,0,0,6,0,1,2,2,1,1,2,1,2,2,1,1,2,1,1,1,1,2,1,1,1,2,2,1,1,1,1,0,0,0,0,0,0,0,0,0,1,1,0,0,2,0,0,1,1,1,1,1,2,2
5174123,3,7,3,1,7,2,7,0,0,1,2,2,2,2,0,0,1,1,3,3,1,2,2,1,1,2,2,2,2,1,2,2,2,1,1,1,2,1,1,1,1,9,1,1,1,2,0,0,0,0,0,0,0,0,0,1,1,6,2,10,0,1,1,0,1,1,1,1,2
2279265,3,4,1,7,3,1,0,0,1,2,1,0,1,1,0,0,0,0,3,7,1,2,2,1,2,2,2,2,2,1,2,2,2,1,1,1,1,1,2,1,1,9,1,1,1,1,0,0,0,0,0,0,0,0,0,2,9,2,2,1,0,0,0,1,0,1,1,2,2
9228260,3,4,1,1,5,0,1,1,0,2,1,1,1,1,0,0,0,0,3,1,1,2,2,1,2,2,2,2,2,1,2,2,2,1,1,1,2,1,1,1,1,9,1,1,1,1,0,0,0,0,0,0,0,0,0,2,9,1,1,0,0,0,0,0,0,0,2,1,2
6548663,3,2,1,7,5,0,1,1,0,2,1,1,5,5,0,0,1,1,1,7,1,1,2,1,2,2,2,1,2,1,2,2,2,1,1,1,2,1,2,1,2,1,1,1,1,1,0,0,0,0,0,0,0,0,0,2,9,1,2,0,0,0,0,0,0,0,2,2,2
4574706,3,5,5,1,7,1,5,0,0,1,2,2,2,2,0,0,0,0,8,8,1,1,2,1,2,2,1,1,2,1,2,2,1,1,1,1,2,1,1,1,1,9,1,1,2,2,0,0,0,0,0,0,0,0,0,2,9,2,5,1,0,0,0,1,2,1,1,1,2
7133141,3,11,2,1,5,5,4,0,0,1,0,0,4,4,0,0,0,0,0,6,1,2,2,1,2,2,1,2,2,1,2,2,1,1,1,1,2,1,1,1,1,9,1,1,1,1,0,0,0,0,0,0,0,0,0,2,9,1,1,1,0,0,0,1,0,0,1,2,2
2223773,3,3,1,1,5,0,2,0,0,2,1,1,0,0,0,0,1,1,0,6,1,1,2,2,2,2,2,1,2,2,2,2,2,1,1,1,2,1,1,1,1,9,1,1,1,1,0,0,0,0,0,0,0,0,0,2,9,1,2,1,0,0,0,1,0,0,1,2,2
7262050,3,3,3,5,5,4,5,0,0,1,2,1,6,3,1,0,1,1,1,1,1,2,2,1,2,2,2,2,2,1,2,2,2,1,1,1,2,1,1,1,1,9,1,1,1,1,0,0,0,0,0,0,0,0,0,1,1,1,1,4,0,0,1,1,1,1,1,1,2
1463731,2,5,5,1,8,5,5,0,0,1,2,1,3,2,0,0,0,0,5,9,1,2,2,1,2,2,1,2,2,1,2,2,1,1,1,1,2,1,1,1,1,9,1,1,1,1,0,0,0,0,0,0,0,0,0,2,9,2,2,2,0,0,0,1,0,1,1,1,2
5147142,3,17,4,2,7,1,5,1,0,2,2,1,2,1,1,1,0,0,10,10,1,1,2,1,2,2,2,2,2,1,2,2,2,1,1,1,2,1,1,1,2,1,1,1,1,2,0,0,0,0,0,0,0,0,0,1,1,4,2,11,0,10,0,0,3,1,1,1,3
4279728,3,3,1,1,2,0,1,0,0,2,0,0,1,1,0,0,0,0,0,6,1,2,2,1,2,2,2,2,2,1,2,2,2,1,1,1,2,1,1,1,1,9,1,1,1,1,0,0,0,0,0,0,0,0,0,2,9,1,2,1,0,0,0,1,0,0,1,2,2
8566453,2,1,1,1,52,5,40,0,0,1,28,26,20,18,11,9,9,6,78,54,1,2,2,1,2,2,1,2,2,1,2,2,1,1,1,1,2,1,2,1,1,9,1,1,1,1,1,1,1,1,1,4,4,4,1,2,9,0,0,16,0,10,1,6,1,2,1,2,3
3176229,3,1,1,1,5,3,0,2,0,1,0,0,1,1,0,0,0,0,2,1,1,2,2,1,2,2,1,2,2,1,2,2,1,1,2,1,2,1,2,2,1,9,1,2,9,1,0,0,0,0,0,0,0,0,0,2,9,1,0,1,0,0,0,1,0,0,2,2,3
2013199,3,2,2,5,5,6,5,0,0,1,4,4,6,6,1,0,1,0,6,5,1,1,2,1,2,2,2,1,2,1,2,2,2,1,1,1,2,1,1,1,1,9,1,1,1,1,0,0,0,0,0,0,0,0,0,1,1,2,0,10,0,1,1,0,2,1,1,1,2
9244608,3,5,2,1,5,1,4,0,0,2,1,1,2,2,1,1,0,0,4,2,1,2,2,1,2,2,2,2,2,1,2,2,2,1,1,1,2,1,1,1,2,1,1,1,1,1,0,0,0,0,0,0,0,0,0,2,9,1,2,2,0,0,0,1,0,1,1,2,2
5771803,3,4,2,1,5,3,2,0,0,2,1,1,1,1,1,1,1,0,3,2,1,1,1,1,2,2,2,1,1,1,2,2,2,1,1,1,2,1,2,1,2,2,1,1,1,2,0,0,0,0,0,0,0,0,0,2,9,1,1,1,0,0,1,1,0,0,1,2,3
7737443,3,10,4,2,6,0,4,0,0,2,1,1,1,1,1,1,1,1,2,8,1,1,2,1,2,2,2,1,2,1,2,2,2,1,1,1,2,1,1,1,1,9,1,1,1,2,0,0,0,0,0,0,0,0,0,1,1,6,2,14,0,10,0,0,2,2,1,1,2
9324034,1,3,5,1,29,5,29,0,0,1,14,13,12,11,5,4,5,4,13,22,1,1,2,1,1,2,2,1,2,1,1,2,2,1,1,1,1,1,1,1,1,9,1,2,9,1,1,1,1,1,1,4,4,4,1,1,9,0,0,45,200,0,1,20,1,4,1,1,2
3871222,3,5,1,7,5,0,2,0,0,2,1,1,1,1,0,0,1,1,2,2,1,1,2,1,2,2,2,1,2,1,2,2,2,1,1,1,2,1,1,1,1,9,1,1,1,2,0,0,0,0,0,0,0,0,0,2,9,1,2,1,0,0,1,1,0,0,1,1,3
6987107,3,3,1,7,7,0,1,1,0,2,0,0,2,2,0,0,0,0,0,6,1,1,2,2,2,2,1,1,2,2,2,2,1,1,1,1,2,1,2,2,1,9,1,1,1,1,0,0,0,0,0,0,0,0,0,1,9,1,0,1,0,1,0,1,0,0,1,2,2
6398693,3,12,3,2,5,0,5,0,0,2,8,8,8,8,1,1,1,1,0,8,1,2,2,1,2,2,1,2,2,1,2,2,1,1,1,1,2,1,1,1,1,9,1,1,1,1,0,0,0,0,0,0,0,0,0,2,9,2,3,3,0,0,0,1,0,1,1,2,2
7633684,2,1,1,1,5,2,5,0,0,1,1,1,1,1,0,0,0,0,2,2,1,2,2,1,2,2,1,2,2,1,2,2,1,1,1,1,2,1,1,1,1,9,1,1,1,1,0,0,0,0,0,0,0,0,0,2,9,1,1,1,0,0,1,1,0,1,1,2,2
9812579,3,4,1,1,4,1,2,0,0,2,1,1,0,0,0,0,0,0,0,1,1,2,2,1,2,2,1,2,2,1,2,2,1,1,1,1,2,1,2,2,2,1,1,1,1,1,0,0,0,0,0,0,0,0,0,2,9,1,2,1,0,0,1,1,0,1,1,2,2
8210130,3,1,1,5,7,5,7,0,0,1,2,2,0,0,0,0,0,0,0,0,1,2,2,1,2,2,1,2,2,1,2,2,1,1,1,1,2,1,1,1,1,9,1,1,1,1,0,0,0,0,0,0,0,0,0,1,1,3,0,12,0,1,1,0,1,2,1,2,2
8735206,3,5,1,5,5,0,2,0,0,2,1,1,1,1,0,0,0,0,2,2,1,2,2,1,2,2,1,2,2,1,2,2,1,1,1,1,2,1,1,1,2,1,1,1,1,1,0,0,0,0,0,0,0,0,0,2,9,1,2,1,0,1,0,0,1,1,2,2,2
5286139,3,4,0,1,5,0,0,0,2,2,1,0,1,1,0,0,0,0,0,1,1,2,2,1,2,2,2,2,2,1,2,2,2,1,1,1,2,1,2,1,2,2,1,1,1,3,0,0,0,0,0,0,0,0,0,2,9,1,1,1,0,0,1,1,0,0,1,2,2
9507829,3,5,1,2,4,1,2,0,0,2,1,1,1,1,0,0,0,0,3,3,1,1,2,1,2,2,1,1,2,1,2,2,1,1,1,1,2,1,1,1,1,9,1,1,1,1,0,0,0,0,0,0,0,0,0,2,9,1,2,1,0,0,0,1,0,0,1,2,2
9149398,3,1,1,7,5,0,2,0,0,2,1,1,1,1,0,0,0,0,3,1,1,1,2,2,2,2,2,1,2,2,2,2,2,1,1,1,2,1,2,1,1,9,1,1,1,2,0,0,0,0,0,0,0,0,0,2,9,1,1,1,0,0,1,1,0,1,1,2,3
8659257,3,4,1,1,5,2,1,0,0,2,1,1,1,1,0,0,0,0,4,4,1,2,2,1,2,2,1,2,2,1,2,2,1,1,1,1,2,1,1,1,1,9,1,1,1,1,0,0,0,0,0,0,0,0,0,2,9,1,2,1,0,1,1,2,0,0,1,1,3
5392170,2,1,1,1,26,8,26,0,0,1,16,16,14,14,0,0,0,0,10,14,1,2,1,1,1,2,2,2,1,1,1,2,2,1,1,1,2,1,1,1,1,9,1,2,9,1,1,1,1,1,1,1,3,3,1,2,9,1,0,23,0,0,0,5,3,3,1,1,3
5678898,3,2,1,1,5,0,1,1,0,2,1,1,1,1,0,0,0,0,2,2,1,2,2,1,2,2,2,2,2,1,2,2,2,1,1,1,2,1,1,1,1,9,1,1,1,1,0,0,0,0,0,0,0,0,0,2,9,1,2,1,0,0,1,1,0,0,1,2,2
7671386,3,2,1,1,2,0,2,0,0,2,1,1,1,1,1,1,0,0,3,3,1,2,2,1,2,2,2,2,2,1,2,2,2,1,1,1,2,1,1,1,1,9,1,1,1,1,0,0,0,0,0,0,0,0,0,2,9,2,2,1,0,0,0,1,0,0,1,2,2
4441695,3,3,1,7,5,0,2,0,0,2,1,1,1,1,1,1,0,0,0,8,1,2,2,1,2,2,1,2,2,1,2,2,1,1,1,1,2,1,1,1,1,9,1,1,1,1,0,0,0,0,0,0,0,0,0,2,9,1,1,0,0,0,0,0,0,0,2,2,2
9941447,3,8,2,1,5,2,2,0,0,1,1,1,1,1,0,0,0,0,1,1,1,2,2,1,2,2,2,2,2,1,2,2,2,1,1,1,2,1,1,1,1,9,1,1,1,1,0,0,0,0,0,0,0,0,0,2,9,1,2,2,0,1,0,1,0,2,1,1,2
2579854,3,4,1,1,5,0,2,0,0,2,0,0,1,1,0,0,0,0,5,0,1,2,2,1,2,2,2,2,2,1,2,2,2,1,1,1,2,1,2,1,2,1,1,1,1,3,0,0,0,0,0,0,0,0,0,2,9,1,3,1,0,1,0,1,1,0,1,2,2
8361233,3,11,10,1,11,5,10,1,0,1,0,0,8,8,0,0,0,0,0,0,1,2,2,1,2,2,2,2,2,1,2,2,2,1,1,1,1,1,1,1,1,9,1,2,9,1,0,0,0,0,0,0,0,0,0,1,2,5,1,10,0,0,1,1,1,3,1,1,2
7871505,2,1,1,1,10,2,10,0,0,1,1,1,1,1,0,0,0,0,5,5,1,2,2,1,2,2,1,2,2,1,2,2,1,1,1,1,2,1,2,2,1,9,1,2,9,1,0,0,0,0,0,0,0,0,0,2,9,1,0,2,0,1,0,0,1,1,1,2,3
4523821,3,3,2,1,5,2,3,2,0,1,1,1,1,1,0,0,1,1,1,1,1,2,2,1,2,2,2,2,2,1,2,2,2,1,1,1,2,1,1,1,2,1,1,1,1,2,0,0,0,0,0,0,0,0,0,1,1,4,0,10,0,2,1,0,1,1,1,1,2
3887549,3,12,10,7,13,8,8,0,2,1,2,2,3,3,1,1,1,1,8,8,1,1,2,1,2,2,2,1,2,1,2,2,2,1,1,1,2,1,2,1,1,9,1,1,1,1,1,1,1,1,1,1,1,1,1,1,1,0,0,21,0,0,1,1,1,1,1,2,3
6557348,3,2,1,7,5,0,1,0,0,2,1,1,1,1,0,0,0,0,0,0,1,2,2,1,2,2,2,2,2,1,2,2,2,1,1,1,3,1,1,1,1,9,1,1,1,1,0,0,0,0,0,0,0,0,0,2,9,1,1,1,0,0,0,1,0,0,1,2,2
4891840,3,2,1,7,5,1,1,0,0,2,1,1,1,1,0,0,0,0,7,7,1,2,2,1,2,2,2,2,2,1,2,2,2,1,1,1,2,1,1,1,2,2,1,1,1,1,0,0,0,0,0,0,0,0,0,2,9,1,3,1,0,0,0,1,0,1,1,2,2
6756475,3,8,2,1,6,5,5,0,0,2,1,1,1,1,0,0,0,0,4,4,1,2,2,1,2,2,2,2,2,1,2,2,2,1,1,1,2,1,1,1,2,2,1,1,1,2,0,0,0,0,0,0,0,0,0,1,2,8,0,11,0,0,0,0,2,3,1,1,3
3297443,3,5,1,1,5,0,2,0,0,2,1,1,1,1,0,0,0,0,1,1,1,2,2,1,2,2,2,2,2,1,2,2,2,1,1,1,2,1,2,1,1,9,1,1,1,1,0,0,0,0,0,0,0,0,0,2,9,2,1,1,0,0,0,1,0,0,1,2,2
3935166,3,6,3,7,6,4,6,0,0,1,0,0,1,1,1,1,0,0,0,10,1,1,2,1,2,2,2,2,2,1,2,2,2,1,1,1,2,1,1,1,1,9,1,1,1,2,0,0,0,0,0,0,0,0,0,1,1,1,1,13,0,0,1,1,1,1,1,2,2
6990123,3,1,1,1,5,1,5,0,0,2,1,1,1,1,0,0,0,0,3,2,1,2,2,1,2,2,2,2,2,1,2,2,2,1,1,1,2,1,1,1,1,9,1,1,1,3,0,0,0,0,0,0,0,0,0,2,9,1,0,0,0,0,0,0,0,0,2,2,2
1096090,3,5,1,1,2,0,2,0,0,2,1,1,1,1,0,0,0,0,0,0,1,2,2,1,2,2,2,2,2,1,2,2,2,1,1,1,2,1,2,1,1,9,1,1,1,3,0,0,0,0,0,0,0,0,0,2,9,2,1,1,0,0,1,1,0,0,2,2,2
8359493,3,20,24,7,19,4,24,0,0,1,6,6,7,7,1,1,0,0,44,46,1,1,1,1,2,2,2,1,1,1,2,2,2,1,1,1,2,1,1,1,1,9,1,1,1,2,1,1,1,1,1,4,4,4,1,1,1,9,0,36,0,10,1,0,2,1,1,1,2
2746332,3,7,2,7,6,0,4,0,2,2,2,2,2,2,0,0,0,0,6,6,1,1,2,1,2,2,2,1,2,1,2,2,2,1,1,1,2,1,1,1,1,9,1,1,1,2,0,0,0,0,0,0,0,0,0,1,1,4,3,1,0,0,0,0,2,2,1,2,2
5324332,1,3,3,1,36,14,54,0,0,1,30,27,24,22,12,12,12,12,27,44,1,1,2,1,2,2,1,1,2,1,2,2,1,1,1,1,2,1,1,1,1,9,1,1,1,1,0,0,0,0,0,0,0,0,0,1,9,0,0,65,1250,8,1,8,8,5,1,2,2
2991921,3,9,4,1,7,5,7,0,0,1,2,2,2,2,0,0,0,0,2,2,1,2,2,1,1,2,1,2,2,1,1,2,1,1,1,1,2,1,1,1,1,9,1,1,1,1,0,0,0,0,0,0,0,0,0,1,1,1,0,10,0,0,1,0,1,1,1,1,2
5650009,1,3,3,1,17,5,11,6,0,1,8,8,6,6,3,2,2,1,24,6,1,2,2,1,2,2,1,2,2,1,2,2,1,1,1,1,2,1,1,1,1,9,1,1,1,1,1,1,1,1,1,4,4,4,4,2,9,0,0,3,0,0,1,1,1,2,1,2,2
3837433,3,2,2,1,18,6,18,0,0,1,3,3,3,3,1,1,1,1,3,3,1,2,2,1,2,2,1,2,2,1,2,2,1,1,1,1,2,1,1,1,1,9,1,1,1,1,1,1,1,4,4,4,4,4,2,1,1,4,0,20,0,30,1,0,1,1,1,1,2
4687164,2,1,1,1,17,5,17,0,0,1,13,12,10,9,5,4,4,3,36,9,1,2,2,1,1,2,1,2,2,1,1,2,1,1,1,1,2,1,2,2,1,9,1,1,1,1,1,1,1,4,4,4,4,4,1,2,9,0,0,5,0,0,0,0,1,1,1,2,3
7336514,3,4,2,1,4,1,4,0,0,2,0,0,1,1,0,0,0,0,0,5,1,2,2,1,2,2,1,2,2,1,2,2,1,1,1,1,2,1,2,1,1,9,1,1,1,1,0,0,0,0,0,0,0,0,0,2,9,1,1,1,0,0,0,1,0,0,1,2,3
9119662,3,3,1,1,5,1,2,2,0,2,0,0,1,1,0,0,0,0,3,6,1,2,2,1,2,2,2,2,2,1,2,2,2,1,1,1,2,1,1,1,1,9,1,1,1,1,0,0,0,0,0,0,0,0,0,2,9,1,2,1,0,0,0,1,0,0,1,2,2
1155745,3,4,1,1,4,0,2,0,0,2,1,1,1,1,0,0,0,0,3,3,1,2,2,1,2,2,1,2,2,1,2,2,1,1,1,1,2,1,1,1,1,9,1,2,9,2,0,0,0,0,0,0,0,0,0,2,9,1,2,1,0,0,0,1,0,0,1,1,2
3455220,3,7,3,1,6,1,6,0,0,2,2,2,2,2,1,1,0,0,4,4,1,1,1,1,1,2,2,1,1,1,1,2,2,1,1,1,2,1,1,1,1,9,1,2,9,2,0,0,0,0,0,0,0,0,0,2,9,1,5,1,0,1,1,1,0,0,1,1,2
3692303,3,2,2,1,4,0,2,0,0,2,1,1,1,1,0,0,0,0,3,2,1,2,2,1,2,2,1,2,2,1,2,2,1,1,1,1,2,1,2,1,1,9,1,1,1,1,0,0,0,0,0,0,0,0,0,2,9,1,1,0,0,0,0,0,0,0,2,2,2
6261648,3,6,1,7,5,0,4,0,0,2,1,1,1,1,0,0,0,0,6,0,1,2,2,1,2,2,2,2,2,1,2,2,2,1,1,1,2,1,1,1,1,9,1,1,1,1,0,0,0,0,0,0,0,0,0,2,9,1,1,1,0,0,0,1,0,1,1,2,2
6088988,3,2,1,1,5,1,5,0,0,2,1,1,1,1,0,0,0,0,3,2,1,2,2,1,2,2,1,2,2,1,2,2,1,1,1,1,2,1,1,1,1,9,1,1,1,1,0,0,0,0,0,0,0,0,0,2,9,1,1,1,0,1,0,1,0,0,1,2,2
7765036,2,3,2,1,6,3,3,0,0,2,1,1,1,1,1,1,1,1,3,3,1,1,2,1,2,2,2,1,2,1,2,2,2,1,1,1,2,1,1,1,2,1,1,1,1,1,0,0,0,0,0,0,0,0,0,2,9,1,1,1,0,0,0,1,0,1,1,2,2
8776676,3,6,1,1,5,2,2,0,0,1,2,2,1,1,0,0,0,0,4,3,1,2,2,1,2,2,1,2,2,1,2,2,1,1,1,1,2,1,1,1,1,9,1,1,1,1,0,0,0,0,0,0,0,0,0,2,9,1,1,0,0,0,1,0,0,0,1,2,2
9059451,1,1,1,7,8,2,8,0,0,1,3,3,2,2,1,1,0,0,9,6,1,2,2,1,2,2,1,2,2,1,2,2,1,1,1,1,2,1,1,1,1,9,1,1,1,1,0,0,0,0,0,0,0,0,0,2,9,1,0,1,0,0,0,0,0,0,1,2,2
2051356,3,3,1,1,5,0,2,0,0,2,0,0,1,1,0,0,0,0,0,2,1,2,2,1,2,2,1,2,2,1,2,2,1,1,1,1,2,1,1,1,1,9,1,2,9,3,0,0,0,0,0,0,0,0,0,2,9,1,0,0,0,0,0,0,0,0,2,2,2
6310717,2,3,3,2,17,5,17,0,0,1,12,12,12,12,3,2,2,1,9,18,1,2,1,2,2,2,2,2,1,2,2,2,2,1,1,1,1,1,1,1,1,9,1,1,1,1,1,1,1,1,1,4,4,4,1,1,9,4,2,13,500,5,0,0,2,1,1,1,2
8101698,3,5,1,1,5,0,2,0,2,2,1,1,1,1,1,1,0,0,1,1,1,2,2,1,2,2,2,2,2,1,2,2,2,1,1,1,2,1,2,1,1,9,1,1,1,2,0,0,0,0,0,0,0,0,0,2,9,1,2,1,0,1,0,1,0,0,1,1,2
7467705,3,3,1,5,5,2,2,0,0,1,1,1,1,1,0,0,0,0,1,1,1,2,2,1,2,2,2,2,2,1,2,2,2,1,1,1,2,1,1,1,1,9,1,2,9,1,0,0,0,0,0,0,0,0,0,2,9,1,2,1,0,0,0,1,0,0,1,1,2
3225224,3,4,1,1,5,1,2,0,0,2,2,2,2,2,0,0,0,0,8,8,1,2,2,1,2,2,1,2,2,1,2,2,1,1,1,1,2,1,1,1,1,9,1,1,1,1,0,0,0,0,0,0,0,0,0,2,9,2,2,1,0,0,0,1,1,0,1,1,2
1744618,3,6,2,1,5,1,1,1,0,1,1,1,1,1,0,0,0,0,2,2,1,2,2,1,2,2,2,2,2,1,2,2,2,1,1,1,2,1,1,1,1,9,1,1,1,2,0,0,0,0,0,0,0,0,0,2,9,1,1,1,0,1,0,1,0,1,1,2,2
9074330,3,5,1,1,5,0,2,0,0,2,1,1,1,1,0,0,0,0,0,4,1,2,2,1,2,2,2,2,2,1,2,2,2,1,1,1,2,1,1,1,1,9,1,1,1,2,0,0,0,0,0,0,0,0,0,2,9,1,2,0,0,0,0,0,0,1,2,2,2
2901366,3,2,1,1,5,1,1,0,1,1,1,1,1,1,0,0,0,0,1,1,1,2,2,1,2,2,2,2,2,1,2,2,2,1,1,1,2,1,2,1,1,9,1,1,1,2,0,0,0,0,0,0,0,0,0,2,9,1,2,1,0,0,1,1,1,0,1,2,2
7426023,3,6,6,1,8,6,6,0,0,1,2,2,1,1,1,0,0,0,4,1,1,2,2,1,2,2,1,2,2,1,2,2,1,1,1,1,2,1,1,1,1,9,1,1,1,2,0,0,0,0,0,0,0,0,0,1,1,4,4,13,0,0,1,0,2,2,1,2,2
1281135,1,3,1,1,32,6,40,0,0,1,28,28,14,14,2,2,2,2,21,0,1,2,1,1,2,2,2,2,1,1,2,2,2,1,1,1,2,1,1,1,1,9,1,1,1,1,0,0,0,0,0,0,0,0,0,1,9,3,0,35,0,10,1,25,10,3,1,1,2
3666067,1,1,1,1,0,6,17,0,0,1,10,10,10,10,2,2,2,2,16,16,1,1,2,1,2,2,2,1,2,1,2,2,2,1,1,1,2,1,1,1,1,9,1,1,1,1,0,0,0,0,0,0,0,0,0,2,9,3,6,40,0,4,1,6,10,4,1,2,3
5571360,2,2,2,1,5,2,4,0,0,2,0,0,2,2,1,1,1,1,0,10,1,2,2,1,1,2,1,2,2,1,1,2,1,1,1,1,2,1,1,1,1,9,1,1,1,1,0,0,0,0,0,0,0,0,0,2,9,1,2,1,0,0,0,1,0,0,1,2,2
9616656,3,5,5,5,6,1,3,0,2,1,1,1,1,1,1,1,0,0,6,6,1,2,2,1,2,2,1,2,2,1,2,2,1,1,1,1,2,1,2,1,1,9,1,1,1,2,0,0,0,0,0,0,0,0,0,1,1,4,1,10,0,0,0,0,2,1,2,2,2
7982824,2,1,1,1,8,2,8,0,0,1,3,3,3,3,1,1,1,1,3,3,1,2,2,1,2,2,1,2,2,1,2,2,1,1,1,1,2,1,1,1,1,9,1,1,1,1,0,0,0,0,0,0,0,0,0,1,9,1,2,2,0,0,1,1,1,1,1,2,2
3202322,3,5,1,5,16,0,4,1,0,2,1,1,1,1,0,0,0,0,1,2,1,1,2,1,2,2,2,1,2,1,2,2,2,1,1,1,2,1,1,1,1,9,1,1,1,3,0,0,0,0,0,0,0,0,0,2,9,1,2,1,0,1,0,1,0,1,1,1,2
1729768,3,7,2,2,6,4,4,0,0,2,1,1,3,3,1,1,0,0,1,2,1,1,2,1,2,2,2,1,2,1,2,2,2,3,1,1,2,1,1,1,2,2,1,1,1,1,0,0,0,0,0,0,0,0,0,1,1,6,2,10,0,0,1,0,1,1,1,2,2
6483761,3,4,3,1,5,0,3,0,0,2,1,1,1,1,0,0,0,0,1,0,1,2,2,1,2,2,2,2,2,1,2,2,2,1,1,1,2,1,1,1,1,9,1,1,1,2,0,0,0,0,0,0,0,0,0,2,9,1,2,1,0,0,0,1,0,0,1,1,2
7471605,2,1,1,1,29,7,29,0,0,1,9,9,6,6,3,2,2,1,9,18,1,2,2,1,2,2,1,2,2,1,2,2,1,1,1,1,2,1,1,1,1,9,1,1,1,1,1,1,1,1,1,4,4,4,1,1,9,0,0,18,1400,0,2,0,10,0,1,1,2
8477144,2,2,2,1,22,13,22,0,0,1,4,4,4,4,2,2,2,2,4,8,1,2,2,1,2,2,1,2,2,1,2,2,1,1,1,1,2,1,1,1,1,9,1,1,1,1,0,0,0,0,0,0,0,0,0,1,9,5,0,10,1300,5,1,0,3,0,1,1,2
1623074,1,2,2,1,13,1,13,0,0,1,1,1,1,1,0,0,0,0,4,4,1,2,2,1,2,2,2,2,2,1,2,2,2,1,1,1,2,1,1,1,2,2,1,1,1,1,0,0,0,0,0,0,0,0,0,2,9,0,0,0,0,0,0,0,0,0,1,2,2
1045346,3,22,7,1,26,10,30,0,2,1,5,3,8,6,0,0,1,1,16,18,1,1,1,1,2,2,2,1,1,1,2,2,2,1,1,1,1,1,2,1,1,9,1,1,1,1,1,1,1,4,1,4,4,4,1,1,1,7,0,55,0,0,1,4,6,3,1,1,2
8251801,1,1,1,1,14,10,10,0,0,1,4,4,3,3,1,1,1,1,12,6,1,1,2,1,2,2,2,1,2,1,2,2,2,1,1,1,2,1,1,1,1,9,1,1,1,1,0,0,0,0,0,0,0,0,0,1,9,2,10,1,0,1,1,1,1,1,1,2,3
8854846,3,3,3,1,6,1,6,0,0,1,2,2,2,2,0,0,0,0,2,4,1,2,2,1,2,2,2,2,2,1,2,2,2,1,1,1,2,1,1,1,1,9,1,1,1,1,0,0,0,0,0,0,0,0,0,1,1,3,3,13,0,10,1,0,1,1,1,2,2
6067518,3,2,3,1,5,0,5,0,0,2,1,1,1,1,0,0,0,0,1,1,1,2,2,1,2,2,2,2,2,1,2,2,2,1,1,1,2,1,2,2,1,9,1,1,1,3,0,0,0,0,0,0,0,0,0,2,9,1,3,1,0,0,0,1,0,1,1,2,2
4633293,3,1,1,1,5,0,2,0,0,2,1,1,1,1,0,0,0,0,1,1,1,1,1,1,2,2,2,1,1,1,2,2,2,1,1,1,2,1,2,1,1,9,1,1,1,2,0,0,0,0,0,0,0,0,0,2,9,1,2,1,0,1,1,1,0,0,1,1,2
6105840,3,8,5,7,8,4,8,0,3,1,2,2,1,1,0,0,0,0,1,1,1,2,2,1,2,2,1,2,2,1,2,2,1,1,1,1,2,1,1,1,1,9,1,1,1,1,0,0,0,0,0,0,0,0,0,1,1,0,0,10,0,10,1,0,1,1,1,2,2
4341353,3,2,1,7,5,5,5,0,0,1,5,3,5,3,1,0,1,0,5,3,1,2,2,1,1,2,2,2,2,1,1,2,2,1,1,1,2,1,1,1,1,9,1,1,1,2,0,0,0,0,0,0,0,0,0,1,1,2,0,10,0,10,1,0,1,1,1,2,3
6415789,3,3,1,1,5,1,1,0,0,2,1,1,1,1,0,0,0,0,1,1,1,2,2,1,2,2,1,2,2,1,2,2,1,1,1,1,2,1,1,1,1,9,1,1,1,3,0,0,0,0,0,0,0,0,0,2,9,2,2,1,0,1,1,1,0,1,1,2,2
8057464,3,5,1,1,5,0,2,0,0,2,2,2,1,1,0,0,0,0,4,4,1,2,2,1,2,2,1,2,2,1,2,2,1,1,1,1,2,1,1,1,2,1,1,1,1,1,0,0,0,0,0,0,0,0,0,2,9,1,2,1,0,0,0,1,0,0,1,2,2
6941508,3,2,1,7,5,1,0,3,2,1,1,1,0,0,0,0,0,0,0,0,1,2,2,1,2,2,2,2,2,1,2,2,2,1,1,1,2,1,1,1,1,9,1,1,1,1,0,0,0,0,0,0,0,0,0,1,1,2,2,10,0,0,1,0,1,2,1,2,2
3917338,3,6,1,2,5,1,0,0,2,1,1,1,1,1,0,0,0,0,3,1,1,1,1,2,2,2,2,1,1,2,2,2,2,1,1,1,2,1,1,1,1,9,1,1,1,2,0,0,0,0,0,0,0,0,0,2,9,1,2,1,0,0,0,1,0,1,1,2,2
3942097,3,7,2,7,8,1,1,3,0,2,1,1,1,1,1,0,0,0,1,1,1,2,2,1,2,2,2,2,2,1,2,2,2,1,1,1,2,1,2,1,1,9,1,1,1,2,0,0,0,0,0,0,0,0,0,1,1,5,2,10,0,0,0,0,1,1,1,1,2
9083060,3,1,1,7,2,0,3,0,0,2,1,1,1,1,0,0,0,0,2,2,1,2,2,1,2,2,2,2,2,1,2,2,2,1,1,1,2,1,1,1,2,1,1,1,1,2,0,0,0,0,0,0,0,0,0,2,9,1,1,1,0,0,1,1,0,0,1,2,2
9262842,3,3,2,1,5,3,4,0,0,1,0,0,2,2,0,0,0,0,0,6,1,2,2,1,2,2,1,2,2,1,2,2,1,1,1,1,2,1,1,1,1,9,1,1,1,1,0,0,0,0,0,0,0,0,0,2,9,1,1,1,0,0,0,1,0,0,1,2,2
9981678,3,5,2,5,6,6,1,5,0,1,2,2,2,2,1,0,0,0,3,3,1,1,2,1,2,2,2,1,2,1,2,2,2,1,1,1,2,1,1,1,2,1,1,1,1,1,0,0,0,0,0,0,0,0,0,1,1,1,2,11,0,0,0,0,1,2,1,2,2
9369329,3,4,0,7,5,0,0,0,1,2,1,1,1,1,0,0,0,0,0,1,1,2,2,1,2,2,1,2,2,1,2,2,1,1,1,1,2,1,2,1,2,2,1,1,1,2,0,0,0,0,0,0,0,0,0,2,9,1,3,1,0,0,1,1,0,1,1,2,2
4487156,1,1,1,1,30,40,30,0,0,1,8,8,6,6,3,2,2,1,16,12,1,2,2,1,1,2,1,2,2,1,1,2,1,1,1,1,2,1,1,1,1,9,1,1,1,1,0,0,0,0,0,0,0,0,0,1,9,3,0,30,1500,10,1,5,3,3,1,1,2
2638502,3,4,4,7,5,2,2,2,0,1,2,2,2,2,0,0,0,0,2,2,1,1,2,1,2,2,2,1,2,1,2,2,2,1,1,1,2,1,1,1,1,9,1,1,1,1,0,0,0,0,0,0,0,0,0,2,9,4,2,3,0,0,0,1,0,0,1,1,2
8658127,2,1,1,1,10,2,10,0,0,2,2,2,2,2,1,1,1,1,7,4,1,2,2,1,2,2,1,2,2,1,2,2,1,1,1,1,2,1,1,1,1,9,1,2,9,1,0,0,0,0,0,0,0,0,0,2,9,1,0,9,30,9,1,1,0,1,1,1,3
3469754,3,4,2,1,5,4,4,0,0,2,1,1,1,1,0,0,1,1,1,2,1,2,2,2,1,1,2,2,2,2,1,2,2,1,1,1,2,1,2,1,1,9,1,1,1,2,0,0,0,0,0,0,0,0,0,2,9,2,2,1,0,0,0,1,0,1,1,1,2
8024821,1,1,1,1,65,4,65,0,0,1,46,42,39,36,19,15,16,13,42,36,1,2,2,1,1,2,1,2,2,1,1,2,1,1,1,1,1,1,1,1,1,9,1,1,1,1,1,1,1,1,1,4,4,4,1,1,9,0,0,30,1100,0,1,0,36,0,1,1,2
5068483,1,3,5,1,96,18,95,0,0,2,80,80,120,120,0,0,0,0,110,60,1,1,1,2,2,2,2,1,1,2,2,2,2,1,1,1,2,1,2,1,1,9,1,2,9,1,1,1,1,4,4,4,4,4,1,1,9,1,0,60,0,0,0,31,1,4,1,2,3
8742397,1,1,1,1,7,1,7,0,0,1,3,3,3,3,0,0,0,0,8,8,1,2,2,2,1,2,2,2,2,2,1,2,2,1,1,1,2,1,2,2,1,9,1,2,9,1,0,0,0,0,0,0,0,0,0,2,9,2,0,2,0,0,0,0,0,1,1,2,3
7625466,4,8,3,1,8,1,5,0,0,2,2,2,2,2,0,0,1,1,4,9,1,2,2,1,2,2,1,2,2,1,2,2,1,1,1,1,2,1,1,1,1,9,1,1,1,2,0,0,0,0,0,0,0,0,0,2,9,1,4,3,0,0,0,1,1,1,1,2,2
9138856,3,8,2,1,11,1,2,1,0,2,1,1,1,1,0,0,1,0,0,8,1,2,2,1,2,2,2,2,2,1,2,2,2,1,1,1,2,1,1,1,1,9,1,1,1,1,0,0,0,0,0,0,0,0,0,2,9,3,2,2,0,1,1,1,1,1,1,2,2
3083903,3,9,4,1,8,4,6,2,0,1,2,2,3,2,0,0,1,1,4,4,1,2,2,1,2,2,2,2,2,1,2,2,2,1,1,1,2,1,1,1,1,9,1,1,1,3,0,0,0,0,0,0,0,0,0,2,9,1,3,2,0,1,0,1,0,1,1,1,2
4813080,3,5,1,7,5,1,1,1,0,2,1,1,1,0,0,0,0,0,1,1,1,2,2,1,2,2,1,2,2,1,2,2,1,1,1,1,2,1,1,1,1,9,1,1,1,1,0,0,0,0,0,0,0,0,0,2,9,1,2,1,0,0,0,1,0,0,1,2,1
8185410,3,2,2,5,5,1,2,0,0,2,1,1,1,1,0,0,0,0,1,3,1,2,2,1,2,2,2,2,2,1,2,2,2,1,1,1,2,1,1,1,1,9,1,1,1,1,0,0,0,0,0,0,0,0,0,2,9,1,2,1,0,0,0,1,0,0,1,2,2
3903551,1,2,2,1,21,10,21,0,0,1,0,0,33,33,0,0,2,2,0,30,1,1,2,1,1,2,2,1,2,1,1,2,2,1,1,1,1,1,1,1,1,9,1,1,1,1,1,1,1,4,4,4,4,4,1,2,2,1,0,2,0,25,1,1,2,1,1,1,2
3135112,1,1,1,1,8,8,8,0,0,1,3,3,2,2,1,1,1,1,3,4,1,1,2,1,2,2,2,1,2,1,2,2,2,1,1,1,2,1,1,1,1,9,1,1,1,1,0,0,0,0,0,0,0,0,0,1,9,0,0,2,0,0,1,1,1,2,1,2,2
2355141,3,7,3,1,4,0,4,0,0,2,1,1,1,1,1,1,2,1,3,3,1,2,2,1,2,2,2,2,2,1,2,2,2,1,1,1,2,1,1,1,1,9,1,1,1,3,0,0,0,0,0,0,0,0,0,2,9,2,3,1,0,0,0,1,0,1,1,2,2
7840056,3,2,1,1,5,0,3,0,0,2,1,1,1,1,0,0,0,0,3,1,1,2,2,1,1,2,2,2,2,1,1,2,2,1,1,1,2,1,1,1,1,9,1,1,1,1,0,0,0,0,0,0,0,0,0,2,9,1,1,1,0,0,1,1,0,1,1,2,2
4514047,3,3,2,1,5,1,1,1,0,2,1,1,1,1,1,1,0,0,1,1,1,2,2,1,2,2,2,2,2,1,2,2,2,1,1,1,2,1,1,1,1,9,1,1,1,2,0,0,0,0,0,0,0,0,0,2,9,1,1,6,0,0,0,1,0,1,1,2,3
8165569,3,5,5,1,5,0,5,0,0,2,2,2,2,2,0,0,0,0,2,2,1,2,2,1,1,2,1,2,2,1,1,2,1,1,1,1,2,1,1,1,1,9,1,2,9,1,0,0,0,0,0,0,0,0,0,2,9,1,1,1,0,1,0,1,0,1,1,2,3
1300073,1,4,4,1,36,9,25,0,0,1,10,10,10,10,2,2,2,2,14,14,1,1,2,1,2,2,2,1,2,1,2,2,2,1,1,1,2,1,1,1,1,9,1,1,1,1,1,1,1,4,4,4,4,4,1,1,2,0,0,20,0,2,1,0,2,2,1,2,2
6407505,3,13,13,7,12,10,12,0,0,1,2,2,0,0,1,0,0,0,10,0,1,1,2,1,2,2,1,1,2,1,2,2,1,1,1,1,2,1,1,1,1,9,1,1,1,1,2,1,1,1,1,4,4,4,4,1,2,0,0,20,0,0,1,0,1,1,1,1,2
6905745,3,6,3,2,5,1,2,0,3,1,2,2,2,2,2,2,2,2,2,2,1,2,2,1,2,2,1,2,2,1,2,2,1,1,1,1,1,1,1,1,1,9,1,1,1,1,0,0,0,0,0,0,0,0,0,2,9,3,4,2,0,1,0,1,1,1,1,1,2
4022033,3,2,1,2,2,0,2,0,0,2,0,0,6,6,0,0,1,1,0,0,1,2,2,1,2,2,2,2,2,1,2,2,2,1,1,1,2,1,2,2,2,1,1,1,1,1,0,0,0,0,0,0,0,0,0,2,9,1,2,1,0,0,0,0,0,0,1,2,3
9247258,3,5,2,5,5,0,4,0,0,2,1,1,2,2,0,0,0,0,1,1,1,1,1,1,1,2,2,1,1,1,1,2,2,1,1,1,2,1,1,1,1,9,1,1,1,2,0,0,0,0,0,0,0,0,0,2,9,1,2,1,0,1,1,1,1,1,1,1,2
6493828,3,5,2,7,5,0,4,0,0,2,0,0,2,2,0,0,0,0,0,4,1,2,2,1,2,2,1,2,2,1,2,2,1,1,1,1,2,1,1,1,2,1,1,1,1,2,0,0,0,0,0,0,0,0,0,2,9,1,2,1,0,1,0,1,0,1,1,2,2
4320874,3,4,1,1,5,0,2,0,0,2,1,1,1,1,0,0,0,0,1,1,1,2,2,1,2,2,2,2,2,1,2,2,2,1,1,1,2,1,2,2,1,9,1,1,1,1,0,0,0,0,0,0,0,0,0,2,9,2,2,1,0,1,0,1,0,0,1,2,2
5500422,3,1,1,1,2,0,2,0,0,2,1,1,1,1,0,0,0,0,1,2,1,1,2,1,2,2,2,1,2,1,2,2,2,1,1,1,2,1,1,1,1,9,1,1,1,1,0,0,0,0,0,0,0,0,0,2,9,1,1,1,0,0,0,1,1,0,1,2,2
2717079,3,4,1,1,5,2,2,0,0,1,1,1,1,1,0,0,0,0,2,2,1,2,2,1,2,2,2,2,2,1,2,2,2,1,1,1,2,1,1,1,1,9,1,1,1,1,0,0,0,0,0,0,0,0,0,2,9,1,2,0,0,0,0,0,0,0,2,1,2
6041001,3,4,1,1,5,0,2,0,0,2,1,1,1,1,0,0,0,0,2,2,1,2,2,1,2,2,1,2,2,1,2,2,1,1,1,1,2,1,1,1,1,9,1,1,1,1,0,0,0,0,0,0,0,0,0,2,9,1,1,1,0,0,0,1,0,0,1,2,2
5340357,2,1,1,1,14,3,14,0,0,1,6,6,6,6,1,1,1,1,7,3,1,1,2,1,2,2,2,1,2,1,2,2,2,1,1,1,2,1,1,2,1,9,1,2,9,1,0,0,0,0,0,0,0,0,0,2,9,1,8,8,0,0,1,8,0,3,1,2,3
3254180,3,4,2,7,2,0,2,0,0,2,0,0,1,1,0,0,0,0,1,1,1,2,2,1,2,2,2,2,2,1,2,2,2,1,1,1,2,1,1,1,1,9,1,1,1,1,0,0,0,0,0,0,0,0,0,2,9,1,3,1,0,0,0,1,0,1,1,2,2
5290345,3,3,1,1,5,0,1,1,0,2,0,0,1,1,0,0,1,1,0,1,1,2,2,1,2,2,2,2,2,1,2,2,2,1,1,1,2,1,1,1,1,9,1,1,1,1,0,0,0,0,0,0,0,0,0,2,9,1,2,1,0,0,0,1,0,0,1,2,3
6731225,3,3,3,1,7,2,0,7,0,1,3,2,4,4,0,0,1,0,8,8,1,1,2,1,2,2,2,1,2,1,2,2,2,1,1,1,2,1,1,1,1,9,1,1,1,1,0,0,0,0,0,0,0,0,0,1,2,7,1,13,0,0,0,0,2,2,1,2,2
6288736,2,1,1,1,42,8,42,0,0,1,30,30,38,38,5,4,5,3,45,10,1,1,2,1,2,2,1,1,2,1,2,2,1,1,1,1,2,1,1,1,1,9,1,2,9,1,0,0,0,0,0,0,0,0,0,1,9,1,0,50,1388,4,2,3,45,2,1,1,2
3549117,1,1,1,5,8,0,2,0,0,2,1,1,1,1,1,1,1,1,1,2,1,1,2,1,2,2,2,1,2,1,2,2,2,1,1,1,2,1,1,1,1,9,1,1,1,1,0,0,0,0,0,0,0,0,0,2,9,0,0,0,0,0,0,0,0,0,2,2,2
2243733,3,2,3,7,6,1,6,0,0,2,2,2,2,2,0,0,0,0,6,6,1,2,2,1,2,2,2,2,2,1,2,2,2,1,1,1,2,1,1,1,2,2,1,1,2,3,0,0,0,0,0,0,0,0,0,2,9,1,3,2,0,0,1,1,0,0,1,2,2
6384567,3,6,3,1,5,1,4,0,0,1,1,1,2,2,1,1,2,2,6,0,1,2,2,1,2,2,2,2,2,1,2,2,2,1,1,1,2,1,1,1,1,9,1,1,1,1,0,0,0,0,0,0,0,0,0,2,9,2,2,1,0,0,0,1,1,1,1,2,2
6062664,3,4,1,1,5,0,2,0,0,2,1,1,1,1,0,0,0,0,1,1,1,2,2,1,2,2,2,2,2,1,2,2,2,1,1,1,2,1,1,1,1,9,1,1,1,2,0,0,0,0,0,0,0,0,0,2,9,1,1,1,0,0,1,1,0,0,1,2,3
3567670,3,12,2,7,8,1,2,0,1,2,0,0,2,2,0,0,1,1,0,2,1,2,2,1,2,2,2,2,2,1,2,2,2,1,1,1,2,1,1,1,1,9,1,1,1,2,0,0,0,0,0,0,0,0,0,1,1,4,1,13,0,0,0,0,3,1,1,1,2
5554182,3,3,1,1,6,1,2,0,3,1,1,0,2,2,1,0,1,0,3,3,1,1,2,1,2,2,2,1,2,1,2,2,2,1,1,1,2,1,1,1,1,9,1,1,1,2,0,0,0,0,0,0,0,0,0,1,1,4,2,10,0,0,0,0,2,2,1,2,2
6228490,3,2,2,7,6,5,6,0,0,1,1,0,0,0,1,1,0,0,3,0,1,1,2,1,2,2,2,1,2,1,2,2,2,1,1,1,2,1,1,1,2,2,1,1,2,2,0,0,0,0,0,0,0,0,0,1,1,6,3,10,0,1,0,0,1,2,1,2,2
9321189,3,3,3,1,6,2,6,0,0,1,3,3,2,2,0,0,0,0,3,4,1,2,2,1,2,2,2,2,2,1,2,2,2,1,1,1,2,1,1,1,1,9,1,1,1,2,0,0,0,0,0,0,0,0,0,1,1,1,3,11,0,0,1,0,2,1,1,2,2
9544172,1,1,1,1,60,8,60,0,0,1,27,25,23,21,11,9,12,9,75,42,1,1,1,2,2,2,2,1,1,2,2,2,2,1,1,1,1,1,1,1,1,9,1,2,9,1,1,1,1,1,4,4,4,4,1,1,9,4,1,65,850,45,2,45,5,6,1,1,2
1781933,1,1,2,1,0,2,7,0,0,1,2,2,2,2,1,1,1,1,4,4,1,1,2,2,2,2,2,1,2,2,2,2,2,1,1,1,2,1,2,2,2,2,1,2,9,2,0,0,0,0,0,0,0,0,0,1,9,0,0,1,0,0,0,0,0,0,1,2,2
5245727,3,12,2,2,7,1,3,2,0,1,1,1,2,2,1,1,1,1,1,2,1,1,2,2,2,2,2,1,2,2,2,2,2,1,1,1,2,1,1,1,1,9,1,1,1,1,0,0,0,0,0,0,0,0,0,1,1,5,2,10,0,10,0,1,2,1,1,2,2
1686012,3,6,1,7,3,1,2,0,1,2,1,1,1,1,0,0,0,0,5,8,1,2,2,1,2,2,2,2,2,1,2,2,2,1,1,1,1,1,1,1,2,1,1,1,1,1,0,0,0,0,0,0,0,0,0,2,9,1,2,1,0,0,0,1,0,1,1,2,2
3514103,3,3,3,1,5,1,5,0,0,1,2,2,2,2,0,0,0,0,2,2,1,2,2,1,2,2,2,2,2,1,2,2,2,1,1,1,2,1,1,1,1,9,1,1,1,1,0,0,0,0,0,0,0,0,0,2,9,0,2,1,0,0,0,1,0,0,1,2,2
4973178,3,2,2,1,5,0,2,2,0,2,2,2,2,2,0,0,0,0,6,2,1,1,2,2,2,2,2,1,2,2,2,2,2,1,1,1,2,1,1,1,1,9,1,1,1,3,0,0,0,0,0,0,0,0,0,2,9,1,1,4,0,0,0,1,0,0,1,2,2
7616025,3,10,2,7,3,0,3,0,1,2,1,1,1,1,0,0,1,1,3,10,1,2,2,1,1,2,1,2,2,1,1,2,1,1,1,1,2,1,1,1,2,1,1,1,1,1,0,0,0,0,0,0,0,0,0,2,9,1,3,2,0,0,1,1,0,1,1,2,2
8212075,3,1,1,1,5,0,2,0,0,2,1,1,1,1,0,0,0,0,3,2,1,2,2,1,2,2,2,2,2,1,2,2,2,1,1,1,2,1,1,1,1,9,1,1,2,1,0,0,0,0,0,0,0,0,0,2,9,0,2,2,0,0,0,1,0,1,2,2,2
9921306,3,5,2,2,7,2,5,0,0,2,1,1,3,2,0,0,1,1,3,9,1,1,2,1,2,2,2,2,2,1,2,2,2,1,1,1,2,1,1,1,1,9,1,1,1,1,0,0,0,0,0,0,0,0,0,1,1,2,2,13,0,0,0,0,2,1,1,1,2
1855483,3,4,3,1,6,0,3,0,3,2,2,2,2,2,2,2,2,2,0,0,1,2,2,1,2,2,2,2,2,1,2,2,2,1,1,1,2,1,2,1,1,9,1,1,1,3,0,0,0,0,0,0,0,0,0,2,9,1,3,1,0,0,1,1,0,1,1,2,2
3229906,3,23,10,7,39,5,29,10,0,1,10,10,0,0,0,0,0,0,10,0,1,1,2,1,2,2,2,1,2,1,2,2,2,1,1,1,2,1,1,1,1,9,1,1,1,1,2,2,2,3,3,3,3,3,1,1,1,10,0,32,0,0,0,0,1,1,1,2,2
7796170,2,1,1,7,5,8,5,0,0,1,5,5,6,6,1,1,1,1,6,0,1,2,2,1,2,2,1,2,2,1,2,2,1,1,1,1,2,1,1,1,1,9,1,1,1,1,0,0,0,0,0,0,0,0,0,1,1,0,0,3,0,11,1,0,1,1,1,2,2
5765830,3,16,16,1,8,4,2,4,2,2,2,2,0,0,0,0,0,0,0,0,1,2,2,1,2,2,1,2,2,1,2,2,1,1,1,1,2,1,1,1,1,9,1,1,1,1,1,1,1,1,1,4,4,4,1,1,1,1,1,20,0,20,1,1,1,1,1,1,2
1711664,3,9,4,7,5,4,3,1,1,2,1,1,1,1,1,1,0,0,1,1,1,1,2,2,2,2,2,1,2,2,2,2,2,1,1,1,2,1,1,1,1,9,1,1,1,1,0,0,0,0,0,0,0,0,0,1,1,0,0,13,0,10,1,1,1,1,1,1,2
9827906,3,5,2,1,5,1,2,0,0,2,1,1,1,1,0,0,0,0,6,4,1,1,2,2,2,2,2,1,2,2,2,2,2,1,1,1,2,1,1,1,1,9,1,1,1,2,0,0,0,0,0,0,0,0,0,2,9,1,1,1,0,0,0,1,0,0,1,2,2
5066081,3,3,0,7,5,3,3,0,0,1,1,1,1,1,0,0,0,0,0,0,1,1,2,1,2,2,1,1,2,1,2,2,1,1,1,1,2,1,1,1,2,2,1,1,1,1,0,0,0,0,0,0,0,0,0,1,1,3,0,10,0,0,1,0,1,2,1,1,2
7555208,2,1,1,1,7,2,7,0,0,1,2,2,1,1,1,1,1,1,2,2,1,2,2,1,2,2,1,2,2,1,2,2,1,1,1,1,2,1,1,1,1,9,1,1,1,1,0,0,0,0,0,0,0,0,0,2,9,1,0,1,0,0,0,0,1,0,1,2,2
8173514,3,6,1,7,5,2,4,0,0,2,3,3,4,4,2,2,0,0,6,8,1,2,2,1,1,2,2,2,2,1,1,2,2,1,1,1,2,1,1,1,1,9,1,1,1,1,0,0,0,0,0,0,0,0,0,1,1,5,0,10,0,0,1,1,1,1,1,1,3
5816790,3,1,1,2,5,0,2,0,0,2,1,1,1,1,0,0,0,0,3,3,1,2,2,1,2,2,2,2,2,1,2,2,2,1,1,1,2,1,1,1,2,2,1,1,1,3,0,0,0,0,0,0,0,0,0,2,9,2,1,1,0,0,0,1,0,0,2,2,2
6466963,2,2,2,1,19,8,19,0,0,1,8,8,6,6,0,0,0,0,8,6,1,2,2,1,1,2,1,2,2,1,1,2,1,1,1,1,2,1,1,1,1,9,1,1,1,1,0,0,0,0,0,0,0,0,0,2,9,2,0,23,0,0,0,1,0,3,1,2,2
1141738,3,4,1,5,5,0,1,0,0,2,1,1,1,1,0,0,0,0,1,4,1,2,2,2,1,2,2,2,2,2,1,2,2,1,1,1,2,1,1,1,2,1,1,1,1,1,0,0,0,0,0,0,0,0,0,2,9,1,2,1,0,0,0,1,0,1,1,2,2
6278323,3,5,1,1,5,0,2,0,0,2,1,1,1,1,0,0,0,0,3,3,1,2,2,1,2,2,2,2,2,1,2,2,2,1,1,1,2,1,2,1,1,9,1,1,1,1,0,0,0,0,0,0,0,0,0,2,9,1,2,3,0,0,0,1,0,0,1,2,2
8645261,3,4,2,7,7,3,2,1,2,2,2,2,1,1,0,0,0,0,2,2,1,1,2,1,2,2,2,1,2,1,2,2,2,1,1,1,2,1,1,1,2,1,1,1,2,1,0,0,0,0,0,0,0,0,0,2,9,1,1,1,0,1,0,1,1,1,1,1,2
6157668,3,8,1,7,4,0,1,0,0,2,2,2,0,0,1,1,1,1,6,0,1,1,2,1,2,2,2,1,2,1,2,2,2,1,1,1,2,1,2,1,1,9,1,1,2,2,0,0,0,0,0,0,0,0,0,2,9,1,2,1,0,1,1,1,0,1,1,2,2
9583170,3,9,6,1,13,4,6,3,0,1,2,2,0,0,0,0,0,0,0,0,1,2,2,1,2,2,1,2,2,1,2,2,1,1,1,1,2,1,1,1,1,9,1,1,1,2,0,0,0,0,0,0,0,0,0,1,1,5,0,10,0,0,1,0,1,1,1,1,2
4297905,3,3,3,5,5,0,3,2,0,2,1,1,1,1,1,1,0,0,2,6,1,2,2,1,2,2,2,2,2,1,2,2,2,1,1,1,1,1,2,1,2,1,1,1,1,1,0,0,0,0,0,0,0,0,0,2,9,5,4,2,0,0,1,1,0,1,1,2,2
7563991,1,1,1,1,13,6,13,0,0,1,6,6,4,4,2,1,1,1,12,4,1,2,1,1,2,2,1,2,1,1,2,2,1,1,1,1,2,1,1,1,1,9,1,1,1,1,0,0,0,0,0,0,0,0,0,1,9,0,0,35,0,0,0,0,3,0,1,2,2
8122207,3,3,1,7,2,0,2,0,0,2,1,0,2,2,0,0,0,0,1,1,1,2,2,1,2,2,2,2,2,1,2,2,2,1,1,1,2,1,1,1,1,9,1,1,2,1,0,0,0,0,0,0,0,0,0,2,9,1,1,1,0,1,0,2,0,0,1,1,3
1839984,3,6,3,1,5,2,4,0,0,1,1,1,1,1,0,0,0,0,6,8,1,2,2,1,2,2,1,2,2,1,2,2,1,1,1,1,2,1,1,1,1,9,1,1,1,1,0,0,0,0,0,0,0,0,0,2,9,2,2,2,0,0,1,1,1,1,1,1,2
5498884,2,2,2,1,5,0,2,0,0,2,1,1,1,1,0,0,0,0,3,1,1,2,2,1,1,2,1,2,2,1,1,2,1,1,1,1,2,1,1,1,1,9,1,1,1,1,0,0,0,0,0,0,0,0,0,2,9,1,2,1,0,0,0,1,1,1,1,2,2
7934552,2,3,1,7,5,0,1,0,0,2,1,1,1,1,1,1,1,1,4,4,1,1,2,1,2,2,1,1,2,1,2,2,1,1,1,1,2,1,1,1,1,9,1,1,1,1,0,0,0,0,0,0,0,0,0,2,9,1,1,1,0,0,0,0,0,0,1,2,2
5202792,3,2,2,5,10,6,0,4,0,1,4,4,6,6,1,1,1,1,0,0,1,1,2,1,2,2,2,1,2,1,2,2,2,1,1,1,2,1,2,1,1,9,1,1,1,1,0,0,0,0,0,0,0,0,0,1,1,1,0,11,0,0,1,0,1,2,1,2,2
2893463,3,2,1,1,5,0,4,0,0,2,1,1,0,0,0,0,0,0,2,0,1,2,2,1,2,2,2,2,2,1,2,2,2,1,1,1,2,1,2,1,2,2,1,1,2,2,0,0,0,0,0,0,0,0,0,2,9,1,2,1,0,0,0,1,0,1,1,2,2
9225488,3,6,2,1,5,0,2,0,0,2,1,1,1,1,0,0,0,0,1,1,1,2,2,1,2,2,2,2,2,1,2,2,2,1,1,1,2,1,1,1,2,2,1,1,1,2,0,0,0,0,0,0,0,0,0,2,9,1,2,1,0,0,1,1,0,1,1,2,2
8403584,3,5,6,1,5,0,9,0,0,2,1,1,3,3,0,0,0,0,3,4,1,2,2,2,1,2,2,2,2,2,1,2,2,1,1,1,2,1,2,2,1,9,1,1,1,3,0,0,0,0,0,0,0,0,0,2,9,6,3,1,0,0,1,1,0,1,1,2,2
6748404,1,1,1,7,5,6,5,0,0,1,4,4,4,4,1,1,1,1,4,3,1,1,2,1,2,2,2,1,2,1,2,2,2,1,1,1,2,1,1,1,1,9,1,2,9,1,0,0,0,0,0,0,0,0,0,1,9,1,0,10,0,0,0,0,1,1,1,2,3
4371589,3,4,2,7,5,0,4,0,0,2,0,0,0,0,1,1,1,1,4,4,1,2,2,1,2,2,2,2,2,1,2,2,2,1,1,1,2,1,1,1,1,9,1,1,1,1,0,0,0,0,0,0,0,0,0,2,9,1,3,1,0,0,0,1,0,0,1,2,2
7446147,3,2,2,1,5,0,3,0,0,2,0,0,1,1,1,1,0,0,1,1,1,2,2,1,2,2,2,2,2,1,2,2,2,1,1,1,2,1,1,1,2,1,1,1,1,1,0,0,0,0,0,0,0,0,0,2,9,1,2,1,0,0,0,1,0,1,1,2,3
9753234,2,1,1,1,18,7,18,0,0,1,7,7,7,7,2,1,2,1,21,14,1,2,2,1,2,2,1,2,2,1,2,2,1,1,1,1,2,1,1,1,1,9,1,1,1,1,1,1,1,1,1,1,4,1,1,1,9,0,0,20,1400,2,1,1,2,0,1,1,2
3502346,3,6,3,5,5,0,5,0,0,2,2,2,2,2,0,0,0,0,0,8,1,2,2,1,2,2,1,2,2,1,2,2,1,1,1,1,2,1,1,1,2,2,1,1,1,1,0,0,0,0,0,0,0,0,0,2,9,1,3,1,0,0,1,1,0,1,1,2,2
9363046,3,2,1,1,5,0,2,0,0,2,1,1,1,1,0,0,0,0,1,3,1,1,2,2,2,2,2,1,2,2,2,2,2,1,1,1,2,1,1,1,1,9,1,1,1,1,0,0,0,0,0,0,0,0,0,2,9,1,0,0,0,0,0,0,0,1,1,2,2
6348891,3,1,1,5,10,7,5,0,0,1,4,4,5,5,1,1,1,1,5,0,1,1,2,1,1,2,2,1,2,1,1,2,2,1,1,1,2,1,1,1,1,9,1,1,1,1,0,0,0,0,0,0,0,0,0,1,1,5,0,10,0,1,1,0,1,1,1,2,2
5269196,2,2,2,1,56,9,56,0,0,1,22,20,18,17,9,6,9,7,20,34,1,2,2,1,1,2,1,2,2,1,1,2,1,1,1,1,1,1,1,1,1,9,1,1,1,1,1,1,1,1,1,4,4,4,1,1,9,5,1,30,1000,7,1,0,2,5,1,1,2
5980821,3,2,2,1,5,1,2,0,0,2,2,2,2,2,1,1,0,0,2,2,1,2,2,1,2,2,2,2,2,1,2,2,2,1,1,1,2,1,1,1,1,9,1,1,1,1,0,0,0,0,0,0,0,0,0,2,9,1,2,1,0,1,0,1,0,0,1,2,2
8905944,3,2,1,5,5,0,2,0,2,2,2,2,2,2,0,0,0,0,2,6,1,2,2,1,2,2,2,2,2,1,2,2,2,1,1,1,2,1,1,1,1,9,1,2,9,1,0,0,0,0,0,0,0,0,0,2,9,2,2,3,0,0,0,1,0,1,1,2,2
4340921,3,3,1,1,5,2,1,1,0,1,0,0,1,1,0,0,0,0,0,1,1,2,2,1,2,2,2,2,2,1,2,2,2,1,1,1,2,1,1,1,2,2,1,1,1,1,0,0,0,0,0,0,0,0,0,2,9,0,1,0,0,0,0,0,0,0,2,2,2
8863732,2,1,1,1,28,9,19,0,0,1,20,20,20,20,0,0,0,0,24,24,1,1,2,2,1,2,2,1,2,2,1,2,2,1,1,1,2,1,1,1,1,9,1,2,9,1,1,1,1,1,4,4,4,4,1,1,9,6,0,17,0,0,1,5,5,3,1,2,3
6451531,3,5,1,1,5,0,4,0,0,2,3,3,4,4,0,0,0,0,3,6,1,2,2,1,2,2,1,2,2,1,2,2,1,1,1,1,2,1,1,1,2,1,1,1,1,3,0,0,0,0,0,0,0,0,0,2,9,2,3,1,0,0,0,1,0,1,1,2,2
2421492,3,4,2,7,2,2,2,0,0,2,2,2,2,2,0,0,0,0,6,6,1,2,2,1,2,2,1,2,2,1,2,2,1,1,1,1,2,1,1,1,1,9,1,1,2,2,0,0,0,0,0,0,0,0,0,2,9,1,1,1,0,1,1,1,1,1,1,2,2
9638249,3,3,1,1,5,0,1,0,0,2,1,1,1,1,0,0,0,0,3,3,1,2,2,1,2,2,2,2,2,1,2,2,2,1,1,1,2,1,1,1,1,9,1,1,1,1,0,0,0,0,0,0,0,0,0,2,9,1,2,1,0,0,0,1,0,0,1,2,2
9762549,3,3,1,7,5,2,2,0,0,2,0,0,1,1,0,0,0,0,2,2,1,2,2,1,2,2,1,2,2,1,2,2,2,1,1,1,2,1,1,1,1,9,1,1,1,3,0,0,0,0,0,0,0,0,0,2,9,1,2,1,0,1,0,1,0,1,1,2,2
8131616,3,4,1,1,5,0,2,0,0,2,1,1,2,2,0,0,0,0,1,1,1,2,2,1,2,2,2,2,2,1,2,2,2,1,1,1,2,1,1,1,1,9,1,1,1,1,0,0,0,0,0,0,0,0,0,2,9,1,2,1,0,0,0,1,0,1,1,2,2
2625046,3,12,11,5,12,5,12,0,0,1,2,2,1,1,0,0,0,0,5,5,1,2,2,1,1,2,1,2,2,1,1,2,1,1,1,1,2,1,1,1,1,9,1,1,1,1,0,0,0,0,0,0,0,0,0,1,1,1,0,10,0,11,1,0,1,1,1,2,2
4875654,3,5,2,1,5,1,3,0,0,1,0,0,2,2,0,0,0,0,0,5,1,2,2,1,2,2,2,2,2,1,2,2,2,1,1,1,2,1,2,2,1,9,1,1,1,2,0,0,0,0,0,0,0,0,0,2,9,1,1,1,0,0,0,1,0,0,1,2,2
5922696,3,1,1,1,5,9,7,0,0,1,1,1,1,1,0,0,0,0,4,4,1,2,2,1,1,2,1,2,2,1,1,2,1,1,1,1,2,1,1,1,1,9,1,1,1,1,1,1,1,1,1,4,4,4,4,1,1,0,0,20,0,0,1,0,2,2,1,1,2
2486679,3,4,4,1,5,5,5,0,0,1,1,1,0,0,0,0,0,0,2,0,1,2,2,1,2,2,1,2,2,1,2,2,1,1,1,1,2,1,1,1,1,9,1,1,1,1,0,0,0,0,0,0,0,0,0,2,9,1,2,1,0,1,0,1,0,0,1,2,2
1515022,3,4,1,1,5,0,2,0,0,2,1,1,1,1,1,1,0,0,1,1,1,2,2,1,2,2,2,2,2,1,2,2,2,1,1,1,2,1,2,2,1,9,1,1,1,1,0,0,0,0,0,0,0,0,0,2,9,1,2,1,0,0,0,1,0,0,1,2,3
3089822,3,3,1,1,5,0,2,0,0,2,0,0,1,1,0,0,1,1,0,5,1,2,2,2,1,2,2,2,2,2,1,2,2,1,1,1,2,1,2,1,1,9,1,1,1,2,0,0,0,0,0,0,0,0,0,2,9,0,2,1,0,0,0,1,0,0,1,1,2
3172432,3,6,3,1,9,1,5,2,0,1,1,1,4,4,1,1,0,0,1,2,1,1,2,2,2,2,2,1,2,2,2,2,2,1,1,1,2,1,2,1,1,9,1,1,1,1,0,0,0,0,0,0,0,0,0,1,1,1,2,13,0,0,0,0,2,2,1,1,2
4828821,3,9,9,7,10,5,10,0,0,1,0,0,2,2,0,0,0,0,0,0,1,2,2,1,2,2,1,2,2,1,2,2,1,1,1,1,2,1,1,1,1,9,1,1,1,1,0,0,0,0,0,0,0,0,0,1,1,5,0,10,0,1,1,0,1,1,1,1,2
8870228,3,19,19,7,25,12,25,0,0,1,2,2,3,3,0,0,1,1,0,2,1,2,2,1,2,2,1,2,2,1,2,2,1,1,1,1,2,1,1,1,1,9,1,1,1,1,1,1,1,1,1,4,4,4,1,1,1,6,0,20,0,10,1,0,2,2,1,1,2
8288229,3,2,1,5,5,0,2,0,0,2,1,1,1,1,0,0,0,0,1,1,1,2,2,1,2,2,1,2,2,1,2,2,1,1,1,1,2,1,1,1,2,2,1,1,1,3,0,0,0,0,0,0,0,0,0,2,9,1,1,2,0,2,2,1,2,2,1,1,1
4989971,2,3,3,1,13,10,15,0,0,1,4,4,6,6,2,2,2,2,8,6,1,1,2,1,2,2,2,1,2,1,2,2,2,1,1,1,2,1,1,1,1,9,1,1,1,1,0,0,0,0,0,0,0,0,0,1,9,2,0,32,0,0,0,0,1,3,1,2,1
4823005,3,7,1,7,4,0,1,1,0,2,1,1,1,1,0,0,0,0,0,6,1,1,2,1,2,2,1,1,2,1,2,2,1,1,1,1,2,1,1,1,2,2,1,2,9,2,0,0,0,0,0,0,0,0,0,2,9,1,1,0,0,0,0,1,0,1,1,2,2
2545695,3,1,1,7,5,0,2,0,0,2,1,1,1,1,0,0,0,0,4,3,1,2,2,1,1,2,2,2,2,1,1,2,2,1,1,1,2,1,1,1,1,9,1,1,1,1,0,0,0,0,0,0,0,0,0,2,9,2,1,1,0,0,0,1,0,1,1,2,2
4258298,3,3,2,7,7,0,3,0,4,2,0,0,1,1,0,0,1,1,0,0,1,2,2,1,2,2,2,2,2,1,2,2,2,1,1,1,2,1,1,1,2,1,1,1,1,2,0,0,0,0,0,0,0,0,0,1,1,4,1,13,0,2,1,0,2,2,1,1,2
5766663,3,2,1,7,2,0,2,0,0,2,1,1,1,1,1,1,0,0,1,1,1,2,2,1,2,2,2,2,2,1,2,2,2,1,1,1,2,1,1,1,2,1,1,1,1,1,0,0,0,0,0,0,0,0,0,2,9,1,1,1,0,0,0,1,0,0,1,2,2
5084389,3,5,1,1,6,0,4,0,0,2,1,1,1,1,0,0,0,0,2,2,1,2,2,2,2,1,2,2,2,2,2,1,2,1,1,1,2,1,2,2,2,2,1,1,1,3,0,0,0,0,0,0,0,0,0,2,9,1,3,1,0,0,0,1,1,1,1,2,3
7521177,3,2,2,1,8,1,2,2,0,2,1,1,1,1,1,0,0,0,0,0,1,1,2,2,2,2,2,1,2,2,2,2,2,1,1,1,3,1,1,1,1,9,1,1,2,1,0,0,0,0,0,0,0,0,0,1,1,2,0,10,0,0,0,0,2,2,1,2,2
7017714,3,2,2,1,5,0,4,0,0,2,1,1,1,1,1,0,1,0,3,3,1,2,2,1,2,2,2,2,2,1,2,2,2,1,1,1,2,1,1,1,2,2,1,1,1,1,0,0,0,0,0,0,0,0,0,2,9,1,2,1,0,0,0,1,0,0,2,2,2
2453583,3,3,3,1,8,2,8,0,0,1,3,3,3,3,1,0,1,0,9,9,1,2,2,1,1,2,1,2,2,1,1,2,1,1,1,1,2,1,1,1,2,1,1,1,1,1,0,0,0,0,0,0,0,0,0,1,1,4,2,13,0,10,1,0,1,2,1,2,2
1974064,3,8,3,1,5,4,5,1,0,1,3,3,3,3,1,1,1,1,6,6,1,2,2,1,2,2,1,2,2,1,2,2,1,1,1,1,2,1,1,1,1,9,1,1,1,1,0,0,0,0,0,0,0,0,0,1,1,5,0,1,0,2,1,0,4,2,1,1,2
6585440,3,3,2,2,2,0,2,0,0,2,0,0,1,1,0,0,0,0,3,3,1,1,2,1,2,2,2,2,2,1,2,2,2,1,1,1,2,1,2,1,2,2,1,1,1,1,0,0,0,0,0,0,0,0,0,2,9,1,3,0,0,0,0,1,0,0,1,2,2
1376776,1,1,1,3,8,1,7,0,0,1,3,3,3,3,0,0,0,0,4,4,1,2,2,1,2,2,1,2,2,1,2,2,1,1,1,1,2,1,2,2,1,9,1,2,9,1,0,0,0,0,0,0,0,0,0,2,9,1,0,1,0,0,0,0,0,0,1,2,2
4457210,3,4,1,5,5,0,2,0,0,2,1,1,1,1,0,0,0,0,6,4,1,2,2,1,2,2,2,2,2,1,2,2,2,1,1,1,2,1,1,1,1,9,1,1,1,3,0,0,0,0,0,0,0,0,0,2,9,1,1,0,0,0,0,0,0,0,1,2,2
7865025,3,4,2,1,5,2,5,0,0,2,0,0,2,2,0,0,0,0,0,8,1,2,2,1,2,2,1,2,2,1,2,2,1,1,1,1,2,1,1,1,1,9,1,1,1,1,0,0,0,0,0,0,0,0,0,2,9,1,2,1,0,0,0,1,0,1,1,2,2
5665560,3,7,2,1,9,6,4,1,1,1,2,2,3,3,0,0,1,1,6,6,1,2,2,1,1,2,1,2,2,1,1,2,1,1,1,1,2,1,1,1,1,9,1,1,1,2,0,0,0,0,0,0,0,0,0,1,1,3,3,10,0,0,1,0,1,1,1,1,2
7443417,3,4,2,2,5,0,0,4,0,2,0,0,1,1,0,0,0,0,0,1,1,2,2,1,2,2,2,2,2,1,2,2,2,1,1,1,2,1,1,1,2,2,1,1,1,3,0,0,0,0,0,0,0,0,0,2,9,2,2,2,0,0,0,1,0,1,1,2,3
7973523,3,1,1,1,5,2,1,1,0,2,1,0,1,1,0,0,0,0,2,3,1,2,2,1,2,2,2,2,2,1,2,2,2,1,1,1,2,1,1,1,1,9,1,2,9,1,0,0,0,0,0,0,0,0,0,2,9,1,1,1,0,0,0,1,1,0,1,2,2
7962044,3,4,2,1,8,0,2,2,1,2,0,0,2,1,0,0,0,0,1,0,1,2,2,1,2,2,2,2,2,1,2,2,2,1,1,1,2,1,1,1,1,9,1,1,1,1,0,0,0,0,0,0,0,0,0,1,2,5,2,10,0,0,1,0,1,1,1,1,2
5881505,2,1,1,1,15,2,15,0,0,1,5,5,3,3,1,1,1,1,10,6,1,1,2,1,2,2,1,1,2,1,2,2,1,1,1,1,2,1,1,1,1,9,1,1,1,1,0,0,0,0,0,0,0,0,0,1,9,0,0,1,0,0,0,1,1,0,1,2,2
3241806,3,8,2,1,5,3,2,0,3,2,0,0,0,0,1,1,1,1,3,3,1,2,2,1,2,2,2,2,2,1,2,2,2,1,1,1,2,1,2,1,2,2,1,1,1,1,0,0,0,0,0,0,0,0,0,2,9,2,3,3,0,0,1,1,0,1,1,2,2
7903514,3,2,1,1,5,0,2,0,2,2,1,1,1,1,0,0,0,0,3,3,1,2,2,1,2,2,2,2,2,1,2,2,2,1,1,1,2,1,1,1,1,9,1,1,1,2,0,0,0,0,0,0,0,0,0,2,9,1,2,1,0,0,1,1,0,1,1,2,2
9982711,3,16,16,1,25,7,25,0,0,1,4,2,4,4,0,0,1,1,17,9,1,1,2,1,2,2,2,1,2,1,2,2,2,1,1,1,1,1,1,1,1,9,1,1,1,1,2,2,2,2,4,4,4,4,1,1,1,10,0,25,0,0,1,0,1,1,1,2,2
3933082,3,4,1,1,5,0,2,0,0,2,2,2,1,1,1,1,1,1,4,7,1,1,1,1,2,2,1,1,1,1,2,2,1,1,1,1,3,1,1,1,1,9,1,1,1,2,0,0,0,0,0,0,0,0,0,2,9,2,2,1,0,0,0,1,0,1,1,2,2
3393004,3,10,8,5,12,5,4,2,3,2,2,2,2,2,0,0,1,1,2,2,1,1,2,2,1,2,2,1,2,2,1,2,2,1,1,1,2,1,2,2,1,9,1,1,1,1,1,1,1,1,1,4,4,4,2,1,1,9,0,24,0,21,1,0,3,2,1,1,2
5851302,3,6,2,1,8,4,3,0,1,2,0,0,2,2,0,0,0,0,0,4,1,2,2,1,2,2,2,2,2,1,2,2,2,1,1,1,2,1,1,1,1,9,1,1,1,1,0,0,0,0,0,0,0,0,0,2,9,1,3,3,0,0,0,1,0,1,1,2,2
5708669,3,2,1,5,5,0,0,0,2,2,1,1,1,1,1,1,1,0,2,3,1,1,2,1,2,2,1,1,2,1,2,2,1,1,1,1,2,1,1,1,2,1,1,1,1,3,0,0,0,0,0,0,0,0,0,2,9,1,1,1,0,1,1,1,1,0,1,2,3
7191894,3,5,4,1,5,6,5,0,0,1,2,2,2,2,1,1,1,1,5,5,1,2,2,1,1,2,1,2,2,1,1,2,1,1,1,1,2,1,1,1,1,9,1,1,1,1,0,0,0,0,0,0,0,0,0,1,1,2,1,3,0,10,1,0,2,3,1,1,2
4793364,3,2,1,2,3,3,1,0,2,2,2,2,2,2,0,0,0,0,3,3,1,2,2,1,2,2,2,2,2,1,2,2,2,1,1,1,2,1,1,1,1,9,1,1,1,1,0,0,0,0,0,0,0,0,0,2,9,1,1,1,0,0,0,1,0,0,1,2,2
5719706,1,1,1,1,8,5,8,0,0,1,3,3,3,3,1,1,1,1,3,3,1,2,2,1,2,2,1,2,2,1,2,2,1,1,1,1,2,1,1,1,1,9,1,1,1,1,0,0,0,0,0,0,0,0,0,1,9,2,0,4,0,0,1,1,1,2,1,2,2
4933122,3,4,2,7,6,0,3,2,0,2,2,2,1,1,0,0,1,1,8,8,1,2,2,1,2,2,1,2,2,1,2,2,1,1,1,1,2,1,1,1,1,9,1,1,1,2,0,0,0,0,0,0,0,0,0,1,1,5,2,10,0,10,1,0,2,2,1,1,2
3176704,3,11,4,1,6,3,11,0,0,1,2,2,0,0,1,1,0,0,0,0,1,2,2,1,2,2,1,2,2,1,2,2,1,1,1,1,2,1,1,1,2,1,1,1,1,2,0,0,0,0,0,0,0,0,0,1,1,0,0,10,0,1,1,0,1,1,1,2,2
9218032,1,3,3,5,52,9,52,0,0,1,32,29,24,22,13,11,12,10,58,44,1,2,2,1,2,2,1,2,2,1,2,2,1,1,1,1,2,1,1,1,1,9,1,1,1,1,1,1,1,1,1,4,4,4,1,1,9,3,0,20,0,0,0,0,1,4,1,2,2
9347028,3,3,0,1,5,0,0,0,2,2,1,0,1,1,0,0,0,0,2,0,1,2,2,1,2,2,1,2,2,1,2,2,1,1,1,1,2,1,1,1,1,9,1,1,1,1,0,0,0,0,0,0,0,0,0,2,9,1,2,0,0,0,1,1,0,0,1,2,2
9558902,3,4,1,1,2,0,2,0,0,2,2,2,1,1,0,0,0,0,4,3,1,2,2,1,2,2,1,2,2,1,2,2,1,1,1,1,2,1,1,1,2,1,1,1,1,1,0,0,0,0,0,0,0,0,0,2,9,2,1,1,0,1,1,1,0,1,1,1,2
2779628,3,1,1,5,5,0,0,0,2,2,1,1,1,1,0,0,0,0,1,1,1,2,2,1,2,2,1,2,2,1,2,2,1,1,1,1,2,1,1,1,2,1,1,1,1,1,0,0,0,0,0,0,0,0,0,2,9,1,2,0,0,0,0,1,0,0,1,2,2
3808860,3,8,6,1,10,2,3,3,0,2,2,2,3,3,1,1,0,0,8,3,1,2,2,2,1,2,2,2,2,2,1,2,2,1,1,1,2,1,1,1,1,9,1,1,1,2,0,0,0,0,0,0,0,0,0,1,1,1,1,4,0,0,0,1,1,1,1,2,2
4122698,2,3,3,1,12,3,12,0,0,1,2,2,2,2,3,3,3,3,6,6,1,2,2,1,1,2,1,2,2,1,1,2,1,1,1,1,2,1,1,1,1,9,1,1,1,1,0,0,0,0,0,0,0,0,0,1,9,0,0,1,0,0,0,0,0,0,1,2,2
5142678,3,13,8,1,78,6,18,0,3,1,2,2,3,3,0,0,0,0,10,4,1,1,2,1,2,2,2,1,2,1,2,2,2,1,1,1,1,1,1,1,1,9,1,1,1,1,2,1,1,1,1,2,3,3,1,1,1,14,0,27,0,0,1,0,3,3,1,1,2
1624201,3,3,2,2,6,0,2,2,0,2,1,1,1,1,1,1,0,0,4,6,1,2,2,1,2,2,2,2,2,1,2,2,2,1,1,1,2,1,1,1,1,9,1,1,1,2,0,0,0,0,0,0,0,0,0,1,1,5,5,10,0,0,1,0,1,2,1,2,2
4186444,4,3,1,1,5,0,1,0,0,2,1,1,1,1,0,0,1,0,4,5,1,2,2,1,1,2,1,2,2,1,1,2,1,1,1,1,2,1,1,1,2,1,1,1,1,1,0,0,0,0,0,0,0,0,0,2,9,1,2,1,0,0,0,1,0,0,1,2,3
1643342,3,1,1,1,5,1,1,0,0,2,0,0,0,0,1,1,0,0,1,0,1,2,2,1,1,2,2,2,2,1,2,2,2,1,1,1,2,1,1,1,2,2,1,1,1,2,0,0,0,0,0,0,0,0,0,2,9,1,2,1,0,0,1,1,0,0,1,2,2
3791935,3,2,2,1,4,0,2,0,2,2,1,1,1,1,0,0,0,0,1,1,1,2,2,1,1,2,2,2,2,1,1,2,2,1,1,1,2,1,2,1,1,9,1,1,1,2,0,0,0,0,0,0,0,0,0,2,9,1,2,2,0,0,0,1,0,1,1,2,2
2543877,1,2,2,1,29,10,22,0,0,1,4,4,4,4,0,0,0,0,17,18,1,1,1,1,1,2,1,1,1,1,1,2,1,1,1,1,2,1,2,2,1,9,1,2,9,1,0,0,0,0,0,0,0,0,0,1,9,1,0,28,0,22,2,2,1,4,1,2,3
7926533,2,6,2,7,5,2,5,0,0,1,2,2,2,2,0,0,0,0,3,3,1,1,2,1,2,2,2,1,2,1,2,2,2,1,1,1,2,1,1,1,1,9,1,1,1,1,0,0,0,0,0,0,0,0,0,1,1,3,0,10,0,1,1,0,1,1,1,1,2
6056593,3,7,3,7,6,0,6,0,0,2,2,2,2,2,0,0,0,0,4,4,1,1,2,1,1,2,2,1,2,1,1,2,2,1,1,1,2,1,1,1,1,9,1,1,1,1,0,0,0,0,0,0,0,0,0,2,9,5,3,1,0,1,1,1,1,0,1,2,2
9243252,3,4,1,1,5,2,2,0,0,2,1,1,1,1,0,0,0,0,1,1,1,2,2,1,2,2,1,2,2,1,2,2,1,1,1,1,2,1,1,1,1,9,1,1,1,2,0,0,0,0,0,0,0,0,0,2,9,1,2,1,0,0,1,1,0,0,1,2,2
9103498,3,4,2,1,6,2,5,2,0,2,1,1,1,1,0,0,0,0,2,2,1,2,2,1,2,2,2,2,2,1,2,2,2,1,1,1,2,1,2,2,1,9,1,1,1,2,0,0,0,0,0,0,0,0,0,2,9,1,4,5,0,1,1,1,1,1,1,2,2
9561459,3,7,2,1,4,0,3,0,1,2,2,1,2,1,0,0,1,1,1,1,1,2,2,1,2,2,2,2,2,1,2,2,2,1,1,1,2,1,1,1,2,1,1,1,1,2,0,0,0,0,0,0,0,0,0,1,1,2,2,10,0,10,0,0,1,2,1,2,2
1678634,1,2,4,1,27,10,21,6,0,1,30,30,30,30,5,5,5,5,60,60,1,1,2,1,1,2,1,1,2,1,1,2,1,1,1,1,1,1,1,1,1,9,1,1,1,1,1,1,1,1,1,4,4,4,1,1,9,2,25,72,0,10,4,56,56,5,1,1,1
9457115,3,8,5,1,7,2,5,2,0,2,1,1,1,1,0,0,0,0,1,1,1,1,2,1,2,2,2,1,2,1,2,2,2,1,1,1,2,1,1,1,1,9,1,1,1,1,0,0,0,0,0,0,0,0,0,1,1,3,3,13,0,0,0,0,1,2,1,1,2
6218550,3,4,1,1,5,2,1,0,0,2,1,1,1,1,0,0,0,0,4,5,1,1,2,1,2,2,2,2,2,1,2,2,2,1,1,1,2,1,1,1,1,9,1,1,1,1,0,0,0,0,0,0,0,0,0,2,9,1,1,1,0,1,0,1,0,0,1,1,3
6033035,3,6,3,7,6,1,6,0,1,1,2,2,2,2,1,1,0,0,6,6,1,2,2,1,2,2,1,2,2,1,2,2,1,1,1,1,2,1,1,1,1,9,1,1,1,1,0,0,0,0,0,0,0,0,0,1,1,3,2,10,0,0,0,0,1,1,1,2,2
5629570,2,2,2,1,45,12,69,0,0,1,41,37,29,27,17,15,13,11,74,27,1,2,2,1,2,2,1,2,2,1,2,2,1,1,1,1,2,1,1,1,1,9,1,1,1,1,1,1,1,1,1,4,4,4,1,1,9,4,12,54,0,0,1,12,5,6,1,2,2
1018069,3,9,2,1,6,0,3,0,0,2,1,1,2,2,0,0,0,0,6,6,1,2,2,1,2,2,1,2,2,1,2,2,1,1,1,1,2,1,1,1,1,9,1,1,1,3,0,0,0,0,0,0,0,0,0,2,9,1,2,1,0,1,0,1,0,0,1,2,2
1737959,3,4,1,1,5,1,2,0,0,1,2,2,2,2,0,0,0,0,8,8,1,2,2,1,2,2,1,2,2,1,2,2,1,1,1,1,2,1,1,1,1,9,1,1,1,1,0,0,0,0,0,0,0,0,0,2,9,1,3,1,0,0,1,1,0,1,1,2,2
7487302,3,1,1,1,5,0,0,1,1,2,1,1,1,1,0,0,0,0,3,3,1,2,2,1,2,2,2,2,2,1,2,2,2,1,1,1,2,1,2,1,1,9,1,1,1,1,0,0,0,0,0,0,0,0,0,2,9,1,2,1,0,0,0,1,0,1,1,2,2
2511859,2,5,5,1,5,1,5,0,0,2,1,1,5,3,0,0,0,0,6,6,1,2,2,1,2,2,1,2,2,1,2,2,1,1,1,1,2,1,1,1,1,9,1,1,1,1,0,0,0,0,0,0,0,0,0,2,9,1,1,1,0,0,0,1,0,0,1,2,2
9550540,3,10,3,7,6,0,5,0,0,2,1,1,1,1,0,0,0,0,1,1,1,2,2,1,2,2,2,2,2,1,2,2,2,1,1,1,2,1,1,1,1,9,1,1,1,1,0,0,0,0,0,0,0,0,0,1,1,4,3,11,0,0,0,0,2,1,1,2,2
4029335,3,4,3,1,8,0,6,0,0,2,2,2,4,4,1,0,1,0,4,3,1,1,2,1,2,2,2,2,2,1,2,2,2,1,1,1,3,1,1,1,1,9,1,1,2,2,0,0,0,0,0,0,0,0,0,1,1,3,1,13,0,13,1,0,2,3,1,2,2
4655239,3,3,1,1,5,2,1,1,0,1,1,1,1,1,0,0,0,0,6,6,1,2,2,1,2,2,1,2,2,1,2,2,1,1,1,1,2,1,1,1,1,9,1,1,1,1,0,0,0,0,0,0,0,0,0,2,9,1,2,1,0,1,0,1,0,0,1,2,2
6490154,1,2,2,1,12,2,12,0,0,1,2,2,3,3,1,1,1,0,6,9,1,2,2,1,1,2,1,2,2,1,1,2,1,1,1,1,2,1,1,1,1,9,1,1,1,1,0,0,0,0,0,0,0,0,0,2,2,0,0,1,0,0,0,0,0,0,1,2,2
6996830,3,3,2,1,5,0,4,0,0,2,1,1,1,1,1,1,0,0,5,5,1,2,2,1,2,2,2,2,2,1,2,2,2,1,1,1,2,1,1,1,2,2,1,1,1,2,0,0,0,0,0,0,0,0,0,2,9,1,1,0,0,1,0,1,0,1,1,2,2
8161144,3,14,7,5,7,1,7,0,0,2,2,2,2,2,0,0,1,0,5,5,1,2,2,1,2,2,1,2,2,1,2,2,1,1,1,1,2,1,1,1,1,9,1,1,1,2,0,0,0,0,0,0,0,0,0,1,1,4,4,12,0,0,0,0,2,2,1,2,2
3310329,3,2,1,2,5,0,2,0,0,2,1,1,1,1,0,0,0,0,2,2,1,2,2,1,2,2,1,2,2,1,2,2,1,1,1,1,2,1,1,1,2,1,1,1,1,3,0,0,0,0,0,0,0,0,0,2,9,1,1,1,0,0,1,1,0,1,1,2,2
7570109,3,5,2,1,5,0,3,1,0,2,1,1,1,1,1,1,1,1,1,1,1,1,2,2,2,2,2,1,2,2,2,2,2,1,1,1,2,1,2,2,1,9,1,1,1,2,0,0,0,0,0,0,0,0,0,2,9,1,5,2,0,0,1,1,0,1,1,2,1
7294101,3,3,3,1,6,0,6,0,0,2,1,1,0,0,1,1,0,0,1,0,1,2,2,1,2,2,1,2,2,1,2,2,1,1,1,1,2,1,1,1,1,9,1,1,1,2,0,0,0,0,0,0,0,0,0,2,9,1,2,1,0,0,0,1,0,1,1,2,2
1167460,3,6,2,1,5,1,4,0,0,1,2,1,1,1,1,1,0,0,1,1,1,2,2,1,2,2,2,2,2,1,2,2,2,1,1,1,2,1,1,1,1,9,1,2,9,1,0,0,0,0,0,0,0,0,0,1,1,4,3,10,0,0,0,0,1,2,1,1,2
4792348,1,3,3,1,38,11,38,0,0,1,9,9,10,9,3,2,5,4,18,18,1,1,2,1,1,2,1,1,2,1,1,2,1,1,1,1,2,1,1,1,1,9,1,1,1,1,1,1,1,1,1,4,4,4,1,1,9,10,0,40,0,10,2,0,4,0,1,1,2
2444103,3,5,1,1,5,0,0,2,0,2,1,1,1,1,0,0,0,0,3,3,1,1,2,2,2,2,2,1,2,2,2,2,2,1,1,1,2,1,1,1,1,9,1,1,2,1,0,0,0,0,0,0,0,0,0,2,9,1,2,1,0,1,1,2,0,0,2,1,3
2683106,3,4,1,1,5,1,2,0,0,1,1,1,1,1,0,0,0,0,6,6,1,2,2,1,2,2,2,2,2,1,2,2,2,1,1,1,2,1,1,1,2,2,1,1,1,2,0,0,0,0,0,0,0,0,0,2,9,2,1,1,0,0,0,1,0,1,1,1,2
6816560,3,8,3,7,7,8,7,0,0,1,3,3,4,4,0,0,0,0,6,12,1,2,2,1,2,2,1,2,2,1,2,2,1,1,1,1,1,1,1,1,1,9,1,1,1,1,0,0,0,0,0,0,0,0,0,1,1,2,3,10,0,0,0,0,1,1,1,1,2
7888518,3,4,2,2,6,0,1,0,1,2,4,4,4,4,0,0,1,1,4,4,1,2,2,1,2,2,1,2,2,1,2,2,1,1,1,1,2,1,1,1,1,9,1,1,2,1,0,0,0,0,0,0,0,0,0,2,9,1,2,1,0,0,1,1,1,1,1,2,2
2640172,2,1,1,1,32,32,32,0,0,1,10,9,7,7,3,2,3,2,18,14,1,2,2,1,1,2,1,2,2,1,1,2,1,1,1,1,1,1,1,1,1,9,1,1,1,1,1,1,1,1,1,4,4,4,1,2,9,1,0,20,0,5,0,0,5,5,1,2,2
1801518,3,4,1,1,5,3,2,0,0,2,2,2,2,2,0,0,0,0,8,4,1,1,2,1,2,2,1,1,2,1,2,2,1,1,1,1,2,1,1,1,1,9,1,1,1,1,0,0,0,0,0,0,0,0,0,2,9,1,2,1,0,0,1,1,0,0,1,2,2
9878641,3,4,2,1,5,0,3,0,0,2,1,1,1,1,0,0,0,0,1,1,1,2,2,1,2,2,2,2,2,1,2,2,2,1,1,1,2,1,1,1,2,2,1,1,1,2,0,0,0,0,0,0,0,0,0,2,9,1,1,1,0,0,0,1,0,1,1,2,2
6537248,3,5,2,1,5,1,3,0,0,2,1,1,2,2,0,0,0,0,5,5,1,2,2,1,1,2,2,2,2,1,1,2,2,1,1,1,2,1,1,1,1,9,1,1,1,1,0,0,0,0,0,0,0,0,0,2,9,1,2,1,0,0,0,1,0,1,2,2,2
4200087,3,5,1,1,5,0,3,0,0,2,0,0,0,0,1,1,0,0,0,0,1,2,2,1,2,2,1,2,2,1,2,2,1,1,1,1,2,1,2,1,1,9,1,1,1,1,0,0,0,0,0,0,0,0,0,2,9,1,1,1,0,0,0,1,0,1,1,2,2
1780330,3,6,2,7,6,2,2,0,0,2,1,1,1,1,0,0,0,0,1,0,1,2,2,1,2,2,2,2,2,1,2,2,2,1,1,1,2,1,1,1,1,9,1,1,1,1,0,0,0,0,0,0,0,0,0,2,9,1,1,1,0,0,0,1,0,0,1,2,2
6746079,3,3,1,1,5,2,2,0,0,2,1,1,1,1,1,1,1,1,2,2,1,2,2,1,1,2,1,2,2,1,1,2,2,1,1,1,2,1,1,1,1,9,1,1,1,2,0,0,0,0,0,0,0,0,0,2,9,1,2,1,0,1,1,1,0,0,1,1,2
2000121,2,1,1,1,14,6,14,0,0,1,9,9,7,7,3,2,2,1,18,14,1,1,2,2,2,2,2,1,2,2,2,2,2,1,1,1,2,1,1,1,1,9,1,1,1,1,1,1,1,1,1,1,4,1,2,1,9,0,0,22,450,0,0,0,0,0,1,1,2
3170050,3,1,1,2,5,2,2,0,0,2,1,1,1,1,1,1,1,1,1,1,1,2,2,1,2,2,2,2,2,1,2,2,2,1,1,1,2,1,1,1,2,1,1,1,1,2,0,0,0,0,0,0,0,0,0,2,9,1,2,1,0,0,1,1,0,1,1,2,2
9614787,3,8,4,7,5,6,7,0,0,2,0,0,12,12,0,0,1,1,0,2,1,1,2,2,2,2,2,1,2,2,2,2,2,1,1,1,2,1,1,1,1,9,1,1,1,2,0,0,0,0,0,0,0,0,0,1,1,2,0,10,0,1,1,0,1,1,1,2,2
1590579,3,14,3,7,34,5,28,4,0,1,0,0,8,8,0,0,1,1,0,3,1,2,2,1,1,2,2,2,2,1,1,2,2,1,1,1,2,1,1,1,1,9,1,1,1,2,1,1,1,1,1,4,4,4,1,1,1,15,0,21,0,2,1,1,4,3,1,2,2
5891181,3,4,2,1,5,0,3,0,0,2,1,1,2,2,1,1,2,2,1,2,1,2,2,1,2,2,2,2,2,1,2,2,2,1,1,1,2,1,1,1,1,9,1,1,1,2,0,0,0,0,0,0,0,0,0,2,9,1,2,1,0,0,1,1,1,1,1,2,2
7577217,3,6,2,2,5,0,4,0,0,2,1,1,1,1,1,1,0,0,2,2,1,2,2,1,2,2,1,2,2,1,2,2,1,1,1,1,2,1,1,1,1,9,1,1,1,3,0,0,0,0,0,0,0,0,0,2,9,2,1,1,0,0,0,1,0,0,1,1,2
8167553,4,4,2,2,5,2,2,0,0,2,1,1,2,2,0,0,0,0,3,6,1,2,2,1,2,2,2,2,2,1,2,2,2,1,1,1,2,1,2,1,1,9,1,2,9,3,0,0,0,0,0,0,0,0,0,2,9,1,2,1,0,0,0,1,0,1,2,2,2
7688821,3,5,5,1,5,7,5,0,0,1,4,4,6,4,1,0,1,1,5,6,1,2,2,1,2,2,1,2,2,1,2,2,1,1,1,1,2,1,1,1,1,9,1,1,1,2,0,0,0,0,0,0,0,0,0,1,1,0,0,10,0,0,1,0,1,1,1,1,2
4260214,3,5,2,1,5,0,2,2,0,2,1,1,1,1,0,0,0,0,0,3,1,2,2,1,2,2,1,2,2,1,2,2,1,1,1,1,2,1,1,1,1,9,1,1,1,1,0,0,0,0,0,0,0,0,0,2,9,1,2,1,0,0,0,1,0,1,1,2,2
1949912,3,6,6,1,7,7,7,0,0,1,2,2,4,2,1,0,1,0,1,2,1,1,2,1,2,2,2,1,2,1,2,2,2,1,1,1,2,1,2,1,1,9,1,1,1,2,0,0,0,0,0,0,0,0,0,2,9,4,4,2,0,0,0,1,1,1,1,2,2
5358712,3,4,1,1,5,9,2,0,0,2,1,1,7,7,1,1,0,0,6,6,1,2,2,1,2,2,2,2,2,1,2,2,2,1,1,1,2,1,1,1,1,9,1,1,1,1,0,0,0,0,0,0,0,0,0,2,9,1,3,1,0,0,0,1,0,1,1,2,2
9294105,2,4,4,7,8,0,8,0,0,2,0,0,2,2,0,0,0,0,0,6,1,2,2,1,2,2,1,2,2,1,2,2,1,1,1,1,2,1,1,1,1,9,1,1,1,1,0,0,0,0,0,0,0,0,0,1,1,1,1,10,0,0,0,0,0,1,1,2,2
5478354,3,7,2,7,7,1,2,3,0,2,1,1,1,1,0,0,1,1,1,1,1,2,2,1,2,2,2,2,2,1,2,2,2,1,1,1,2,1,1,1,2,2,1,1,1,1,0,0,0,0,0,0,0,0,0,1,1,3,3,16,0,16,0,0,1,1,1,1,2
8825719,3,1,1,1,5,0,2,0,0,2,1,1,1,1,0,0,0,0,2,5,1,1,2,1,2,2,2,1,2,1,2,2,2,1,1,1,2,1,1,1,1,9,1,1,1,2,0,0,0,0,0,0,0,0,0,2,9,2,1,4,0,0,1,1,1,1,1,2,2
3092332,3,1,1,1,5,0,0,2,0,2,1,1,0,0,0,0,0,0,3,0,1,2,2,1,2,2,2,2,2,1,2,2,2,1,1,1,2,1,2,1,1,9,1,2,9,2,0,0,0,0,0,0,0,0,0,2,9,1,1,1,0,0,0,1,0,1,1,2,2
5420804,3,4,1,1,5,1,2,1,0,1,1,1,1,1,0,0,0,0,1,1,1,2,2,1,2,2,2,2,2,1,2,2,2,1,1,1,2,1,2,1,2,2,1,2,9,1,0,0,0,0,0,0,0,0,0,2,9,1,2,1,0,1,0,1,0,0,1,1,2
1279271,3,9,3,1,6,0,7,0,0,2,1,1,0,0,0,0,1,1,0,6,1,2,2,1,2,2,2,2,2,1,2,2,2,1,1,1,2,1,2,1,1,9,1,1,1,1,0,0,0,0,0,0,0,0,0,2,9,1,3,1,0,0,1,1,0,0,1,2,3
9185121,3,5,1,5,5,0,2,0,0,2,2,2,2,2,1,1,0,0,4,4,1,2,2,1,2,2,2,2,2,1,2,2,2,1,1,1,2,1,1,1,1,9,1,1,1,2,0,0,0,0,0,0,0,0,0,2,9,2,2,3,0,0,1,1,0,1,1,1,2
2245908,3,4,1,5,5,2,2,0,0,2,0,0,2,1,0,0,1,1,0,3,1,2,2,2,2,2,1,2,2,2,2,2,1,1,1,1,2,1,1,1,1,9,1,1,1,1,0,0,0,0,0,0,0,0,0,2,9,0,2,1,0,0,0,1,0,0,1,2,2
6161429,3,6,2,7,6,0,2,0,2,2,1,1,0,0,1,1,0,0,0,0,1,1,2,1,2,2,2,2,2,1,2,2,2,1,1,1,2,1,1,1,1,9,1,1,1,1,0,0,0,0,0,0,0,0,0,2,9,3,2,4,0,0,0,1,0,1,1,2,2
6012329,3,3,4,7,6,2,5,3,0,2,2,2,2,2,0,0,0,0,6,6,1,1,1,2,2,2,2,1,1,2,2,2,2,1,1,1,2,1,2,1,1,9,1,1,1,1,0,0,0,0,0,0,0,0,0,1,1,4,3,10,0,0,0,0,1,2,1,2,2
5460872,3,1,0,1,5,0,0,2,0,2,1,1,1,1,0,0,0,0,2,3,1,2,2,1,2,2,2,2,2,1,2,2,2,1,1,1,2,1,1,1,1,9,1,1,1,1,0,0,0,0,0,0,0,0,0,2,9,2,1,0,0,0,0,1,0,0,1,2,2
4569046,3,1,1,1,2,2,2,0,0,1,1,1,1,1,1,1,0,0,1,2,1,2,2,1,2,2,1,2,2,1,2,2,1,1,1,1,2,1,1,1,2,1,1,1,1,1,0,0,0,0,0,0,0,0,0,2,9,1,1,1,0,0,0,1,0,0,2,2,2
9919085,3,1,1,1,16,6,13,0,0,1,4,4,4,4,1,1,1,1,2,2,1,2,2,1,2,2,1,2,2,1,2,2,1,1,1,1,2,1,1,1,1,9,1,1,1,1,2,1,1,1,1,4,4,4,2,1,1,1,0,20,0,20,1,0,2,1,1,2,2
1395244,1,1,3,1,25,6,25,0,0,1,10,10,10,10,2,1,2,1,20,10,1,2,2,2,1,2,2,2,2,2,1,2,2,1,1,1,2,1,1,1,1,9,1,1,1,1,1,1,1,4,1,4,1,4,1,1,9,0,9,10,0,0,0,2,2,3,1,1,2
9961147,3,3,3,1,3,2,4,0,0,1,2,2,6,6,1,1,1,0,6,0,1,1,2,1,2,2,2,1,2,1,2,2,2,1,1,1,2,1,1,1,1,9,1,1,1,3,0,0,0,0,0,0,0,0,0,1,1,3,1,10,0,0,0,0,1,2,1,2,2
3808224,3,3,2,1,5,2,2,0,0,1,1,1,1,0,0,0,0,0,4,4,1,2,2,1,2,2,1,2,2,1,2,2,1,1,1,1,2,1,1,1,2,1,1,1,2,1,0,0,0,0,0,0,0,0,0,2,9,1,1,0,0,0,0,0,0,0,2,2,2
8614839,3,8,2,1,2,0,2,0,0,2,1,1,1,1,0,0,0,0,4,4,1,1,2,2,2,2,2,1,2,2,2,2,2,1,1,1,2,1,1,1,1,9,1,1,1,3,0,0,0,0,0,0,0,0,0,2,9,0,0,1,0,0,0,1,0,0,1,2,3
1518665,3,4,1,1,5,0,2,0,0,2,1,1,1,1,0,0,0,0,6,6,1,1,2,1,2,2,1,1,2,1,2,2,1,1,1,1,2,1,1,1,1,9,1,1,1,1,0,0,0,0,0,0,0,0,0,2,9,1,1,1,0,0,0,1,0,0,1,1,2
1569666,3,7,5,5,14,2,2,3,4,2,1,1,1,1,1,1,0,0,2,1,1,1,2,1,2,2,2,1,2,1,2,2,2,1,1,1,2,1,1,1,1,9,1,1,1,3,0,0,0,0,0,0,0,0,0,2,9,1,5,3,0,0,1,1,1,1,1,2,2
1338791,2,2,2,1,12,7,12,0,0,1,5,5,4,4,2,1,2,1,15,12,1,2,2,1,1,2,1,2,2,1,1,2,1,1,1,1,2,1,1,1,1,9,1,1,1,1,0,0,0,0,0,0,0,0,0,1,9,0,0,11,50,1,1,1,1,2,1,1,2
6388186,3,2,2,1,3,5,3,0,0,2,1,1,1,1,1,1,1,1,3,1,1,1,2,1,2,2,2,1,2,1,2,2,2,1,1,1,2,1,1,1,1,9,1,1,1,3,0,0,0,0,0,0,0,0,0,2,9,1,2,1,0,1,1,1,0,0,1,2,2
3673926,3,5,2,7,5,5,3,2,0,2,2,0,4,4,0,0,0,0,0,14,1,1,2,1,2,2,1,1,2,1,2,2,1,1,1,1,2,1,1,1,1,9,1,1,1,1,0,0,0,0,0,0,0,0,0,1,1,3,4,13,0,0,0,0,2,2,1,2,2
6747824,1,1,1,1,8,2,10,0,0,1,4,4,4,4,1,1,1,1,25,25,1,2,1,1,2,2,1,2,1,1,2,2,1,1,1,1,2,1,1,1,1,9,1,1,1,1,0,0,0,0,0,0,0,0,0,1,9,1,0,2,0,0,0,0,1,1,1,2,2
1408721,1,1,1,1,12,5,12,0,0,1,3,3,13,13,1,1,1,1,4,4,1,2,2,2,1,2,2,2,2,2,1,2,2,1,1,1,1,1,2,2,1,9,1,1,2,1,0,0,0,0,0,0,0,0,0,1,9,0,9,10,0,0,1,11,0,1,1,2,2
7562032,3,1,0,1,2,0,2,0,0,2,1,1,1,1,0,0,0,0,3,2,1,1,2,2,2,2,2,1,2,2,2,2,2,1,1,1,2,1,1,1,1,9,1,1,1,3,0,0,0,0,0,0,0,0,0,2,9,1,1,2,0,2,0,1,0,0,1,2,2
1587516,3,1,1,1,5,0,0,2,0,2,1,1,1,0,0,0,0,0,3,0,1,2,2,1,1,2,2,2,2,1,1,2,2,1,1,1,2,1,1,1,1,9,1,1,1,3,0,0,0,0,0,0,0,0,0,2,9,1,1,0,0,1,0,0,0,0,1,2,3
9045791,3,3,1,8,5,0,2,0,0,2,1,1,1,1,0,0,0,0,1,1,1,2,2,1,2,2,2,2,2,1,2,2,2,1,1,1,2,1,1,1,2,1,1,1,1,1,0,0,0,0,0,0,0,0,0,2,9,1,2,1,0,0,0,1,0,1,1,2,2
5664291,2,12,12,2,13,10,11,2,0,1,4,4,8,8,0,0,0,0,2,2,1,1,2,1,2,2,1,1,2,1,2,2,1,1,1,1,2,1,1,1,1,9,1,1,1,1,1,1,1,1,1,4,4,4,1,1,1,8,0,30,0,20,1,0,3,3,1,2,3
3653564,3,2,1,3,5,0,1,0,1,2,1,1,1,0,0,0,0,0,3,3,1,2,2,1,2,2,2,2,2,1,2,2,2,1,1,1,2,1,1,1,2,1,1,1,1,3,0,0,0,0,0,0,0,0,0,2,9,2,2,1,0,0,0,1,0,0,1,2,2
9698554,3,4,2,1,4,0,4,0,0,2,0,0,0,0,0,0,1,1,0,0,1,2,2,1,2,2,2,2,2,1,2,2,2,1,1,1,2,1,1,1,2,1,1,1,1,1,0,0,0,0,0,0,0,0,0,2,9,1,1,1,0,0,1,1,0,1,1,2,2
5295772,2,1,1,1,21,10,12,0,0,1,5,5,5,5,3,2,3,2,18,6,1,2,2,1,2,2,1,2,2,1,2,2,1,1,1,1,2,1,1,1,1,9,1,1,1,1,0,0,0,0,0,0,0,0,0,2,9,2,0,15,0,2,2,0,2,1,1,1,2
7196741,2,9,10,1,8,6,10,0,0,1,0,0,4,4,0,0,3,3,0,3,1,2,2,1,1,2,2,2,2,1,1,2,2,1,1,1,2,1,2,1,2,2,1,1,1,1,0,0,0,0,0,0,0,0,0,1,1,6,3,10,0,0,0,0,1,1,1,2,3
8735684,3,11,4,1,10,3,6,0,0,1,2,2,2,2,0,0,0,0,4,2,1,1,2,1,2,2,2,1,2,1,2,2,2,1,1,1,2,1,1,1,1,9,1,1,1,1,0,0,0,0,0,0,0,0,0,1,1,3,3,13,0,3,1,0,1,2,1,2,2
2216108,3,4,4,1,8,1,8,0,0,1,2,2,2,2,0,0,0,0,10,10,1,2,2,1,2,2,1,2,2,1,2,2,1,1,1,1,2,1,1,1,1,9,1,1,1,1,0,0,0,0,0,0,0,0,0,1,1,5,2,1,0,0,0,0,1,1,1,2,2
8622520,3,1,0,1,5,0,1,0,0,2,1,1,1,1,0,0,0,0,1,3,1,2,2,1,2,2,2,2,2,1,2,2,2,1,1,1,2,1,1,1,2,2,1,1,1,3,0,0,0,0,0,0,0,0,0,2,9,1,1,0,0,0,0,0,0,0,2,2,2
1673345,2,1,1,1,12,5,12,0,0,1,3,3,3,3,1,1,1,1,9,3,1,2,2,1,2,2,1,2,2,1,2,2,1,1,1,1,2,1,1,1,1,9,1,1,1,1,0,0,0,0,0,0,0,0,0,1,9,1,1,16,0,1,1,0,1,0,1,1,2
8490325,1,1,1,1,19,22,19,0,0,1,6,6,5,5,2,1,2,1,12,10,1,2,2,1,2,2,1,2,2,1,2,2,1,1,1,1,2,1,1,1,1,9,1,1,1,1,0,0,0,0,0,0,0,0,0,2,9,0,0,3,0,0,1,1,0,3,1,2,2
5378948,3,4,1,1,5,0,2,0,0,2,1,1,1,1,0,0,0,0,4,4,1,2,2,1,2,2,2,2,2,1,2,2,2,1,1,1,2,1,1,1,1,9,1,1,1,1,0,0,0,0,0,0,0,0,0,2,9,0,0,0,0,0,0,0,0,0,1,2,2
9128095,3,5,1,7,7,0,2,0,0,2,1,1,1,1,0,0,0,0,2,2,1,1,2,1,2,2,1,1,2,1,2,2,1,1,1,1,2,1,1,1,1,9,1,1,1,1,0,0,0,0,0,0,0,0,0,2,9,1,2,0,0,0,0,1,0,0,1,1,2
7289472,2,2,2,1,63,7,63,0,0,1,40,40,40,40,12,9,12,11,80,80,1,2,2,1,1,2,1,2,2,1,1,2,1,1,1,1,2,1,1,1,1,9,1,2,9,1,1,1,1,1,1,4,4,4,1,2,9,0,0,20,1200,0,0,1,1,2,1,1,2
8063589,3,7,3,1,5,3,4,0,0,2,2,2,1,1,0,0,0,0,4,3,1,2,2,1,1,2,1,2,2,1,1,2,1,1,1,1,1,1,1,1,1,9,1,1,1,1,0,0,0,0,0,0,0,0,0,2,9,1,3,0,0,0,0,1,0,2,1,2,2
4624129,3,13,5,7,9,9,7,0,2,2,1,1,1,1,0,0,1,1,8,4,1,1,2,1,2,2,1,1,2,1,2,2,1,1,1,1,2,1,1,1,1,9,1,1,1,1,0,0,0,0,0,0,0,0,0,2,9,1,4,1,0,1,0,1,1,1,1,1,2
8180869,3,8,1,1,5,1,2,0,0,1,1,1,1,1,0,0,0,0,6,4,1,2,2,1,2,2,2,2,2,1,2,2,2,1,1,1,2,1,1,1,1,9,1,1,1,2,0,0,0,0,0,0,0,0,0,2,9,1,1,1,0,0,0,1,0,1,1,2,2
4082833,3,5,1,2,5,0,4,0,0,2,1,1,1,1,1,1,0,0,4,4,1,2,2,1,2,2,1,2,2,1,2,2,1,1,1,1,2,1,1,1,1,9,1,1,1,3,0,0,0,0,0,0,0,0,0,2,9,2,2,1,0,0,0,1,0,1,1,2,2
4068427,3,3,1,1,2,1,2,0,0,2,1,1,1,1,0,0,1,1,3,2,1,2,2,1,2,2,2,2,2,1,2,2,2,1,1,1,2,1,1,1,2,1,1,1,1,1,0,0,0,0,0,0,0,0,0,2,9,1,2,1,0,1,0,1,0,0,1,2,2
3591677,3,8,6,5,13,7,9,4,0,1,2,2,6,6,0,0,0,0,6,18,1,2,2,1,1,2,1,2,2,1,1,2,1,1,1,1,2,1,1,1,1,9,1,1,1,1,0,0,0,0,0,0,0,0,0,1,1,1,0,10,0,1,1,1,1,1,1,2,2
1086210,3,11,2,7,5,2,2,0,0,2,1,1,2,2,1,1,2,0,6,6,1,2,2,1,2,2,1,2,2,1,2,2,1,1,1,1,2,1,1,1,2,2,1,1,2,1,0,0,0,0,0,0,0,0,0,2,9,1,2,1,0,0,0,1,0,1,1,2,1
4058628,3,5,2,1,5,0,3,0,0,2,1,1,1,1,0,0,0,0,2,2,1,1,2,2,2,2,2,1,2,2,2,2,2,1,1,1,2,1,1,1,1,9,1,1,1,1,0,0,0,0,0,0,0,0,0,2,9,2,2,1,0,0,0,1,0,0,1,2,2
1743821,3,4,1,5,5,7,5,0,0,1,2,2,2,2,0,0,0,0,1,1,1,2,2,1,1,2,1,2,2,1,1,2,1,1,1,1,2,1,1,1,1,9,1,1,1,1,0,0,0,0,0,0,0,0,0,1,1,0,0,10,0,11,1,0,1,1,1,1,2
3242703,3,1,1,1,5,0,2,0,0,2,1,1,1,1,0,0,0,0,3,3,1,2,2,1,2,2,2,2,2,1,2,2,2,1,1,1,2,1,2,1,1,9,1,1,1,3,0,0,0,0,0,0,0,0,0,2,9,0,1,0,0,0,0,0,0,1,2,2,2
9713415,3,4,4,7,6,0,2,2,0,2,1,1,1,1,0,0,0,0,0,5,1,2,2,1,2,2,2,2,2,1,2,2,2,1,1,1,2,1,1,1,1,9,1,1,1,3,0,0,0,0,0,0,0,0,0,2,9,1,1,1,0,1,0,1,0,0,1,2,2
8584553,3,4,2,2,5,0,1,1,0,2,3,2,2,2,0,0,0,0,2,0,1,2,2,1,2,2,2,2,2,1,2,2,2,1,1,1,2,1,1,1,1,9,1,1,1,3,0,0,0,0,0,0,0,0,0,2,9,1,1,1,0,0,0,0,0,0,1,2,2
6413264,2,10,10,7,18,4,18,0,0,1,2,2,0,0,0,0,0,0,0,0,1,2,2,1,2,2,1,2,2,1,2,2,1,1,1,1,2,1,1,1,1,9,1,1,1,1,1,1,1,1,1,4,4,4,1,1,1,0,0,20,0,0,1,0,2,1,1,1,2
9136749,2,1,1,1,50,7,50,0,0,1,19,18,14,13,7,6,5,4,36,39,1,1,1,1,2,2,1,1,1,1,2,2,1,1,1,1,1,1,1,1,1,9,1,1,1,1,1,1,1,1,1,4,4,4,1,1,9,2,0,25,1450,0,1,0,1,0,1,2,2
9988955,2,3,3,1,17,7,22,0,0,1,8,8,6,6,3,3,2,2,20,20,1,1,2,1,2,2,2,1,2,1,2,2,2,1,1,1,2,1,1,1,1,9,1,1,1,1,0,0,0,0,0,0,0,0,0,1,9,2,0,40,0,3,1,9,9,2,1,1,3
1092499,3,6,1,5,5,0,4,0,0,2,1,1,2,2,0,0,0,0,0,1,1,2,2,1,2,2,2,2,2,1,2,2,2,1,1,1,2,1,1,1,2,1,1,1,1,2,0,0,0,0,0,0,0,0,0,1,1,4,2,10,0,0,0,0,1,1,1,2,2
4503688,2,3,2,5,5,2,0,2,0,1,0,0,1,1,0,0,0,0,0,3,1,2,2,1,2,2,1,2,2,1,2,2,1,1,1,1,2,1,1,1,1,9,1,1,1,1,0,0,0,0,0,0,0,0,0,2,9,1,2,1,0,1,0,1,0,1,1,1,2
5558266,3,8,4,1,6,0,6,2,0,2,4,4,8,8,0,0,1,1,1,1,1,2,2,1,2,2,2,2,2,1,2,2,2,1,1,1,2,1,2,2,2,1,1,1,1,3,0,0,0,0,0,0,0,0,0,2,9,1,7,0,0,0,0,1,1,0,1,2,2
3068402,3,5,5,5,5,6,5,0,0,1,2,2,3,3,0,0,0,0,0,0,1,2,2,1,2,2,1,2,2,1,2,2,1,1,1,1,2,1,1,1,1,9,1,1,1,1,0,0,0,0,0,0,0,0,0,1,1,0,0,10,0,0,1,0,1,1,1,1,2
2063306,2,1,1,2,16,5,16,0,0,1,7,7,5,5,2,1,2,1,7,15,1,1,2,1,1,2,1,1,2,1,1,2,1,1,1,1,2,1,1,1,1,9,1,1,1,1,1,1,1,1,1,1,1,1,1,1,9,1,0,15,1350,2,0,0,1,1,1,1,3
4246238,3,2,2,1,5,4,5,0,0,1,1,1,1,1,0,0,0,0,2,3,1,2,2,1,1,2,1,2,2,1,1,2,1,1,1,1,2,1,1,1,1,9,1,1,1,1,0,0,0,0,0,0,0,0,0,2,9,1,2,1,0,0,0,1,0,0,1,2,2
1645218,3,5,1,1,5,0,2,0,0,2,1,1,2,2,1,0,0,0,1,11,1,2,2,1,2,2,2,2,2,1,2,2,2,1,1,1,2,1,1,1,1,9,1,1,1,1,0,0,0,0,0,0,0,0,0,2,9,2,2,0,0,0,0,1,0,1,1,2,2
4187084,3,5,2,1,4,0,4,0,0,2,2,2,2,2,0,0,1,1,6,6,1,2,2,1,2,2,2,2,2,1,2,2,2,1,1,1,2,1,1,1,2,1,1,1,2,3,0,0,0,0,0,0,0,0,0,2,9,1,1,2,0,2,1,1,1,1,1,2,2
7823312,3,11,11,7,10,7,9,0,1,1,2,0,2,2,1,1,1,1,3,6,2,2,2,1,2,2,1,2,2,1,2,2,1,1,1,1,2,1,1,1,1,9,1,1,1,1,0,0,0,0,0,0,0,0,0,1,1,0,0,10,1202,13,1,0,1,1,1,1,2
4540866,3,1,1,1,5,0,5,0,0,2,2,2,2,2,0,0,0,0,5,5,1,2,2,1,2,2,2,2,2,1,2,2,2,1,1,1,2,1,1,1,1,9,1,1,1,2,0,0,0,0,0,0,0,0,0,1,1,1,1,3,0,0,0,0,0,1,2,2,2
9693836,3,2,2,5,6,7,5,0,0,1,4,4,6,6,1,1,1,1,1,1,1,1,2,1,1,2,2,2,2,1,1,2,2,1,1,1,2,1,1,1,1,9,1,1,1,1,0,0,0,0,0,0,0,0,0,1,1,0,0,13,0,0,1,0,1,1,1,2,2
7755372,3,1,1,5,5,2,2,0,0,2,1,1,1,1,1,1,0,0,1,3,1,1,2,1,2,2,2,2,2,1,2,2,2,1,1,1,2,1,1,1,1,9,1,2,9,1,0,0,0,0,0,0,0,0,0,2,9,1,1,1,0,0,0,1,0,1,1,2,2
8148833,3,3,0,5,5,0,2,0,0,2,1,1,1,1,0,0,0,0,6,5,1,2,2,1,2,2,1,2,2,1,2,2,1,1,1,1,2,1,1,1,2,1,1,1,1,1,0,0,0,0,0,0,0,0,0,2,9,1,1,1,0,0,0,1,0,0,1,2,2
2058491,1,2,2,1,9,2,7,0,0,1,3,3,2,2,2,2,2,2,6,6,1,2,2,1,1,2,1,2,2,1,1,2,1,1,1,1,2,1,1,1,1,9,1,1,1,1,0,0,0,0,0,0,0,0,0,2,9,0,0,0,0,0,1,0,1,0,1,2,2
8887585,3,4,1,1,5,2,1,1,0,1,2,2,1,1,0,0,0,0,2,3,1,2,2,1,2,2,2,2,2,1,2,2,2,1,1,1,2,1,1,1,1,9,1,1,1,3,0,0,0,0,0,0,0,0,0,2,9,1,1,0,0,0,0,0,0,0,1,2,2
2082044,3,4,1,1,5,0,2,0,0,2,0,0,1,1,1,1,0,0,0,3,1,2,2,1,2,2,2,2,2,1,2,2,2,1,1,1,2,1,1,1,1,9,1,1,2,2,0,0,0,0,0,0,0,0,0,2,9,2,1,1,0,0,1,1,0,1,1,2,2
6516162,3,1,1,1,2,1,2,0,0,2,1,1,2,2,0,0,0,0,3,2,1,2,2,1,2,2,2,2,2,1,2,2,2,1,1,1,2,1,1,1,1,9,1,1,1,3,0,0,0,0,0,0,0,0,0,2,9,1,2,1,0,1,1,1,0,1,1,2,2
5607925,3,2,2,1,5,1,4,0,0,2,1,1,0,0,0,0,0,0,1,1,1,1,2,1,2,2,2,1,2,1,2,2,2,1,1,1,2,1,1,1,2,1,1,2,9,1,0,0,0,0,0,0,0,0,0,2,9,0,2,1,0,0,0,1,0,0,2,2,2
1934540,3,2,1,1,5,1,3,2,0,2,1,1,1,1,0,0,0,0,1,3,1,2,2,1,1,2,1,2,2,1,1,2,1,1,1,1,2,1,1,1,1,9,1,1,1,1,0,0,0,0,0,0,0,0,0,2,9,0,1,1,0,0,0,0,0,0,2,2,2
7428093,3,2,1,5,3,2,1,0,0,1,1,1,1,1,0,0,0,0,2,3,1,2,2,1,2,2,2,2,2,1,2,2,2,1,1,1,3,1,1,1,2,2,1,1,1,1,0,0,0,0,0,0,0,0,0,2,9,2,2,1,0,0,0,1,0,0,1,2,3
4686978,1,1,1,1,0,8,16,0,0,1,19,19,18,18,2,2,2,2,22,8,1,1,2,1,2,2,2,1,2,1,2,2,2,1,1,1,2,1,2,2,1,9,1,1,1,1,0,0,0,0,0,0,0,0,0,1,9,0,0,40,0,0,1,8,8,3,1,1,1
4195723,3,7,3,3,5,3,5,0,0,1,2,2,2,2,1,1,0,0,6,6,1,1,2,1,1,2,1,1,2,1,1,2,1,1,1,1,2,1,2,1,1,9,1,1,1,1,0,0,0,0,0,0,0,0,0,1,1,4,0,10,0,0,1,0,1,1,1,1,2
8464243,3,6,2,7,5,0,2,0,2,2,1,1,0,0,0,0,0,0,1,0,1,2,2,1,2,2,2,2,2,1,2,2,2,1,1,1,2,1,1,1,1,9,1,1,1,1,0,0,0,0,0,0,0,0,0,2,9,1,1,1,0,0,1,1,0,1,1,1,2
4218520,3,10,10,1,20,8,16,4,0,1,2,2,0,0,1,0,0,0,3,0,1,2,1,1,2,2,2,2,1,1,2,2,2,1,1,1,2,1,2,2,1,9,1,1,1,1,2,2,4,4,4,4,4,4,1,1,1,0,0,20,0,1,1,0,1,1,1,1,3
6332002,3,1,1,1,5,2,2,0,0,2,1,1,1,1,0,0,0,0,5,5,1,2,2,1,2,2,1,2,2,1,2,2,1,1,1,1,2,1,1,1,1,9,1,1,1,1,0,0,0,0,0,0,0,0,0,2,9,1,0,0,0,0,0,1,0,1,2,2,2
3029750,1,1,1,3,17,36,17,0,0,1,8,8,6,6,3,2,2,1,8,12,1,2,2,1,1,2,1,2,2,1,1,2,1,1,1,1,2,1,1,1,1,9,1,1,1,1,0,0,0,0,0,0,0,0,0,1,9,5,10,27,0,10,1,11,10,4,1,1,2
6476087,3,5,2,5,5,0,2,0,2,2,1,1,1,1,1,1,1,0,3,6,1,2,2,1,2,2,2,2,2,1,2,2,2,1,1,1,2,1,1,1,2,2,1,1,1,1,0,0,0,0,0,0,0,0,0,2,9,1,3,1,0,0,1,1,0,1,1,2,2
3961710,3,5,1,5,5,0,1,0,2,2,0,0,1,1,0,0,0,0,0,3,1,2,2,1,2,2,2,2,2,1,2,2,2,1,1,1,2,1,1,1,2,1,1,1,1,1,0,0,0,0,0,0,0,0,0,2,9,1,2,1,0,0,0,1,0,0,1,2,3
2880816,3,13,5,7,14,5,14,0,0,1,2,2,0,0,0,0,0,0,4,0,1,1,1,1,2,2,1,1,1,1,2,2,1,1,1,1,2,1,1,1,1,9,1,1,2,1,0,0,0,0,0,0,0,0,0,1,1,0,0,10,0,0,1,0,1,1,1,1,2
6660417,3,4,1,1,5,0,2,0,0,2,1,0,1,1,0,0,0,0,0,1,1,2,2,1,2,2,1,2,2,1,2,2,1,1,1,1,2,1,1,1,1,9,1,1,1,2,0,0,0,0,0,0,0,0,0,2,9,1,2,1,0,0,0,1,0,1,1,2,2
7377253,2,1,5,1,47,15,36,0,0,1,29,29,32,32,2,2,2,2,25,0,1,1,2,1,2,2,2,1,2,1,2,2,2,1,1,1,1,1,1,1,1,9,1,1,1,1,1,1,1,2,4,4,4,4,1,1,9,23,0,107,0,36,1,0,1,3,1,1,1
3736181,3,3,2,5,6,0,6,0,0,2,1,1,2,2,0,0,0,0,4,2,1,1,2,1,2,2,2,1,2,1,2,2,2,1,1,1,2,1,1,1,1,9,1,1,1,1,0,0,0,0,0,0,0,0,0,1,2,5,2,1,0,0,0,0,0,2,1,2,2
4495041,3,6,3,1,7,1,3,2,0,1,1,0,1,1,0,0,0,0,5,5,1,1,2,2,2,2,2,1,2,2,2,2,2,1,1,1,2,1,2,1,1,9,1,1,1,1,0,0,0,0,0,0,0,0,0,1,1,2,2,13,0,0,0,0,1,1,1,2,2
3318845,2,1,3,1,19,6,19,0,0,1,6,6,4,4,1,1,1,1,22,11,1,2,1,1,2,2,1,2,1,1,2,2,1,1,1,1,2,1,1,1,1,9,1,1,1,1,0,0,0,0,0,0,0,0,0,1,9,1,2,8,0,1,5,0,2,3,1,1,2
4906711,2,3,3,7,8,8,8,0,0,1,3,3,3,3,1,0,1,0,6,6,1,2,2,1,2,2,1,2,2,1,2,2,1,1,1,1,2,1,1,1,1,9,1,1,1,1,0,0,0,0,0,0,0,0,0,1,1,1,2,11,0,0,0,0,2,1,1,1,2
4620515,3,9,9,1,22,20,13,0,0,1,4,4,2,2,0,0,1,1,2,1,1,1,2,1,2,2,2,1,2,1,2,2,2,1,1,1,2,1,1,1,1,9,1,1,1,1,1,1,1,1,1,4,4,4,1,1,1,1,0,23,0,20,1,2,2,2,1,1,2
9069569,3,3,3,1,6,1,5,0,0,2,2,2,2,2,1,1,0,0,6,7,1,2,2,1,1,2,2,2,2,1,1,2,2,1,1,1,2,1,1,1,2,2,1,1,1,1,0,0,0,0,0,0,0,0,0,1,1,4,2,13,0,0,1,0,2,3,1,2,2
5356136,3,4,1,5,5,0,1,0,2,2,1,1,1,1,0,0,0,0,3,3,1,2,2,1,2,2,1,2,2,1,2,2,1,1,1,1,2,1,1,1,1,9,1,1,1,1,0,0,0,0,0,0,0,0,0,2,9,1,2,1,0,0,0,1,0,1,1,2,2
7210326,3,7,4,1,8,1,8,0,0,2,3,3,3,3,1,1,0,0,5,4,1,2,2,1,2,2,1,2,2,1,2,2,1,1,1,1,2,1,1,1,2,1,1,1,1,2,0,0,0,0,0,0,0,0,0,1,1,3,3,13,0,0,1,0,1,1,1,2,2
9928084,2,1,1,3,24,5,22,0,0,1,10,10,10,10,5,5,5,5,25,20,1,2,2,1,1,2,1,2,2,1,1,2,1,1,1,1,2,1,2,1,1,9,1,1,1,1,0,0,0,0,0,0,0,0,0,1,9,1,1,5,0,5,1,1,2,2,1,1,3
6007541,3,4,3,7,5,0,5,0,0,2,2,2,2,2,0,0,0,0,6,6,1,2,2,1,2,2,1,2,2,1,2,2,1,1,1,1,2,1,1,1,2,1,1,1,1,1,0,0,0,0,0,0,0,0,0,2,9,1,1,1,0,0,0,1,0,1,1,2,2
8011657,3,1,1,7,8,1,3,0,0,1,1,1,1,1,0,0,0,0,2,2,1,1,2,1,2,2,1,1,2,1,2,2,1,1,1,1,2,1,1,1,1,9,1,1,1,1,0,0,0,0,0,0,0,0,0,1,1,4,1,1,0,0,1,0,1,1,1,1,2
3758239,3,1,2,7,1,0,3,0,0,2,1,1,1,1,0,0,0,0,4,4,1,2,2,1,2,2,2,2,2,1,2,2,2,1,1,1,2,1,1,1,2,1,1,1,1,3,0,0,0,0,0,0,0,0,0,2,9,1,2,3,0,0,0,1,0,1,1,2,2
5076640,2,2,1,2,5,1,5,0,0,2,1,1,1,1,0,0,0,0,1,1,1,2,2,1,2,2,1,2,2,1,2,2,1,1,1,1,2,1,1,1,2,1,1,1,1,1,0,0,0,0,0,0,0,0,0,2,9,2,2,1,0,0,0,1,0,0,1,2,2
4929283,3,2,2,1,5,12,5,0,0,1,4,4,6,6,1,1,1,1,6,2,1,1,2,2,1,2,2,1,2,2,1,2,2,1,1,1,2,1,1,1,1,9,1,1,1,1,0,0,0,0,0,0,0,0,0,1,1,1,1,14,0,1,1,0,1,1,1,2,2
4493456,3,3,1,1,5,0,2,0,0,2,1,1,0,0,0,0,0,0,1,1,1,2,2,1,1,2,2,2,2,1,1,2,2,1,1,1,2,1,2,2,1,9,1,2,9,1,0,0,0,0,0,0,0,0,0,2,9,1,2,2,0,0,0,1,0,1,1,2,2
4625493,3,9,3,2,6,2,3,0,0,1,1,1,2,1,0,0,0,0,14,9,1,1,2,2,2,2,2,1,2,2,2,2,2,1,1,1,2,1,1,1,1,9,1,1,1,1,0,0,0,0,0,0,0,0,0,2,9,1,3,3,0,0,0,1,1,0,1,2,2
7902671,3,5,1,1,5,0,2,0,0,2,2,2,2,2,0,0,0,0,3,3,1,2,2,1,2,2,2,2,2,1,2,2,2,1,1,1,2,1,1,1,1,9,1,1,1,2,0,0,0,0,0,0,0,0,0,2,9,1,2,1,0,0,0,1,0,0,1,2,2
9611973,3,7,4,7,5,4,4,0,0,1,2,2,2,2,0,0,0,0,2,16,1,2,2,1,2,2,1,2,2,1,2,2,1,1,1,1,2,1,1,1,1,9,1,1,2,2,0,0,0,0,0,0,0,0,0,2,9,1,2,1,0,0,1,1,0,0,1,2,2
8036084,3,5,5,1,10,2,10,0,0,1,2,2,2,2,1,1,2,2,6,2,1,2,2,1,2,2,2,2,2,1,2,2,2,1,1,1,2,1,1,1,1,9,1,1,1,2,0,0,0,0,0,0,0,0,0,1,1,1,3,14,0,10,0,1,1,1,1,1,2
7528180,3,12,9,7,31,5,31,4,0,1,16,16,8,8,0,0,1,1,72,36,1,2,2,1,1,2,2,2,2,1,1,2,2,1,1,1,3,1,1,1,1,9,1,1,1,2,4,4,4,4,2,4,4,4,1,1,1,3,0,33,0,0,1,1,3,2,1,2,2
3067709,3,6,3,2,5,0,4,0,0,2,0,0,2,2,0,0,0,0,0,6,1,2,2,1,2,2,2,2,2,1,2,2,2,1,1,1,2,1,1,1,2,1,1,1,1,1,0,0,0,0,0,0,0,0,0,2,9,2,1,1,0,0,0,1,0,1,1,1,2
6432620,2,1,1,1,9,8,9,0,0,1,4,4,3,3,1,1,1,1,4,3,1,1,2,2,2,2,2,1,2,2,2,2,2,1,1,1,2,1,1,1,1,9,1,1,1,1,0,0,0,0,0,0,0,0,0,1,9,0,0,18,0,2,2,0,2,0,1,1,2
8467646,1,1,1,1,19,9,19,0,0,1,5,5,5,5,2,1,2,1,10,5,1,2,2,1,2,2,1,2,2,1,2,2,1,1,1,1,2,1,1,1,1,9,1,1,1,1,1,1,1,1,1,4,4,4,1,1,9,1,0,45,1500,2,1,0,4,4,1,1,2
8190014,3,7,3,7,5,0,5,2,0,2,1,1,1,1,1,1,1,1,7,5,1,1,2,2,2,2,2,1,2,2,2,2,2,1,1,1,2,1,2,2,1,9,1,1,1,1,0,0,0,0,0,0,0,0,0,1,1,6,3,13,0,0,0,0,1,2,1,1,2
2782905,2,4,2,1,7,3,3,0,0,1,0,0,1,1,0,0,0,0,0,3,1,1,2,1,1,2,1,1,2,1,1,2,1,1,1,1,2,1,2,1,1,9,1,1,1,1,0,0,0,0,0,0,0,0,0,2,9,1,2,1,0,0,1,1,1,1,1,2,2
9646649,3,7,3,7,6,1,3,0,2,2,4,4,4,4,1,1,0,0,2,6,1,2,2,1,1,2,2,2,2,1,1,2,2,1,1,1,2,1,1,1,2,1,1,1,1,2,0,0,0,0,0,0,0,0,0,1,1,4,4,13,0,0,1,0,2,2,1,2,2
1212648,3,4,1,1,5,1,0,2,0,2,1,1,1,1,0,0,0,0,0,6,1,1,2,1,2,2,1,1,2,1,2,2,1,1,1,1,2,1,1,1,1,9,1,1,1,1,0,0,0,0,0,0,0,0,0,2,9,1,1,2,0,0,1,1,1,1,1,1,2
8993327,3,4,2,7,5,0,2,0,0,2,0,0,1,1,1,1,0,0,0,6,1,1,2,1,2,2,2,1,2,1,2,2,2,1,1,1,2,1,1,1,1,9,1,1,1,2,0,0,0,0,0,0,0,0,0,2,9,2,2,1,0,0,1,1,2,1,1,2,2
3183356,1,4,4,1,32,7,32,0,0,1,0,0,68,62,0,0,4,4,0,97,1,2,2,1,1,2,1,2,2,1,1,2,1,1,1,1,1,1,1,1,1,9,1,1,1,1,1,1,1,1,1,4,4,4,2,1,2,2,0,50,0,1,2,0,1,1,1,1,2
4292118,3,4,4,2,7,2,2,5,0,1,1,1,1,1,0,0,0,0,1,3,1,1,2,1,2,2,1,1,2,1,2,2,1,1,1,1,2,1,1,1,1,9,1,1,1,1,0,0,0,0,0,0,0,0,0,2,9,0,0,1,0,0,0,1,0,0,1,2,2
1822262,3,4,3,2,6,0,3,3,0,2,2,0,7,6,1,1,1,1,2,6,1,2,2,2,1,2,2,2,2,2,1,2,2,1,1,1,2,1,1,1,1,9,1,1,1,1,0,0,0,0,0,0,0,0,0,2,9,1,3,2,0,2,1,1,1,1,1,2,2
6449855,3,3,0,5,2,0,2,0,0,2,0,0,1,1,0,0,0,0,0,4,1,2,2,1,2,2,2,2,2,1,2,2,2,1,1,1,2,1,1,1,1,9,1,2,9,1,0,0,0,0,0,0,0,0,0,2,9,1,1,1,0,0,0,1,0,1,1,2,2
1842981,3,1,0,7,2,0,0,0,2,2,1,1,1,1,0,0,0,0,3,3,1,2,2,1,2,2,1,2,2,1,2,2,1,1,1,1,2,1,1,1,1,9,1,1,1,1,0,0,0,0,0,0,0,0,0,2,9,1,1,1,0,0,1,1,0,0,1,2,2
2689761,3,3,1,1,5,0,2,0,0,2,0,0,1,1,0,0,0,0,0,1,1,2,2,1,2,2,2,2,2,1,2,2,2,1,1,1,2,1,1,1,2,2,1,1,1,1,0,0,0,0,0,0,0,0,0,2,9,1,2,1,0,0,0,1,0,0,1,2,2
1167158,3,8,3,7,6,2,6,0,0,1,4,4,4,4,0,0,0,0,3,3,1,2,2,1,2,2,1,2,2,1,2,2,1,1,1,1,2,1,1,1,1,9,1,1,1,2,0,0,0,0,0,0,0,0,0,1,1,6,1,11,0,0,0,0,2,2,1,2,2
3612022,3,6,1,7,5,0,2,0,0,2,1,1,1,1,0,0,0,0,0,5,1,2,2,1,2,2,2,2,2,1,2,2,2,1,1,1,1,1,2,1,2,2,1,1,1,1,0,0,0,0,0,0,0,0,0,2,9,2,2,1,0,0,1,1,0,1,1,2,3
8248876,3,1,2,1,2,2,2,0,0,2,1,1,1,1,0,0,0,0,3,3,1,2,2,1,2,2,1,2,2,1,2,2,1,1,1,1,2,1,1,1,2,1,1,1,1,1,0,0,0,0,0,0,0,0,0,2,9,1,1,0,0,0,0,1,0,0,1,2,2
6171266,3,3,3,1,42,1,15,0,0,1,6,6,6,6,1,1,1,1,10,10,1,2,2,1,2,2,2,2,2,1,2,2,2,1,1,1,2,1,2,1,1,9,1,1,1,2,0,0,0,0,0,0,0,0,0,2,9,2,12,12,0,11,2,6,2,3,1,2,2
9761144,3,4,3,1,6,5,3,0,0,1,0,0,14,13,0,0,5,5,0,4,1,2,2,1,2,2,2,2,2,1,2,2,2,1,1,1,1,1,1,1,1,9,1,1,1,1,0,0,0,0,0,0,0,0,0,1,1,3,0,21,0,10,0,0,4,3,1,1,2
7404318,2,15,22,1,15,10,14,0,0,1,8,8,22,22,1,1,1,1,20,3,1,2,2,2,2,2,1,2,2,2,2,2,1,1,1,1,2,1,2,2,1,9,1,1,1,1,1,1,1,1,1,4,4,4,1,1,9,40,10,8,0,1,1,0,15,5,1,1,2
7123383,1,5,1,1,27,6,27,0,0,1,12,12,12,12,3,3,3,3,40,40,1,1,1,1,2,2,1,1,1,1,2,2,1,1,1,1,2,1,1,1,1,9,1,1,1,1,0,0,0,0,0,0,0,0,0,1,9,3,0,20,1300,0,1,10,2,3,1,1,2
3056556,3,5,1,2,4,0,1,1,0,2,1,0,0,0,0,0,0,0,0,0,1,2,2,1,2,2,1,2,2,1,2,2,1,1,1,1,2,1,1,1,1,9,1,1,1,3,0,0,0,0,0,0,0,0,0,2,9,1,1,0,0,1,0,1,0,0,2,2,2
7124805,3,7,7,1,11,0,7,0,0,2,1,1,1,1,0,0,0,0,3,3,1,2,1,1,2,2,2,2,1,1,2,2,2,1,1,1,2,1,1,1,2,2,1,1,1,1,0,0,0,0,0,0,0,0,0,2,9,5,2,3,0,0,0,1,0,2,1,2,3
3448449,3,3,1,1,5,0,2,0,0,2,1,1,1,1,0,0,0,0,2,2,1,2,2,1,2,2,2,2,2,1,2,2,2,1,1,1,2,1,2,1,1,9,1,1,1,3,0,0,0,0,0,0,0,0,0,2,9,1,1,1,0,1,1,1,0,0,1,2,2
5880848,3,4,0,1,5,1,0,0,2,2,1,1,1,1,0,0,0,0,4,3,1,2,2,1,2,2,2,2,2,1,2,2,2,1,1,1,2,1,1,1,1,9,1,1,2,1,0,0,0,0,0,0,0,0,0,2,9,3,3,0,0,0,0,1,0,1,1,2,2
2172647,4,6,4,2,2,0,4,0,0,2,2,2,2,2,0,0,0,0,0,0,1,2,2,1,2,2,1,2,2,1,2,2,1,1,1,1,2,1,1,1,2,1,1,1,1,3,0,0,0,0,0,0,0,0,0,2,9,2,3,1,0,0,1,1,1,1,1,2,3
8466388,3,2,2,1,7,8,0,7,0,1,0,0,12,4,0,0,5,0,0,8,1,1,1,1,2,2,2,1,1,1,2,2,2,1,1,1,1,1,1,1,1,9,1,1,1,1,0,0,0,0,0,0,0,0,0,1,1,0,0,7,0,1,1,0,2,1,1,1,2
2333892,3,3,1,2,5,2,4,0,0,1,1,1,1,1,0,0,0,0,1,1,1,2,2,1,2,2,2,2,2,1,2,2,2,1,1,1,2,1,1,1,2,2,1,2,9,1,0,0,0,0,0,0,0,0,0,1,1,2,1,10,0,0,1,0,1,1,1,2,2
3271524,3,3,2,2,5,1,4,0,0,2,1,1,1,1,0,0,0,0,1,1,1,2,2,1,2,2,2,2,2,1,2,2,2,1,1,1,2,1,1,1,2,2,1,1,1,1,0,0,0,0,0,0,0,0,0,2,9,1,2,1,0,0,0,1,0,0,1,2,3
4153120,3,6,2,7,5,2,4,0,0,2,2,2,2,2,0,0,0,0,6,10,1,2,2,1,2,2,1,2,2,1,2,2,1,1,1,1,2,1,1,1,1,9,1,1,1,1,0,0,0,0,0,0,0,0,0,2,9,2,2,1,0,0,0,1,0,1,1,2,2
5004201,3,6,5,7,5,0,5,0,0,2,7,7,2,2,1,1,0,0,2,4,1,2,2,1,2,2,2,2,2,1,2,2,2,1,1,1,2,1,2,1,1,9,1,1,1,2,0,0,0,0,0,0,0,0,0,2,9,1,3,3,0,0,1,1,0,1,1,2,3
5177104,2,1,1,1,9,2,9,0,0,1,3,3,2,2,1,1,1,1,3,4,1,2,2,1,2,2,1,2,2,1,2,2,1,1,1,1,2,1,1,1,1,9,1,1,1,1,0,0,0,0,0,0,0,0,0,2,9,2,0,2,0,0,0,0,0,0,1,2,2
7942026,3,6,2,1,5,3,3,0,2,2,1,1,1,1,0,0,0,0,1,1,1,1,2,2,2,2,2,1,2,2,2,2,2,1,1,1,2,1,1,1,2,2,1,1,1,2,0,0,0,0,0,0,0,0,0,2,9,2,6,1,0,0,0,1,0,1,1,2,3
4419835,2,1,1,1,38,20,37,1,0,1,10,10,10,10,3,2,3,2,18,14,1,2,2,1,2,2,1,2,2,1,2,2,1,1,1,1,2,1,1,1,1,9,1,1,1,1,0,0,0,0,0,0,0,0,0,1,9,0,6,10,250,0,1,0,1,1,1,1,2
4705297,3,2,3,1,5,0,5,0,0,2,1,1,1,1,0,0,0,0,4,4,1,2,2,1,1,2,2,2,2,1,1,2,2,1,1,1,2,1,1,1,2,1,1,1,1,1,0,0,0,0,0,0,0,0,0,2,9,1,2,3,0,1,1,1,0,1,1,2,2
8941611,3,1,1,1,5,1,5,0,0,1,1,1,1,1,0,0,0,0,2,1,1,2,2,1,1,2,2,2,2,1,1,2,2,1,1,1,2,1,1,1,1,9,1,1,1,3,0,0,0,0,0,0,0,0,0,2,9,1,1,1,0,0,0,1,0,0,1,2,2
2107542,3,3,2,2,2,0,2,0,0,2,0,0,0,0,0,0,1,1,0,0,1,2,2,1,2,2,2,2,2,1,2,2,2,1,1,1,2,1,1,1,1,9,1,1,1,3,0,0,0,0,0,0,0,0,0,2,9,1,1,1,0,0,0,1,0,0,1,2,3
8684730,3,5,7,1,5,1,7,0,0,2,1,1,1,1,0,0,1,1,10,5,1,2,2,1,2,2,1,2,2,1,2,2,1,1,1,1,2,1,1,1,1,9,1,1,1,2,0,0,0,0,0,0,0,0,0,1,1,1,4,13,0,0,0,0,1,2,1,2,2
4718139,3,1,1,1,5,2,5,0,0,2,1,1,1,1,0,0,0,0,4,11,1,2,2,1,2,2,2,2,2,1,2,2,2,1,1,1,2,1,1,1,1,9,1,1,1,1,0,0,0,0,0,0,0,0,0,2,9,0,1,1,0,0,0,1,0,0,1,2,3
2921314,3,9,1,7,3,0,2,1,1,2,1,0,1,1,0,0,0,0,0,4,1,2,2,1,2,2,1,2,2,1,2,2,1,1,1,1,2,1,1,1,1,9,1,1,1,3,0,0,0,0,0,0,0,0,0,2,9,1,1,1,0,0,0,1,0,0,1,2,2
7076836,3,3,2,1,5,2,2,0,0,1,1,1,1,1,0,0,0,0,1,6,1,2,2,1,2,2,1,2,2,1,2,2,1,1,1,1,2,1,1,1,1,9,1,1,1,1,0,0,0,0,0,0,0,0,0,2,9,1,2,1,0,0,0,1,0,0,1,2,2
6838932,3,2,1,2,1,0,1,0,1,2,0,0,1,1,0,0,0,0,0,2,1,2,2,1,2,2,2,2,2,1,2,2,2,1,1,1,2,1,2,1,1,9,1,2,9,1,0,0,0,0,0,0,0,0,0,2,9,1,1,0,0,0,0,0,0,0,2,1,2
9051960,3,6,3,2,5,0,2,3,0,2,4,4,3,3,0,0,0,0,3,3,1,2,2,1,2,2,1,2,2,1,2,2,1,1,1,1,2,1,2,1,2,2,1,1,1,3,0,0,0,0,0,0,0,0,0,2,9,1,4,1,0,0,0,1,0,1,1,2,2
1301759,2,2,2,1,30,7,30,0,0,1,19,18,16,15,7,5,6,4,18,45,1,2,2,1,1,2,1,2,2,1,1,2,1,1,1,1,2,1,1,1,1,9,1,1,1,1,1,1,1,1,1,4,4,4,1,1,9,2,40,80,1500,3,1,20,20,1,1,1,2
2468310,3,12,4,1,8,0,5,0,0,2,2,2,2,2,0,0,0,0,4,4,1,2,2,1,2,2,1,2,2,1,2,2,1,1,1,1,2,1,1,1,1,9,1,1,1,1,0,0,0,0,0,0,0,0,0,2,9,1,6,1,0,1,0,1,1,1,1,1,2
3435303,3,6,3,7,4,1,6,0,0,2,1,1,1,1,1,1,0,0,3,3,1,2,2,1,2,2,2,2,2,1,2,2,2,1,1,1,2,1,2,1,2,2,1,1,1,2,0,0,0,0,0,0,0,0,0,1,1,6,2,3,0,0,1,0,1,2,1,2,2
8444047,3,3,3,7,5,3,5,0,0,2,0,0,2,2,0,0,0,0,0,4,1,2,2,1,2,2,2,2,2,1,2,2,2,1,1,1,2,1,1,1,1,9,1,1,1,1,0,0,0,0,0,0,0,0,0,1,1,2,0,1,0,10,1,0,1,2,1,2,2
7006358,3,5,1,7,5,0,2,0,0,2,1,1,1,1,0,0,0,0,6,3,1,2,2,1,1,2,1,2,2,1,1,2,1,1,1,1,2,1,1,1,1,9,1,1,1,3,0,0,0,0,0,0,0,0,0,2,9,1,2,0,0,0,0,0,0,0,2,2,2
2862821,3,5,2,1,6,1,6,0,0,1,0,0,2,2,1,1,0,0,0,3,1,2,2,1,1,2,1,2,2,1,1,2,1,1,1,1,2,1,1,1,1,9,1,1,1,2,0,0,0,0,0,0,0,0,0,2,9,3,3,1,0,0,0,1,1,1,1,2,3
9731954,3,2,1,1,5,0,2,0,0,2,1,1,1,1,0,0,0,0,4,4,1,1,2,1,1,2,2,1,2,1,1,2,2,1,1,1,2,1,1,1,1,9,1,1,1,2,0,0,0,0,0,0,0,0,0,2,9,1,1,1,0,0,1,1,0,0,1,2,2
2914123,3,3,1,1,5,4,4,0,0,1,1,1,1,1,0,0,0,0,1,1,1,1,2,1,2,2,2,1,2,1,2,2,2,1,1,1,1,1,1,1,1,9,1,1,1,2,0,0,0,0,0,0,0,0,0,2,9,1,3,1,0,0,0,1,0,0,1,2,2
2880089,3,4,2,1,5,0,4,0,0,2,1,1,1,1,0,0,0,0,1,1,1,2,2,1,2,2,1,2,2,1,2,2,1,1,1,1,2,1,1,1,1,9,1,1,1,1,0,0,0,0,0,0,0,0,0,2,9,1,2,1,0,0,0,1,0,0,1,1,2
2313446,3,8,3,1,5,0,4,0,0,2,1,1,1,1,1,1,0,0,1,2,1,1,2,2,2,2,1,1,2,2,2,2,1,1,1,1,2,1,1,1,1,9,1,1,1,1,0,0,0,0,0,0,0,0,0,2,9,1,3,1,0,2,0,1,0,1,1,2,2
4366006,3,3,1,1,4,3,0,3,0,2,1,1,2,2,0,0,0,0,3,6,1,2,2,1,2,2,2,2,2,1,2,2,2,1,1,1,2,1,2,1,1,9,1,1,1,2,0,0,0,0,0,0,0,0,0,2,9,4,2,2,0,0,1,1,1,1,1,2,2
2387135,3,10,2,1,7,1,0,2,5,1,3,3,4,4,0,0,0,0,19,18,1,1,2,1,2,2,2,1,2,1,2,2,2,1,1,1,2,1,1,1,2,1,1,1,1,2,0,0,0,0,0,0,0,0,0,1,1,1,2,10,0,0,0,0,1,2,1,2,2
2990273,3,10,4,1,8,1,9,0,0,2,1,1,1,1,1,1,1,1,5,5,1,1,2,1,1,2,2,1,2,1,1,2,2,1,1,1,2,1,1,1,1,9,1,1,1,2,0,0,0,0,0,0,0,0,0,2,9,2,7,1,0,2,1,2,0,1,1,2,2
6982445,1,2,2,1,14,6,13,0,0,1,4,4,7,7,0,0,0,0,15,5,1,1,1,1,2,2,2,1,1,1,2,2,2,1,1,1,2,1,2,2,1,9,1,2,9,1,0,0,0,0,0,0,0,0,0,1,9,0,0,13,0,0,0,1,1,1,1,2,3
6307345,1,1,1,1,13,8,28,0,0,1,2,2,2,2,2,2,2,2,30,30,1,1,2,1,2,2,1,1,2,1,2,2,1,1,1,1,2,1,2,1,1,9,1,1,1,1,0,0,0,0,0,0,0,0,0,1,9,2,2,5,500,1,1,1,1,1,1,2,3
5380162,3,8,6,2,15,5,4,1,5,1,1,1,1,1,1,1,1,1,1,1,1,2,2,1,2,2,1,2,2,1,2,2,1,1,1,1,2,1,1,1,1,9,1,1,1,2,0,0,0,0,0,0,0,0,0,1,1,2,0,10,0,11,1,1,1,1,1,2,3
9547157,3,6,1,7,5,0,1,1,0,2,2,2,2,2,0,0,0,0,3,3,1,2,2,1,2,2,2,2,2,1,2,2,2,1,1,1,2,1,1,1,1,9,1,1,1,1,0,0,0,0,0,0,0,0,0,2,9,1,2,1,0,0,0,1,0,1,1,2,2
7569619,3,6,4,1,7,0,4,0,1,2,1,1,1,1,1,1,0,0,2,6,1,2,2,1,2,2,2,2,2,1,2,2,2,1,1,1,2,1,1,1,1,9,1,1,1,2,0,0,0,0,0,0,0,0,0,2,9,2,3,1,0,0,0,1,0,0,1,1,3
8824502,3,1,1,1,5,0,1,1,0,2,1,1,1,1,0,0,0,0,3,6,1,1,2,2,2,2,2,1,2,2,2,2,2,1,1,1,2,1,2,2,1,9,1,1,1,3,0,0,0,0,0,0,0,0,0,2,9,1,2,1,0,1,1,1,0,1,1,1,2
9278260,3,5,2,7,7,1,5,0,0,1,1,1,1,1,0,0,0,0,3,2,1,2,2,1,2,2,2,2,2,1,2,2,2,1,1,1,2,1,1,1,1,9,1,1,1,1,0,0,0,0,0,0,0,0,0,1,1,4,2,13,0,0,0,0,1,2,1,2,3
4786009,3,1,2,1,5,0,2,1,0,2,1,1,0,0,0,0,0,0,3,3,1,2,2,1,2,2,2,2,2,1,2,2,2,1,1,1,2,1,1,1,1,9,1,1,1,3,0,0,0,0,0,0,0,0,0,2,9,1,1,1,0,1,1,1,0,0,2,2,2
6976509,3,4,1,1,5,2,2,0,0,1,1,1,1,1,0,0,0,0,3,3,1,2,2,1,2,2,2,2,2,1,2,2,2,1,1,1,2,1,1,1,1,9,1,1,1,1,0,0,0,0,0,0,0,0,0,2,9,1,2,1,0,0,0,1,0,0,1,2,3
5775968,3,4,3,7,10,1,4,0,2,1,2,2,3,3,0,0,1,0,4,6,1,1,2,1,2,2,1,1,2,1,2,2,1,1,1,1,2,1,1,1,1,9,1,1,1,2,0,0,0,0,0,0,0,0,0,1,1,3,1,10,0,0,0,0,1,1,1,2,2
1363097,3,10,5,1,8,0,5,2,0,2,1,1,4,4,0,0,0,0,6,6,1,2,2,1,2,2,1,2,2,1,2,2,1,1,1,1,2,1,1,2,1,9,1,1,1,2,0,0,0,0,0,0,0,0,0,1,1,5,4,12,0,0,0,0,1,2,1,2,1
2033268,2,2,2,1,5,0,5,0,0,2,1,1,1,1,0,0,0,0,1,1,1,2,2,1,2,2,1,2,2,1,2,2,1,1,1,1,2,1,1,1,1,9,1,1,1,3,0,0,0,0,0,0,0,0,0,2,9,1,1,1,0,0,0,1,0,1,1,2,2
6314896,3,3,3,1,4,1,4,0,0,2,0,0,1,0,0,0,0,0,0,3,1,1,2,1,2,2,1,1,2,1,2,2,1,1,1,1,2,1,1,1,1,9,1,1,1,1,0,0,0,0,0,0,0,0,0,2,9,1,1,1,0,0,0,1,0,0,1,2,2
7164591,2,2,2,1,11,2,11,0,0,1,4,4,5,5,2,2,2,2,12,15,1,2,2,1,2,2,1,2,2,1,2,2,1,1,1,1,2,1,1,1,1,9,1,1,1,1,0,0,0,0,0,0,0,0,0,2,9,0,0,2,0,0,0,0,0,0,1,2,2
3587134,3,5,1,7,4,0,2,0,0,2,0,0,2,2,1,1,1,1,0,3,1,2,2,1,2,2,2,2,2,1,2,2,2,1,1,1,2,1,1,1,2,1,1,1,1,2,0,0,0,0,0,0,0,0,0,2,9,1,3,1,0,0,0,1,0,1,1,1,3
7820066,3,4,1,1,5,1,1,0,0,1,1,1,1,1,1,1,1,1,1,1,1,2,2,1,2,2,2,2,2,1,2,2,2,1,1,1,2,1,2,1,2,2,1,1,1,1,0,0,0,0,0,0,0,0,0,2,9,1,2,1,0,0,0,1,0,0,1,1,2
2177868,3,3,2,2,5,0,1,2,0,2,1,1,1,1,0,0,0,0,3,3,1,2,2,1,2,2,2,2,2,1,2,2,2,1,1,1,2,1,1,1,1,9,1,1,1,2,0,0,0,0,0,0,0,0,0,2,9,1,2,1,0,0,0,1,0,0,1,1,2
6085775,3,1,1,1,5,0,2,0,0,2,1,1,1,1,0,0,0,0,1,1,1,1,2,2,2,2,2,1,2,2,2,2,2,1,1,1,2,1,1,1,1,9,1,1,1,1,0,0,0,0,0,0,0,0,0,2,9,1,2,1,0,0,0,1,0,0,1,1,2
2018104,3,5,1,1,5,0,2,0,0,2,1,1,1,1,0,0,0,0,1,1,1,2,2,1,2,2,2,2,2,1,2,2,2,1,1,1,2,1,1,1,1,9,1,1,1,1,0,0,0,0,0,0,0,0,0,2,9,1,1,1,0,0,0,1,0,0,1,1,2
6882168,3,1,1,7,5,6,5,0,0,1,4,4,6,6,1,1,1,1,7,7,1,1,2,1,2,2,2,1,2,1,2,2,2,1,1,1,2,1,1,1,1,9,1,1,1,1,0,0,0,0,0,0,0,0,0,1,1,5,0,10,0,1,1,0,2,1,1,2,2
3601324,3,6,1,5,5,0,2,0,0,2,1,1,1,1,0,0,0,0,2,2,1,2,2,1,2,2,2,2,2,1,2,2,2,1,1,1,2,1,1,1,2,1,1,2,9,2,0,0,0,0,0,0,0,0,0,2,9,1,3,1,0,0,0,1,1,1,1,2,2
7806644,3,4,2,1,5,0,3,0,0,2,1,1,1,1,1,0,0,0,3,3,1,2,2,1,2,2,2,2,2,1,2,2,2,1,1,1,2,1,1,1,1,9,1,1,1,1,0,0,0,0,0,0,0,0,0,2,9,1,2,1,0,0,0,1,0,1,1,2,2
4884081,3,5,2,7,8,1,2,3,0,2,2,2,7,7,1,1,1,1,6,0,1,1,2,1,2,2,2,1,2,1,2,2,2,1,1,1,2,1,1,1,1,9,1,1,2,2,0,0,0,0,0,0,0,0,0,1,1,2,0,13,0,0,0,0,0,1,1,2,2
9191948,3,1,1,1,8,4,4,0,0,1,1,1,2,2,0,0,0,0,1,2,1,2,2,1,2,2,2,2,2,1,2,2,2,1,1,1,2,1,2,1,1,9,1,1,1,1,0,0,0,0,0,0,0,0,0,1,1,0,0,10,0,0,0,0,1,1,1,2,2
4784078,2,1,1,1,5,5,5,0,0,2,2,2,2,2,1,1,1,1,4,6,1,2,2,1,2,2,1,2,2,1,2,2,1,1,1,1,2,1,1,1,1,9,1,1,1,1,0,0,0,0,0,0,0,0,0,2,9,0,0,0,0,0,0,0,0,0,1,2,2
2635758,3,4,4,1,8,1,5,0,0,1,1,1,1,1,0,0,0,0,1,1,1,2,2,1,2,2,2,2,2,1,2,2,2,1,1,1,2,1,1,1,1,9,1,1,1,1,0,0,0,0,0,0,0,0,0,2,9,1,2,1,0,1,1,1,0,1,1,2,2
5658208,3,2,1,5,2,1,1,0,0,2,0,0,1,1,0,0,0,0,0,5,1,2,2,1,2,2,2,2,2,1,2,2,2,1,1,1,2,1,2,1,2,1,1,1,1,1,0,0,0,0,0,0,0,0,0,2,9,1,1,0,0,0,0,0,0,1,2,2,2
3786923,3,1,1,5,5,1,2,0,0,1,1,1,1,1,0,0,0,0,3,3,1,2,2,1,2,2,1,2,2,1,2,2,1,1,1,1,2,1,1,1,1,9,1,1,1,1,0,0,0,0,0,0,0,0,0,2,9,1,1,1,0,0,0,1,0,0,1,2,2
6514462,1,1,1,1,22,11,22,0,0,1,11,10,8,8,4,3,3,2,10,24,1,2,2,1,2,2,1,2,2,1,2,2,1,1,1,1,2,1,1,1,1,9,1,1,1,1,1,1,1,1,1,2,4,4,1,2,9,1,0,12,0,10,2,0,1,3,1,2,2
5408223,3,5,1,2,5,0,2,0,0,2,1,1,1,1,0,0,0,0,3,3,1,2,2,1,2,2,2,2,2,1,2,2,2,1,1,1,2,1,1,1,1,9,1,1,2,3,0,0,0,0,0,0,0,0,0,2,9,1,2,1,0,0,0,1,0,1,1,2,3
1552695,3,5,5,2,7,5,5,0,0,2,1,1,2,2,0,0,0,0,3,3,1,2,2,1,2,2,2,2,2,1,2,2,2,1,1,1,2,1,1,1,1,9,1,1,1,2,0,0,0,0,0,0,0,0,0,1,1,3,1,10,0,0,0,0,1,2,1,2,3
7059715,1,1,1,1,35,8,35,0,0,1,32,29,23,21,13,11,9,7,87,42,1,2,2,1,2,2,1,2,2,1,2,2,1,1,1,1,2,1,1,1,1,9,1,1,1,1,1,1,1,1,1,4,4,4,1,2,9,3,0,20,1000,5,4,0,4,0,1,1,2
8388257,2,1,1,1,6,2,6,0,0,1,2,2,2,2,1,1,1,1,2,2,1,2,2,1,2,2,1,2,2,1,2,2,1,1,1,1,2,1,1,1,1,9,1,1,1,1,0,0,0,0,0,0,0,0,0,2,9,2,0,4,0,0,1,0,1,1,1,2,2
9048788,3,2,1,1,5,2,2,0,0,2,1,1,2,2,1,1,0,0,1,2,1,2,2,1,2,2,2,2,2,1,2,2,2,1,1,1,2,1,1,1,1,9,1,1,1,3,0,0,0,0,0,0,0,0,0,2,9,1,2,1,0,0,1,1,0,0,1,2,2
3078906,3,10,7,1,9,1,9,0,0,1,1,1,1,1,0,0,0,0,5,12,1,1,2,1,2,2,1,1,2,1,2,2,1,1,1,1,3,1,1,1,1,9,1,1,1,3,0,0,0,0,0,0,0,0,0,2,9,2,7,1,0,0,0,1,0,1,1,1,2
4141194,3,5,2,5,5,1,3,1,1,1,0,0,2,2,0,0,1,1,0,6,1,2,2,2,2,2,1,2,2,2,2,2,1,1,1,1,2,1,1,1,1,9,1,1,1,2,0,0,0,0,0,0,0,0,0,1,1,5,2,10,0,3,0,0,2,2,1,2,2
2311679,3,5,5,1,5,0,5,0,0,2,1,1,1,1,0,0,1,1,2,3,1,2,2,1,2,2,2,2,2,1,2,2,2,3,1,1,2,1,1,1,1,9,1,1,2,3,0,0,0,0,0,0,0,0,0,2,9,1,2,3,0,1,0,1,0,1,1,2,2
9308654,3,4,2,1,5,0,3,2,0,2,0,0,1,1,1,0,0,0,0,0,1,2,2,1,2,2,2,2,2,1,2,2,2,1,1,1,2,1,1,1,1,9,1,2,9,2,0,0,0,0,0,0,0,0,0,1,1,4,1,3,0,0,0,0,1,1,1,2,2
9778332,3,4,2,1,5,0,2,0,0,2,1,0,1,0,0,0,0,0,2,2,1,2,2,1,2,2,2,2,2,1,2,2,2,1,1,1,2,1,1,1,1,9,1,1,1,3,0,0,0,0,0,0,0,0,0,2,9,1,2,1,0,0,1,1,0,1,1,2,2
3441967,3,3,1,1,5,0,1,0,0,2,1,1,2,2,0,0,0,0,0,0,1,2,2,1,2,2,2,2,2,1,2,2,2,1,1,1,2,1,2,1,2,2,1,1,2,1,0,0,0,0,0,0,0,0,0,2,9,2,3,1,0,0,1,1,0,1,1,2,2
9336572,4,15,10,7,16,16,11,5,0,1,2,2,0,0,0,0,0,0,10,14,1,2,2,1,1,2,1,2,2,1,1,2,1,1,1,1,2,1,2,2,1,9,1,1,1,2,2,2,1,2,2,3,3,3,1,1,2,10,2,20,0,1,1,0,2,2,1,1,2
8862454,3,1,0,1,5,0,2,0,0,2,0,0,1,1,1,1,1,1,0,3,1,2,2,1,2,2,2,2,2,1,2,2,2,1,1,1,2,1,1,1,2,2,1,1,1,1,0,0,0,0,0,0,0,0,0,2,9,2,3,1,0,0,0,1,0,1,1,2,2
8281379,2,3,3,1,33,22,19,0,0,1,10,10,14,14,3,3,3,3,12,13,1,1,1,1,2,2,1,1,1,1,2,2,1,1,1,1,2,1,1,1,1,9,1,1,1,1,2,1,1,1,1,4,4,4,1,1,9,5,0,10,1450,1,1,1,1,2,1,1,2
2584221,3,2,2,2,5,2,4,0,1,2,2,2,3,3,0,0,0,0,3,5,1,2,2,1,2,2,2,2,2,1,2,2,2,1,1,1,2,1,1,1,2,1,1,1,1,2,0,0,0,0,0,0,0,0,0,1,1,4,1,13,0,0,1,0,2,3,1,2,2
6617309,3,15,7,1,14,5,11,5,0,2,2,2,0,0,0,0,0,0,0,0,1,2,2,1,1,2,1,2,2,1,1,2,1,1,1,1,2,1,2,2,1,9,1,1,1,2,1,1,1,4,4,4,4,4,1,1,2,0,0,20,0,0,1,0,1,2,1,2,3
7313823,3,5,2,5,5,0,2,2,0,2,1,1,1,1,0,0,0,0,4,4,1,1,2,1,1,2,2,1,2,1,1,2,2,1,1,1,2,1,1,1,2,1,1,1,1,2,0,0,0,0,0,0,0,0,0,2,9,1,2,1,0,1,1,1,0,0,1,2,2
8674787,3,5,2,7,6,0,4,0,0,2,6,6,6,6,1,1,1,1,3,3,1,2,2,1,2,2,2,2,2,1,2,2,2,1,1,1,2,1,1,1,1,9,1,1,1,1,0,0,0,0,0,0,0,0,0,2,9,1,3,1,0,0,0,1,1,1,1,2,2
7498632,3,21,20,2,62,6,0,1,61,1,0,0,30,30,0,0,0,0,0,60,1,2,2,1,2,2,2,2,2,1,2,2,2,1,1,1,2,1,1,1,1,9,1,1,1,2,1,1,1,1,1,4,4,4,1,1,1,24,40,60,0,1,1,17,4,1,1,1,2
5450232,1,2,1,1,15,8,6,0,0,1,3,3,3,3,0,0,0,0,9,3,1,2,1,1,2,2,1,2,1,1,2,2,1,1,1,1,2,1,1,1,1,9,1,2,9,1,0,0,0,0,0,0,0,0,0,2,9,1,0,10,0,0,0,0,0,0,1,2,2
3805976,3,16,16,7,25,4,2,12,10,1,0,0,9,9,0,0,0,0,0,0,1,2,1,1,1,2,2,2,2,1,1,2,2,1,1,1,2,1,2,2,1,9,1,1,2,2,2,2,4,4,4,4,4,4,1,1,1,0,0,26,0,0,1,0,1,1,1,1,2
2484547,3,7,3,7,6,0,6,0,0,2,1,1,2,2,0,0,1,1,1,2,1,2,2,1,2,2,1,2,2,1,2,2,1,1,1,1,2,1,1,1,1,9,1,1,1,1,0,0,0,0,0,0,0,0,0,1,1,1,1,12,0,0,0,0,0,3,1,1,3
6194699,3,2,2,1,7,5,6,0,0,2,6,6,6,6,4,4,0,0,3,3,1,1,2,1,1,2,2,1,2,1,1,2,2,1,1,1,1,1,1,1,1,9,1,1,1,2,0,0,0,0,0,0,0,0,0,1,1,0,6,14,0,0,0,0,1,1,1,2,2
6150200,3,20,7,1,7,4,6,1,0,1,2,2,2,2,1,1,0,0,10,10,1,2,2,1,2,2,1,2,2,1,2,2,1,1,1,1,2,1,1,1,1,9,1,1,1,2,0,0,0,0,0,0,0,0,0,1,1,7,3,1,0,0,1,0,1,2,1,2,3
8801650,3,1,1,7,5,0,2,0,0,2,1,1,1,1,0,0,0,0,3,1,1,1,2,1,2,2,2,1,2,1,2,2,2,1,1,1,2,1,1,1,2,2,1,1,1,3,0,0,0,0,0,0,0,0,0,2,9,0,2,0,0,0,0,0,0,0,2,2,2
2945686,3,5,2,7,5,0,4,0,2,2,1,1,1,1,0,0,0,0,2,2,1,1,2,2,2,2,2,1,2,2,2,2,2,1,1,1,2,1,2,2,1,9,1,1,1,2,0,0,0,0,0,0,0,0,0,2,9,6,3,1,0,0,0,1,0,1,1,2,3
1738829,3,3,2,5,4,2,0,0,2,2,1,1,1,1,0,0,0,0,2,2,1,1,2,1,2,2,2,2,2,1,2,2,2,1,1,1,2,1,2,2,2,2,1,1,2,2,0,0,0,0,0,0,0,0,0,2,9,1,2,0,0,0,0,0,0,0,1,2,1
7263095,3,4,1,5,2,2,2,0,0,2,1,1,1,1,1,1,0,0,4,4,1,2,2,1,2,2,2,2,2,1,2,2,2,1,1,1,2,1,2,1,1,9,1,1,1,1,0,0,0,0,0,0,0,0,0,2,9,1,2,1,0,1,0,1,0,0,1,1,2
3292105,3,2,4,1,8,1,6,0,0,1,1,0,1,1,0,0,1,0,6,6,1,2,2,1,1,2,2,2,2,1,1,2,2,1,1,1,2,1,1,1,2,2,1,1,1,2,0,0,0,0,0,0,0,0,0,1,1,3,2,11,0,3,1,0,2,1,1,2,2
2770426,3,2,0,7,5,2,0,2,3,1,3,3,6,6,0,0,0,0,6,0,1,2,2,1,2,2,2,2,2,1,2,2,2,1,1,1,2,1,1,1,2,2,1,1,1,2,0,0,0,0,0,0,0,0,0,1,1,4,0,12,0,0,1,0,1,1,1,2,3
7020982,1,5,5,1,35,7,35,0,0,1,29,24,26,24,1,1,1,1,19,34,1,2,2,1,1,2,2,2,2,1,1,2,2,1,1,1,2,1,1,1,1,9,1,1,1,1,1,1,1,1,4,4,4,4,1,1,9,1,0,26,0,1,0,1,1,1,1,2,3
7149271,1,1,1,1,26,13,26,0,0,1,2,2,2,2,2,2,2,2,10,10,1,1,2,1,2,2,2,1,2,1,2,2,2,1,1,1,2,1,1,1,1,9,1,1,1,1,1,1,1,4,4,4,4,4,1,1,9,0,0,20,0,0,0,0,1,4,1,2,3
5354439,3,4,4,7,5,3,5,0,0,1,2,2,0,0,0,0,0,0,0,0,1,2,2,1,2,2,1,2,2,1,2,2,1,1,1,1,2,1,1,1,2,1,1,1,1,1,0,0,0,0,0,0,0,0,0,1,1,0,0,10,0,0,1,0,1,1,1,1,2
1775688,3,2,2,5,5,8,5,0,0,1,2,2,2,2,1,1,1,1,3,3,1,1,1,1,1,2,2,1,1,1,1,2,2,1,1,1,1,1,1,1,1,9,1,1,1,1,0,0,0,0,0,0,0,0,0,1,1,0,0,10,0,0,1,0,1,1,1,1,2
4158094,3,4,1,7,5,0,2,0,0,2,0,0,1,1,0,0,0,0,3,3,1,1,2,1,2,2,2,1,2,1,2,2,2,1,1,1,2,1,1,1,1,9,1,1,1,3,0,0,0,0,0,0,0,0,0,2,9,2,2,3,0,1,0,1,0,1,1,2,2
2638114,3,3,3,2,5,0,2,0,0,2,0,0,1,1,0,0,0,0,0,5,1,2,2,1,2,2,2,2,2,1,2,2,2,1,1,1,2,1,2,1,1,9,1,1,2,3,0,0,0,0,0,0,0,0,0,2,9,1,1,1,0,1,1,1,0,0,1,2,2
2815994,3,4,2,7,5,2,5,0,0,2,2,2,2,2,0,0,0,0,2,2,1,2,2,1,2,2,2,2,2,1,2,2,2,1,1,1,2,1,1,1,2,2,1,1,1,1,0,0,0,0,0,0,0,0,0,1,1,1,1,5,0,0,0,0,1,1,1,2,2
6469550,3,4,2,1,9,0,5,0,0,2,2,2,2,2,0,0,0,0,5,5,1,2,2,2,1,2,2,2,2,2,1,2,2,1,1,1,2,1,1,1,2,2,1,1,1,3,0,0,0,0,0,0,0,0,0,2,9,1,3,2,0,1,1,1,1,1,1,2,2
3431525,3,4,1,1,2,2,2,0,0,1,1,1,1,1,0,0,0,0,2,4,1,2,2,1,2,2,2,2,2,1,2,2,2,1,1,1,2,1,1,1,1,9,1,1,1,1,0,0,0,0,0,0,0,0,0,2,9,1,1,2,0,0,0,1,0,1,1,2,3
9697141,3,3,1,5,5,0,2,0,0,2,1,1,1,1,0,0,0,0,5,6,1,2,2,1,2,2,2,2,2,1,2,2,2,1,1,1,2,1,1,1,1,9,1,1,1,1,0,0,0,0,0,0,0,0,0,2,9,2,2,1,0,0,0,1,1,1,1,2,2
8007297,3,5,5,1,5,0,4,0,0,2,2,2,2,2,1,1,1,0,3,8,1,2,2,1,2,2,2,2,2,1,2,2,2,1,1,1,2,1,1,1,2,1,1,1,1,1,0,0,0,0,0,0,0,0,0,2,9,1,3,1,0,0,0,1,1,1,1,2,2
9932993,2,1,1,1,0,0,42,0,0,2,32,32,30,30,2,2,2,2,28,0,1,1,1,1,1,2,2,1,1,1,1,2,2,1,1,1,2,1,2,1,1,9,1,1,1,1,0,0,0,0,0,0,0,0,0,1,9,2,0,42,0,16,1,15,1,3,1,2,3
7513830,3,7,3,1,8,0,6,0,0,2,2,2,1,1,1,1,1,1,10,6,1,2,2,1,2,2,2,2,2,1,2,2,2,1,1,1,2,1,1,1,1,9,1,1,1,2,0,0,0,0,0,0,0,0,0,2,2,3,2,6,810,0,0,0,1,3,1,2,2
5823422,3,2,2,1,5,0,5,0,0,2,2,2,2,2,0,0,0,0,4,4,1,2,2,1,2,2,1,2,2,1,2,2,1,1,1,1,2,1,1,1,1,9,1,1,1,1,0,0,0,0,0,0,0,0,0,1,1,1,1,1,0,0,0,0,0,1,2,2,2
9955143,1,1,1,1,17,5,17,0,0,1,5,5,5,5,2,1,2,1,10,15,1,2,1,1,2,2,1,2,1,1,2,2,1,1,1,1,2,1,1,1,1,9,1,1,1,1,1,1,1,4,1,4,4,4,1,1,9,1,0,15,0,1,0,1,1,3,1,1,2
7834410,3,4,1,1,5,0,2,0,0,2,2,2,3,3,0,0,0,0,0,1,1,2,2,1,2,2,2,2,2,1,2,2,2,1,1,1,2,1,1,1,2,2,1,1,1,2,0,0,0,0,0,0,0,0,0,2,9,1,2,1,0,1,0,1,0,1,1,2,2
8391243,3,1,1,1,5,5,5,0,0,1,4,4,5,5,1,0,1,0,5,0,1,2,2,1,1,2,1,2,2,1,1,2,1,1,1,1,2,1,1,1,1,9,1,1,1,1,0,0,0,0,0,0,0,0,0,1,1,4,0,13,0,10,1,0,2,2,1,2,2
2083912,2,1,1,1,5,2,5,0,0,1,1,1,1,1,1,1,1,1,1,3,1,1,2,1,2,2,1,1,2,1,2,2,1,1,1,1,2,1,1,1,1,9,1,1,1,1,0,0,0,0,0,0,0,0,0,2,9,1,0,2,0,0,0,1,0,0,1,2,2
6889095,3,9,2,1,6,1,0,2,3,1,2,0,2,1,0,0,0,0,2,2,1,2,2,1,2,2,2,2,2,1,2,2,2,1,1,1,2,1,1,1,2,1,1,1,1,1,0,0,0,0,0,0,0,0,0,1,1,2,2,13,0,3,0,0,2,2,1,1,3
1099390,3,21,16,7,35,10,28,9,3,1,9,9,0,0,4,4,0,0,90,0,1,2,2,1,2,2,2,2,2,1,2,2,2,1,1,1,2,1,1,2,1,9,1,1,1,2,1,1,1,4,4,4,4,4,1,1,1,20,0,40,0,40,1,1,4,4,1,1,2
3856798,3,2,0,2,1,0,0,0,2,2,1,1,1,1,0,0,0,0,1,2,1,2,2,1,1,2,2,2,2,1,1,2,2,1,1,1,2,1,1,1,2,2,1,1,1,2,0,0,0,0,0,0,0,0,0,2,9,1,1,1,0,0,1,1,0,1,1,2,2
7726712,3,4,1,5,2,0,2,0,0,2,0,0,1,1,0,0,0,0,0,5,1,2,2,1,2,2,2,2,2,1,2,2,2,1,1,1,2,1,1,1,1,9,1,1,1,1,0,0,0,0,0,0,0,0,0,2,9,1,2,1,0,0,0,1,1,0,1,2,2
1137417,3,4,1,5,5,0,2,0,0,2,1,1,1,1,1,1,0,0,8,4,1,2,2,1,2,2,1,2,2,1,2,2,1,1,1,1,2,1,1,1,1,9,1,1,1,1,0,0,0,0,0,0,0,0,0,2,9,1,2,1,0,0,0,1,0,1,1,1,2
3627687,3,7,4,7,9,3,9,0,0,1,1,1,2,2,0,0,0,0,1,2,1,1,2,2,2,2,2,1,2,2,2,2,2,1,1,1,2,1,1,1,2,1,1,1,1,1,0,0,0,0,0,0,0,0,0,1,1,1,1,14,0,14,0,0,2,1,1,1,2
8684542,2,1,1,1,40,8,40,0,0,1,20,20,20,20,2,2,2,2,36,26,1,1,2,1,2,2,2,1,2,1,2,2,2,1,1,1,2,1,2,2,1,9,1,1,1,1,1,1,1,1,1,4,4,4,1,1,9,5,10,40,0,1,1,10,1,1,1,2,3
3005756,2,1,1,8,5,0,5,0,0,2,1,1,1,1,1,1,0,0,1,1,1,2,2,1,2,2,1,2,2,1,2,2,1,1,1,1,2,1,1,1,1,9,1,1,1,1,0,0,0,0,0,0,0,0,0,2,9,0,0,0,350,0,0,0,0,0,1,2,2
7425964,3,7,7,1,18,5,18,0,0,1,0,0,9,9,0,0,2,2,0,24,1,2,1,1,2,2,1,2,1,1,2,2,1,1,1,1,2,1,1,1,1,9,1,1,1,1,0,0,0,0,0,0,0,0,0,1,1,2,0,10,0,10,1,0,2,1,1,1,3
4339945,3,1,1,1,5,3,1,1,0,2,1,1,2,2,0,0,0,0,4,4,1,2,2,1,2,2,1,2,2,1,2,2,1,1,1,1,2,1,1,1,1,9,1,1,1,1,0,0,0,0,0,0,0,0,0,2,9,1,3,0,0,0,0,1,1,1,1,2,2
3806912,3,4,1,1,5,2,2,0,0,1,1,1,1,1,0,0,0,0,1,1,1,2,2,1,2,2,2,2,2,1,2,2,2,1,1,1,2,1,1,1,2,1,1,1,1,1,0,0,0,0,0,0,0,0,0,2,9,1,3,1,0,0,0,1,1,1,1,2,2
5426411,3,9,6,7,6,1,5,1,0,1,2,2,2,2,0,0,0,0,2,6,1,2,2,1,2,2,2,2,2,1,2,2,2,1,1,1,2,1,1,1,1,9,1,1,1,2,0,0,0,0,0,0,0,0,0,1,1,3,1,10,0,1,1,0,1,1,1,2,2
6297347,3,1,1,1,5,0,2,0,0,2,1,1,1,1,0,0,0,0,1,1,1,2,2,1,1,2,2,2,2,1,2,2,2,1,1,1,2,1,1,1,1,9,1,1,1,3,0,0,0,0,0,0,0,0,0,2,9,2,1,1,0,0,1,1,0,1,1,2,2
6489684,3,3,2,5,4,0,2,0,2,2,1,1,6,6,1,1,0,0,1,1,1,2,2,1,2,2,2,2,2,1,2,2,2,1,1,1,2,1,1,1,1,9,1,1,1,2,0,0,0,0,0,0,0,0,0,2,9,1,1,1,0,0,1,1,0,1,1,2,2
5506959,3,4,1,1,5,1,2,0,0,1,1,1,2,2,0,0,0,0,4,6,1,2,2,1,2,2,2,2,2,1,2,2,2,1,1,1,2,1,1,1,2,2,1,1,1,1,0,0,0,0,0,0,0,0,0,2,9,2,1,0,0,0,0,1,0,1,1,2,2
7129594,3,8,2,2,8,1,4,3,0,1,2,2,2,2,0,0,0,0,12,16,1,2,2,1,2,2,2,2,2,1,2,2,2,1,1,1,1,1,1,1,1,9,1,1,1,2,0,0,0,0,0,0,0,0,0,1,2,1,5,5,0,0,0,0,1,2,1,1,2
4138900,3,9,9,1,15,3,15,0,0,1,9,9,9,9,3,2,3,2,9,18,1,2,2,1,1,2,2,2,2,1,1,2,2,1,1,1,2,1,1,1,2,1,1,1,1,2,0,0,0,0,0,0,0,0,0,2,9,1,6,1,0,0,0,4,1,1,1,2,2
4938763,3,2,1,1,5,0,3,0,0,2,1,1,1,1,0,0,0,0,1,1,1,2,2,1,2,2,1,2,2,1,2,2,1,1,1,1,2,1,1,1,1,9,1,1,1,1,0,0,0,0,0,0,0,0,0,2,9,2,3,1,0,0,0,0,0,1,1,2,2
4419156,3,4,2,7,5,2,4,0,0,1,1,1,1,1,0,0,0,0,1,1,1,2,2,1,2,2,2,2,2,1,2,2,2,1,1,1,2,1,1,1,1,9,1,1,1,1,0,0,0,0,0,0,0,0,0,1,1,1,2,13,0,0,0,0,2,2,1,2,2
1411350,3,4,1,1,5,1,2,0,0,1,1,1,1,1,0,0,1,1,4,4,1,2,2,1,2,2,1,2,2,1,2,2,1,1,1,1,2,1,1,1,1,9,1,1,1,2,0,0,0,0,0,0,0,0,0,2,9,1,2,1,0,1,0,1,0,1,1,1,2
6191926,2,1,1,1,7,2,7,0,0,1,2,2,1,1,1,1,1,1,6,2,1,2,2,1,2,2,1,2,2,1,2,2,1,1,1,1,2,1,1,1,1,9,1,1,1,1,0,0,0,0,0,0,0,0,0,2,9,0,0,0,0,0,0,0,0,0,1,2,2
1508907,2,1,1,1,50,6,50,0,0,1,10,10,10,10,5,5,5,5,17,26,1,2,1,1,2,2,2,2,1,1,2,2,2,1,1,1,2,1,1,1,1,9,1,1,1,1,1,1,1,1,1,4,4,4,1,1,9,0,0,15,1500,3,1,5,5,4,1,1,2
5763398,3,5,3,1,9,6,2,7,0,2,1,0,2,1,0,0,0,0,4,6,1,2,2,1,2,2,2,2,2,1,2,2,2,1,1,1,2,1,1,1,1,9,1,1,1,1,0,0,0,0,0,0,0,0,0,2,9,2,2,3,0,0,0,1,1,1,1,2,2
9247870,3,1,1,1,21,1,2,0,0,1,1,1,1,1,0,0,0,0,3,1,1,1,2,2,2,2,2,1,2,2,2,2,2,1,1,1,2,1,1,1,1,9,1,1,1,1,0,0,0,0,0,0,0,0,0,2,9,1,0,0,0,0,0,1,0,0,1,2,3
7953530,3,5,1,1,5,0,0,2,0,2,2,1,3,2,0,0,0,0,0,6,1,2,2,1,2,2,2,2,2,1,2,2,2,1,1,1,2,1,1,1,1,9,1,1,1,2,0,0,0,0,0,0,0,0,0,2,9,1,2,1,0,0,0,1,0,0,1,2,3
8337857,3,8,4,7,6,2,4,0,2,2,2,2,1,1,0,0,0,0,20,8,1,2,2,1,2,2,2,2,2,1,2,2,2,1,1,1,2,1,1,2,1,9,1,1,1,1,0,0,0,0,0,0,0,0,0,1,1,2,0,10,0,0,1,0,1,4,1,2,2
1899967,3,2,2,2,5,0,1,4,0,2,1,1,1,1,0,0,0,0,2,3,1,1,2,1,2,2,1,1,2,1,2,2,1,1,1,1,2,1,1,1,1,9,1,1,1,2,0,0,0,0,0,0,0,0,0,2,9,1,2,1,0,1,1,1,0,0,1,2,2
1098281,3,3,1,1,5,1,2,0,0,1,1,1,1,1,0,0,0,0,6,4,1,2,2,1,2,2,1,2,2,1,2,2,1,1,1,1,2,1,1,1,1,9,1,1,1,2,0,0,0,0,0,0,0,0,0,2,9,0,2,1,0,0,0,1,0,0,1,2,2
2866217,3,4,2,1,5,2,5,0,0,1,0,0,1,0,0,0,0,0,0,5,1,2,2,1,2,2,1,2,2,1,2,2,1,1,1,1,2,1,1,1,1,9,1,1,1,1,0,0,0,0,0,0,0,0,0,2,9,2,2,1,0,0,0,1,0,0,1,2,2
2568650,3,7,3,2,4,2,3,0,0,2,1,1,1,1,0,0,0,0,2,2,1,2,2,1,1,2,2,2,2,1,1,2,2,1,1,1,2,1,1,1,2,2,1,1,1,2,0,0,0,0,0,0,0,0,0,1,1,2,1,12,0,0,0,0,1,1,1,2,2
8758559,3,3,1,2,5,0,2,0,0,2,0,0,2,2,0,0,0,0,0,6,1,2,2,1,2,2,1,2,2,1,2,2,1,1,1,1,2,1,1,1,1,9,1,1,1,1,0,0,0,0,0,0,0,0,0,2,9,1,1,0,0,0,0,1,0,0,1,2,2
1180699,3,1,1,2,2,0,2,0,0,2,1,1,1,1,0,0,0,0,2,2,1,2,2,1,2,2,2,2,2,1,2,2,2,1,1,1,2,1,1,1,2,1,1,1,2,2,0,0,0,0,0,0,0,0,0,2,9,2,2,1,0,0,0,1,0,1,1,2,2
6426830,3,5,5,5,15,6,10,0,0,1,8,4,10,10,2,2,1,1,12,12,1,1,2,1,2,2,2,1,2,1,2,2,2,1,1,1,2,1,1,1,1,9,1,1,1,2,0,0,0,0,0,0,0,0,0,1,1,6,0,10,0,0,1,1,1,2,1,1,2
8742432,3,9,4,1,8,2,8,0,0,1,1,1,2,2,0,0,0,0,0,0,1,1,2,1,2,2,1,2,2,1,2,2,1,1,1,1,2,1,1,1,2,2,1,1,1,1,0,0,0,0,0,0,0,0,0,1,1,4,3,18,0,1,1,0,1,2,1,2,2
2968146,3,4,1,1,5,0,1,0,0,2,1,1,1,1,0,0,0,0,4,4,1,2,2,1,2,2,2,2,2,1,2,2,2,3,1,1,2,1,1,1,1,9,1,1,1,3,0,0,0,0,0,0,0,0,0,2,9,2,2,1,0,1,1,1,0,1,1,2,2
5877197,3,8,4,1,5,0,6,0,0,2,2,2,2,2,0,0,0,0,8,6,1,2,2,1,2,2,2,2,2,1,2,2,2,1,1,1,2,1,1,1,1,9,1,1,1,1,0,0,0,0,0,0,0,0,0,2,9,2,3,3,0,0,0,1,2,1,1,2,2
7010299,3,2,2,2,4,0,2,2,0,2,0,0,1,1,1,1,0,0,6,4,1,1,2,1,2,2,1,1,2,1,2,2,1,1,1,1,2,1,1,1,1,9,1,1,1,1,0,0,0,0,0,0,0,0,0,2,9,1,3,3,0,0,0,1,0,1,1,2,2
1386478,3,7,5,1,5,8,5,0,0,2,2,2,3,3,0,0,1,1,10,14,1,2,1,1,2,2,1,2,1,1,2,2,1,1,1,1,2,1,1,1,1,9,1,1,1,1,0,0,0,0,0,0,0,0,0,1,1,4,1,16,0,0,0,0,3,2,1,2,2
1161493,3,2,0,1,5,0,0,0,2,2,1,1,1,1,0,0,0,0,2,2,1,2,2,1,2,2,2,2,2,1,2,2,2,1,1,1,2,1,1,1,2,2,1,1,2,1,0,0,0,0,0,0,0,0,0,2,9,1,1,0,0,0,0,0,0,0,2,2,2
8263053,3,4,4,1,8,3,3,0,2,1,1,1,1,1,1,1,1,1,2,2,1,2,2,1,2,2,2,2,2,1,2,2,2,1,1,1,2,1,1,1,1,9,1,1,1,2,0,0,0,0,0,0,0,0,0,1,1,7,2,10,0,0,0,0,1,2,1,2,3
2756928,3,6,2,1,4,0,4,0,0,2,2,2,1,1,1,1,1,1,4,4,1,2,2,1,2,2,2,2,2,1,2,2,2,1,1,1,2,1,1,1,1,9,1,1,1,1,0,0,0,0,0,0,0,0,0,2,9,1,3,0,0,0,0,1,1,0,1,2,2
4812501,3,20,18,1,76,5,76,0,0,1,0,0,45,9,0,0,0,0,0,20,2,2,2,1,2,2,1,2,2,1,2,2,1,1,1,1,3,1,1,1,1,9,1,1,1,1,1,1,1,4,1,4,4,4,1,1,1,0,40,20,0,0,1,1,1,1,1,1,2
1548431,2,7,6,1,8,3,8,0,0,1,4,4,4,4,0,0,0,0,4,4,1,1,2,1,1,2,1,1,2,1,1,2,1,1,1,1,2,1,1,1,1,9,1,1,1,1,0,0,0,0,0,0,0,0,0,2,9,1,5,2,0,0,0,1,0,1,1,2,2
8128199,3,4,2,7,2,0,3,0,0,2,2,2,2,2,0,0,0,0,6,6,1,1,2,1,2,2,1,1,2,1,2,2,1,1,1,1,2,1,1,1,1,9,1,1,1,3,0,0,0,0,0,0,0,0,0,2,9,2,3,2,0,0,1,1,1,1,1,2,2
9607846,3,5,2,1,5,0,2,0,0,2,1,1,1,0,0,0,0,0,3,3,1,2,2,1,1,2,2,2,2,1,1,2,2,1,1,1,2,1,1,1,1,9,1,1,1,1,0,0,0,0,0,0,0,0,0,2,9,1,2,1,0,0,0,1,1,0,1,2,2
5573447,2,1,1,1,7,8,7,0,0,1,2,2,2,2,1,1,1,1,2,2,1,2,2,1,2,2,2,2,2,1,2,2,2,1,1,1,2,1,1,1,1,9,1,1,1,1,0,0,0,0,0,0,0,0,0,2,9,2,0,4,5,1,0,1,0,1,1,2,2
4005230,3,1,1,5,5,6,5,0,0,1,4,4,6,6,1,1,1,1,5,1,1,1,2,1,2,2,2,1,2,1,2,2,2,1,1,1,2,1,1,1,2,2,1,1,1,1,0,0,0,0,0,0,0,0,0,2,9,2,1,11,0,11,1,0,1,1,1,2,2
2678135,3,3,1,1,5,0,2,0,0,2,1,1,1,1,0,0,0,0,2,2,1,2,2,1,2,2,1,2,2,1,2,2,1,1,1,1,2,1,1,1,1,9,1,1,1,1,0,0,0,0,0,0,0,0,0,2,9,1,1,1,0,0,0,1,0,0,1,1,2
3599505,3,4,3,2,7,0,4,0,2,2,2,2,2,2,1,1,0,0,4,4,1,2,2,1,2,2,1,2,2,1,2,2,1,1,1,1,2,1,1,1,1,9,1,1,1,1,0,0,0,0,0,0,0,0,0,1,1,1,1,10,0,0,0,0,2,1,1,2,2
8615535,1,10,10,1,64,14,64,0,0,1,13,12,8,8,5,3,3,3,36,16,1,2,1,1,2,2,1,2,1,1,2,2,1,1,1,1,1,1,1,1,1,9,1,1,1,1,1,1,1,1,1,1,1,1,1,1,9,7,0,47,1500,29,2,0,1,0,1,1,2
3451277,3,6,3,1,5,1,5,0,0,1,2,2,2,2,0,0,1,1,8,10,1,2,2,1,1,2,2,2,2,1,1,2,2,1,1,1,2,1,1,1,2,1,1,1,1,1,0,0,0,0,0,0,0,0,0,2,9,1,4,1,0,0,0,1,0,1,1,2,2
1406222,3,1,2,1,9,4,8,0,0,2,2,2,2,2,0,0,0,0,8,6,1,1,1,2,2,2,2,1,1,2,2,2,2,1,1,1,1,1,1,1,1,9,1,1,1,1,0,0,0,0,0,0,0,0,0,1,1,0,0,4,0,0,0,0,1,2,1,1,2
4531702,3,2,2,5,5,7,5,0,0,1,4,4,6,6,1,1,1,1,10,10,1,1,2,2,2,2,2,1,2,2,2,2,2,1,1,1,2,1,1,1,1,9,1,1,1,1,0,0,0,0,0,0,0,0,0,1,1,4,0,10,0,1,1,0,1,2,1,2,3
1762476,3,7,3,7,5,0,3,0,0,2,1,1,1,1,0,0,0,0,4,8,1,2,2,1,2,2,2,2,2,1,2,2,2,1,1,1,2,1,1,1,2,2,1,1,1,2,0,0,0,0,0,0,0,0,0,2,9,2,1,1,0,0,0,1,0,1,1,2,2
9689024,3,4,0,1,5,1,0,0,2,2,0,0,1,0,1,0,1,0,0,3,1,2,2,1,2,2,1,2,2,1,2,2,1,1,1,1,2,1,1,1,1,9,1,1,2,2,0,0,0,0,0,0,0,0,0,2,9,2,1,1,0,1,0,1,0,0,1,2,2
2242344,3,4,3,7,5,2,5,0,0,1,1,1,1,1,0,0,0,0,3,3,1,2,2,1,2,2,1,2,2,1,2,2,1,1,1,1,2,1,1,1,2,1,1,1,1,1,0,0,0,0,0,0,0,0,0,2,9,1,2,1,0,1,0,1,0,0,1,2,2
6648539,3,17,8,7,18,6,12,2,1,1,0,0,9,8,0,0,1,1,0,15,1,1,2,1,2,2,2,1,2,1,2,2,2,1,1,1,2,1,1,1,1,9,1,1,1,2,1,1,1,4,4,4,4,4,1,1,2,0,0,30,0,0,1,0,1,1,1,2,2
8759307,3,2,1,1,5,0,2,0,0,2,0,0,2,2,0,0,0,0,0,8,1,2,2,2,2,2,1,2,2,2,2,2,1,1,1,1,2,1,1,1,1,9,1,1,1,1,0,0,0,0,0,0,0,0,0,2,9,1,2,1,0,1,0,1,0,0,1,2,2
2274311,3,5,2,1,1,0,2,0,0,2,1,1,2,2,0,0,0,0,4,4,1,2,2,1,2,2,1,2,2,1,2,2,1,1,1,1,2,1,1,1,2,1,1,1,1,1,0,0,0,0,0,0,0,0,0,2,9,1,1,1,0,0,0,1,0,0,1,2,2
4623818,3,1,0,5,5,1,0,2,0,2,1,1,0,0,0,0,0,0,1,2,1,2,2,1,2,2,2,2,2,1,2,2,2,1,1,1,2,1,1,1,1,9,1,2,9,3,0,0,0,0,0,0,0,0,0,2,9,1,1,0,0,0,0,0,0,0,1,2,2
2554839,3,3,2,1,5,1,3,1,0,1,2,2,2,2,2,2,2,2,10,10,1,2,2,1,2,2,2,2,2,1,2,2,2,1,1,1,2,1,1,1,1,9,1,1,1,1,0,0,0,0,0,0,0,0,0,2,9,2,3,2,0,0,1,1,1,1,1,2,2
3164631,3,1,1,1,5,0,2,0,0,2,1,1,0,0,0,0,1,0,3,3,1,2,2,1,2,2,2,2,2,1,2,2,2,1,1,1,2,1,1,1,1,9,1,1,1,3,0,0,0,0,0,0,0,0,0,2,9,2,2,1,0,0,0,1,0,1,1,2,2
5817417,3,4,1,1,5,0,2,0,0,2,1,1,1,1,0,0,0,0,1,1,1,1,2,1,2,2,2,1,2,1,2,2,2,1,1,1,2,1,1,1,1,9,1,1,1,3,0,0,0,0,0,0,0,0,0,2,9,2,1,1,0,1,0,1,0,1,1,2,2
5434173,2,2,2,1,23,6,23,0,0,1,9,9,6,6,3,2,4,3,24,24,1,1,2,1,2,2,1,1,2,1,2,2,1,1,1,1,2,1,1,1,1,9,1,2,9,1,0,0,0,0,0,0,0,0,0,1,9,1,0,4,1500,1,1,1,1,2,1,1,2
7250936,3,6,3,1,5,1,5,0,0,2,6,6,2,2,0,0,2,2,1,1,1,1,2,2,2,2,2,1,2,2,2,2,2,1,1,1,2,1,1,1,1,9,1,1,1,1,0,0,0,0,0,0,0,0,0,1,1,1,1,10,0,0,0,0,1,1,1,2,2
5324212,3,4,1,1,5,1,5,0,0,1,1,1,1,1,1,1,0,0,6,4,1,2,2,1,2,2,2,2,2,1,2,2,2,1,1,1,2,1,1,1,1,9,1,1,1,3,0,0,0,0,0,0,0,0,0,2,9,0,2,0,0,0,0,1,0,0,1,2,2
6457897,3,5,2,1,8,0,4,0,0,2,1,1,2,2,1,1,2,2,6,10,1,1,2,1,2,2,2,1,2,1,2,2,2,1,1,1,2,1,2,2,1,9,1,1,1,2,0,0,0,0,0,0,0,0,0,2,9,1,2,2,0,0,0,1,0,1,1,2,3
7071310,3,3,3,7,13,13,13,0,0,1,2,2,3,3,0,0,0,0,10,10,1,1,2,1,2,2,1,1,2,1,2,2,1,1,1,1,2,1,1,1,2,1,1,1,1,1,0,0,0,0,0,0,0,0,0,2,9,1,5,2,0,1,0,3,1,1,1,2,2
6909303,3,5,1,7,5,0,1,0,0,2,1,1,1,1,0,0,0,0,1,1,1,2,2,1,2,2,2,2,2,1,2,2,2,1,1,1,2,1,1,1,2,2,1,1,1,3,0,0,0,0,0,0,0,0,0,2,9,1,2,1,0,1,1,1,0,0,1,1,2
5159772,3,6,3,2,8,1,8,0,0,2,0,0,1,1,0,0,0,0,0,1,1,2,2,1,2,2,2,2,2,1,2,2,2,1,1,1,2,1,1,1,1,9,1,1,1,3,0,0,0,0,0,0,0,0,0,2,9,1,1,1,0,1,0,1,0,0,1,2,2
2774803,3,10,6,1,17,5,17,0,0,1,2,2,6,6,1,1,1,1,30,70,1,2,2,1,2,2,1,2,2,1,2,2,1,1,1,1,1,1,1,1,1,9,1,1,1,1,1,1,1,1,1,4,4,4,1,1,1,1,0,20,0,20,1,1,2,2,1,1,2
2588959,3,8,4,2,6,2,5,0,0,1,1,1,1,1,1,1,0,0,1,2,1,1,2,2,2,2,2,1,2,2,2,2,2,1,1,1,2,1,2,1,1,9,1,1,1,1,0,0,0,0,0,0,0,0,0,2,9,2,5,2,0,0,0,2,1,1,1,1,2
3876317,4,8,5,7,6,8,6,0,0,1,0,0,10,10,0,0,0,0,0,7,1,1,2,1,1,2,2,1,2,1,1,2,2,1,1,1,2,1,1,1,1,9,1,1,1,1,0,0,0,0,0,0,0,0,0,1,1,2,0,13,0,11,1,0,1,1,1,2,2
4016525,3,2,2,2,5,1,5,0,0,2,1,1,1,1,0,0,0,0,3,3,1,2,2,1,2,2,2,2,2,1,2,2,2,1,1,1,2,1,1,1,2,1,1,1,2,2,0,0,0,0,0,0,0,0,0,2,9,1,2,3,0,1,1,1,0,1,1,2,2
5446667,3,4,2,1,5,0,3,0,0,2,1,1,1,1,0,0,0,0,3,4,1,2,2,1,2,2,2,2,2,1,2,2,2,1,1,1,2,1,1,1,1,9,1,1,1,1,0,0,0,0,0,0,0,0,0,2,9,1,2,1,0,0,1,1,0,1,1,2,2
9757156,3,7,4,1,12,4,8,1,0,1,3,3,3,3,0,0,1,1,3,3,1,1,2,1,1,2,1,1,2,1,1,2,1,1,1,1,2,1,1,1,1,9,1,1,1,1,0,0,0,0,0,0,0,0,0,1,1,3,5,10,0,0,1,0,1,1,1,1,2
1364377,3,3,3,7,7,2,4,2,0,1,1,1,1,1,0,0,1,1,6,2,1,2,2,1,2,2,2,2,2,1,2,2,2,1,1,1,2,1,2,1,1,9,1,1,1,2,0,0,0,0,0,0,0,0,0,1,1,5,3,10,0,0,1,0,2,1,1,2,2
5209417,1,1,1,1,0,6,48,0,0,1,39,39,37,37,2,2,2,2,67,39,1,1,1,1,2,2,2,1,1,1,2,2,2,1,1,1,1,1,1,1,1,9,1,1,1,1,0,0,0,0,0,0,0,0,0,2,9,0,0,10,0,0,0,15,0,0,1,2,1
8095212,2,13,26,7,25,26,25,1,0,1,2,2,8,8,1,1,1,1,0,0,1,1,2,1,2,2,1,1,2,1,2,2,2,1,1,1,2,1,1,1,1,9,1,1,1,1,1,1,1,1,1,4,4,4,1,1,1,10,0,22,0,4,1,0,1,1,1,1,2
1279649,3,2,3,7,6,3,3,4,0,1,2,2,2,2,1,1,1,1,6,3,1,2,2,1,2,2,2,2,2,1,2,2,2,1,1,1,2,1,2,1,1,9,1,1,1,2,0,0,0,0,0,0,0,0,0,1,1,4,3,15,0,10,1,0,2,2,1,2,2
9850160,3,2,1,2,8,1,5,3,0,1,2,2,1,1,1,1,1,1,2,2,1,2,2,1,2,2,2,2,2,1,2,2,2,1,1,1,2,1,1,1,1,9,1,1,1,3,0,0,0,0,0,0,0,0,0,1,1,5,2,15,0,0,0,0,1,1,1,2,3
2954910,3,3,1,1,5,0,2,0,0,2,1,1,2,2,0,0,0,0,3,4,1,2,2,1,2,2,2,2,2,1,2,2,2,1,1,1,2,1,2,1,1,9,1,1,1,1,0,0,0,0,0,0,0,0,0,2,9,1,1,1,0,0,0,1,0,0,1,2,2
3674020,3,1,1,1,5,0,0,2,0,2,1,0,0,0,0,0,0,0,1,1,1,2,2,1,2,2,2,2,2,1,2,2,2,1,1,1,2,1,2,1,1,9,1,2,9,2,0,0,0,0,0,0,0,0,0,2,9,1,1,1,0,0,1,1,0,1,1,2,2
2328435,1,1,1,1,9,4,7,0,0,1,1,1,1,1,1,1,1,1,1,1,1,2,2,2,2,2,1,2,2,2,2,2,1,1,1,1,2,1,1,1,1,9,1,2,9,1,0,0,0,0,0,0,0,0,0,1,9,1,0,4,50,0,0,0,3,1,1,2,3
7382106,1,1,1,1,9,1,9,0,0,2,4,4,3,3,1,1,1,1,12,9,1,2,2,1,2,2,1,2,2,1,2,2,1,1,1,1,2,1,1,1,1,9,1,1,1,1,0,0,0,0,0,0,0,0,0,2,9,1,0,2,0,0,0,2,0,0,1,2,2
6576716,3,2,1,5,5,2,0,2,0,2,1,1,1,1,0,0,0,0,2,2,1,2,2,1,2,2,1,2,2,1,2,2,1,1,1,1,2,1,1,1,1,9,1,2,9,2,0,0,0,0,0,0,0,0,0,2,9,1,2,1,0,0,0,1,0,0,1,2,2
3397857,1,3,3,1,27,6,27,0,0,1,24,24,24,24,0,0,0,0,24,24,1,2,2,2,1,2,2,2,2,2,1,2,2,1,1,1,2,1,1,1,1,9,1,1,1,1,1,1,1,1,1,4,4,4,1,1,9,2,1,21,0,1,1,1,6,3,1,1,2
6783761,3,3,2,7,5,0,2,2,0,2,1,1,2,2,0,0,0,0,1,1,1,2,2,1,2,2,1,2,2,1,2,2,1,1,1,1,2,1,2,2,2,2,1,1,1,3,0,0,0,0,0,0,0,0,0,2,9,2,4,4,0,0,1,1,0,1,1,2,2
6369647,3,2,1,1,5,0,1,1,0,2,0,0,1,1,0,0,1,1,0,2,1,1,2,1,2,2,2,2,2,1,2,2,2,1,1,1,2,1,2,1,1,9,1,1,1,1,0,0,0,0,0,0,0,0,0,2,9,1,1,1,0,0,0,1,0,0,1,2,2
3105037,3,2,1,5,5,2,2,0,0,2,1,1,1,1,0,0,0,0,1,1,1,2,2,1,2,2,2,2,2,1,2,2,2,1,1,1,2,1,1,1,2,1,1,1,1,2,0,0,0,0,0,0,0,0,0,2,9,1,2,0,0,0,0,0,0,0,2,2,3
7810989,3,5,1,1,5,0,2,0,2,2,1,1,1,1,0,0,0,0,8,8,1,2,2,1,2,2,1,2,2,1,2,2,1,1,1,1,2,1,1,1,2,2,1,2,9,2,0,0,0,0,0,0,0,0,0,2,9,1,2,1,0,1,0,1,1,0,1,1,2
7184450,3,5,4,1,5,0,4,0,0,2,1,1,1,1,1,1,0,0,0,0,1,2,2,1,2,2,2,2,2,1,2,2,2,1,1,1,2,1,2,1,1,9,1,1,1,2,0,0,0,0,0,0,0,0,0,2,9,1,2,1,0,0,1,1,0,0,1,1,3
9799552,3,8,6,2,7,1,7,1,0,1,2,2,2,2,1,1,1,1,6,6,1,2,2,1,2,2,2,2,2,1,2,2,2,1,1,1,2,1,2,1,1,9,1,1,1,3,0,0,0,0,0,0,0,0,0,2,9,3,5,1,0,0,1,1,0,1,1,1,2
6797344,3,12,12,1,14,2,15,0,1,1,6,6,6,6,1,1,0,0,15,15,1,2,2,1,2,2,2,2,2,1,2,2,2,1,1,1,2,1,2,1,2,2,1,1,1,1,0,0,0,0,0,0,0,0,0,2,9,2,13,2,0,0,0,4,1,2,1,2,2
7563009,3,4,1,5,5,0,1,0,1,2,0,0,1,1,0,0,0,0,0,1,1,2,2,1,1,2,2,2,2,1,1,2,2,1,1,1,2,1,2,1,2,1,1,1,1,1,0,0,0,0,0,0,0,0,0,2,9,1,2,1,0,0,0,1,0,0,1,2,2
5851689,3,19,13,2,28,6,27,0,0,1,0,0,11,11,0,0,2,2,0,4,1,1,2,1,1,2,2,1,2,1,1,2,2,1,1,1,2,1,1,1,1,9,1,1,1,1,1,1,1,4,1,4,4,4,1,1,1,15,0,30,0,1,1,0,3,2,1,1,2
1009622,3,3,1,1,5,0,2,0,0,2,1,1,1,1,0,0,0,0,2,4,1,2,2,1,2,2,2,2,2,1,2,2,2,1,1,1,2,1,1,1,1,9,1,2,9,1,0,0,0,0,0,0,0,0,0,2,9,1,2,1,0,0,0,1,0,0,1,2,2
4704671,3,6,5,7,6,0,5,0,0,2,1,1,1,1,0,0,0,0,4,4,1,2,2,1,2,2,2,2,2,1,2,2,2,1,1,1,2,1,1,1,2,1,1,1,1,1,0,0,0,0,0,0,0,0,0,1,1,4,4,13,0,10,0,0,1,1,2,2,2
5368802,3,2,1,1,8,0,6,0,0,2,1,1,1,0,0,0,0,0,1,2,1,2,2,1,2,2,2,2,2,1,2,2,2,1,1,1,2,1,1,1,1,9,1,1,1,2,0,0,0,0,0,0,0,0,0,2,9,2,2,1,0,0,0,1,0,1,1,2,2
9530578,3,2,1,1,5,7,5,0,0,1,2,2,0,0,0,0,0,0,0,0,1,2,2,1,2,2,1,2,2,1,2,2,1,1,1,1,2,1,1,1,1,9,1,1,1,1,0,0,0,0,0,0,0,0,0,1,1,5,0,12,0,10,1,0,1,2,1,2,3
8487367,3,2,1,1,5,0,2,0,0,2,1,1,0,0,0,0,0,0,2,0,1,2,2,1,2,2,1,2,2,1,2,2,1,1,1,1,2,1,1,1,2,1,1,1,1,2,0,0,0,0,0,0,0,0,0,2,9,1,1,1,0,1,0,1,0,0,1,2,2
6735608,3,5,1,1,5,0,0,2,0,2,1,1,1,1,0,0,0,0,3,3,1,2,2,1,2,2,2,2,2,1,2,2,2,1,1,1,2,1,1,1,2,2,1,2,9,3,0,0,0,0,0,0,0,0,0,2,9,1,1,1,0,0,1,1,0,0,1,2,2
9951708,3,3,2,5,5,0,3,0,0,2,1,1,1,1,1,1,1,1,4,4,1,2,2,1,2,2,1,2,2,1,2,2,1,1,1,1,2,1,1,1,1,9,1,1,1,3,0,0,0,0,0,0,0,0,0,2,9,1,2,1,0,0,0,1,0,0,1,2,2
5536555,3,4,1,1,5,0,2,0,0,2,1,1,1,1,0,0,0,0,1,1,1,2,2,1,2,2,2,2,2,1,2,2,2,1,1,1,2,1,1,1,1,9,1,1,1,1,0,0,0,0,0,0,0,0,0,2,9,1,2,1,0,2,0,1,0,0,1,1,2
6025560,3,4,2,5,7,0,6,3,0,2,1,1,1,1,0,0,0,0,4,4,1,1,2,2,2,2,2,1,2,2,2,2,2,1,1,1,2,1,2,2,2,2,1,1,1,3,0,0,0,0,0,0,0,0,0,2,9,4,5,1,0,0,0,1,0,1,1,2,2
7576582,3,3,4,7,6,1,2,0,4,1,1,1,2,2,0,0,0,0,4,12,1,2,2,1,1,2,2,2,2,1,1,2,2,1,1,1,2,1,1,1,2,1,1,1,1,2,0,0,0,0,0,0,0,0,0,1,1,2,3,11,0,1,1,0,1,2,1,2,2
5990926,2,1,1,1,2,0,2,0,0,2,1,1,1,1,0,0,0,0,3,3,1,2,2,1,2,2,1,2,2,1,2,2,1,1,1,1,2,1,1,1,1,9,1,1,1,1,0,0,0,0,0,0,0,0,0,2,9,1,2,1,0,1,0,1,0,0,1,2,2
4846924,3,6,3,1,8,2,6,0,0,2,2,2,3,3,1,1,1,1,2,8,1,1,2,1,2,2,2,1,2,1,2,2,2,1,1,1,1,1,1,1,1,9,1,1,1,2,0,0,0,0,0,0,0,0,0,1,1,4,4,13,0,0,1,0,2,1,1,2,2
6587914,3,6,1,2,5,0,3,0,0,2,2,2,2,2,0,0,0,0,6,6,1,2,2,1,1,2,2,2,2,1,1,2,2,1,1,1,2,1,1,1,1,9,1,1,1,1,0,0,0,0,0,0,0,0,0,2,9,2,2,1,0,0,0,1,0,1,1,2,2
2017282,3,5,2,1,5,0,1,1,0,2,1,1,1,1,0,0,0,0,1,1,1,1,2,1,2,2,2,1,2,1,2,2,2,1,1,1,2,1,1,1,1,9,1,1,1,1,0,0,0,0,0,0,0,0,0,2,9,1,2,1,0,0,0,1,0,1,1,1,2
6004703,1,2,2,1,21,6,18,0,0,1,20,20,0,0,1,1,0,0,50,0,1,1,2,1,1,2,2,1,2,1,1,2,2,1,1,1,2,1,1,1,1,9,1,1,1,1,0,0,0,0,0,0,0,0,0,2,2,0,0,10,0,1,1,1,0,2,1,2,3
4287334,3,6,4,1,7,0,6,0,0,2,3,3,3,3,0,0,0,0,1,1,1,1,2,1,2,2,2,1,2,1,2,2,2,1,1,1,2,1,1,1,1,9,1,1,1,3,0,0,0,0,0,0,0,0,0,2,9,1,1,3,0,0,0,2,0,0,1,1,2
7353499,3,9,2,1,7,0,4,1,0,2,5,2,8,2,0,0,0,0,5,5,1,1,2,2,2,2,2,1,2,2,2,2,2,1,1,1,2,1,2,1,1,9,1,1,1,1,0,0,0,0,0,0,0,0,0,2,9,6,2,1,0,1,0,1,0,1,1,1,2
7276886,3,7,1,7,5,0,2,2,0,2,1,1,1,1,0,0,0,0,6,3,1,1,2,1,2,2,2,1,2,1,2,2,2,1,1,1,2,1,1,1,1,9,1,1,1,1,0,0,0,0,0,0,0,0,0,2,9,1,2,1,0,0,0,1,0,0,1,1,2
5374052,3,5,3,5,5,0,5,0,0,2,1,1,1,1,0,0,1,1,0,3,1,2,2,1,2,2,2,2,2,1,2,2,2,1,1,1,2,1,1,1,2,2,1,1,1,1,0,0,0,0,0,0,0,0,0,2,9,1,3,2,0,0,1,1,0,1,1,2,2
4199574,3,5,3,1,7,1,5,0,0,2,0,0,3,3,0,0,0,0,0,8,1,2,2,1,2,2,2,2,2,1,2,2,2,1,1,1,2,1,1,1,1,9,1,1,1,1,0,0,0,0,0,0,0,0,0,2,9,1,2,1,0,0,0,1,1,2,1,2,2
1123826,3,1,1,7,10,2,2,0,0,2,1,1,1,1,0,0,0,0,3,1,1,2,2,1,2,2,1,2,2,1,2,2,1,1,1,1,2,1,1,1,2,1,1,1,1,1,0,0,0,0,0,0,0,0,0,2,9,1,2,1,0,0,0,1,0,0,2,2,2
1732748,3,3,1,7,5,0,1,0,0,2,1,1,1,1,0,0,0,0,3,3,1,2,2,1,2,2,1,2,2,1,2,2,1,1,1,1,2,1,2,1,2,1,1,1,1,1,0,0,0,0,0,0,0,0,0,2,9,0,2,1,0,0,1,1,0,1,1,2,2
1297501,3,7,4,7,10,5,11,2,0,2,2,2,2,2,1,1,0,0,4,4,1,1,2,2,2,2,2,1,2,2,2,2,2,1,1,1,2,1,1,1,1,9,1,1,1,1,0,0,0,0,0,0,0,0,0,1,1,0,0,10,0,0,1,0,1,1,1,1,2
9877004,1,2,3,3,30,8,32,0,0,1,12,12,12,12,0,0,0,0,40,40,1,1,2,1,2,2,2,1,2,1,2,2,2,1,1,1,2,1,1,1,1,9,1,1,1,1,1,1,1,1,1,4,4,4,1,1,2,1,0,27,0,3,0,4,2,3,1,1,2
6457357,3,2,2,1,5,4,4,0,0,2,0,0,3,3,0,0,1,1,0,4,1,2,2,1,2,2,2,2,2,1,2,2,2,1,1,1,2,1,2,1,2,2,1,1,1,3,0,0,0,0,0,0,0,0,0,2,9,2,3,1,0,0,1,1,0,1,1,2,2
1747492,3,2,2,1,5,0,4,0,0,2,1,0,1,1,0,0,0,0,3,3,1,1,2,2,2,2,2,1,2,2,2,2,2,1,1,1,2,1,1,1,1,9,1,1,1,2,0,0,0,0,0,0,0,0,0,2,9,1,1,1,0,1,1,1,0,1,1,2,2
5283969,2,2,2,1,42,8,42,0,0,1,19,18,16,15,7,6,9,7,18,45,1,2,1,2,1,2,2,2,1,2,1,2,2,1,1,1,2,1,1,1,1,9,1,1,1,1,1,1,1,1,1,4,4,4,1,1,9,3,0,65,0,5,1,40,1,5,1,2,2
7600415,3,14,2,1,8,8,3,2,3,2,3,3,3,3,1,0,0,0,16,14,1,1,2,1,2,2,1,2,2,1,2,2,1,1,1,1,2,1,1,1,1,9,1,1,1,2,0,0,0,0,0,0,0,0,0,1,1,3,1,11,0,0,0,0,2,2,1,2,2
5729536,3,3,1,5,5,1,2,0,0,1,1,1,1,1,0,0,0,0,1,1,1,2,2,1,2,2,2,2,2,1,2,2,2,1,1,1,2,1,1,1,1,9,1,1,1,3,0,0,0,0,0,0,0,0,0,2,9,2,2,1,0,0,1,1,0,0,1,1,2
1872654,3,4,4,7,5,0,5,0,0,2,1,1,1,1,0,0,0,0,3,4,1,2,2,1,2,2,1,2,2,1,2,2,1,1,1,1,2,1,1,1,1,9,1,1,1,2,0,0,0,0,0,0,0,0,0,2,9,1,3,2,0,0,0,1,0,0,1,2,2
2042711,3,3,0,5,5,0,2,0,0,2,1,1,1,1,0,0,0,0,5,5,1,2,2,1,2,2,1,2,2,1,2,2,1,1,1,1,2,1,1,1,1,9,1,1,1,1,0,0,0,0,0,0,0,0,0,2,9,1,1,1,0,0,0,1,0,0,1,2,2
7645221,1,2,2,1,13,1,13,0,0,1,3,3,3,3,2,1,2,1,5,5,1,1,2,1,2,2,2,1,2,1,2,2,2,1,1,1,1,1,2,1,1,9,1,1,1,1,0,0,0,0,0,0,0,0,0,2,9,0,0,6,0,0,2,0,0,2,1,2,2
2947274,3,2,1,7,3,0,1,0,0,2,1,1,1,1,0,0,0,0,3,2,1,2,2,1,2,2,2,2,2,1,2,2,2,1,1,1,2,1,1,1,2,2,1,1,1,1,0,0,0,0,0,0,0,0,0,2,9,1,0,1,0,1,1,1,0,0,2,2,2
1817718,3,4,1,1,5,1,2,0,0,1,0,0,1,1,1,0,1,1,2,1,1,2,2,1,2,2,2,2,2,1,2,2,2,1,1,1,2,1,2,2,1,9,1,1,1,3,0,0,0,0,0,0,0,0,0,2,9,1,2,1,0,0,0,1,0,1,1,2,3
5963435,3,2,1,1,5,2,2,0,0,2,0,0,1,1,0,0,0,0,0,4,1,2,2,2,2,2,1,2,2,2,2,2,1,1,1,1,2,1,1,1,1,9,1,1,1,1,0,0,0,0,0,0,0,0,0,2,9,0,2,1,0,0,0,1,0,0,1,2,2
1434003,3,8,8,5,5,3,1,4,0,1,2,2,6,6,0,0,1,1,2,7,1,1,2,1,2,2,1,1,2,1,2,2,1,1,1,1,2,1,1,1,2,1,1,1,1,1,0,0,0,0,0,0,0,0,0,1,1,4,0,10,1400,0,1,1,1,1,1,1,3
8070062,3,5,3,2,6,1,2,3,1,1,1,1,1,1,1,1,0,0,6,6,1,2,2,1,2,2,1,2,2,1,2,2,1,1,1,1,2,1,1,1,1,9,1,1,1,1,0,0,0,0,0,0,0,0,0,2,9,1,3,1,0,0,0,1,0,0,1,1,2
8816652,3,8,2,7,29,8,7,0,0,1,4,2,5,5,1,1,1,1,6,2,1,2,2,1,2,2,2,2,2,1,2,2,2,1,1,1,2,1,1,1,1,9,1,1,1,2,2,2,2,2,1,4,4,4,2,1,1,0,0,20,0,3,1,0,2,3,1,1,2
5922295,3,4,0,1,5,0,2,0,0,2,1,1,0,0,0,0,0,0,3,0,1,2,2,1,2,2,2,2,2,1,2,2,2,1,1,1,2,1,1,1,1,9,1,1,2,1,0,0,0,0,0,0,0,0,0,2,9,1,3,1,0,1,1,1,0,0,1,2,2
7165476,3,8,3,7,18,7,6,0,2,1,6,6,9,9,1,1,1,1,20,24,1,1,2,1,2,2,2,2,2,1,2,2,2,1,1,1,1,1,2,1,1,9,1,1,1,1,0,0,0,0,0,0,0,0,0,1,1,2,0,14,0,0,1,1,2,4,1,2,2
3964431,3,3,3,1,5,0,2,0,0,2,0,0,2,1,0,0,0,0,0,3,1,2,2,1,2,2,2,2,2,1,2,2,2,1,1,1,2,1,1,1,1,9,1,1,1,2,0,0,0,0,0,0,0,0,0,2,9,1,2,1,0,0,0,1,0,1,1,1,2
8321809,3,2,2,7,5,2,5,0,0,2,1,1,1,1,0,0,0,0,1,3,1,2,2,1,2,2,1,2,2,1,2,2,1,1,1,1,2,1,1,1,1,9,1,1,1,1,0,0,0,0,0,0,0,0,0,2,9,2,1,1,0,1,0,1,0,0,1,2,2
9769810,3,3,3,1,8,1,6,0,0,1,1,1,1,1,1,0,1,1,8,8,1,2,2,1,2,2,1,2,2,1,2,2,1,1,1,1,2,1,1,1,1,9,1,1,1,1,0,0,0,0,0,0,0,0,0,1,1,1,4,3,0,2,0,0,1,2,1,1,2
6481875,3,10,5,7,7,0,3,3,2,2,2,2,2,2,0,0,0,0,4,4,1,1,2,1,1,2,1,1,2,1,1,2,1,1,1,1,2,1,1,1,2,2,1,1,1,1,0,0,0,0,0,0,0,0,0,1,1,2,1,10,0,2,1,0,1,2,1,2,2
9314494,3,4,1,1,3,0,2,0,0,2,0,0,2,2,0,0,0,0,0,2,1,2,2,1,2,2,2,2,2,1,2,2,2,1,1,1,2,1,1,1,1,9,1,1,1,2,0,0,0,0,0,0,0,0,0,2,9,1,2,1,0,1,0,1,0,1,1,2,2
1512635,3,2,1,1,2,2,2,0,0,2,0,0,1,1,0,0,0,0,0,6,1,2,2,1,2,2,2,2,2,1,2,2,2,1,1,1,2,1,1,1,2,1,1,1,1,1,0,0,0,0,0,0,0,0,0,2,9,1,1,1,0,0,0,1,0,1,1,2,2
3628548,3,5,1,1,5,0,2,0,0,2,1,1,1,1,1,1,0,0,1,1,1,1,2,2,2,2,1,1,2,2,2,2,2,1,1,1,2,1,2,2,1,9,1,1,1,1,0,0,0,0,0,0,0,0,0,2,9,1,2,1,0,0,0,1,0,0,1,1,2
8727322,3,4,1,1,5,0,1,0,0,2,0,0,1,1,0,0,0,0,0,1,1,2,2,1,2,2,1,2,2,1,2,2,2,1,1,1,2,1,1,1,1,9,1,1,1,1,0,0,0,0,0,0,0,0,0,2,9,1,2,0,0,0,0,0,0,0,1,2,3
8692873,3,6,2,1,5,1,2,0,0,1,2,2,1,1,0,0,0,0,6,3,1,1,2,1,2,2,2,2,2,1,2,2,2,1,1,1,2,1,1,1,1,9,1,1,1,2,0,0,0,0,0,0,0,0,0,2,9,2,2,1,0,1,0,1,0,0,1,2,2
3164261,1,3,3,1,40,6,40,0,0,1,31,28,21,19,13,12,10,9,28,38,1,2,2,2,1,2,2,2,2,2,1,2,2,1,1,1,2,1,1,1,1,9,1,1,1,1,1,1,1,1,1,4,4,4,1,2,2,1,0,12,1250,2,0,2,1,3,1,1,2
1876780,3,4,4,3,33,4,28,5,0,1,1,1,1,1,4,4,4,4,3,2,1,1,1,1,1,2,1,1,1,1,1,2,1,1,1,1,2,1,1,1,1,9,1,1,1,1,0,0,0,0,0,0,0,0,0,2,2,0,0,10,0,2,1,0,1,0,1,2,2
9825338,3,4,1,1,5,1,2,0,0,1,1,1,1,1,0,0,0,0,6,6,1,1,2,2,2,2,2,1,2,2,2,2,2,1,1,1,2,1,1,1,1,9,1,1,1,1,0,0,0,0,0,0,0,0,0,2,9,0,1,1,0,0,0,1,0,0,2,2,2
8098398,3,3,1,1,5,0,2,0,0,2,1,1,1,1,0,0,0,0,0,1,1,1,2,1,2,2,2,1,2,1,2,2,2,1,1,1,2,1,2,2,1,9,1,1,1,3,0,0,0,0,0,0,0,0,0,2,9,1,2,1,0,0,0,1,0,0,1,2,2
6991857,3,4,2,1,5,0,3,0,4,2,2,2,2,2,0,0,1,1,2,2,1,1,2,1,2,2,2,2,2,1,2,2,2,1,1,1,2,1,2,1,1,9,1,1,1,3,0,0,0,0,0,0,0,0,0,2,9,1,3,1,0,1,1,1,0,1,1,2,2
8298312,1,1,1,1,7,1,7,0,0,1,2,2,2,2,1,1,1,1,2,2,1,2,2,1,2,2,1,2,2,1,2,2,1,1,1,1,2,1,1,1,1,9,1,1,1,1,0,0,0,0,0,0,0,0,0,2,9,0,0,1,0,0,0,0,0,0,1,2,2
4519961,3,8,3,1,7,0,6,0,0,2,1,1,2,2,1,1,1,1,1,1,1,1,2,1,2,2,2,1,2,1,2,2,2,1,1,1,3,1,1,1,1,9,1,1,1,2,0,0,0,0,0,0,0,0,0,2,9,1,4,3,0,2,0,1,1,1,1,2,2
8270904,3,1,1,5,5,5,5,0,0,1,2,2,0,0,0,0,0,0,0,0,1,2,2,1,1,2,1,2,2,1,1,2,1,1,1,1,2,1,1,1,1,9,1,1,1,2,0,0,0,0,0,0,0,0,0,1,1,0,0,10,0,0,1,0,1,1,1,2,2
4377086,3,11,5,1,17,5,9,0,3,1,5,5,4,4,0,0,1,1,14,12,1,1,2,1,2,2,1,1,2,1,2,2,1,1,1,1,1,1,1,1,1,9,1,1,1,1,1,1,1,1,1,4,4,4,1,1,1,10,0,22,245,0,1,0,1,1,1,1,2
3846598,3,2,1,1,5,0,0,0,2,2,1,1,1,1,0,0,0,0,3,1,1,2,2,1,2,2,1,2,2,1,2,2,1,1,1,1,2,1,1,1,2,1,1,1,1,3,0,0,0,0,0,0,0,0,0,2,9,0,2,1,0,0,1,1,0,1,1,2,2
1679866,3,2,1,5,5,0,2,0,0,2,1,1,1,1,0,0,0,0,1,3,1,2,2,1,2,2,1,2,2,1,2,2,1,1,1,1,2,1,1,1,2,1,1,1,1,1,0,0,0,0,0,0,0,0,0,2,9,1,1,0,0,0,0,1,0,0,1,2,2
9062446,3,2,2,1,5,3,3,0,0,1,1,1,1,1,0,0,0,0,2,3,1,2,2,1,1,2,2,2,2,1,1,2,2,1,1,1,2,1,1,1,1,9,1,1,1,1,0,0,0,0,0,0,0,0,0,2,9,1,2,1,0,0,0,1,0,1,1,2,2
1691317,3,3,3,1,6,6,6,0,0,2,1,1,2,2,0,0,0,0,1,6,1,2,2,1,2,2,2,2,2,1,2,2,2,1,1,1,2,1,1,1,1,9,1,1,1,1,0,0,0,0,0,0,0,0,0,2,9,7,3,1,0,0,0,1,0,1,2,2,3
8478256,3,2,1,1,7,5,5,0,0,1,0,0,7,7,0,0,0,0,0,4,1,2,2,1,2,2,1,2,2,1,2,2,1,1,1,1,2,1,1,1,1,9,1,1,1,1,0,0,0,0,0,0,0,0,0,1,1,0,0,10,0,1,1,0,1,1,1,1,2
5032494,3,3,1,2,5,1,2,0,0,1,1,1,1,1,0,0,0,0,6,6,1,2,2,1,2,2,1,2,2,1,2,2,1,1,1,1,2,1,1,1,1,9,1,1,1,1,0,0,0,0,0,0,0,0,0,2,9,2,2,3,0,0,0,1,1,1,1,2,2
7653462,3,1,1,5,12,7,5,0,0,1,2,2,0,0,0,0,0,0,0,0,1,2,2,1,2,2,1,2,2,1,2,2,1,1,1,1,2,1,1,1,1,9,1,1,1,1,0,0,0,0,0,0,0,0,0,1,1,0,0,10,0,10,1,0,1,1,1,2,2
4798558,3,3,3,1,7,0,4,0,0,2,2,2,2,2,0,0,0,0,2,4,1,2,2,1,1,2,2,2,2,1,1,2,2,1,1,1,2,1,1,1,1,9,1,1,1,2,0,0,0,0,0,0,0,0,0,2,9,2,4,1,0,0,1,1,1,1,1,2,2
9374094,3,2,0,2,5,0,0,0,2,2,0,0,1,1,0,0,0,0,0,2,1,2,2,1,2,2,2,2,2,1,2,2,2,1,1,1,2,1,1,1,2,2,1,1,2,2,0,0,0,0,0,0,0,0,0,2,9,1,1,1,0,0,1,1,1,0,1,2,2
2695264,3,4,1,5,5,0,1,1,2,2,4,4,4,4,0,0,0,0,0,0,1,1,2,1,2,2,2,1,2,1,2,2,2,1,1,1,2,1,2,2,2,2,1,1,1,3,0,0,0,0,0,0,0,0,0,2,9,2,2,1,0,0,1,1,0,0,1,2,2
3475395,3,2,2,5,5,0,2,1,0,2,1,1,1,0,0,0,0,0,3,1,1,2,2,1,2,2,2,2,2,1,2,2,2,1,1,1,2,1,1,1,2,1,1,1,1,3,0,0,0,0,0,0,0,0,0,2,9,2,1,1,0,1,0,1,0,0,1,2,2
2709794,3,16,6,7,47,9,19,3,3,1,8,8,0,0,1,0,0,0,6,0,1,1,2,1,2,2,2,1,2,1,2,2,2,1,1,1,2,1,1,1,1,9,1,1,1,2,1,1,1,4,1,4,4,4,2,1,1,15,0,28,0,2,1,0,5,2,1,2,2
7677207,4,3,2,5,5,0,2,0,0,2,0,0,2,2,0,0,0,0,0,0,1,2,2,1,2,2,1,2,2,1,2,2,1,1,1,1,1,1,1,1,1,9,1,1,1,2,0,0,0,0,0,0,0,0,0,2,9,1,3,1,0,0,0,1,0,0,1,2,3
3638121,3,2,1,1,5,0,2,0,0,2,0,0,1,1,0,0,0,0,4,0,1,2,2,1,2,2,1,2,2,1,2,2,1,1,1,1,2,1,1,1,1,9,1,1,1,2,0,0,0,0,0,0,0,0,0,2,9,1,2,1,0,1,0,1,0,0,1,2,2
5221476,1,1,1,3,11,11,9,2,0,1,4,4,3,3,1,1,1,1,4,3,1,2,2,1,1,2,1,2,2,1,1,2,1,1,1,1,2,1,1,1,1,9,1,1,1,1,0,0,0,0,0,0,0,0,0,2,9,0,0,1,0,0,1,1,1,2,1,2,2
4333684,3,4,4,5,11,6,11,0,0,1,4,4,6,6,1,1,1,1,5,4,1,1,2,1,2,2,2,1,2,1,2,2,2,1,1,1,1,1,1,1,1,9,1,1,1,1,0,0,0,0,0,0,0,0,0,1,1,5,0,10,0,0,1,0,1,1,1,1,2
1452925,3,1,1,1,5,1,2,0,0,1,1,1,2,2,0,0,0,0,3,4,1,2,2,1,2,2,2,2,2,1,2,2,2,1,1,1,2,1,1,1,2,2,1,1,2,1,0,0,0,0,0,0,0,0,0,2,9,1,2,1,0,0,1,1,0,0,1,2,2
2027310,3,7,4,1,4,0,4,0,0,2,0,0,1,1,1,1,1,1,0,3,1,2,2,1,2,2,2,2,2,1,2,2,2,1,1,1,2,1,1,1,1,9,1,1,1,2,0,0,0,0,0,0,0,0,0,2,9,1,3,1,0,0,0,1,0,1,1,1,2
4067771,3,3,1,1,6,0,4,0,0,2,2,2,3,3,0,0,1,0,4,6,1,1,2,1,2,2,2,1,2,1,2,2,2,1,1,1,3,1,1,1,1,9,1,1,1,2,0,0,0,0,0,0,0,0,0,1,1,3,2,11,0,0,0,0,1,1,1,1,2
6780893,3,4,3,7,7,0,3,2,0,2,3,3,3,3,1,1,1,1,9,9,1,1,2,1,1,2,2,1,2,1,1,2,2,1,1,1,2,1,1,1,1,9,1,1,1,2,0,0,0,0,0,0,0,0,0,1,1,5,4,10,0,0,1,0,2,2,1,2,2
1245303,2,1,1,1,35,8,35,0,0,1,12,11,11,10,1,1,1,1,45,40,1,2,2,1,2,2,1,2,2,1,2,2,1,1,1,1,2,1,1,1,1,9,1,1,1,1,1,1,1,1,1,4,4,1,1,1,9,5,2,20,565,5,1,9,8,2,1,1,2
3479034,3,13,5,1,5,6,5,3,3,1,4,4,4,4,1,1,1,1,4,4,1,1,2,1,2,2,2,1,2,1,2,2,2,1,1,1,2,1,1,1,1,9,1,1,1,1,0,0,0,0,0,0,0,0,0,1,1,3,0,10,0,0,1,0,2,1,1,1,2
7374441,2,1,1,1,13,5,13,0,0,1,7,7,6,6,2,1,2,1,14,6,1,2,2,1,2,2,1,2,2,1,2,2,1,1,1,1,2,1,1,1,1,9,1,1,1,1,1,1,1,4,4,4,4,4,1,1,9,0,0,21,0,0,0,1,1,1,1,2,3
8619567,3,2,1,1,4,1,2,0,0,2,1,1,1,1,0,0,0,0,0,0,1,2,2,1,2,2,2,2,2,1,2,2,2,1,1,1,2,1,1,1,2,2,1,1,2,1,0,0,0,0,0,0,0,0,0,2,9,1,2,2,0,0,0,1,0,0,1,2,2
4056989,2,2,2,1,37,10,37,0,0,1,16,15,14,13,6,5,5,3,15,39,1,1,1,1,2,2,2,1,1,1,2,2,2,1,1,1,2,1,1,1,1,9,1,1,1,1,1,1,1,1,1,3,3,3,1,1,9,3,0,27,860,1,1,2,1,2,1,1,2
7204665,3,5,2,1,3,0,2,0,0,2,1,1,2,2,0,0,0,0,5,5,1,1,2,1,2,2,1,1,2,1,2,2,1,1,1,1,2,1,1,1,1,9,1,1,1,1,0,0,0,0,0,0,0,0,0,2,9,1,2,1,0,0,0,1,0,1,1,2,2
5555828,3,2,2,7,6,8,6,0,0,1,1,1,1,1,1,1,2,0,5,0,1,2,2,1,2,2,2,2,2,1,2,2,2,1,1,1,2,1,1,1,1,9,1,1,1,1,0,0,0,0,0,0,0,0,0,1,2,5,0,10,0,0,1,0,1,1,1,2,2
4280332,2,4,4,1,11,5,11,0,0,1,3,3,2,2,4,4,4,4,3,2,1,1,2,1,2,2,1,1,2,1,2,2,1,1,1,1,2,1,1,1,1,9,1,1,1,1,0,0,0,0,0,0,0,0,0,2,9,2,0,2,0,0,3,0,3,1,1,2,2
4045533,3,14,7,1,7,1,7,0,0,2,2,2,4,4,1,1,0,0,5,5,1,1,2,1,2,2,2,1,2,1,2,2,2,1,1,1,2,1,2,1,1,9,1,1,1,2,0,0,0,0,0,0,0,0,0,1,1,4,4,12,0,0,1,0,2,1,1,2,3
9641156,2,3,3,1,58,12,47,0,0,1,22,22,26,26,1,1,1,1,12,10,1,1,2,2,2,2,1,1,2,2,2,2,1,1,1,1,2,1,1,1,1,9,1,1,1,1,1,1,1,2,2,2,4,4,1,1,9,2,1,20,52,1,0,1,1,2,1,1,2
9609140,3,7,3,1,7,5,7,0,0,1,2,2,2,2,0,0,0,0,1,1,1,1,2,1,2,2,2,2,2,1,2,2,2,1,1,1,2,1,1,1,1,9,1,1,1,3,0,0,0,0,0,0,0,0,0,2,9,4,3,4,0,1,1,2,0,1,1,1,2
7028745,3,7,4,7,7,2,6,0,0,1,2,2,2,2,1,1,0,0,6,3,1,1,2,1,1,2,1,1,2,1,1,2,1,1,1,1,2,1,1,1,2,2,1,1,1,1,0,0,0,0,0,0,0,0,0,1,2,5,3,14,0,0,1,1,2,1,1,2,2
1137629,3,1,2,5,5,0,2,0,0,2,1,1,1,1,0,0,0,0,0,3,1,2,2,1,2,2,2,2,2,1,2,2,2,2,1,1,2,1,1,1,1,9,1,1,1,1,0,0,0,0,0,0,0,0,0,2,9,1,1,0,0,0,0,0,0,0,2,2,2
2366615,1,2,2,1,5,1,5,0,0,1,3,3,2,2,2,2,2,2,3,4,1,1,1,1,2,2,1,1,1,1,2,2,1,1,1,1,2,1,1,1,1,9,1,2,9,1,0,0,0,0,0,0,0,0,0,2,9,0,0,1,0,0,0,0,0,1,1,2,2
6312402,1,3,3,1,24,6,24,0,0,1,7,7,6,6,2,1,2,1,7,6,1,2,2,1,1,2,1,2,2,1,1,2,1,1,1,1,2,1,1,1,1,9,1,1,1,1,0,0,0,0,0,0,0,0,0,1,9,4,0,12,0,2,1,2,1,2,1,1,2
1229737,3,5,1,1,5,0,2,0,0,2,1,1,1,1,0,0,1,1,6,6,1,2,2,1,2,2,1,2,2,1,2,2,1,1,1,1,2,1,1,1,1,9,1,1,2,2,0,0,0,0,0,0,0,0,0,2,9,2,4,1,0,0,0,1,0,1,1,1,2
6253278,3,5,1,5,5,0,1,1,0,2,1,1,1,1,0,0,0,0,0,1,1,2,2,1,2,2,2,2,2,1,2,2,2,1,1,1,2,1,2,2,2,2,1,1,1,3,0,0,0,0,0,0,0,0,0,2,9,2,2,1,0,0,1,1,0,1,1,2,2
3363057,3,1,1,5,5,2,2,0,0,2,1,1,1,1,1,1,1,1,1,1,1,1,2,2,2,2,2,1,2,2,2,2,2,1,1,1,2,1,1,1,2,1,1,1,1,1,0,0,0,0,0,0,0,0,0,2,9,1,1,1,0,1,1,1,0,1,1,2,2
4607541,3,4,2,1,5,0,3,0,0,2,1,1,1,1,0,0,0,0,1,1,1,2,2,1,2,2,2,2,2,1,2,2,2,1,1,1,2,1,1,1,1,9,1,2,9,1,0,0,0,0,0,0,0,0,0,2,9,1,2,2,0,0,0,1,0,0,1,2,2
9104664,3,11,1,1,5,0,0,2,0,2,1,1,1,1,0,0,0,0,1,1,1,2,2,1,2,2,2,2,2,1,2,2,2,1,1,1,2,1,1,1,1,9,1,1,1,2,0,0,0,0,0,0,0,0,0,2,9,1,2,1,0,0,0,1,0,0,1,1,2
5844115,1,0,4,6,0,10,18,0,0,1,6,6,6,6,0,0,0,0,6,0,1,1,1,1,2,2,1,1,1,1,2,2,1,1,1,1,2,1,1,1,1,9,1,1,2,1,0,0,0,0,0,0,0,0,0,1,9,0,0,12,50,6,2,2,4,2,1,2,3
8184821,1,1,1,1,15,11,15,0,0,1,5,5,3,3,1,1,1,1,5,9,1,2,1,1,2,2,1,2,1,1,2,2,1,1,1,1,2,1,1,1,2,2,1,1,1,1,0,0,0,0,0,0,0,0,0,2,9,0,0,1,0,0,0,0,0,0,1,2,2
6372092,3,10,3,7,8,1,3,2,0,1,2,2,1,1,1,1,0,0,1,1,1,2,2,1,2,2,2,2,2,1,2,2,2,1,1,1,3,1,2,2,1,9,1,1,1,1,0,0,0,0,0,0,0,0,0,1,1,7,2,10,0,0,0,0,1,2,1,2,2
5644735,1,5,5,1,60,8,54,0,0,1,42,42,33,33,0,0,0,0,80,90,1,2,1,1,1,2,1,2,1,1,1,2,1,1,1,1,2,1,1,1,1,9,1,1,1,1,1,1,1,1,1,1,1,1,1,1,9,0,2,60,0,2,3,3,2,10,1,1,3
9158867,3,2,2,1,5,0,2,0,2,2,1,1,1,1,0,0,0,0,3,3,1,2,2,1,2,2,2,2,2,1,2,2,2,1,1,1,2,1,1,1,1,9,1,1,1,3,0,0,0,0,0,0,0,0,0,2,9,1,1,0,0,0,0,0,0,0,2,2,2
2663348,3,2,0,1,5,2,2,0,0,2,1,0,1,1,0,0,0,0,2,2,1,2,2,1,2,2,2,2,2,1,2,2,2,1,1,1,2,1,1,1,1,9,1,2,9,1,0,0,0,0,0,0,0,0,0,2,9,1,2,1,0,0,0,1,0,0,1,2,2
1809547,2,3,2,7,5,2,3,0,0,1,1,1,1,1,0,0,0,0,4,4,1,2,2,1,2,2,1,2,2,1,2,2,1,1,1,1,2,1,1,1,1,9,1,1,1,1,0,0,0,0,0,0,0,0,0,2,9,1,1,1,0,0,0,1,0,0,1,2,2
9988185,3,12,11,1,10,2,12,0,0,1,5,5,5,5,0,0,0,0,15,10,1,2,2,1,2,2,1,2,2,1,2,2,1,1,1,1,2,1,1,1,2,1,1,1,1,2,0,0,0,0,0,0,0,0,0,1,1,2,6,20,0,1,0,0,4,3,1,2,2
2288378,1,3,3,1,67,7,67,0,0,1,22,20,18,17,9,6,9,6,40,51,1,2,2,1,2,2,1,2,2,1,2,2,1,1,1,1,2,1,1,1,1,9,1,1,1,1,1,1,1,1,1,4,4,4,1,2,9,5,0,16,1400,0,1,0,1,0,1,1,2
3267553,3,9,3,2,8,2,3,3,0,1,3,3,4,4,0,0,0,0,8,15,1,2,2,1,2,2,2,2,2,1,2,2,2,1,1,1,2,1,1,1,2,1,1,1,1,2,0,0,0,0,0,0,0,0,0,1,1,4,3,10,0,0,0,0,1,2,1,2,2
4493053,3,6,3,2,6,2,5,0,0,1,2,1,2,1,0,0,0,0,6,6,1,2,2,1,1,2,2,2,2,1,1,2,2,1,1,1,2,1,1,1,1,9,1,1,2,2,0,0,0,0,0,0,0,0,0,1,1,3,2,10,0,0,1,0,1,2,1,2,2
9115400,3,4,3,1,7,2,6,0,0,1,3,3,3,3,0,0,0,0,5,5,1,2,2,1,2,2,2,2,2,1,2,2,2,1,1,1,2,1,2,1,1,9,1,1,2,1,0,0,0,0,0,0,0,0,0,2,9,2,3,2,0,0,1,1,0,1,1,2,2
3723849,3,9,9,7,8,6,8,0,0,2,2,2,0,0,0,0,0,0,0,0,2,2,2,1,2,2,1,2,2,1,2,2,1,1,1,1,2,1,1,1,1,9,1,1,2,2,0,0,0,0,0,0,0,0,0,1,1,0,0,4,0,0,1,0,1,1,1,1,2
1906312,3,7,4,1,5,4,5,0,0,2,2,2,2,2,0,0,0,0,4,7,1,2,2,1,2,2,1,2,2,1,2,2,2,1,1,1,2,1,1,1,1,9,1,1,1,3,0,0,0,0,0,0,0,0,0,2,9,1,2,1,0,0,0,1,0,1,1,1,2
6895640,3,7,3,7,10,5,10,0,0,1,0,0,4,4,0,0,1,1,0,1,1,2,2,1,2,2,1,2,2,1,2,2,1,1,1,1,1,1,2,1,1,9,1,1,1,2,0,0,0,0,0,0,0,0,0,1,1,4,1,10,0,10,1,1,1,1,1,1,2
4434127,1,2,2,1,8,7,16,0,0,1,2,2,2,2,2,2,2,2,4,6,1,1,1,1,2,2,1,1,1,1,2,2,1,1,1,1,2,1,1,1,1,9,1,1,1,1,0,0,0,0,0,0,0,0,0,1,9,0,0,12,0,0,0,1,0,3,1,2,2
5448440,3,3,2,7,5,0,4,0,0,2,1,0,6,6,1,1,0,0,1,2,1,1,2,1,2,2,2,1,2,1,2,2,2,1,1,1,2,1,2,2,1,9,1,1,1,2,0,0,0,0,0,0,0,0,0,2,9,1,2,1,0,0,1,1,0,1,1,2,2
9662622,3,7,1,7,5,2,3,0,0,1,1,0,1,1,0,0,0,0,4,8,1,2,2,1,2,2,1,2,2,1,2,2,1,1,1,1,2,1,1,1,1,9,1,1,1,1,0,0,0,0,0,0,0,0,0,2,9,1,2,1,0,0,0,1,0,0,1,2,2
2262477,3,4,1,7,5,0,2,0,0,2,1,1,1,1,0,0,0,0,1,1,1,1,2,2,2,2,2,1,2,2,2,2,2,1,1,1,2,1,2,2,1,9,1,1,1,3,0,0,0,0,0,0,0,0,0,2,9,1,2,1,0,0,0,1,0,1,1,2,3
9347612,3,5,3,1,5,0,6,2,0,2,6,6,6,6,1,1,1,1,4,4,1,2,2,1,2,2,2,2,2,1,2,2,2,1,1,1,2,1,2,1,2,1,1,1,1,1,0,0,0,0,0,0,0,0,0,2,9,1,3,2,0,1,0,1,1,1,1,1,2
1902274,3,3,0,1,4,2,2,2,0,2,1,1,1,1,0,0,0,0,5,5,1,2,2,1,2,2,2,2,2,1,2,2,2,1,1,1,2,1,1,1,1,9,1,1,1,3,0,0,0,0,0,0,0,0,0,2,9,1,2,1,0,0,0,1,0,0,1,2,2
1411998,3,4,1,1,10,4,5,0,0,1,7,7,7,7,1,1,1,1,5,5,1,1,2,1,2,2,2,1,2,1,2,2,2,1,1,1,2,1,1,1,1,9,1,1,1,1,0,0,0,0,0,0,0,0,0,1,1,2,0,10,0,10,1,0,1,1,1,2,2
2656279,3,5,1,1,5,0,2,0,0,2,1,1,1,1,1,1,0,0,3,4,1,1,2,1,2,2,2,1,2,1,2,2,2,1,1,1,2,1,1,1,1,9,1,1,1,1,0,0,0,0,0,0,0,0,0,2,9,2,3,1,0,0,1,1,0,0,1,2,2
8682934,1,2,2,1,13,3,13,0,0,1,7,7,5,5,2,1,2,1,7,15,1,2,2,1,2,2,1,2,2,1,2,2,1,1,1,1,2,1,1,1,1,9,1,1,1,1,0,0,0,0,0,0,0,0,0,1,9,1,1,1,5,1,1,1,0,1,1,2,2
5059710,3,3,1,1,5,1,1,1,0,1,1,1,1,1,0,0,0,0,0,1,1,2,2,1,1,2,2,2,2,1,1,2,2,1,1,1,2,1,1,1,1,9,1,1,1,1,0,0,0,0,0,0,0,0,0,2,9,2,2,1,0,0,0,1,0,0,1,2,3
5383544,3,8,7,7,11,0,11,0,0,2,3,3,3,3,0,0,0,0,2,2,1,2,2,1,2,2,2,2,2,1,2,2,2,1,1,1,2,1,2,2,1,9,1,1,1,2,0,0,0,0,0,0,0,0,0,1,1,2,5,11,0,0,0,0,2,1,1,2,2
6556102,3,4,4,1,4,5,4,0,0,1,1,1,1,1,0,0,0,0,0,0,1,2,2,1,2,2,2,2,2,1,2,2,2,1,1,1,2,1,1,1,1,9,1,1,1,2,0,0,0,0,0,0,0,0,0,2,9,1,2,2,0,2,2,1,2,2,1,1,2
8535756,3,3,1,2,5,1,1,0,1,1,1,1,1,1,0,0,1,1,0,3,1,1,2,1,2,2,1,2,2,1,2,2,1,1,1,1,2,1,1,1,1,9,1,1,1,1,0,0,0,0,0,0,0,0,0,2,9,1,1,0,0,0,0,0,0,0,2,2,2
8645754,3,5,1,1,5,0,1,1,0,2,0,0,1,1,0,0,0,0,3,3,1,2,2,1,2,2,2,2,2,1,2,2,2,1,1,1,2,1,1,1,1,9,1,1,1,3,0,0,0,0,0,0,0,0,0,2,9,1,2,0,0,0,0,0,0,0,2,2,2
4359493,3,3,2,5,5,0,8,0,0,2,2,2,4,4,1,0,1,0,4,8,1,2,2,1,2,2,1,2,2,1,2,2,1,1,1,1,2,1,1,1,1,9,1,1,1,2,0,0,0,0,0,0,0,0,0,2,9,2,3,2,0,0,0,1,0,2,1,2,2
4756572,3,8,2,1,6,1,0,0,7,2,2,2,2,2,0,0,0,0,4,6,1,2,2,1,2,2,1,2,2,1,2,2,1,1,1,1,1,1,1,1,1,9,1,1,1,1,0,0,0,0,0,0,0,0,0,1,1,4,2,13,0,0,0,0,1,1,1,2,2
4910145,3,4,4,5,5,5,5,0,2,1,2,2,4,4,1,1,1,1,0,0,1,2,2,1,2,2,1,2,2,1,2,2,1,1,1,1,2,1,1,1,1,9,1,1,1,1,0,0,0,0,0,0,0,0,0,1,1,5,0,10,0,10,1,0,1,1,1,1,2
2965282,3,4,1,1,3,0,2,0,0,2,1,1,1,1,0,0,1,1,0,8,1,2,2,1,2,2,2,2,2,1,2,2,2,1,1,1,2,1,1,1,1,9,1,1,1,1,0,0,0,0,0,0,0,0,0,2,9,1,1,1,0,0,0,0,0,0,2,2,2
3692816,3,12,6,1,9,4,5,0,1,1,0,0,1,1,1,1,0,0,0,1,1,2,2,1,1,2,2,2,2,1,1,2,2,1,1,1,2,1,1,1,1,9,1,1,1,1,0,0,0,0,0,0,0,0,0,1,2,2,0,10,0,0,1,0,1,1,1,2,2
4607487,3,3,3,2,5,4,1,0,4,2,2,2,2,2,0,0,0,0,2,2,1,2,2,1,2,2,2,2,2,1,2,2,2,1,1,1,2,1,1,1,1,9,1,1,1,1,0,0,0,0,0,0,0,0,0,2,9,2,2,1,0,0,1,1,0,1,1,2,3
6668494,3,5,1,1,5,8,5,0,0,1,2,2,1,1,1,0,1,0,5,0,1,2,2,1,1,2,1,2,2,1,1,2,1,1,1,1,2,1,1,1,1,9,1,1,1,1,0,0,0,0,0,0,0,0,0,1,1,4,0,10,0,0,1,0,1,1,1,1,2
7355285,1,1,1,1,84,12,75,0,0,1,100,100,75,75,0,0,0,0,175,125,1,1,1,1,2,2,2,1,1,1,2,2,2,1,1,1,2,1,2,2,1,9,1,1,1,1,1,1,1,1,1,2,4,4,1,1,9,1,5,118,0,4,0,6,4,5,1,2,3
7527015,3,5,1,1,5,3,2,0,0,2,1,1,1,1,0,0,0,0,1,1,1,2,2,1,2,2,1,2,2,1,2,2,1,1,1,1,2,1,2,1,2,2,1,1,1,1,0,0,0,0,0,0,0,0,0,2,9,1,2,1,0,1,0,1,0,0,1,2,2
3984848,1,1,1,1,11,1,11,0,0,1,12,12,12,12,0,0,0,0,12,12,1,1,2,1,2,2,2,1,2,1,2,2,2,1,1,1,2,1,1,1,1,9,1,2,9,1,0,0,0,0,0,0,0,0,0,2,9,0,1,7,0,1,0,1,1,1,1,2,1
5516459,3,17,15,7,38,7,8,7,12,2,2,2,0,0,0,0,0,0,0,0,1,2,2,1,2,2,1,2,2,1,2,2,1,1,1,1,2,1,1,1,1,9,1,1,1,1,1,1,1,1,1,4,4,4,3,1,1,0,0,20,0,15,1,0,1,1,1,1,2
4738034,1,1,1,1,0,1,5,0,0,1,6,6,6,6,0,0,0,0,0,0,1,1,2,1,1,2,2,1,2,1,1,2,2,1,1,1,2,1,2,1,2,2,2,1,2,1,0,0,0,0,0,0,0,0,0,2,9,2,0,3,0,2,0,1,1,1,1,2,3
8807983,3,5,1,1,5,0,2,0,0,2,1,1,1,1,0,0,0,0,5,5,1,1,2,1,2,2,2,1,2,1,2,2,2,1,1,1,2,1,1,1,1,9,1,1,1,2,0,0,0,0,0,0,0,0,0,2,9,1,1,2,0,1,0,1,0,1,1,1,2
7752450,3,12,7,4,18,6,11,7,0,1,2,2,2,2,0,0,0,0,8,8,1,2,2,1,2,2,1,2,2,1,2,2,1,1,1,1,2,1,1,1,1,9,1,1,1,2,1,1,1,1,1,3,3,3,4,1,1,0,0,20,0,10,1,0,2,1,1,2,2
3010782,3,20,11,7,42,4,34,0,0,2,2,2,12,12,1,1,1,1,12,16,1,1,2,1,2,2,2,1,2,1,2,2,2,1,1,1,2,1,2,1,1,9,1,1,1,2,2,2,2,3,2,4,4,4,2,1,1,16,0,35,0,0,1,0,2,2,1,2,2
5034718,3,10,4,7,8,1,2,4,0,1,2,2,2,2,0,0,0,0,4,12,1,2,2,1,2,2,1,2,2,1,2,2,1,1,1,1,2,1,1,1,1,9,1,1,1,3,0,0,0,0,0,0,0,0,0,2,9,1,6,1,0,0,0,2,0,1,1,1,3
2110626,3,10,5,1,10,0,3,1,1,2,1,1,2,1,0,0,0,0,1,2,1,1,2,1,2,2,2,1,2,1,2,2,2,1,1,1,2,1,2,1,1,9,1,1,1,3,0,0,0,0,0,0,0,0,0,2,9,1,1,5,0,1,1,1,0,1,1,1,2
7819273,3,3,1,7,10,4,9,1,0,1,2,2,2,2,0,0,0,0,4,2,1,1,2,1,2,2,2,1,2,1,2,2,2,1,1,1,2,1,1,2,2,1,1,1,1,1,0,0,0,0,0,0,0,0,0,1,1,3,0,14,0,0,1,0,2,2,1,1,2
9260712,3,5,2,1,8,2,3,0,0,1,1,1,1,1,1,1,0,0,1,1,1,1,2,2,2,2,2,1,2,2,2,2,2,1,1,1,2,1,2,2,1,9,1,1,1,2,0,0,0,0,0,0,0,0,0,1,1,4,2,10,0,0,0,0,2,2,1,1,2
6679822,3,7,4,7,5,2,4,0,4,2,0,0,2,2,0,0,2,2,0,2,1,2,2,1,2,2,2,2,2,1,2,2,2,1,1,1,2,1,1,1,1,9,1,1,1,2,0,0,0,0,0,0,0,0,0,1,1,2,3,10,0,0,0,1,2,1,1,1,2
6098139,2,1,1,8,5,0,5,0,0,2,1,1,1,1,0,0,0,0,2,1,1,2,2,1,2,2,1,2,2,1,2,2,1,1,1,1,2,1,1,1,1,9,1,1,1,1,0,0,0,0,0,0,0,0,0,2,9,3,1,1,0,1,0,1,0,1,1,2,2
4580223,3,6,3,3,6,2,3,0,2,1,2,2,2,2,1,0,1,0,2,0,1,1,2,1,1,2,2,1,2,2,1,2,2,1,1,1,2,1,2,1,1,9,1,1,1,1,0,0,0,0,0,0,0,0,0,1,1,2,0,10,0,10,1,0,1,1,1,2,2
6848299,2,1,2,1,15,9,21,0,0,1,11,11,9,9,2,2,2,2,10,9,1,2,1,1,2,2,1,2,1,1,2,2,1,1,1,1,2,1,1,1,1,9,1,1,1,1,1,1,1,1,1,3,3,3,1,1,9,3,0,14,858,2,1,0,2,0,1,1,2
3080682,3,2,1,1,5,0,2,0,0,2,1,1,1,1,0,0,0,0,1,1,1,1,2,2,2,2,2,1,2,2,2,2,2,1,1,1,2,1,1,1,1,9,1,1,1,1,0,0,0,0,0,0,0,0,0,2,9,1,2,1,0,0,1,1,0,0,1,2,2
9215213,2,0,1,1,0,9,4,0,0,1,3,3,3,3,2,2,2,2,2,2,1,2,1,1,2,2,2,2,1,1,2,2,2,1,1,1,2,1,2,1,1,9,1,1,1,3,0,0,0,0,0,0,0,0,0,2,9,0,0,2,0,1,1,0,2,2,1,2,3
4503475,3,1,1,1,5,0,2,0,0,2,1,1,0,0,0,0,0,0,2,2,1,2,2,1,2,2,2,2,2,1,2,2,2,1,1,1,2,1,1,1,1,9,1,1,1,1,0,0,0,0,0,0,0,0,0,2,9,1,1,1,0,0,0,1,0,0,1,1,2
6443668,2,1,1,1,5,1,5,0,0,1,1,1,1,1,0,0,0,0,1,3,1,2,2,1,2,2,2,2,2,1,2,2,2,1,1,1,2,1,1,1,1,9,1,1,1,1,0,0,0,0,0,0,0,0,0,2,9,1,1,0,0,0,0,0,0,0,2,2,2
4675618,3,2,1,1,5,5,5,0,0,1,2,2,0,0,0,0,0,0,0,0,1,1,2,2,2,2,1,1,2,2,2,2,1,1,1,1,2,1,1,1,1,9,1,1,1,1,0,0,0,0,0,0,0,0,0,1,1,0,0,10,0,0,0,0,1,2,2,1,2
4839496,3,2,1,5,5,1,0,0,3,1,0,0,0,0,0,0,0,0,0,0,1,2,2,1,1,2,2,2,2,1,1,2,2,1,1,1,2,1,2,1,2,1,1,1,2,3,0,0,0,0,0,0,0,0,0,1,1,4,1,10,0,10,0,0,1,2,1,2,2
9481347,2,1,1,1,22,5,12,0,0,1,4,4,3,3,1,1,1,1,12,3,1,2,2,1,1,2,1,2,2,1,1,2,1,1,1,1,2,1,1,1,1,9,1,1,1,1,0,0,0,0,0,0,0,0,0,1,9,1,1,5,1500,0,0,0,1,1,1,1,2
2226222,3,4,0,5,5,0,0,0,0,2,1,1,1,1,0,0,0,0,3,3,1,1,2,1,2,2,2,1,2,1,2,2,2,1,1,1,2,1,1,1,1,9,1,1,1,2,0,0,0,0,0,0,0,0,0,2,9,2,2,1,0,0,1,1,0,1,1,2,2
4189045,3,4,2,2,5,4,4,0,0,2,1,1,1,1,4,4,6,6,5,7,1,2,2,1,2,2,1,2,2,1,2,2,1,1,1,1,2,1,1,1,2,2,1,1,2,2,0,0,0,0,0,0,0,0,0,2,9,1,2,1,0,0,0,1,0,0,1,2,2
5126990,2,6,6,7,10,1,10,0,0,2,1,1,1,1,0,0,0,0,2,2,1,1,2,1,2,2,2,2,2,1,2,2,2,1,1,1,2,1,1,1,1,9,1,1,2,2,0,0,0,0,0,0,0,0,0,1,1,1,1,10,0,0,0,0,1,1,1,2,3
3902366,3,5,2,1,5,0,2,1,0,2,0,0,2,2,1,1,0,0,3,3,1,2,2,1,2,2,2,2,2,1,2,2,2,1,1,1,2,1,1,1,2,1,1,1,1,1,0,0,0,0,0,0,0,0,0,2,9,1,3,1,0,1,1,1,0,1,1,2,2
2218982,3,2,1,1,5,0,4,0,0,2,0,0,1,1,0,0,0,0,0,0,1,1,2,1,2,2,2,1,2,1,2,2,2,1,1,1,2,1,2,1,1,9,1,1,1,1,0,0,0,0,0,0,0,0,0,2,9,1,3,1,0,0,1,1,0,0,1,2,2
5970242,1,2,2,1,32,2,32,0,0,1,5,5,4,4,2,1,1,0,5,10,1,2,2,1,2,2,1,2,2,1,2,2,1,1,1,1,2,1,1,1,1,9,2,1,1,1,0,0,0,0,0,0,0,0,0,2,9,0,0,2,0,0,0,0,0,1,1,2,2
2444992,3,13,8,1,13,6,12,0,5,1,2,2,2,2,1,1,0,0,4,4,1,1,2,1,1,2,2,1,2,1,1,2,2,1,1,1,2,1,1,1,1,9,1,1,1,1,2,2,1,2,1,4,4,4,1,1,1,3,0,20,0,1,1,0,2,1,1,2,2
8371676,2,4,5,2,6,0,3,2,0,2,1,1,1,1,1,1,1,1,5,5,1,2,2,1,2,2,2,2,2,1,2,2,2,1,1,1,2,1,1,2,1,9,1,1,1,2,0,0,0,0,0,0,0,0,0,1,1,1,1,10,0,0,0,0,1,2,1,2,2
9142869,3,4,1,7,5,0,0,2,1,2,3,2,3,3,0,0,0,0,0,0,1,2,2,1,2,2,2,2,2,1,2,2,2,1,1,1,2,1,1,1,1,9,1,1,1,1,0,0,0,0,0,0,0,0,0,2,9,1,2,1,0,0,0,0,0,1,1,2,2
1892389,3,5,3,1,7,7,7,0,0,1,0,0,4,4,0,0,0,0,0,7,1,1,2,1,2,2,2,1,2,1,2,2,2,1,1,1,1,1,1,1,1,9,1,1,1,1,0,0,0,0,0,0,0,0,0,1,1,4,4,14,0,0,0,0,2,2,1,1,2
2610339,4,5,2,1,5,0,1,0,2,2,0,0,1,1,0,0,1,1,0,1,1,2,2,1,2,2,1,2,2,1,2,2,1,1,1,1,2,1,1,1,1,9,1,1,1,1,0,0,0,0,0,0,0,0,0,2,9,2,2,2,0,0,0,1,0,1,1,2,2
5368659,3,3,1,1,5,0,2,0,0,2,1,1,1,1,0,0,0,0,6,4,1,2,2,1,2,2,2,2,2,1,2,2,2,1,1,1,2,1,1,1,2,2,1,2,9,1,0,0,0,0,0,0,0,0,0,2,9,1,1,0,0,1,0,1,0,1,1,2,2
8466613,3,1,1,5,2,2,2,0,0,1,1,1,1,1,0,0,0,0,2,3,1,2,2,1,1,2,1,2,2,1,1,2,1,1,1,1,2,1,1,1,1,9,1,1,1,1,0,0,0,0,0,0,0,0,0,2,9,1,1,1,0,0,1,1,0,0,2,2,2
7164676,1,5,6,1,63,20,83,0,0,1,74,74,84,84,6,6,6,6,115,52,1,1,2,1,2,2,1,1,2,1,2,2,1,1,1,1,2,1,1,1,1,9,1,1,1,1,1,1,1,1,1,4,4,4,1,1,9,19,53,87,600,53,2,83,2,4,1,2,2
9383672,1,2,2,1,38,8,16,1,0,1,2,2,2,2,2,2,2,2,4,4,1,2,2,1,1,2,1,2,2,1,1,2,1,1,1,1,2,1,1,1,1,9,1,1,1,1,0,0,0,0,0,0,0,0,0,1,9,2,0,40,1400,15,1,0,2,2,1,1,3
6087544,3,3,3,5,5,1,3,2,0,2,0,0,1,1,0,0,0,0,1,1,1,2,1,1,2,2,1,2,1,1,2,2,1,1,1,1,2,1,1,1,1,9,1,1,1,1,0,0,0,0,0,0,0,0,0,2,9,1,2,1,0,0,0,1,0,1,1,2,2
1135833,3,5,2,1,5,2,1,0,1,1,1,1,2,2,0,0,0,0,4,6,1,1,2,1,1,2,1,1,2,1,1,2,1,1,1,1,2,1,1,1,1,9,1,1,1,3,0,0,0,0,0,0,0,0,0,2,9,1,2,1,0,0,1,1,0,0,1,2,2
4846905,3,3,1,1,5,0,0,2,0,2,0,0,2,1,0,0,0,0,0,3,1,2,2,1,2,2,1,2,2,1,2,2,1,1,1,1,2,1,1,1,1,9,1,1,1,1,0,0,0,0,0,0,0,0,0,2,9,1,1,1,0,0,0,1,0,1,1,2,2
3981072,2,22,22,2,27,5,27,0,0,1,0,0,24,24,0,0,3,1,0,12,1,1,2,2,2,2,2,1,2,2,2,2,2,1,1,1,2,1,2,2,2,1,1,1,1,1,4,1,1,4,4,4,4,4,1,1,2,0,0,32,0,4,1,0,4,4,1,1,1
4571374,3,5,1,1,5,0,2,0,0,2,0,0,1,0,1,0,0,0,0,0,1,2,2,1,1,2,2,2,2,1,2,2,2,1,1,1,2,1,1,1,1,9,1,2,9,3,0,0,0,0,0,0,0,0,0,2,9,1,1,1,0,0,1,1,0,0,1,2,2
9048180,3,6,6,1,7,1,6,1,0,2,1,1,1,1,1,1,1,1,12,3,1,2,2,1,2,2,2,2,2,1,2,2,2,1,1,1,2,1,1,1,1,9,1,1,1,1,0,0,0,0,0,0,0,0,0,1,1,1,2,13,0,0,0,1,2,1,1,1,2
6189207,3,8,3,2,9,2,3,0,2,1,1,1,1,1,0,0,0,0,2,2,1,2,2,1,2,2,2,2,2,1,2,2,2,1,1,1,2,1,1,1,1,9,1,1,1,2,0,0,0,0,0,0,0,0,0,2,9,1,4,1,0,0,0,1,1,1,1,2,2
2510933,1,1,1,1,6,4,5,1,0,1,10,10,10,10,1,1,1,1,2,2,1,2,2,1,2,2,1,2,2,1,2,2,1,1,1,1,2,1,1,1,1,9,1,1,1,1,0,0,0,0,0,0,0,0,0,1,9,1,0,4,0,0,0,0,1,1,2,2,2
3583322,1,2,3,1,40,10,23,0,0,1,4,4,8,8,2,2,3,3,10,25,1,2,2,1,1,2,2,2,2,1,1,2,2,1,1,1,2,1,1,1,1,9,1,1,1,1,1,1,1,1,1,4,4,4,1,1,9,2,1,16,0,9,0,3,3,3,1,2,2
5113283,3,8,3,1,7,5,7,0,0,2,2,2,2,2,1,1,1,1,6,6,1,2,2,1,2,2,2,2,2,1,2,2,2,1,1,1,2,1,2,1,1,9,1,1,1,2,0,0,0,0,0,0,0,0,0,1,1,3,4,10,0,0,1,0,2,2,1,1,2
6414624,3,7,1,1,5,0,4,0,0,2,1,1,1,1,0,0,0,0,3,3,1,2,2,1,2,2,1,2,2,1,2,2,1,1,1,1,2,1,1,1,2,2,1,1,1,1,0,0,0,0,0,0,0,0,0,2,9,2,4,2,0,1,1,1,1,1,1,2,2
8196190,2,1,1,1,45,10,39,0,0,1,12,12,12,12,1,1,1,1,60,50,1,2,2,1,2,2,2,2,2,1,2,2,2,1,1,1,2,1,1,1,1,9,1,1,1,1,1,1,1,1,1,4,4,4,1,1,9,1,0,15,0,15,0,12,15,2,1,2,2
5823358,3,7,2,1,6,0,4,1,1,2,0,0,1,1,0,0,0,0,0,1,1,1,2,2,2,2,2,1,2,2,2,2,2,1,1,1,2,1,2,1,1,9,1,1,1,3,0,0,0,0,0,0,0,0,0,2,9,1,2,4,0,2,1,1,1,1,1,2,3
4937266,3,4,4,1,6,4,7,1,1,1,1,1,1,1,1,1,1,1,3,3,1,1,2,2,2,2,2,1,2,2,2,2,2,1,1,1,2,1,1,1,1,9,1,1,1,2,0,0,0,0,0,0,0,0,0,2,9,1,4,1,0,0,1,1,0,1,1,1,2
4842580,1,2,1,1,27,2,27,0,0,1,0,0,41,37,0,0,2,2,0,37,1,2,2,1,1,2,1,2,2,1,1,2,1,1,1,1,1,1,1,1,1,9,1,1,1,1,0,0,0,0,0,0,0,0,0,2,9,1,0,6,0,0,0,0,1,1,1,2,2
9019137,3,5,2,7,5,0,3,0,0,2,0,0,1,0,0,0,0,0,0,6,1,2,2,1,2,2,2,2,2,1,2,2,2,1,1,1,2,1,1,1,1,9,1,1,1,3,0,0,0,0,0,0,0,0,0,2,9,1,2,1,0,0,0,1,0,0,1,1,2
1713450,3,4,0,1,5,1,0,0,2,2,1,1,1,1,0,0,0,0,4,4,1,2,2,1,2,2,2,2,2,1,2,2,2,1,1,1,2,1,1,1,1,9,1,1,1,1,0,0,0,0,0,0,0,0,0,2,9,1,0,0,0,0,0,0,1,0,2,2,2
2921634,2,20,9,1,33,2,22,0,0,1,30,27,20,18,12,10,8,6,54,36,1,1,2,1,2,2,1,1,2,1,2,2,1,1,1,1,1,1,1,1,2,1,1,1,1,1,0,0,0,0,0,0,0,0,0,1,1,4,16,25,0,20,0,0,6,3,1,1,2
7181551,3,5,2,7,5,0,2,2,0,2,1,1,2,2,0,0,0,0,1,2,1,2,2,1,2,2,2,2,2,1,2,2,2,1,1,1,2,1,1,1,1,9,1,1,1,2,0,0,0,0,0,0,0,0,0,2,9,2,3,1,0,0,0,1,0,1,1,2,2
2599611,3,3,2,5,5,0,1,0,1,2,0,0,6,6,0,0,1,1,0,6,1,2,2,1,2,2,1,2,2,1,2,2,1,1,1,1,2,1,1,1,1,9,1,1,1,1,0,0,0,0,0,0,0,0,0,2,9,1,4,1,0,0,0,1,0,1,1,2,2
8320756,3,4,2,1,5,0,4,0,0,2,1,1,1,1,1,1,0,0,1,1,1,2,2,1,2,2,2,2,2,1,2,2,2,1,1,1,2,1,2,2,1,9,1,1,1,3,0,0,0,0,0,0,0,0,0,2,9,1,4,2,0,0,1,1,0,1,1,2,3
5232657,3,8,2,1,6,0,4,0,0,2,1,1,2,2,0,0,0,0,1,2,1,2,2,1,2,2,2,2,2,1,2,2,2,1,1,1,2,1,2,2,1,9,1,1,1,1,0,0,0,0,0,0,0,0,0,2,9,2,2,1,0,0,1,1,0,1,1,2,2
8791681,3,9,3,2,5,4,3,0,0,1,1,1,1,1,0,0,0,0,1,1,1,1,2,2,2,2,2,1,2,2,2,2,2,1,1,1,2,1,2,1,1,9,1,1,1,1,0,0,0,0,0,0,0,0,0,2,9,4,1,1,0,0,1,1,0,1,1,2,2
6638919,3,5,2,1,5,1,3,0,0,1,2,2,1,1,2,2,1,1,4,8,1,2,2,1,1,2,2,2,2,1,1,2,2,1,1,1,2,1,1,1,1,9,1,1,1,1,0,0,0,0,0,0,0,0,0,2,9,2,3,1,0,1,1,1,0,1,1,2,2
6534067,3,1,1,3,5,0,2,0,0,2,1,1,1,1,0,0,0,0,2,3,1,2,2,1,2,2,2,2,2,1,2,2,2,1,1,1,2,1,1,1,1,9,1,1,1,3,0,0,0,0,0,0,0,0,0,2,9,1,2,1,0,0,1,1,0,0,1,2,3
2754475,3,6,1,1,4,0,2,0,0,2,2,2,2,1,0,0,0,0,3,6,1,2,2,1,2,2,2,2,2,1,2,2,2,1,1,1,2,1,1,1,1,9,1,1,1,2,0,0,0,0,0,0,0,0,0,2,9,1,2,1,0,0,0,1,0,1,1,1,2
9609741,1,2,2,1,14,7,22,0,0,1,9,9,7,7,3,2,2,1,18,7,1,1,2,1,2,2,2,1,2,1,2,2,2,1,1,1,1,1,1,1,1,9,1,1,1,1,0,0,0,0,0,0,0,0,0,1,9,0,0,30,500,0,1,10,5,3,1,1,2
9267087,3,6,5,7,6,1,7,0,0,2,0,0,4,4,0,0,0,0,0,6,1,2,2,1,2,2,1,2,2,1,2,2,1,1,1,1,2,1,1,1,1,9,1,1,1,1,0,0,0,0,0,0,0,0,0,1,1,3,3,10,0,0,0,0,1,1,1,2,2
1081925,3,2,2,5,13,7,5,0,0,1,4,4,4,4,1,1,1,1,6,0,1,2,2,1,1,2,2,2,2,1,1,2,2,1,1,1,2,1,1,1,1,9,1,1,1,1,0,0,0,0,0,0,0,0,0,1,1,1,1,10,0,0,1,0,1,1,1,1,2
7577986,3,6,2,7,14,5,7,2,0,1,2,2,4,4,0,0,0,0,4,10,1,1,2,1,2,2,1,1,2,1,2,2,1,1,1,1,1,1,2,2,1,9,1,1,1,2,1,1,1,1,1,4,4,4,4,1,1,0,0,20,0,0,1,0,1,1,1,2,3
2516163,3,1,1,1,5,0,2,0,0,2,1,1,1,1,0,0,1,1,3,1,1,2,2,1,2,2,1,2,2,1,2,2,1,1,1,1,2,1,1,1,1,9,1,1,1,3,0,0,0,0,0,0,0,0,0,2,9,1,1,1,0,0,0,1,0,0,1,2,2
8243728,2,2,2,1,28,6,28,0,0,1,4,4,4,4,4,4,4,4,4,4,1,1,2,1,1,2,2,1,2,1,1,2,2,1,1,1,2,1,1,1,1,9,1,1,1,1,1,1,1,1,1,4,4,4,2,1,9,0,9,9,0,4,0,0,0,1,1,2,2
6373843,2,2,2,5,5,6,5,0,0,1,2,2,0,0,0,0,0,0,0,0,2,2,2,1,2,2,1,2,2,1,2,2,1,1,1,1,2,1,1,1,1,9,1,1,1,1,0,0,0,0,0,0,0,0,0,1,2,0,0,10,1450,0,0,0,0,0,1,1,2
9184143,3,8,1,1,6,0,1,1,0,2,3,3,1,1,0,0,0,0,6,0,1,2,2,1,1,2,2,2,2,1,1,2,2,1,1,1,2,1,1,1,1,9,1,1,1,1,0,0,0,0,0,0,0,0,0,2,9,1,2,1,0,0,0,1,0,1,1,2,3
8741264,3,2,1,5,1,0,2,0,0,2,1,1,1,1,0,0,1,1,1,3,1,2,2,1,2,2,2,2,2,1,2,2,2,1,1,1,2,1,1,1,2,2,1,1,1,1,0,0,0,0,0,0,0,0,0,2,9,1,1,1,0,0,0,1,0,0,1,2,2
2657951,3,4,1,5,5,0,2,0,0,2,1,1,1,1,0,0,0,0,1,1,1,2,2,1,1,2,2,2,2,1,1,2,2,1,1,1,2,1,1,1,1,9,1,1,1,3,0,0,0,0,0,0,0,0,0,2,9,1,2,1,0,0,0,1,0,1,1,2,2
6793199,4,6,2,5,6,1,5,0,0,1,1,1,1,1,0,0,0,0,10,10,1,2,2,1,1,2,1,2,2,1,1,2,1,1,1,1,2,1,1,1,1,9,1,1,1,1,0,0,0,0,0,0,0,0,0,1,1,1,0,10,0,0,0,0,1,1,1,1,2
2105132,3,4,2,1,5,0,2,0,0,2,1,1,0,0,0,0,0,0,3,0,1,2,2,1,2,2,2,2,2,1,2,2,2,1,1,1,2,1,1,1,1,9,1,1,1,1,0,0,0,0,0,0,0,0,0,2,9,1,3,1,0,0,0,1,0,1,1,1,2
2782833,3,17,3,7,7,1,2,2,1,2,1,1,1,1,0,0,0,0,10,10,1,2,2,1,1,2,2,2,2,1,1,2,2,1,1,1,2,1,2,1,1,9,1,1,1,1,0,0,0,0,0,0,0,0,0,1,1,7,3,13,0,0,1,0,3,3,1,2,3
1745729,3,4,2,1,2,0,0,0,2,2,1,1,1,1,0,0,0,0,3,3,1,2,2,1,2,2,1,2,2,1,2,2,1,1,1,1,2,1,1,1,1,9,1,2,9,1,0,0,0,0,0,0,0,0,0,2,9,1,2,1,0,0,0,1,0,0,1,2,2
6624149,3,1,1,5,5,5,5,0,0,1,4,4,6,6,1,1,1,1,4,0,1,1,2,1,1,2,2,1,2,1,1,2,2,1,1,1,2,1,1,1,1,9,1,1,1,2,0,0,0,0,0,0,0,0,0,1,1,5,0,11,0,0,1,0,2,2,1,2,2
3823955,3,2,1,1,5,1,2,3,0,2,0,0,2,2,0,0,0,0,0,2,1,2,2,1,2,2,1,2,2,1,2,2,1,1,1,1,2,1,1,1,1,9,1,1,1,1,0,0,0,0,0,0,0,0,0,1,1,3,3,13,0,0,0,0,1,1,1,2,2
8859992,3,5,2,5,5,0,2,2,0,2,1,1,1,1,0,0,0,0,0,0,1,2,2,1,2,2,2,2,2,1,2,2,2,1,1,1,2,1,2,1,2,1,1,1,1,2,0,0,0,0,0,0,0,0,0,2,9,1,4,2,0,0,0,1,1,1,1,2,2
5344389,3,7,12,1,14,14,15,3,2,1,6,6,6,6,2,1,2,1,6,12,1,2,2,1,1,2,1,2,2,1,1,2,1,1,1,1,2,1,1,1,1,9,1,1,1,1,0,0,0,0,0,0,0,0,0,2,9,1,8,1,0,1,0,1,1,1,1,2,2
6885873,3,7,3,5,8,3,3,2,0,1,4,2,6,2,1,1,0,0,12,4,1,1,2,2,2,2,2,1,2,2,2,2,2,1,1,1,2,1,1,1,1,9,1,1,1,1,0,0,0,0,0,0,0,0,0,1,1,3,0,3,0,10,1,0,2,3,1,2,2
7707518,3,8,0,7,6,0,0,0,4,2,1,1,1,1,0,0,0,0,2,2,1,2,2,1,2,2,2,2,2,1,2,2,2,1,1,1,2,1,1,1,1,9,1,1,1,1,0,0,0,0,0,0,0,0,0,2,9,1,1,2,0,0,0,1,1,0,1,2,2
4407590,3,4,2,1,5,7,3,2,2,2,2,2,4,4,0,0,0,0,4,4,1,2,2,1,2,2,2,2,2,1,2,2,2,1,1,1,2,1,1,1,1,9,1,1,1,1,0,0,0,0,0,0,0,0,0,2,9,6,3,3,0,1,1,1,0,3,1,2,2
6803512,3,8,5,7,6,1,5,0,0,1,1,1,1,1,1,1,1,0,8,8,1,2,2,1,2,2,2,2,2,1,2,2,2,1,1,1,2,1,1,1,2,2,1,1,1,1,0,0,0,0,0,0,0,0,0,2,9,2,2,1,0,0,1,1,0,1,1,2,2
4926261,3,5,2,1,8,1,5,0,0,2,1,1,1,1,1,1,1,1,2,1,1,1,1,2,2,2,2,1,1,2,2,2,2,1,1,1,2,1,2,1,1,9,1,2,9,2,0,0,0,0,0,0,0,0,0,1,1,3,1,13,0,0,0,0,1,2,1,1,2
4015683,3,2,2,1,5,1,2,2,0,1,1,0,1,1,1,1,0,0,2,1,1,1,2,1,2,2,2,1,2,1,2,2,2,1,1,1,2,1,1,1,1,9,1,1,1,1,0,0,0,0,0,0,0,0,0,2,9,1,2,1,0,0,0,2,0,1,2,2,1
3851804,3,3,1,1,5,3,2,0,0,1,0,0,1,1,0,0,1,1,0,3,1,1,2,1,2,2,1,1,2,1,2,2,1,1,1,1,2,1,1,1,1,9,1,1,1,2,0,0,0,0,0,0,0,0,0,2,9,1,2,1,0,0,1,1,0,1,1,2,2
2720737,1,2,2,1,6,2,6,0,0,1,2,2,2,2,2,2,2,2,2,4,1,2,2,1,1,2,1,2,2,1,1,2,1,1,1,1,2,1,1,1,1,9,1,1,1,1,0,0,0,0,0,0,0,0,0,2,9,0,0,0,0,0,0,0,0,0,2,2,2
9942267,2,2,2,1,20,6,20,0,0,1,5,5,3,3,2,2,2,2,10,6,1,2,2,1,2,2,1,2,2,1,2,2,1,1,1,1,2,1,1,1,1,9,1,1,1,1,0,0,0,0,0,0,0,0,0,1,9,1,0,5,0,0,0,0,1,0,1,1,2
8726899,3,3,2,1,5,2,5,0,0,1,2,2,2,2,0,0,0,0,0,0,1,2,2,1,2,2,1,2,2,1,2,2,1,1,1,1,2,1,1,1,2,1,1,1,1,1,0,0,0,0,0,0,0,0,0,2,9,2,2,1,0,0,1,1,0,1,1,2,2
5662363,3,6,2,1,5,1,0,0,3,1,1,1,1,1,0,0,0,0,2,2,1,1,2,1,2,2,2,2,2,1,2,2,2,1,1,1,2,1,1,1,1,9,1,1,1,1,0,0,0,0,0,0,0,0,0,2,9,2,3,1,0,0,1,1,0,1,1,1,2
4032635,3,10,5,2,19,6,9,0,0,1,2,2,4,4,0,0,0,0,8,9,1,1,2,1,1,2,2,1,2,1,1,2,2,1,1,1,2,1,1,1,1,9,1,1,1,1,1,1,4,4,4,4,4,4,2,1,1,4,0,20,0,0,1,0,1,1,1,2,2
7757205,3,13,5,7,18,6,18,0,0,1,0,0,9,9,0,0,1,1,0,24,1,1,2,1,1,2,2,1,2,1,1,2,2,1,1,1,1,1,1,1,2,1,1,1,1,1,2,1,1,1,1,4,4,4,1,1,1,0,0,20,0,0,1,0,1,1,1,2,2
6617510,3,4,2,7,4,0,2,0,0,2,2,1,2,1,0,0,0,0,6,6,1,2,2,1,1,2,2,2,2,1,1,2,2,1,1,1,2,1,1,1,1,9,1,1,1,3,0,0,0,0,0,0,0,0,0,2,9,1,2,1,0,0,0,1,0,0,2,1,2
7213915,3,4,1,2,5,0,1,0,2,2,0,0,3,3,0,0,0,0,0,3,1,2,2,1,2,2,2,2,2,1,2,2,2,1,1,1,2,1,2,1,1,9,1,1,1,3,0,0,0,0,0,0,0,0,0,2,9,0,1,0,0,0,0,0,0,0,2,2,2
4037220,3,3,3,5,5,5,4,1,0,1,5,4,9,4,1,1,0,0,0,0,1,1,2,1,2,2,1,1,2,1,2,2,1,1,1,1,2,1,1,1,1,9,1,1,1,1,0,0,0,0,0,0,0,0,0,1,1,5,0,2,1500,11,2,1,1,2,1,1,2
9372053,3,4,1,5,7,2,2,3,0,2,5,5,5,5,0,0,0,0,5,4,1,1,2,1,2,2,2,1,2,1,2,2,2,1,1,1,2,1,2,2,2,2,1,1,1,1,0,0,0,0,0,0,0,0,0,1,1,5,1,13,0,10,1,0,1,1,1,2,3
6194000,2,1,2,5,5,6,5,0,0,1,4,4,6,6,1,1,1,1,3,0,1,1,2,1,2,2,1,1,2,1,2,2,1,1,1,1,1,1,1,1,1,9,1,1,1,1,0,0,0,0,0,0,0,0,0,1,1,2,0,13,0,0,1,0,2,3,1,1,2
2104729,3,17,6,7,32,6,29,3,0,1,2,2,2,2,2,2,2,2,40,40,1,1,1,1,2,2,1,1,1,1,2,2,1,1,1,1,2,1,1,1,1,9,1,1,1,1,1,1,1,1,1,4,4,4,1,1,1,2,0,20,0,1,1,0,1,1,1,1,2
3202720,3,4,1,2,6,0,1,0,0,2,2,2,2,2,0,0,0,0,1,1,1,2,2,1,2,2,2,2,2,1,2,2,2,1,1,1,1,1,2,1,2,1,1,1,2,1,0,0,0,0,0,0,0,0,0,2,9,2,1,1,0,0,0,1,0,1,1,2,3
7377370,3,3,1,2,5,1,0,2,0,1,1,1,1,1,0,0,0,0,3,3,1,2,2,1,2,2,2,2,2,1,2,2,2,1,1,1,2,1,2,1,1,9,1,1,1,2,0,0,0,0,0,0,0,0,0,2,9,2,2,1,0,0,1,1,0,1,1,2,2
4601620,1,1,2,1,30,6,30,0,0,1,12,12,12,12,4,3,3,2,20,27,1,1,2,1,1,2,1,1,2,1,1,2,1,1,1,1,1,1,1,1,1,9,2,1,1,1,1,1,1,1,1,4,4,4,1,1,9,0,0,15,0,8,1,1,2,3,1,2,2
6496992,3,5,5,1,5,0,4,0,1,2,1,1,1,1,1,1,1,1,6,6,1,2,2,1,1,2,2,2,2,1,1,2,2,1,1,1,2,1,1,1,2,2,1,1,1,1,0,0,0,0,0,0,0,0,0,2,9,2,5,3,0,0,0,1,0,1,1,1,2
9271030,1,2,2,3,7,3,7,0,0,1,3,3,2,2,2,2,2,2,6,4,1,2,2,1,1,2,1,2,2,1,1,2,1,1,1,1,2,1,1,1,1,9,1,1,1,1,0,0,0,0,0,0,0,0,0,1,9,3,0,10,0,0,0,0,0,0,1,1,2
3237652,3,14,6,1,7,0,5,1,0,2,2,2,2,2,2,2,2,2,0,2,1,1,1,1,2,2,2,1,1,1,2,2,2,1,1,1,2,1,1,1,1,9,1,1,1,1,0,0,0,0,0,0,0,0,0,2,9,1,2,1,0,0,0,1,0,1,1,2,3
2818029,3,6,4,7,7,7,7,0,0,1,3,3,3,3,1,1,1,1,6,6,1,2,2,1,2,2,1,2,2,1,2,2,1,1,1,1,2,1,1,1,1,9,1,1,1,1,0,0,0,0,0,0,0,0,0,1,1,6,4,10,0,1,1,0,1,2,1,2,2
2958858,3,1,1,1,4,0,2,0,0,2,1,1,2,2,0,0,0,0,2,2,1,2,2,1,2,2,1,2,2,1,2,2,1,1,1,1,2,1,1,1,2,1,1,1,1,1,0,0,0,0,0,0,0,0,0,2,9,1,2,1,0,0,0,1,0,0,1,2,2
5812629,4,2,1,5,1,1,2,0,0,2,0,0,1,1,0,0,0,0,0,3,1,2,2,1,2,2,1,2,2,1,2,2,1,1,1,1,3,1,1,1,1,9,1,1,1,1,0,0,0,0,0,0,0,0,0,2,9,1,1,1,0,0,0,1,0,0,1,2,2
1845580,3,1,1,5,5,0,2,0,0,2,1,1,1,1,0,0,0,0,1,1,1,2,2,1,2,2,2,2,2,1,2,2,2,1,1,1,2,1,1,1,2,2,1,1,1,3,0,0,0,0,0,0,0,0,0,2,9,1,1,0,0,0,0,0,0,0,2,2,3
4729136,3,3,2,7,6,2,4,0,0,2,2,2,1,1,0,0,0,0,2,2,1,2,2,1,2,2,2,2,2,1,2,2,2,1,1,1,2,1,1,1,1,9,1,1,1,1,0,0,0,0,0,0,0,0,0,1,1,4,1,0,0,0,0,0,1,2,1,1,2
5414817,3,1,1,5,2,0,2,0,0,2,1,1,1,1,0,0,0,0,3,3,1,2,2,1,2,2,1,2,2,1,2,2,1,1,1,1,2,1,1,1,1,9,1,1,1,1,0,0,0,0,0,0,0,0,0,2,9,2,1,1,0,1,1,1,0,0,1,2,2
1144150,3,8,4,1,6,1,8,0,0,1,4,4,4,4,0,0,0,0,4,4,1,1,2,1,2,2,2,1,2,1,2,2,2,1,1,1,3,1,1,1,2,1,1,1,1,2,0,0,0,0,0,0,0,0,0,1,1,7,2,12,0,1,0,0,1,0,1,2,2
1319740,3,4,2,5,5,0,2,0,0,2,1,1,1,1,0,0,0,0,2,2,1,2,2,1,2,2,2,2,2,1,2,2,2,1,1,1,2,1,1,1,2,2,1,1,1,3,0,0,0,0,0,0,0,0,0,2,9,0,1,1,0,0,1,1,0,0,1,2,3
7049281,3,2,3,1,6,2,5,0,0,1,3,3,5,5,1,1,1,1,3,2,1,1,2,1,2,2,2,1,2,1,2,2,2,1,1,1,2,1,1,1,2,1,1,1,1,1,0,0,0,0,0,0,0,0,0,1,1,7,3,13,0,0,1,0,2,3,1,2,2
4342203,3,3,2,1,5,2,6,0,0,1,1,1,1,1,0,0,0,0,3,3,1,2,2,1,2,2,2,2,2,1,2,2,2,1,1,1,2,1,2,1,1,9,1,1,1,2,0,0,0,0,0,0,0,0,0,1,1,6,3,13,0,10,1,0,1,2,1,2,2
5457664,3,7,7,1,15,6,9,1,5,1,3,2,2,2,1,0,0,0,6,8,1,2,2,1,2,2,1,2,2,1,2,2,1,1,1,1,2,1,1,1,2,2,1,1,1,1,0,0,0,0,0,0,0,0,0,2,9,1,10,0,0,0,0,3,3,1,1,2,2
9437646,3,5,2,1,5,2,4,0,0,1,1,1,1,1,1,1,1,1,4,6,1,2,2,1,2,2,2,2,2,1,2,2,2,1,1,1,2,1,1,1,1,9,1,1,1,1,0,0,0,0,0,0,0,0,0,2,9,2,2,1,0,0,0,1,0,0,1,2,2
4896307,3,2,2,2,5,0,2,0,0,2,1,1,1,1,0,0,1,1,0,1,1,1,1,1,2,2,2,1,1,1,2,2,2,1,1,1,2,1,1,1,2,1,1,1,1,3,0,0,0,0,0,0,0,0,0,2,9,1,0,1,0,0,0,1,0,0,1,1,2
5833124,3,6,1,1,5,1,2,0,0,1,1,1,1,1,0,0,1,1,4,8,1,2,2,1,2,2,2,2,2,1,2,2,2,1,1,1,2,1,1,1,1,9,1,1,1,1,0,0,0,0,0,0,0,0,0,2,9,1,1,1,0,0,0,1,0,0,1,2,2
5600055,2,4,4,1,5,2,2,0,0,2,1,1,1,1,0,0,0,0,6,6,1,2,2,1,2,2,1,2,2,1,2,2,1,1,1,1,2,1,1,1,1,9,1,1,1,1,0,0,0,0,0,0,0,0,0,2,9,1,2,1,0,0,1,1,0,1,1,2,2
1897750,3,5,2,2,5,0,4,0,0,2,1,1,0,0,0,0,0,0,0,1,1,2,2,1,2,2,2,2,2,1,2,2,2,1,1,1,2,1,2,1,1,9,1,1,1,2,0,0,0,0,0,0,0,0,0,2,9,2,2,1,0,0,1,1,1,0,1,1,2
9739797,3,6,3,1,7,1,3,3,0,2,1,1,1,1,0,0,0,0,5,6,1,2,2,1,2,2,2,2,2,1,2,2,2,1,1,1,2,1,1,1,2,2,1,1,1,2,0,0,0,0,0,0,0,0,0,1,1,4,2,13,0,0,1,0,2,2,1,2,2
6277262,3,1,1,7,5,0,2,0,0,2,0,0,1,1,0,0,0,0,0,4,1,2,2,1,2,2,1,2,2,1,2,2,1,1,1,1,2,1,1,1,1,9,1,1,1,1,0,0,0,0,0,0,0,0,0,2,9,1,0,1,0,0,0,1,0,0,1,2,2
5011805,3,4,4,1,8,1,4,0,2,2,1,1,1,1,0,0,0,0,3,3,1,2,2,1,2,2,2,2,2,1,2,2,2,1,1,1,2,1,2,1,1,9,1,1,1,1,0,0,0,0,0,0,0,0,0,1,1,3,2,10,0,10,1,0,1,2,1,2,2
8469718,3,5,1,7,5,0,0,1,1,2,0,0,1,1,0,0,1,0,0,2,1,2,2,1,1,2,2,2,2,1,1,2,2,1,1,1,2,1,1,1,2,2,1,1,1,2,0,0,0,0,0,0,0,0,0,2,9,2,0,1,0,0,1,1,0,1,1,2,2
2293502,2,2,2,1,72,7,72,0,0,1,27,25,20,18,11,7,9,8,50,18,1,1,2,1,2,2,1,1,2,1,2,2,1,1,1,1,2,1,1,1,1,9,1,1,1,1,1,1,1,1,1,4,4,4,1,1,9,0,0,20,1500,0,0,0,2,0,1,1,2
1894693,3,2,1,7,5,2,2,0,0,1,0,0,2,2,0,0,0,0,1,1,1,2,2,1,2,2,2,2,2,1,2,2,2,1,1,1,2,1,1,1,1,9,1,1,1,1,0,0,0,0,0,0,0,0,0,2,9,1,2,1,0,0,0,1,0,0,1,1,2
7817676,3,2,1,5,6,7,5,0,0,1,5,5,5,5,1,1,1,1,6,6,1,1,2,1,1,2,2,1,2,1,1,2,2,1,1,1,3,1,1,1,1,9,1,1,1,1,0,0,0,0,0,0,0,0,0,1,1,4,0,12,0,0,1,0,1,1,1,2,2
5369810,3,4,1,1,5,0,1,1,0,2,1,0,1,1,1,1,0,0,0,6,1,2,2,2,1,2,2,2,2,2,1,2,2,1,1,1,2,1,1,1,1,9,1,1,1,3,0,0,0,0,0,0,0,0,0,2,9,1,3,1,0,0,0,1,0,1,1,1,2
9456551,3,1,1,2,5,0,2,0,0,2,1,1,1,1,0,0,0,0,1,1,1,2,2,1,2,2,1,2,2,1,2,2,1,1,1,1,2,1,1,1,1,9,1,1,1,1,0,0,0,0,0,0,0,0,0,2,9,1,0,0,0,0,0,0,0,0,2,2,2
9363818,3,1,1,1,5,0,0,0,2,2,0,0,1,1,0,0,1,0,0,1,1,2,2,1,2,2,2,2,2,1,2,2,2,1,1,1,2,1,2,1,2,2,1,1,1,3,0,0,0,0,0,0,0,0,0,2,9,1,2,1,0,0,0,1,0,1,1,2,2
7291479,3,4,2,1,3,0,2,1,0,2,1,1,1,1,0,0,0,0,3,3,1,2,2,1,2,2,2,2,2,1,2,2,2,1,1,1,2,1,1,1,1,9,1,1,1,1,0,0,0,0,0,0,0,0,0,2,9,1,2,3,0,0,0,1,0,0,1,2,2
2837400,3,4,2,8,5,1,2,0,0,2,1,1,1,1,0,0,0,0,1,1,1,2,2,1,2,2,2,2,2,1,2,2,2,1,1,1,1,1,1,1,1,9,1,1,2,1,0,0,0,0,0,0,0,0,0,2,9,0,1,1,0,0,0,1,0,0,1,1,2
6572155,1,5,2,1,18,15,28,0,0,1,12,12,68,68,4,4,4,4,78,0,1,2,2,1,2,2,2,2,2,1,2,2,2,1,1,1,1,1,1,1,1,9,1,1,1,1,0,0,0,0,0,0,0,0,0,1,9,1,0,7,75,30,1,29,0,4,1,2,3
3419723,6,4,4,7,5,1,3,0,0,2,0,0,1,1,0,0,0,0,0,4,1,1,2,1,2,2,2,1,2,1,2,2,2,1,1,1,2,1,1,1,1,9,1,1,1,2,0,0,0,0,0,0,0,0,0,1,1,0,0,10,0,1,1,0,1,1,1,2,2
8507593,2,3,3,1,16,17,42,0,0,1,27,27,20,20,11,11,10,10,75,42,1,2,2,1,1,2,1,2,2,1,1,2,1,1,1,1,2,1,1,1,1,9,1,1,1,1,1,1,1,1,1,4,4,4,1,1,9,1,2,20,859,1,0,1,1,2,1,1,2
3309821,3,13,2,7,6,1,5,0,0,1,1,1,1,1,1,1,1,1,1,1,1,2,2,1,2,2,2,2,2,1,2,2,2,1,1,1,2,1,1,1,1,9,1,1,1,1,0,0,0,0,0,0,0,0,0,1,1,9,1,10,0,0,0,0,2,3,1,2,2
9922230,3,2,1,2,6,5,5,0,0,1,2,2,2,2,0,0,0,0,10,10,1,1,2,1,2,2,2,1,2,1,2,2,2,1,1,1,2,1,1,1,1,9,1,1,1,1,0,0,0,0,0,0,0,0,0,1,1,6,0,13,0,0,1,0,2,3,1,1,2
7118193,3,3,1,1,5,1,0,2,0,1,2,2,4,4,0,0,1,1,7,7,1,2,2,1,2,2,1,2,2,1,2,2,1,1,1,1,2,1,2,1,1,9,1,1,1,2,0,0,0,0,0,0,0,0,0,2,9,1,1,1,0,0,0,1,0,1,1,2,2
6453402,3,4,1,1,5,5,2,0,0,2,2,2,1,1,0,0,0,0,2,4,1,2,2,1,2,2,1,2,2,1,2,2,1,1,1,1,2,1,1,1,1,9,1,2,9,1,0,0,0,0,0,0,0,0,0,2,9,0,2,1,0,0,0,1,0,0,1,2,3
1543902,3,4,1,1,5,2,2,0,0,2,1,1,1,1,0,0,0,0,6,6,1,2,2,2,2,2,1,2,2,2,2,2,1,1,1,1,2,1,1,1,1,9,1,1,1,1,0,0,0,0,0,0,0,0,0,2,9,1,2,1,0,1,1,2,0,0,1,1,3
2934483,3,9,4,1,9,2,8,0,2,2,2,0,3,3,2,2,0,0,6,8,1,1,2,1,2,2,2,1,2,1,2,2,2,1,1,1,2,1,2,1,2,1,1,1,1,1,0,0,0,0,0,0,0,0,0,2,9,2,40,3,0,0,0,3,1,0,1,1,2
5171509,3,2,2,7,2,0,1,1,0,2,0,0,0,0,0,0,0,0,0,0,1,2,2,1,2,2,2,2,2,1,2,2,2,1,1,1,2,1,2,1,1,9,1,2,9,1,0,0,0,0,0,0,0,0,0,2,9,1,2,1,0,1,0,1,0,0,1,1,2
1440886,3,6,1,2,5,0,0,2,0,2,2,1,2,1,0,0,0,0,1,1,1,2,2,1,2,2,2,2,2,1,2,2,2,1,1,1,2,1,1,1,1,9,1,2,9,1,0,0,0,0,0,0,0,0,0,2,9,1,1,1,0,0,0,1,0,0,1,1,2
7577271,3,3,3,2,6,1,4,0,0,1,1,1,1,1,0,0,0,0,0,0,1,2,2,1,2,2,2,2,2,1,2,2,2,1,1,1,2,1,1,1,2,1,1,1,1,2,0,0,0,0,0,0,0,0,0,1,1,4,1,10,0,10,1,0,1,2,1,2,2
6409837,3,3,3,1,12,5,5,0,0,1,3,3,7,7,1,1,0,0,5,0,1,2,2,1,2,2,2,2,2,1,2,2,2,1,1,1,2,1,2,2,1,9,1,1,1,1,0,0,0,0,0,0,0,0,0,1,1,1,0,10,0,0,1,0,1,1,1,2,2
1484270,1,1,1,3,8,8,8,0,0,1,1,1,1,1,1,1,1,1,4,4,1,2,2,1,2,2,1,2,2,1,2,2,1,1,1,1,2,1,1,1,1,9,1,2,9,1,0,0,0,0,0,0,0,0,0,2,9,0,0,3,0,0,0,0,0,0,1,2,3
9095220,2,7,7,1,49,21,45,0,0,1,29,29,41,41,3,3,3,3,53,0,1,1,2,1,1,2,2,1,2,1,1,2,2,1,1,1,2,1,2,1,1,9,1,1,1,1,1,1,1,1,1,4,4,4,1,1,9,75,60,45,100,12,1,0,8,6,1,2,1
5483366,3,5,1,1,5,2,2,0,0,1,2,2,2,2,0,0,0,0,6,6,1,2,2,1,2,2,1,2,2,1,2,2,1,1,1,1,2,1,1,1,2,1,1,1,1,1,0,0,0,0,0,0,0,0,0,2,9,1,3,0,0,0,0,0,0,1,1,2,2
4368056,3,2,1,5,5,0,2,0,0,2,0,0,0,0,0,0,0,0,0,0,1,2,2,1,2,2,2,2,2,1,2,2,2,1,1,1,2,1,1,1,2,2,1,1,2,1,0,0,0,0,0,0,0,0,0,2,9,2,3,1,0,0,1,1,1,1,1,2,2
9044231,1,1,1,1,12,12,12,0,0,1,4,4,3,3,1,1,1,0,8,9,1,2,1,1,2,2,1,2,1,1,2,2,1,1,1,1,2,1,1,1,1,9,1,1,1,1,0,0,0,0,0,0,0,0,0,1,9,0,0,4,0,0,1,2,1,2,1,2,2
6015808,3,4,1,2,5,1,2,0,0,1,2,2,2,2,1,1,1,1,14,12,1,1,2,2,2,2,2,1,2,2,2,2,2,1,1,1,2,1,1,1,1,9,1,1,1,1,0,0,0,0,0,0,0,0,0,2,9,1,1,1,0,0,0,1,0,1,1,1,2
9218684,3,9,4,1,9,1,9,0,0,1,1,1,3,3,3,3,2,2,3,5,1,2,2,1,2,2,1,2,2,1,2,2,1,1,1,1,2,1,1,1,1,9,1,1,1,2,0,0,0,0,0,0,0,0,0,1,1,6,2,10,0,0,1,0,1,2,1,1,2
7040642,3,4,2,7,5,2,5,0,0,1,1,1,1,1,1,1,0,0,3,1,1,2,2,1,2,2,2,2,2,1,2,2,2,1,1,1,2,1,2,1,1,9,1,1,1,1,0,0,0,0,0,0,0,0,0,1,1,2,1,10,0,1,0,0,1,1,1,1,2
5901709,3,5,4,1,7,0,4,2,0,2,2,2,2,2,0,0,0,0,4,4,1,2,2,1,2,2,2,2,2,1,2,2,2,1,1,1,2,1,2,1,1,9,1,1,1,1,0,0,0,0,0,0,0,0,0,2,9,1,4,2,0,0,0,1,1,1,1,2,2
9919565,3,8,2,1,6,2,3,0,0,2,1,1,2,2,0,0,0,0,3,6,1,2,2,1,2,2,2,2,2,1,2,2,2,1,1,1,2,1,1,1,1,9,1,1,1,2,0,0,0,0,0,0,0,0,0,2,9,1,3,1,0,0,1,1,0,1,1,2,2
9670605,3,4,1,1,3,0,4,0,0,2,4,2,0,0,0,0,0,0,0,0,1,2,2,1,2,2,1,2,2,1,2,2,1,1,1,1,2,1,1,1,2,1,1,1,1,1,0,0,0,0,0,0,0,0,0,2,9,1,3,1,0,0,1,1,0,1,1,2,2
3704816,3,8,1,1,5,2,2,0,0,2,1,1,2,2,0,0,0,0,0,0,1,2,2,1,2,2,1,2,2,1,2,2,2,1,1,1,2,1,2,2,1,9,1,1,1,1,0,0,0,0,0,0,0,0,0,2,9,1,0,1,0,0,1,1,0,1,1,2,1
5127621,3,15,12,7,19,8,19,0,0,1,0,0,2,2,0,0,0,0,0,0,1,2,2,1,2,2,1,2,2,1,2,2,1,1,1,1,2,1,1,1,1,9,1,1,1,1,1,1,1,1,1,4,4,4,1,1,1,6,0,21,0,0,1,0,1,1,1,1,2
5668729,3,6,1,5,5,2,1,1,0,2,0,0,1,1,0,0,0,0,0,1,1,1,2,1,2,2,2,1,2,1,2,2,2,1,1,1,2,1,2,1,1,9,1,1,1,1,0,0,0,0,0,0,0,0,0,2,9,1,1,0,0,0,0,0,0,0,1,2,2
8195420,3,1,1,1,5,0,1,1,0,2,1,1,1,1,0,0,0,0,1,1,1,2,2,1,2,2,2,2,2,1,2,2,2,1,1,1,2,1,1,1,2,2,1,1,1,1,0,0,0,0,0,0,0,0,0,2,9,1,2,1,0,0,0,1,0,0,2,2,2
3784092,3,8,5,1,7,2,6,0,0,1,2,2,1,1,0,0,1,1,3,3,1,2,2,1,2,2,2,2,2,1,2,2,2,1,1,1,2,1,1,1,2,1,1,1,1,2,0,0,0,0,0,0,0,0,0,1,1,4,1,12,0,10,1,0,3,2,1,2,2
2001501,2,4,4,1,38,8,38,0,0,1,11,10,10,9,4,3,5,3,10,27,1,2,2,1,2,2,1,2,2,1,2,2,1,1,1,1,1,1,1,1,1,9,1,1,1,1,1,1,1,1,1,1,1,1,1,1,9,1,1,30,1200,6,1,0,6,0,1,1,2
3807524,3,5,4,1,20,9,22,0,0,1,6,6,6,6,1,1,1,1,4,6,2,1,2,1,2,2,2,1,2,1,2,2,2,1,1,1,1,1,1,1,1,9,1,1,1,2,0,0,0,0,0,0,0,0,0,1,1,0,0,10,0,10,1,0,1,1,1,1,2
6359065,3,2,1,5,5,7,5,0,0,1,1,1,1,1,1,1,1,1,3,6,1,1,1,1,1,2,2,1,1,1,1,2,2,1,1,1,2,1,1,1,1,9,1,1,1,2,0,0,0,0,0,0,0,0,0,1,1,0,0,10,0,2,1,0,1,1,1,2,3
5224901,3,4,2,7,5,0,2,2,0,2,1,1,2,2,0,0,0,0,5,6,1,2,2,1,2,2,2,2,2,1,2,2,2,1,1,1,2,1,1,1,2,1,1,1,1,1,0,0,0,0,0,0,0,0,0,2,9,0,2,1,0,0,0,1,0,0,1,2,2
4506452,3,8,3,1,9,5,5,0,0,1,2,2,2,2,1,1,1,1,2,2,1,2,2,1,2,2,1,2,2,1,2,2,1,1,1,1,1,1,1,1,1,9,1,1,1,1,0,0,0,0,0,0,0,0,0,1,1,4,0,10,0,10,1,0,1,2,1,2,2
6251542,3,20,20,1,44,13,44,0,0,1,0,0,35,35,0,0,1,1,0,50,1,1,2,1,2,2,2,1,2,1,2,2,2,1,1,1,2,1,2,2,1,9,1,1,1,1,1,1,1,1,1,4,4,4,1,1,1,2,0,30,0,1,1,1,4,1,1,2,3
4942931,2,3,3,1,48,9,41,0,0,1,15,15,12,12,1,1,1,1,30,25,1,2,2,1,1,2,2,2,2,1,1,2,2,1,1,1,2,1,1,1,1,9,1,1,1,1,1,1,1,1,1,4,4,4,2,2,9,1,0,18,0,0,0,4,1,0,1,1,2
7979702,3,3,3,1,6,5,3,0,2,1,1,1,2,2,1,1,0,0,1,4,1,2,2,1,2,2,2,2,2,1,2,2,2,1,1,1,2,1,1,1,1,9,1,1,1,1,0,0,0,0,0,0,0,0,0,2,9,5,2,1,0,0,0,1,1,1,2,2,2
7615250,3,5,3,1,5,2,4,0,0,1,1,1,0,0,0,0,0,0,3,0,1,1,2,2,2,2,1,1,2,2,2,2,1,1,1,1,2,1,1,1,2,1,1,1,1,1,0,0,0,0,0,0,0,0,0,2,9,1,1,1,0,1,1,1,0,0,1,2,2
7300834,3,4,1,1,5,1,2,0,0,1,1,0,1,0,0,0,0,0,2,2,1,1,2,1,2,2,2,1,2,1,2,2,2,1,1,1,2,1,2,2,2,1,1,1,1,2,0,0,0,0,0,0,0,0,0,2,9,1,1,0,0,0,0,0,0,0,2,2,3
9874312,3,5,1,1,2,3,1,1,0,2,1,1,1,1,0,0,0,0,1,1,1,1,2,1,2,2,1,1,2,1,2,2,1,1,1,1,2,1,1,1,1,9,1,1,1,2,0,0,0,0,0,0,0,0,0,2,9,2,2,1,0,0,0,1,1,1,1,1,3
1305010,3,4,3,1,4,0,3,0,1,2,1,1,1,1,0,0,0,0,5,5,1,2,2,1,2,2,2,2,2,1,2,2,2,1,1,1,2,1,2,1,1,9,1,1,1,2,0,0,0,0,0,0,0,0,0,2,9,1,2,1,0,0,0,1,0,0,1,2,2
1931312,1,2,2,1,23,5,23,0,0,1,13,13,13,13,0,0,0,0,26,31,1,2,2,1,2,2,1,2,2,1,2,2,1,1,1,1,2,1,1,1,1,9,1,1,1,1,1,1,1,1,1,4,4,4,1,1,9,0,0,20,150,0,1,3,3,5,1,1,1
1066632,3,3,1,2,5,2,1,0,1,2,2,2,1,1,0,0,0,0,1,1,1,2,2,1,2,2,2,2,2,1,2,2,2,1,1,1,2,1,1,1,1,9,1,1,1,1,0,0,0,0,0,0,0,0,0,2,9,1,2,0,0,0,0,1,0,1,1,2,2
9283918,3,14,8,7,19,6,3,3,2,1,5,3,5,5,1,1,1,1,19,4,1,2,2,1,1,2,2,2,2,1,1,2,2,1,1,1,2,1,1,1,1,9,1,1,1,1,4,4,4,4,4,4,4,4,4,1,1,2,0,25,0,0,1,0,1,2,1,2,2
9695577,3,7,4,1,8,2,3,5,0,2,1,1,1,1,1,1,1,1,6,6,1,1,2,1,1,2,1,1,2,1,1,2,1,1,1,1,2,1,1,1,2,1,1,1,2,2,0,0,0,0,0,0,0,0,0,1,1,3,2,3,0,0,0,0,1,3,1,1,2
9416552,3,4,1,7,5,0,2,0,0,2,1,1,1,1,0,0,0,0,4,4,1,2,2,1,1,2,2,2,2,1,1,2,2,1,1,1,2,1,1,1,2,1,1,1,1,1,0,0,0,0,0,0,0,0,0,2,9,1,1,1,0,0,0,1,0,1,1,2,2
6574482,1,1,1,1,0,5,18,0,0,1,2,2,2,2,0,0,0,0,1,1,1,1,2,1,2,2,2,1,2,1,2,2,2,1,1,1,2,1,2,1,1,9,1,1,1,1,0,0,0,0,0,0,0,0,0,1,9,0,0,15,0,0,0,13,2,1,1,2,2
6365778,2,7,7,8,10,4,10,0,0,1,1,1,2,2,0,0,0,0,3,3,1,2,2,1,2,2,1,2,2,1,2,2,1,1,1,1,2,1,1,1,1,9,1,1,1,1,0,0,0,0,0,0,0,0,0,1,1,3,1,10,0,0,1,1,1,1,1,1,2
4069794,1,2,2,1,11,4,11,0,0,1,3,3,2,2,2,2,2,2,6,6,1,2,2,1,2,2,1,2,2,1,2,2,1,1,1,1,2,1,2,1,1,9,1,1,1,1,0,0,0,0,0,0,0,0,0,1,9,1,0,4,0,1,1,1,0,1,1,2,3
5091333,3,3,2,6,5,2,2,0,0,2,0,0,1,0,0,0,0,0,1,1,1,2,2,1,2,2,2,2,2,1,2,2,2,1,1,1,2,1,1,1,2,1,1,1,1,1,0,0,0,0,0,0,0,0,0,2,9,1,1,1,0,0,0,0,0,1,1,2,2
9347810,3,3,3,5,5,0,5,0,0,2,2,2,2,2,0,0,0,0,6,6,1,2,2,1,2,2,2,2,2,1,2,2,2,1,1,1,2,1,1,1,2,2,1,2,9,1,0,0,0,0,0,0,0,0,0,1,1,2,2,10,0,0,0,0,1,1,1,1,2
2329434,3,21,12,2,18,2,18,0,0,2,1,0,3,3,1,1,0,0,24,16,1,1,2,1,2,2,2,1,2,1,2,2,2,1,1,1,2,1,1,1,1,9,1,1,1,1,1,1,1,1,1,4,4,4,1,1,1,2,0,20,0,0,1,0,2,3,1,1,2
9289216,3,1,0,1,5,2,0,0,2,2,1,1,1,0,0,0,1,1,1,0,1,2,2,1,2,2,2,2,2,1,2,2,2,1,1,1,2,1,1,1,1,9,1,1,1,1,0,0,0,0,0,0,0,0,0,2,9,2,2,1,0,0,0,0,1,0,2,2,2
2021558,3,5,4,1,7,0,5,1,1,2,1,1,1,1,0,0,0,0,6,9,1,2,2,1,2,2,1,2,2,1,2,2,1,1,1,1,2,1,1,1,2,1,1,1,1,3,0,0,0,0,0,0,0,0,0,2,9,2,2,1,0,0,1,1,0,1,1,2,2
8229581,3,3,1,5,5,0,2,0,0,2,1,1,1,1,0,0,0,0,3,6,1,1,2,2,2,2,2,1,2,2,2,2,2,1,1,1,2,1,1,1,1,9,1,1,1,1,0,0,0,0,0,0,0,0,0,2,9,1,1,1,0,0,0,1,0,1,1,2,2
2733282,2,1,1,1,7,1,7,0,0,1,2,2,2,2,0,0,0,0,2,2,1,1,2,1,2,2,1,1,2,1,2,2,1,1,1,1,2,1,1,1,1,9,1,2,9,1,0,0,0,0,0,0,0,0,0,1,9,0,0,2,0,0,0,0,0,1,1,2,3
9967778,3,3,2,1,5,0,2,1,0,2,1,1,1,1,0,0,0,0,3,4,1,2,2,1,2,2,2,2,2,1,2,2,2,1,1,1,2,1,2,1,1,9,1,1,1,2,0,0,0,0,0,0,0,0,0,2,9,2,3,3,0,0,0,1,0,1,1,2,2
3970863,3,20,7,2,60,10,36,0,0,1,2,2,0,0,1,1,0,0,3,0,1,2,1,1,2,2,2,2,2,1,2,2,2,1,1,1,2,1,1,1,1,9,1,1,1,1,1,1,1,1,1,2,3,3,1,1,1,0,0,20,0,15,1,0,1,1,1,1,2
5096280,3,1,1,1,5,5,2,0,0,2,1,1,1,1,0,0,0,0,3,3,1,2,2,1,2,2,1,2,2,1,2,2,1,1,1,1,2,1,1,1,1,9,1,1,1,3,0,0,0,0,0,0,0,0,0,2,9,1,1,0,0,0,0,0,0,0,2,2,2
7320477,3,2,2,1,5,0,0,0,4,2,1,1,1,1,1,1,0,0,1,2,1,2,2,1,2,2,1,2,2,1,2,2,1,1,1,1,2,1,1,1,1,9,1,1,1,1,0,0,0,0,0,0,0,0,0,2,9,1,2,1,0,0,0,2,0,0,1,2,2
6678348,3,7,3,7,7,0,7,0,0,2,1,1,1,1,0,0,1,1,1,1,1,2,2,1,2,2,2,2,2,1,2,2,2,3,1,1,2,1,1,1,1,9,1,1,1,2,0,0,0,0,0,0,0,0,0,1,1,5,3,2,0,0,0,0,1,2,1,2,2
4991161,3,2,1,7,5,0,2,0,0,2,0,0,1,1,0,0,0,0,2,2,1,2,2,1,2,2,2,2,2,1,2,2,2,1,1,1,2,1,1,1,2,1,1,1,1,1,0,0,0,0,0,0,0,0,0,2,9,1,1,0,0,0,0,0,0,0,2,2,2
2659388,3,5,1,1,2,0,1,1,0,2,0,0,2,2,1,1,0,0,0,10,1,2,2,1,2,2,2,2,2,1,2,2,2,1,1,1,2,1,1,1,1,9,1,1,1,3,0,0,0,0,0,0,0,0,0,2,9,1,3,1,0,0,0,1,0,1,1,2,3
3303708,3,1,1,5,5,2,2,0,0,2,1,1,1,1,0,0,0,0,3,3,1,2,2,1,2,2,2,2,2,1,2,2,2,1,1,1,2,1,1,1,2,1,1,1,1,1,0,0,0,0,0,0,0,0,0,2,9,2,2,1,0,0,0,1,0,0,1,2,2
9599073,3,1,1,1,2,0,2,0,0,2,2,2,2,2,0,0,0,0,6,4,1,2,2,1,2,2,2,2,2,1,2,2,2,1,1,1,2,1,1,1,1,9,1,1,1,1,0,0,0,0,0,0,0,0,0,2,9,2,3,1,0,0,0,1,1,1,1,2,2
7325839,3,2,1,1,5,1,1,0,0,2,0,0,1,1,0,0,0,0,0,22,1,2,2,1,2,2,2,2,2,1,2,2,2,1,1,1,2,1,2,1,1,9,1,1,1,3,0,0,0,0,0,0,0,0,0,2,9,1,2,1,0,0,0,1,0,1,1,2,3
7732328,3,4,1,1,5,0,2,0,0,2,1,1,2,2,0,0,0,0,1,1,1,2,2,1,2,2,1,2,2,1,2,2,1,1,1,1,2,1,1,1,1,9,1,1,1,2,0,0,0,0,0,0,0,0,0,2,9,1,2,0,0,0,0,1,0,0,1,2,3
7717356,3,3,3,7,8,0,4,2,0,2,4,4,4,4,1,1,0,0,1,1,1,1,2,1,1,2,2,1,2,1,1,2,2,1,1,1,2,1,1,1,1,9,1,1,1,1,0,0,0,0,0,0,0,0,0,1,1,5,5,10,0,0,0,0,1,3,1,2,2
7266639,3,7,1,1,6,0,2,0,0,2,1,1,1,1,1,1,0,0,1,1,1,2,2,1,2,2,2,2,2,1,2,2,2,1,1,1,2,1,1,1,1,9,1,1,1,1,0,0,0,0,0,0,0,0,0,2,9,3,4,1,0,0,0,1,0,1,1,2,2
6950325,3,7,2,1,6,0,4,0,0,2,1,1,1,1,0,0,0,0,1,1,1,1,2,2,2,2,2,1,2,2,2,2,2,1,1,1,2,1,1,1,1,9,1,1,1,1,0,0,0,0,0,0,0,0,0,2,9,1,0,0,0,0,0,1,0,0,1,2,2
8857173,3,7,8,7,8,4,8,0,0,1,2,2,0,0,0,0,0,0,0,0,1,2,2,1,2,2,1,2,2,1,2,2,1,1,1,1,2,1,1,1,1,9,1,1,1,1,0,0,0,0,0,0,0,0,0,1,1,3,0,10,0,0,1,1,1,1,1,2,2
5607829,3,5,4,2,8,2,2,3,0,1,1,1,1,1,1,1,0,0,1,1,1,2,2,1,1,2,2,2,2,1,1,2,2,1,1,1,2,1,2,1,1,9,1,1,1,2,0,0,0,0,0,0,0,0,0,1,1,5,1,10,0,1,0,0,1,2,1,1,2
4620615,3,5,2,1,5,1,2,1,0,1,1,1,2,2,0,0,0,0,2,2,1,2,2,1,2,2,2,2,2,1,2,2,2,1,1,1,2,1,1,1,1,9,1,1,1,1,0,0,0,0,0,0,0,0,0,2,9,1,2,1,0,0,0,1,0,0,1,2,2
5075595,3,9,2,2,5,5,5,0,0,2,2,1,3,3,0,0,0,0,8,6,1,1,1,1,1,2,2,1,1,1,1,2,2,1,1,1,2,1,2,2,1,9,1,1,1,1,0,0,0,0,0,0,0,0,0,1,1,2,1,11,0,0,1,0,1,2,1,2,3
1919042,3,5,5,7,8,0,5,0,0,2,0,0,2,2,1,1,0,0,4,4,1,2,2,1,2,2,2,2,2,1,2,2,2,1,1,1,2,1,1,1,2,1,1,1,1,2,0,0,0,0,0,0,0,0,0,2,9,1,5,2,0,0,1,1,0,1,1,2,2
7572568,3,1,1,1,5,0,1,0,0,2,0,0,1,0,0,0,1,0,1,0,1,2,2,1,2,2,2,2,2,1,2,2,2,1,1,1,2,1,2,1,1,9,1,2,9,1,0,0,0,0,0,0,0,0,0,2,9,1,2,1,0,0,1,1,0,0,1,1,3
1531258,3,2,1,1,5,1,0,0,1,2,1,1,1,1,0,0,0,0,0,0,1,2,2,1,2,2,1,2,2,1,2,2,1,1,1,1,2,1,1,1,2,1,1,1,1,1,0,0,0,0,0,0,0,0,0,2,9,1,1,1,0,0,0,1,0,0,1,2,2
9715764,3,8,3,1,7,4,2,1,1,2,1,1,1,1,0,0,1,1,1,3,1,2,2,1,2,2,1,2,2,1,2,2,1,1,1,1,2,1,1,1,1,9,1,1,1,2,0,0,0,0,0,0,0,0,0,2,9,1,2,1,0,0,0,1,0,0,1,1,2
5267485,2,2,2,1,34,20,21,0,0,1,6,6,8,8,0,0,0,0,25,22,1,1,2,2,1,2,2,1,2,2,1,2,2,1,1,1,1,1,2,1,1,9,1,2,9,1,1,1,1,4,4,4,4,4,1,1,9,0,0,29,0,0,1,2,1,1,1,2,3
5814139,3,4,1,1,5,0,2,0,0,2,2,2,4,4,0,0,0,0,4,8,1,2,2,1,2,2,2,2,2,1,2,2,2,1,1,1,2,1,1,1,1,9,1,1,1,1,0,0,0,0,0,0,0,0,0,2,9,1,2,1,0,2,0,1,1,0,1,2,2
5787238,3,3,3,7,8,0,6,0,0,2,3,3,3,3,0,0,1,0,3,6,1,2,2,1,2,2,1,2,2,1,2,2,1,1,1,1,2,1,1,1,1,9,1,1,1,1,0,0,0,0,0,0,0,0,0,1,1,0,1,1,0,1,0,0,0,0,1,2,2
8784681,3,5,2,7,14,0,1,0,3,2,2,2,1,1,1,1,0,0,3,3,1,2,2,1,1,2,1,2,2,1,1,2,1,3,1,1,2,1,1,1,2,1,1,1,1,3,0,0,0,0,0,0,0,0,0,2,9,2,1,1,0,1,1,1,0,1,1,2,2
8920986,3,1,1,1,5,1,2,0,0,1,1,1,1,1,0,0,0,0,3,3,1,2,2,1,2,2,1,2,2,1,2,2,1,1,1,1,2,1,1,1,2,1,1,1,1,1,0,0,0,0,0,0,0,0,0,2,9,2,2,1,0,0,0,1,0,0,1,2,2
2809002,3,14,16,1,21,5,19,0,2,1,0,0,23,23,0,0,1,1,0,39,1,2,2,1,2,2,1,2,2,1,2,2,1,1,1,1,2,1,2,2,2,2,1,1,1,1,1,1,1,4,2,4,4,4,1,1,1,8,0,23,0,0,1,1,1,3,1,1,2
3905826,1,4,4,1,57,21,57,0,0,1,37,34,23,21,15,14,10,9,34,21,1,2,2,1,1,2,1,2,2,1,1,2,1,1,1,1,1,1,1,1,1,9,1,1,1,1,1,1,1,1,1,4,4,4,1,2,9,10,15,25,1450,25,1,7,10,3,1,1,2
9678769,1,3,3,1,40,5,37,3,0,1,24,22,15,14,9,7,7,6,44,42,1,1,2,1,2,2,1,1,2,1,2,2,1,1,1,1,2,1,1,1,1,9,1,1,1,1,1,1,1,1,1,4,4,4,1,2,9,1,1,25,0,25,1,0,3,0,1,1,2
9078365,1,1,1,1,34,7,34,0,0,1,25,23,19,18,10,7,7,6,23,54,1,2,2,1,2,2,1,2,2,1,2,2,1,1,1,1,2,1,1,1,1,9,1,1,1,1,1,1,1,1,1,1,1,1,1,1,9,0,0,20,1200,8,1,0,4,0,1,1,2
3360644,4,8,8,1,5,2,5,0,0,2,2,2,0,0,0,0,0,0,0,0,1,2,2,1,1,2,1,2,2,1,1,2,1,1,1,1,2,1,1,1,1,9,1,1,1,1,0,0,0,0,0,0,0,0,0,1,1,0,0,10,0,0,1,0,0,0,1,1,2
1024982,3,12,12,7,12,6,9,0,0,1,0,0,9,9,0,0,1,1,0,32,1,1,2,1,2,2,2,1,2,1,2,2,2,1,1,1,1,1,2,2,1,9,1,1,1,1,1,1,1,1,1,4,4,4,1,1,1,3,0,5,0,20,1,0,3,3,1,2,2
1152781,3,1,2,1,5,0,2,0,0,2,0,0,1,1,0,0,0,0,0,3,1,1,2,1,1,2,2,1,2,1,1,2,2,1,1,1,3,1,1,1,1,9,1,1,1,1,0,0,0,0,0,0,0,0,0,2,9,1,2,1,0,0,0,1,0,1,1,2,2
5277676,2,2,1,1,20,6,29,0,0,1,20,20,20,20,5,5,5,5,30,30,1,1,2,1,1,2,2,1,2,1,1,2,2,1,1,1,2,1,1,1,1,9,1,1,1,1,0,0,0,0,0,0,0,0,0,1,9,5,2,25,1400,2,1,2,5,2,1,1,1
9213950,3,6,4,2,5,1,5,1,0,2,1,1,1,1,0,0,0,0,6,3,1,1,2,1,1,2,1,1,2,1,1,2,1,1,1,1,2,1,1,1,1,9,1,1,1,2,0,0,0,0,0,0,0,0,0,1,1,6,3,10,0,0,0,0,2,2,1,2,2
8255750,3,4,1,7,5,4,3,1,0,1,1,1,1,1,0,0,0,0,4,4,1,1,2,1,2,2,1,1,2,1,2,2,1,1,1,1,2,1,1,1,1,9,1,1,1,1,0,0,0,0,0,0,0,0,0,1,1,4,1,10,0,0,0,0,2,1,1,1,2
7665529,3,5,3,1,3,0,3,0,0,2,1,1,1,1,0,0,0,0,1,1,1,2,2,1,2,2,2,2,2,1,2,2,2,1,1,1,2,1,1,1,1,9,1,1,1,1,0,0,0,0,0,0,0,0,0,2,9,2,2,2,0,2,0,2,0,0,1,1,2
8933598,3,9,4,2,11,3,11,0,0,1,1,1,2,2,0,0,0,0,4,5,1,2,2,1,2,2,1,2,2,1,2,2,1,1,1,1,2,1,1,1,1,9,1,1,1,1,1,1,1,1,1,4,4,4,2,2,9,1,0,20,0,1,1,0,1,1,1,2,2
4474927,3,2,1,1,5,0,0,1,1,2,1,0,1,1,0,0,1,1,2,2,1,1,2,1,2,2,1,2,2,2,2,2,1,1,1,1,2,1,1,1,2,1,1,1,1,2,0,0,0,0,0,0,0,0,0,2,9,1,2,1,0,0,1,1,0,1,1,2,2
3190556,3,4,1,7,5,0,2,0,0,2,2,2,2,2,0,0,0,0,6,6,1,1,2,1,2,2,1,1,2,1,2,2,2,1,1,1,2,1,1,1,1,9,1,1,1,1,0,0,0,0,0,0,0,0,0,2,9,1,1,0,0,0,0,1,0,1,1,2,2
7755307,3,7,2,5,5,4,4,0,0,2,0,0,1,1,0,0,0,0,0,4,1,2,2,1,2,2,1,2,2,1,2,2,1,1,1,1,2,1,1,1,1,9,1,1,1,2,0,0,0,0,0,0,0,0,0,2,9,1,3,1,0,0,0,1,0,1,1,2,2
1444286,3,2,2,7,5,1,3,0,0,1,1,1,0,0,1,1,0,0,1,0,1,1,2,1,2,2,2,1,2,1,2,2,2,1,1,1,2,1,1,1,1,9,1,1,1,2,0,0,0,0,0,0,0,0,0,2,9,1,2,2,0,0,0,1,0,1,1,2,3
3578039,3,4,2,1,8,0,4,0,0,2,1,1,2,2,0,0,0,0,3,6,1,2,2,1,2,2,2,2,2,1,2,2,2,1,1,1,2,1,1,1,1,9,1,1,1,1,0,0,0,0,0,0,0,0,0,1,1,4,1,10,0,0,1,0,1,1,1,2,2
8837845,1,3,3,1,78,10,54,0,0,1,25,25,23,23,1,1,1,1,25,21,1,1,2,1,2,2,2,1,2,1,2,2,2,1,1,1,2,1,1,1,1,9,1,1,1,1,1,1,1,1,1,4,4,4,1,1,9,10,0,85,0,4,1,3,4,5,1,1,3
7097413,3,4,1,1,6,0,2,0,0,2,0,0,3,3,1,1,0,0,3,0,1,2,1,1,2,2,2,2,1,1,2,2,2,1,1,1,2,1,1,1,1,9,1,1,1,3,0,0,0,0,0,0,0,0,0,2,9,5,4,3,0,0,0,1,0,1,1,2,2
5458511,3,4,1,1,5,0,0,0,2,2,1,1,1,1,0,0,0,0,2,2,1,2,2,1,2,2,1,2,2,1,2,2,1,1,1,1,2,1,1,1,1,9,1,1,1,1,0,0,0,0,0,0,0,0,0,2,9,1,1,1,0,0,0,1,0,0,1,2,3
4879348,3,5,2,1,5,3,5,0,0,1,1,1,1,1,0,0,0,0,1,1,1,2,2,1,2,2,2,2,2,1,2,2,2,1,1,1,2,1,1,1,1,9,1,1,2,1,0,0,0,0,0,0,0,0,0,1,1,4,3,11,0,4,0,0,1,1,1,2,2
6528458,3,12,10,1,18,6,16,4,0,1,16,16,12,12,0,0,1,1,20,24,1,1,2,1,2,2,2,1,2,1,2,2,2,1,1,1,2,1,2,2,1,9,1,1,1,1,1,1,1,4,4,4,4,4,1,1,1,2,0,25,0,1,1,0,2,3,1,2,2
9637880,3,6,1,1,5,0,1,0,0,2,1,1,1,1,0,0,0,0,1,1,1,1,2,2,2,2,2,1,2,2,2,2,2,1,1,1,2,1,1,1,1,9,1,1,1,1,0,0,0,0,0,0,0,0,0,2,9,1,1,0,0,0,0,0,0,0,1,2,2
1685564,4,4,4,1,4,2,4,0,0,1,1,1,1,0,0,0,0,0,4,4,1,2,2,1,1,2,2,2,2,1,1,2,2,1,1,1,2,1,1,1,1,9,1,1,1,1,0,0,0,0,0,0,0,0,0,2,9,0,0,2,0,0,0,1,1,1,1,2,2
8725776,3,2,1,1,10,7,5,0,0,1,1,1,1,1,0,0,0,0,5,5,1,1,2,1,2,2,1,1,2,1,2,2,1,1,1,1,2,1,2,1,1,9,1,1,1,2,0,0,0,0,0,0,0,0,0,1,1,7,0,10,0,10,1,0,2,1,1,2,2
4431309,3,2,1,1,5,2,2,0,0,2,1,1,1,1,1,1,1,1,4,4,1,2,2,1,2,2,2,2,2,1,2,2,2,1,1,1,2,1,1,1,1,9,1,1,1,1,0,0,0,0,0,0,0,0,0,2,9,1,3,1,0,0,1,1,0,0,1,2,3
6127371,3,8,6,1,12,9,12,0,0,1,0,0,4,4,0,0,0,0,0,3,1,1,2,1,2,2,2,1,2,1,2,2,2,1,1,1,2,1,1,1,1,9,1,1,1,2,0,0,0,0,0,0,0,0,0,1,1,5,5,14,0,10,0,0,2,1,1,2,2
3656130,3,5,2,1,5,2,1,2,2,2,0,0,1,1,0,0,0,0,1,1,1,2,2,1,2,2,2,2,2,1,2,2,2,1,1,1,2,1,1,1,1,9,1,1,1,2,0,0,0,0,0,0,0,0,0,2,9,2,2,2,0,0,1,1,0,0,1,2,2
9823539,3,12,5,5,11,5,5,0,0,2,1,1,1,1,1,1,0,0,1,0,1,1,1,1,2,2,2,1,1,1,2,2,2,1,1,1,2,1,1,1,1,9,1,1,1,1,0,0,0,0,0,0,0,0,0,1,1,1,0,10,0,0,1,1,1,1,1,2,2
7229178,3,2,1,1,2,1,1,1,0,1,2,2,4,2,0,0,0,0,6,4,1,1,2,1,2,2,2,1,2,1,2,2,2,1,1,1,2,1,2,2,1,9,1,1,1,1,0,0,0,0,0,0,0,0,0,2,9,1,2,1,0,0,0,1,0,0,1,2,2
5693756,3,2,1,1,11,7,5,0,0,1,1,1,1,1,1,0,1,0,6,6,1,1,2,1,2,2,1,2,2,2,2,2,1,1,1,1,2,1,1,1,1,9,1,1,1,1,0,0,0,0,0,0,0,0,0,1,1,2,0,10,0,1,1,0,1,1,1,2,2
5915081,3,5,1,5,2,0,2,0,0,2,1,1,1,1,0,0,1,1,2,2,1,2,2,1,2,2,2,2,2,1,2,2,2,1,1,1,2,1,2,1,2,1,1,1,1,2,0,0,0,0,0,0,0,0,0,2,9,1,1,1,0,0,0,1,0,0,1,2,2
5808341,3,3,3,1,5,1,2,0,2,2,0,0,2,1,0,0,0,0,0,6,1,1,2,1,2,2,1,1,2,1,2,2,1,1,1,1,2,1,1,1,1,9,1,1,1,1,0,0,0,0,0,0,0,0,0,2,9,1,2,1,0,0,0,1,0,0,1,2,2
2487503,1,1,1,1,31,6,31,0,0,1,19,18,14,13,7,4,6,5,18,13,1,2,2,1,2,2,1,2,2,1,2,2,1,1,1,1,2,1,1,1,1,9,1,1,1,1,1,1,1,1,1,4,4,4,1,2,9,2,11,8,0,1,1,0,1,0,1,1,3
1418291,3,2,2,1,5,2,5,0,0,2,1,1,1,1,0,0,0,0,2,1,1,2,2,1,2,2,1,2,2,1,2,2,1,1,1,1,2,1,1,1,1,9,1,1,1,1,0,0,0,0,0,0,0,0,0,2,9,1,2,1,0,0,0,1,0,0,1,2,2
2327967,3,4,1,5,5,0,0,2,0,2,1,1,1,1,0,0,0,0,4,5,1,2,2,1,2,2,2,2,2,1,2,2,2,1,1,1,2,1,1,1,1,9,1,1,1,1,0,0,0,0,0,0,0,0,0,2,9,1,2,1,0,1,1,1,0,1,1,2,2
7804788,3,3,1,1,5,1,2,0,0,1,1,0,1,1,0,0,0,0,1,1,1,2,2,1,2,2,2,2,2,1,2,2,2,1,1,1,2,1,1,1,1,9,1,1,1,3,0,0,0,0,0,0,0,0,0,2,9,1,2,1,0,1,0,1,0,1,1,2,3
1118100,3,3,1,1,5,3,2,0,0,1,1,1,1,1,0,0,0,0,1,3,1,2,2,1,2,2,1,2,2,1,2,2,1,1,1,1,2,1,1,1,1,9,1,1,1,1,0,0,0,0,0,0,0,0,0,2,9,1,1,1,0,0,0,1,0,0,2,2,2
9939754,1,3,1,1,10,0,5,5,0,2,3,3,3,3,1,1,0,0,2,2,1,2,2,1,2,2,1,2,2,1,2,2,1,1,1,1,2,1,1,1,1,9,1,1,1,1,0,0,0,0,0,0,0,0,0,1,9,1,0,4,0,0,1,2,2,1,1,2,3
3892529,4,3,2,7,7,0,0,5,0,2,3,3,2,2,0,0,0,0,3,2,1,2,2,1,2,2,2,2,2,1,2,2,2,1,1,1,2,1,1,1,1,9,1,1,1,2,0,0,0,0,0,0,0,0,0,1,1,1,3,0,0,0,0,0,1,1,1,2,2
5919590,3,4,1,5,5,0,2,0,0,2,2,2,2,2,0,0,0,0,8,8,1,2,2,1,2,2,1,2,2,1,2,2,1,1,1,1,2,1,1,1,1,9,1,1,1,3,0,0,0,0,0,0,0,0,0,2,9,1,1,1,0,0,0,1,0,1,1,1,2
6446680,2,1,1,1,0,0,17,0,0,2,9,9,14,14,0,0,0,0,15,15,1,1,1,2,2,2,1,1,1,2,2,2,1,1,1,1,2,1,1,1,1,9,1,1,1,1,0,0,0,0,0,0,0,0,0,2,9,2,1,3,0,2,1,0,0,2,1,2,2
9586661,3,1,2,1,2,0,2,0,0,2,1,1,1,1,0,0,0,0,0,1,1,2,2,1,2,2,2,2,2,1,2,2,2,1,1,1,2,1,1,1,1,9,1,2,9,3,0,0,0,0,0,0,0,0,0,2,9,1,1,1,0,0,0,1,0,0,1,2,2
2586588,3,2,2,1,3,0,3,0,0,2,1,1,1,1,0,0,0,0,0,0,1,2,2,1,2,2,1,2,2,1,2,2,1,1,1,1,2,1,1,1,1,9,1,1,1,3,0,0,0,0,0,0,0,0,0,2,9,1,2,1,0,0,1,1,0,1,1,2,2
3693413,3,9,3,7,12,5,4,1,0,1,0,0,3,1,0,0,0,0,0,3,1,2,2,1,2,2,2,2,2,1,2,2,2,1,1,1,1,1,1,1,1,9,1,2,9,1,0,0,0,0,0,0,0,0,0,1,1,5,0,10,0,1,2,1,1,1,1,2,2
9883070,3,9,4,1,9,1,7,2,1,2,3,3,1,0,0,0,0,0,6,10,1,1,2,1,2,2,1,1,2,1,2,2,1,1,1,1,1,1,1,1,1,9,1,1,1,3,0,0,0,0,0,0,0,0,0,2,9,1,6,1,0,0,0,1,0,1,1,1,2
3893742,3,3,1,1,5,0,1,0,0,2,1,1,1,1,0,0,0,0,1,1,1,2,2,1,2,2,2,2,2,1,2,2,2,1,1,1,2,1,2,2,1,9,1,1,1,3,0,0,0,0,0,0,0,0,0,2,9,1,1,1,0,0,0,1,0,1,1,2,2
5042428,3,1,1,7,5,0,2,0,0,2,2,2,1,1,0,0,0,0,6,3,1,2,2,1,2,2,1,2,2,1,2,2,1,1,1,1,2,1,1,1,2,1,1,1,1,1,0,0,0,0,0,0,0,0,0,2,9,2,1,0,0,0,0,1,0,1,2,2,2
2786179,3,2,1,1,5,2,2,0,0,1,1,1,2,2,1,1,1,1,2,2,1,2,2,1,2,2,2,2,2,1,2,2,2,1,1,1,2,1,2,2,1,9,1,1,1,1,0,0,0,0,0,0,0,0,0,2,9,1,2,1,0,0,1,1,0,0,1,2,3
1540619,3,2,2,2,5,2,4,1,0,2,3,3,3,3,0,0,1,1,2,2,1,2,1,1,2,2,2,2,1,1,2,2,2,1,1,1,2,1,1,1,1,9,1,1,1,1,0,0,0,0,0,0,0,0,0,2,9,2,1,1,0,1,0,1,0,0,1,2,2
8841026,1,3,3,1,23,9,23,0,0,1,20,20,30,30,2,2,2,2,15,20,1,1,2,1,2,2,2,1,2,1,2,2,2,1,1,1,2,1,1,1,1,9,1,1,1,1,1,1,1,1,1,4,4,4,1,1,2,1,0,20,0,0,0,1,2,2,1,1,2
4780735,3,4,2,1,5,1,4,0,0,1,1,1,1,1,0,0,0,0,1,1,1,2,2,1,1,2,2,2,2,1,1,2,2,1,1,1,2,1,1,1,1,9,1,1,1,1,0,0,0,0,0,0,0,0,0,2,9,1,2,1,0,0,0,1,0,0,1,1,2
9537577,3,5,1,7,5,0,2,0,0,2,1,1,1,1,0,0,0,0,1,1,1,2,2,1,2,2,2,2,2,1,2,2,2,1,1,1,2,1,1,1,1,9,1,1,1,2,0,0,0,0,0,0,0,0,0,2,9,1,2,1,0,1,1,1,0,0,2,1,2
6203852,3,2,1,5,5,5,5,0,0,1,4,4,4,4,1,1,1,1,2,2,1,1,2,2,2,2,2,1,2,2,2,2,2,1,1,1,2,1,1,1,2,1,1,1,2,2,0,0,0,0,0,0,0,0,0,1,1,1,0,3,0,10,1,1,1,3,1,2,2
7817521,3,4,1,7,5,0,2,0,0,2,1,1,1,1,0,0,0,0,0,6,1,2,2,1,2,2,2,2,2,1,2,2,2,1,1,1,2,1,1,1,1,9,1,1,1,1,0,0,0,0,0,0,0,0,0,2,9,0,2,2,0,0,0,1,0,0,1,2,2
1653827,3,2,2,1,5,0,0,0,4,2,1,1,1,1,0,0,0,0,1,0,1,2,2,1,2,2,2,2,2,1,2,2,2,1,1,1,2,1,1,1,2,2,1,1,1,2,0,0,0,0,0,0,0,0,0,2,9,1,2,1,0,1,0,1,0,0,1,2,2
9328696,3,10,4,7,36,8,15,4,0,1,10,5,0,0,0,0,0,0,5,0,1,2,2,1,2,2,2,2,2,1,2,2,2,1,1,1,2,1,1,1,1,9,1,1,1,1,1,1,1,1,1,4,4,4,1,1,1,7,0,22,0,0,1,0,2,1,1,2,2
6038263,3,5,2,1,5,0,3,0,0,2,1,1,1,1,0,0,0,0,2,2,1,2,2,1,1,2,1,2,2,1,1,2,1,1,1,1,2,1,1,1,2,1,1,1,1,2,0,0,0,0,0,0,0,0,0,2,9,2,1,1,0,0,0,1,0,0,1,2,2
9727553,3,8,3,1,8,2,4,4,2,1,2,2,3,3,1,1,0,0,3,6,1,1,2,1,1,2,2,1,2,1,1,2,2,1,1,1,2,1,1,1,2,2,1,2,9,3,0,0,0,0,0,0,0,0,0,2,9,1,3,1,0,1,1,1,1,0,1,2,2
6986279,3,8,4,1,5,4,3,0,1,1,1,1,1,1,0,0,0,0,3,3,1,2,2,1,2,2,1,2,2,1,2,2,1,1,1,1,2,1,1,1,1,9,1,1,1,1,0,0,0,0,0,0,0,0,0,2,9,1,2,1,0,0,1,1,0,0,1,2,2
4756514,1,3,3,1,17,1,20,0,0,1,20,20,0,0,1,1,0,0,45,0,1,2,2,1,2,2,2,2,2,1,2,2,2,1,1,1,2,1,1,1,1,9,1,2,9,1,0,0,0,0,0,0,0,0,0,2,9,0,0,1,0,0,0,0,0,1,1,1,2
4574867,3,6,4,1,7,1,4,3,0,2,1,1,2,2,1,1,0,0,2,2,1,1,2,1,2,2,2,2,2,1,2,2,2,1,1,1,1,1,1,1,1,9,1,1,1,2,0,0,0,0,0,0,0,0,0,2,9,1,2,1,0,0,0,1,0,1,1,2,2
5665420,3,2,2,8,5,1,4,0,0,1,1,1,1,1,1,0,0,0,1,1,1,2,2,1,2,2,1,2,2,1,2,2,1,1,1,1,2,1,1,1,2,1,1,1,1,1,0,0,0,0,0,0,0,0,0,2,9,1,2,1,0,0,1,1,0,1,1,2,2
3514969,3,1,1,1,5,0,2,0,0,2,2,2,2,2,0,0,0,0,3,3,1,2,2,1,2,2,2,2,2,1,2,2,2,1,1,1,2,1,1,1,2,1,1,1,1,2,0,0,0,0,0,0,0,0,0,2,9,2,1,1,0,0,1,1,0,1,1,2,2
8522881,3,3,1,5,5,0,0,2,0,2,1,0,1,0,1,1,0,0,1,1,1,2,2,1,2,2,2,2,2,1,2,2,2,1,1,1,2,1,1,1,1,9,1,1,1,3,0,0,0,0,0,0,0,0,0,2,9,1,2,1,0,0,1,1,0,1,1,2,2
1463626,3,5,1,1,2,0,2,0,0,2,1,1,1,1,0,0,0,0,2,2,1,2,2,1,2,2,2,2,2,1,2,2,2,1,1,1,2,1,1,1,1,9,1,1,2,3,0,0,0,0,0,0,0,0,0,2,9,1,1,1,0,0,0,1,0,0,1,2,1
8333302,3,10,4,1,24,6,15,3,6,1,12,12,0,0,3,3,0,0,40,0,1,2,2,1,1,2,1,2,2,1,1,2,1,1,1,1,2,1,1,1,1,9,1,1,1,2,2,1,1,1,1,4,4,4,1,1,1,13,0,27,0,21,0,0,2,3,1,1,2
3418172,3,3,1,1,5,0,1,0,0,2,1,1,1,0,0,0,0,0,0,3,1,2,2,1,2,2,2,2,2,1,2,2,2,1,1,1,2,1,1,1,1,9,1,1,1,2,0,0,0,0,0,0,0,0,0,2,9,1,1,0,0,0,0,0,0,0,2,2,2
7951009,3,7,4,7,9,3,7,1,1,1,2,2,4,4,1,1,0,0,15,25,1,1,2,1,1,2,2,1,2,2,1,2,2,1,1,1,1,1,1,1,1,9,1,1,1,2,0,0,0,0,0,0,0,0,0,1,1,1,5,10,0,0,1,0,0,1,1,2,2
4975681,3,17,10,7,19,5,19,0,0,1,1,1,2,2,1,1,1,1,6,10,1,1,2,1,2,2,2,1,2,1,2,2,2,1,1,1,2,1,1,1,1,9,1,1,1,1,2,1,1,1,1,4,4,4,1,1,1,0,0,20,0,2,1,0,1,1,1,1,2
8348717,3,2,2,1,5,0,2,2,0,2,1,1,1,1,1,1,0,0,3,3,1,2,2,1,2,2,2,2,2,1,2,2,2,1,1,1,2,1,1,1,1,9,1,1,1,1,0,0,0,0,0,0,0,0,0,2,9,1,2,1,0,0,0,1,0,0,1,2,3
9226538,3,4,3,7,5,1,2,3,0,2,1,1,1,1,0,0,1,1,5,5,1,2,2,1,2,2,2,2,2,1,2,2,2,1,1,1,2,1,1,1,1,9,1,1,1,1,0,0,0,0,0,0,0,0,0,1,1,6,0,10,0,0,1,0,2,1,1,1,2
3833665,3,6,4,1,6,0,2,1,1,2,2,2,2,2,1,1,0,0,6,6,1,2,2,1,2,2,1,2,2,1,2,2,1,1,1,1,2,1,1,1,1,9,1,1,1,1,0,0,0,0,0,0,0,0,0,1,1,3,3,10,0,0,0,0,1,2,1,1,2
2605911,3,16,16,7,43,5,30,13,0,1,2,2,0,0,0,0,0,0,10,0,1,1,1,1,2,2,1,1,1,1,2,2,1,1,1,1,2,1,1,1,1,9,1,1,1,1,1,1,1,1,1,1,4,1,1,1,1,13,0,20,0,20,1,0,1,1,1,1,2
9755792,1,1,1,1,20,7,20,0,0,1,13,13,13,13,1,1,1,1,13,13,1,1,1,1,1,2,2,1,1,1,1,2,2,1,1,1,2,1,2,1,1,9,1,1,1,1,0,0,0,0,0,0,0,0,0,1,9,1,0,17,0,0,1,1,1,1,1,2,3
6362346,3,4,1,1,5,5,2,0,0,1,0,0,2,2,0,0,0,0,0,6,1,2,2,1,2,2,1,2,2,1,2,2,1,1,1,1,2,1,1,1,1,9,1,1,1,1,0,0,0,0,0,0,0,0,0,2,9,1,1,1,0,0,0,1,0,0,1,2,2
4000130,3,3,1,1,5,1,1,0,0,2,0,0,1,1,0,0,0,0,0,2,1,2,2,1,2,2,2,2,2,1,2,2,2,1,1,1,2,1,2,1,1,9,1,1,1,2,0,0,0,0,0,0,0,0,0,2,9,1,2,0,0,0,0,1,0,0,1,1,2
5369021,3,4,1,1,5,0,2,0,0,2,3,3,2,2,0,0,1,1,2,4,1,2,1,1,2,2,2,2,1,1,2,2,2,1,1,1,2,1,1,1,1,9,1,1,1,3,0,0,0,0,0,0,0,0,0,2,9,1,2,1,0,0,0,1,0,0,1,2,3
1110526,3,1,1,7,5,2,1,0,0,2,0,0,1,1,0,0,0,0,0,1,1,2,2,1,2,2,1,2,2,1,2,2,1,1,1,1,1,1,1,1,2,1,1,1,1,1,0,0,0,0,0,0,0,0,0,2,9,1,1,2,0,2,2,0,2,2,1,1,1
7051352,3,1,1,1,5,1,2,0,0,1,1,1,1,1,0,0,0,0,3,2,1,1,2,1,1,2,1,1,2,1,1,2,1,1,1,1,2,1,1,1,1,9,1,1,1,1,0,0,0,0,0,0,0,0,0,2,9,1,1,2,0,2,1,1,0,0,1,2,2
4483302,3,4,1,1,5,0,2,0,0,2,1,1,1,1,0,0,0,0,3,3,1,2,2,1,2,2,1,2,2,1,2,2,1,1,1,1,2,1,1,1,1,9,1,1,1,1,0,0,0,0,0,0,0,0,0,2,9,1,1,1,0,0,0,1,0,0,1,2,2
6319353,3,1,1,1,5,2,0,2,0,1,1,1,1,1,0,0,0,0,1,2,1,2,2,1,2,2,1,2,2,1,2,2,1,1,1,1,2,1,1,1,1,9,1,1,1,1,0,0,0,0,0,0,0,0,0,2,9,1,1,1,0,0,0,1,0,1,1,2,2
6792648,3,2,1,1,5,0,2,0,0,2,0,0,1,1,0,0,0,0,0,2,1,2,2,1,2,2,2,2,2,1,2,2,2,1,1,1,2,1,1,1,1,9,1,1,1,1,0,0,0,0,0,0,0,0,0,2,9,1,1,1,0,0,0,1,0,1,1,2,2
3130017,3,1,1,8,5,0,2,0,0,2,1,1,1,1,0,0,0,0,1,3,1,2,2,1,2,2,2,2,2,1,2,2,2,1,1,1,2,1,1,1,2,2,1,1,1,1,0,0,0,0,0,0,0,0,0,2,9,1,1,1,0,1,1,1,0,1,2,2,2
5192281,3,4,1,1,5,1,2,0,0,2,1,1,2,2,1,1,0,0,5,2,1,2,2,1,2,2,2,2,2,1,2,2,2,1,1,1,2,1,1,1,1,9,1,1,1,2,0,0,0,0,0,0,0,0,0,2,9,6,4,1,0,0,0,1,1,2,1,2,3
4864266,3,3,1,1,5,0,2,0,0,2,1,1,1,1,1,0,0,0,1,3,1,2,2,1,2,2,2,2,2,1,2,2,2,1,1,1,2,1,1,1,2,2,1,1,1,2,0,0,0,0,0,0,0,0,0,2,9,0,2,1,0,0,0,1,0,1,1,2,2
6452308,3,8,8,1,9,2,9,0,0,1,6,6,6,6,1,1,0,0,7,8,1,2,2,1,2,2,2,2,2,1,2,2,2,1,1,1,2,1,1,1,1,9,1,1,1,2,0,0,0,0,0,0,0,0,0,1,1,3,1,12,0,1,0,0,1,5,1,2,2
7229322,1,2,2,1,9,6,8,0,0,1,2,2,1,1,2,2,2,2,6,1,1,2,2,1,2,2,1,2,2,1,2,2,1,1,1,1,2,1,1,1,1,9,1,1,1,1,0,0,0,0,0,0,0,0,0,1,9,4,0,10,0,1,0,0,1,2,1,2,2
4254794,3,6,4,1,7,4,4,0,0,2,1,1,1,1,0,0,0,0,3,2,1,1,2,2,2,2,2,1,2,2,2,2,2,1,1,1,2,1,1,1,1,9,1,1,2,3,0,0,0,0,0,0,0,0,0,2,9,1,2,2,0,0,1,1,0,0,1,2,2
5673038,3,6,3,1,9,5,4,4,0,1,2,2,4,2,0,0,1,1,4,8,1,1,2,1,1,2,2,1,2,1,2,2,2,1,1,1,3,1,1,1,1,9,1,1,1,1,0,0,0,0,0,0,0,0,0,1,1,0,0,10,0,0,1,1,1,1,1,2,2
6955667,3,8,4,7,6,2,8,0,0,1,2,2,2,2,1,1,0,0,5,5,1,1,2,1,2,2,2,1,2,1,2,2,2,1,1,1,2,1,1,1,1,9,1,1,1,2,0,0,0,0,0,0,0,0,0,1,1,3,2,13,0,0,0,0,2,2,1,1,2
6071939,1,0,1,1,0,5,12,0,0,1,6,6,6,6,0,0,6,6,5,5,1,1,2,2,2,2,2,1,2,2,2,2,2,1,1,1,1,1,2,1,1,9,1,1,1,1,0,0,0,0,0,0,0,0,0,2,9,4,0,1,0,0,0,1,1,1,1,1,3
4163123,3,2,4,7,6,8,6,2,2,1,1,0,1,0,1,0,2,1,5,5,1,2,2,1,2,2,1,2,2,1,2,2,1,1,1,1,2,1,1,1,1,9,1,1,1,1,0,0,0,0,0,0,0,0,0,2,9,2,6,1,0,1,0,1,1,1,1,2,2
3547977,2,1,1,1,9,2,9,0,0,1,2,2,3,3,1,1,1,1,6,3,1,2,2,1,2,2,1,2,2,1,2,2,1,1,1,1,2,1,1,1,1,9,1,1,1,1,0,0,0,0,0,0,0,0,0,1,9,0,0,0,0,0,0,0,0,0,1,2,2
3140846,2,8,8,5,12,5,12,0,0,1,2,2,0,0,0,0,0,0,0,0,1,2,2,1,2,2,1,2,2,1,2,2,1,1,1,1,2,1,1,1,2,1,1,1,1,1,1,1,1,1,1,4,4,4,1,1,2,1,0,2,0,20,1,0,1,2,1,2,2
6196794,3,5,2,1,5,0,2,0,0,2,1,0,1,0,0,0,0,0,0,0,1,2,2,1,2,2,2,2,2,1,2,2,2,1,1,1,2,1,1,1,1,9,1,2,9,2,0,0,0,0,0,0,0,0,0,2,9,1,2,1,0,0,0,1,0,1,1,2,2
7126546,3,4,1,7,2,0,2,0,0,2,2,2,2,2,0,0,0,0,2,2,1,2,2,1,2,2,2,2,2,1,2,2,2,1,1,1,2,1,1,1,1,9,1,1,1,2,0,0,0,0,0,0,0,0,0,2,9,2,1,1,0,0,0,1,1,1,1,2,2
5542962,3,7,3,1,7,1,2,3,0,2,2,2,1,1,2,2,0,0,4,0,1,1,2,1,2,2,1,1,2,1,2,2,2,1,1,1,2,1,2,1,1,9,1,1,1,1,0,0,0,0,0,0,0,0,0,2,9,1,5,1,0,0,0,1,1,1,1,2,2
3923978,3,3,1,1,5,0,1,0,0,2,0,0,1,1,1,1,0,0,0,1,1,1,2,1,2,2,2,2,2,1,2,2,2,1,1,1,1,1,1,1,1,9,1,1,1,2,0,0,0,0,0,0,0,0,0,2,9,1,1,1,0,0,0,1,1,1,1,2,2
4033967,3,1,2,7,5,3,3,0,2,1,2,2,2,2,0,0,0,0,4,4,1,1,2,1,2,2,2,1,2,1,2,2,2,1,1,1,2,1,1,1,1,9,1,1,1,1,0,0,0,0,0,0,0,0,0,1,1,2,1,11,0,0,0,0,1,1,2,2,2
4345612,3,2,2,1,5,0,2,0,0,2,0,0,1,1,0,0,0,0,0,4,1,1,2,1,1,2,2,2,2,1,1,2,2,1,1,1,2,1,1,1,2,1,1,1,1,3,0,0,0,0,0,0,0,0,0,2,9,2,2,1,0,0,0,1,0,1,1,2,2
3938648,3,2,2,1,5,0,4,0,0,2,1,1,1,1,1,0,1,0,2,2,1,1,2,1,2,2,1,1,2,1,2,2,1,1,1,1,2,1,1,1,1,9,1,1,1,1,0,0,0,0,0,0,0,0,0,2,9,1,2,1,0,0,0,1,0,0,1,2,2
8635537,3,4,1,5,5,2,2,0,0,2,1,1,1,1,0,0,0,0,6,3,1,2,2,1,2,2,1,2,2,1,2,2,1,1,1,1,2,1,1,1,1,9,1,1,1,1,0,0,0,0,0,0,0,0,0,2,9,1,1,1,0,1,0,1,0,0,1,2,2
7170787,1,1,1,1,28,8,8,0,0,1,5,5,3,3,2,1,1,0,5,3,1,2,2,1,1,2,1,2,2,1,1,2,1,1,1,1,2,1,1,1,1,9,1,1,1,1,0,0,0,0,0,0,0,0,0,2,9,0,0,1,0,0,0,0,0,0,1,2,2
9605743,3,4,2,1,5,2,3,2,0,2,3,3,0,0,0,0,0,0,3,0,1,2,1,1,2,2,2,2,1,1,2,2,2,1,1,1,2,1,2,1,1,9,1,2,9,2,0,0,0,0,0,0,0,0,0,1,1,3,4,10,0,0,0,0,1,1,1,2,3
8887519,3,4,2,5,5,0,2,0,0,2,1,1,1,1,0,0,0,0,1,5,1,2,2,1,2,2,2,2,2,1,2,2,2,1,1,1,2,1,2,2,1,9,1,1,1,1,0,0,0,0,0,0,0,0,0,2,9,2,2,1,0,1,0,1,0,1,1,2,2
6424703,3,2,1,7,6,0,1,0,0,2,1,1,1,1,0,0,0,0,3,2,1,2,2,1,1,2,1,2,2,1,1,2,1,1,1,1,2,1,1,1,1,9,1,1,1,1,0,0,0,0,0,0,0,0,0,2,9,1,1,1,0,0,0,1,0,0,1,2,2
6485376,3,4,1,1,4,6,4,0,0,1,0,0,2,2,0,0,0,0,0,10,1,2,2,1,2,2,1,2,2,1,2,2,1,1,1,1,2,1,1,1,1,9,1,1,1,1,0,0,0,0,0,0,0,0,0,2,9,2,2,4,0,0,0,1,0,1,1,2,2
7209148,3,6,1,1,2,2,2,0,0,1,1,1,2,2,0,0,0,0,5,8,1,1,2,1,2,2,1,1,2,1,2,2,1,1,1,1,2,1,2,2,1,9,1,1,1,1,0,0,0,0,0,0,0,0,0,2,9,1,1,1,0,0,0,1,0,0,1,2,2
1700888,2,2,1,1,23,9,11,0,0,1,26,26,21,21,1,1,1,1,27,22,1,2,2,1,2,2,1,2,2,1,2,2,1,1,1,1,1,1,1,1,1,9,1,1,1,1,1,1,1,1,1,4,4,4,1,1,9,1,0,35,100,32,1,3,3,2,1,2,3
4770093,3,3,1,7,2,0,2,0,0,2,1,1,1,1,0,0,0,0,0,3,1,1,2,1,2,2,1,1,2,1,2,2,1,1,1,1,2,1,2,2,1,9,1,1,1,3,0,0,0,0,0,0,0,0,0,2,9,1,2,2,0,0,0,1,0,0,2,1,2
4749514,3,3,3,8,7,0,5,0,2,2,2,1,2,1,0,0,0,0,2,2,1,2,2,1,2,2,2,2,2,1,2,2,2,1,1,1,2,1,2,1,1,9,1,1,1,1,0,0,0,0,0,0,0,0,0,1,1,0,1,4,0,0,0,0,0,1,1,2,2
8108966,3,3,0,1,5,0,2,0,0,2,2,2,0,0,0,0,0,0,3,0,1,2,2,1,2,2,2,2,2,1,2,2,2,1,1,1,2,1,1,1,2,2,1,1,1,3,0,0,0,0,0,0,0,0,0,2,9,1,1,1,0,0,0,1,0,0,1,2,2
2209053,3,2,1,5,2,0,2,0,0,2,3,3,3,3,0,0,0,0,3,3,1,2,2,1,2,2,2,2,2,1,2,2,2,1,1,1,2,1,1,1,1,9,1,1,1,2,0,0,0,0,0,0,0,0,0,2,9,1,3,1,0,1,1,1,0,2,2,1,2
7225427,3,8,1,2,5,1,2,0,0,1,1,1,1,1,0,0,0,0,2,2,1,2,2,1,2,2,2,2,2,1,2,2,2,1,1,1,2,1,1,1,2,2,1,1,1,2,0,0,0,0,0,0,0,0,0,2,9,1,2,1,0,0,0,1,1,1,1,2,2
2694620,3,5,2,7,8,0,4,0,0,2,1,1,1,1,0,0,0,0,4,3,1,2,2,1,2,2,1,2,2,1,2,2,1,1,1,1,2,1,1,1,1,9,1,1,1,1,0,0,0,0,0,0,0,0,0,2,9,1,1,1,0,0,0,1,0,1,1,2,2
6832318,3,6,2,7,8,0,2,1,0,2,1,1,1,1,0,0,0,0,0,5,1,2,2,1,2,2,2,2,2,1,2,2,2,1,1,1,2,1,1,1,1,9,1,1,1,1,0,0,0,0,0,0,0,0,0,1,1,4,3,12,0,0,0,0,2,1,1,2,2
7741810,3,5,2,7,5,0,4,0,0,2,1,0,1,0,0,0,0,0,1,1,1,1,2,2,2,2,2,1,2,2,2,2,2,1,1,1,2,1,2,1,1,9,1,1,1,2,0,0,0,0,0,0,0,0,0,2,9,2,3,2,0,0,1,1,0,1,1,2,2
5239648,3,1,1,2,5,2,5,0,0,2,2,2,2,1,0,0,0,0,2,2,1,2,2,1,2,2,2,2,2,1,2,2,2,1,1,1,2,1,1,1,1,9,1,1,1,1,0,0,0,0,0,0,0,0,0,2,9,1,1,1,0,0,0,1,0,0,1,2,2
9163972,3,5,2,5,5,1,4,1,0,2,2,0,4,2,1,1,0,0,2,4,1,2,2,1,2,2,2,2,2,1,2,2,2,1,1,1,2,1,2,2,1,9,1,1,1,1,0,0,0,0,0,0,0,0,0,1,1,2,0,11,0,0,1,0,1,1,1,2,2
9447917,3,1,2,1,5,0,4,0,0,2,2,2,2,2,0,0,1,0,2,4,1,2,2,1,2,2,1,2,2,1,2,2,1,1,1,1,2,1,1,1,1,9,1,1,1,3,0,0,0,0,0,0,0,0,0,2,9,1,3,4,0,0,1,1,0,1,1,2,2
3414499,3,3,1,5,5,6,5,0,0,1,4,3,6,5,1,1,1,1,6,5,1,1,2,1,1,2,2,1,2,1,1,2,2,1,1,1,1,1,2,1,1,9,1,1,1,2,0,0,0,0,0,0,0,0,0,1,1,0,0,11,0,9,1,0,1,2,1,2,2
2118647,2,1,1,1,10,6,10,0,0,1,1,1,2,2,1,1,1,1,2,2,1,2,1,1,2,2,1,2,1,1,2,2,1,1,1,1,2,1,1,1,1,9,1,1,1,1,0,0,0,0,0,0,0,0,0,1,9,2,2,7,0,2,0,1,1,2,1,1,2
6615547,3,8,2,7,5,7,2,0,3,2,2,2,2,2,0,0,0,0,6,6,1,2,2,1,2,2,1,2,2,1,2,2,1,1,1,1,2,1,1,1,1,9,1,1,1,2,0,0,0,0,0,0,0,0,0,1,1,4,1,10,0,3,1,0,2,1,1,2,2
9854485,3,5,5,7,5,2,5,0,0,1,1,1,1,1,0,0,0,0,4,4,1,2,2,1,2,2,1,2,2,1,2,2,1,1,1,1,2,1,1,1,1,9,1,1,1,1,0,0,0,0,0,0,0,0,0,2,9,1,2,1,0,0,0,1,0,0,1,2,2
9146247,1,1,1,1,15,2,15,0,0,1,3,3,2,2,1,1,1,1,9,4,1,2,2,1,2,2,1,2,2,1,2,2,1,1,1,1,2,1,1,1,1,9,2,1,1,1,0,0,0,0,0,0,0,0,0,2,9,1,0,4,0,4,0,0,1,0,1,2,2
7955996,1,2,2,1,10,1,10,0,0,1,4,4,3,3,2,2,2,2,4,6,1,1,2,1,2,2,2,1,2,1,2,2,2,1,1,1,2,1,1,1,1,9,1,1,1,1,0,0,0,0,0,0,0,0,0,2,9,0,0,4,0,0,0,0,0,3,1,2,2
4776944,3,6,9,1,5,1,7,2,0,1,2,2,2,2,0,0,1,1,0,6,1,2,2,1,2,2,2,2,2,1,2,2,2,1,1,1,2,1,1,1,2,1,1,1,1,1,0,0,0,0,0,0,0,0,0,1,1,2,3,1,0,0,0,0,1,2,1,2,2
6994409,3,2,2,1,5,0,5,0,0,2,1,1,1,1,0,0,0,0,2,3,1,1,2,1,1,2,2,2,2,1,1,2,2,1,1,1,2,1,1,2,1,9,1,1,1,1,0,0,0,0,0,0,0,0,0,2,9,1,2,1,0,0,0,1,0,1,1,1,2
8407029,3,6,3,7,12,4,7,0,0,1,3,3,3,3,0,0,0,0,6,0,1,1,2,1,2,2,2,1,2,1,2,2,2,1,1,1,2,1,1,1,1,9,1,1,2,1,0,0,0,0,0,0,0,0,0,1,1,0,0,12,0,0,1,0,1,2,1,2,2
5730562,2,1,1,1,10,12,8,0,0,1,4,4,4,4,1,1,1,1,12,8,1,2,2,1,2,2,1,2,2,1,2,2,1,1,1,1,2,1,1,1,1,9,1,1,1,1,0,0,0,0,0,0,0,0,0,1,9,0,0,9,0,0,0,0,0,0,1,2,2
5668443,3,10,3,1,5,2,5,0,0,1,8,8,6,6,1,1,0,0,4,9,1,2,2,1,2,2,2,2,2,1,2,2,2,1,1,1,2,1,1,1,2,1,1,1,1,2,0,0,0,0,0,0,0,0,0,1,1,4,1,1,0,0,0,0,1,2,1,2,2
5329306,3,5,5,1,5,1,8,0,0,1,2,2,2,2,0,0,0,0,6,6,1,2,2,1,2,2,2,2,2,1,2,2,2,1,1,1,2,1,1,1,2,2,1,1,2,2,0,0,0,0,0,0,0,0,0,2,9,2,4,4,0,0,0,1,1,1,1,2,2
2228897,3,5,5,1,7,7,7,0,0,1,1,1,1,1,0,0,0,0,4,2,1,2,2,1,2,2,2,2,2,1,2,2,2,1,1,1,2,1,1,1,1,9,1,1,1,1,0,0,0,0,0,0,0,0,0,1,2,3,1,3,0,0,0,0,1,1,1,2,2
8509743,3,4,2,1,5,0,3,0,0,2,0,0,1,1,0,0,0,0,0,2,1,2,2,1,2,2,2,2,2,1,2,2,2,1,1,1,2,1,2,1,1,9,1,1,1,2,0,0,0,0,0,0,0,0,0,2,9,1,1,1,0,0,0,1,0,0,2,2,2
5059885,3,1,1,1,5,1,2,0,0,2,1,1,1,1,0,0,0,0,2,3,1,2,2,1,1,2,1,2,2,1,1,2,1,1,1,1,2,1,1,1,1,9,1,1,1,1,0,0,0,0,0,0,0,0,0,2,9,1,2,1,0,0,0,1,0,1,1,2,2
5998796,3,3,1,1,5,0,2,0,0,2,1,1,1,1,0,0,0,0,1,1,1,2,2,1,2,2,2,2,2,1,2,2,2,1,1,1,2,1,1,1,2,2,1,1,1,1,0,0,0,0,0,0,0,0,0,2,9,2,2,1,0,0,1,1,1,1,1,2,3
8942500,3,7,3,1,7,1,5,0,0,2,1,1,1,1,0,0,0,0,2,2,1,2,2,1,2,2,1,2,2,1,2,2,1,1,1,1,2,1,1,1,1,9,1,1,1,2,0,0,0,0,0,0,0,0,0,1,1,4,0,3,0,0,0,0,1,1,1,2,2
8544414,3,3,1,7,5,0,2,0,0,2,1,1,1,0,0,0,0,0,1,1,1,2,2,1,2,2,2,2,2,1,2,2,2,1,1,1,2,1,1,1,1,9,1,1,1,1,0,0,0,0,0,0,0,0,0,2,9,1,2,1,0,0,0,1,0,1,1,2,2
2583271,3,6,2,1,6,0,0,4,0,2,1,1,1,1,0,0,0,0,1,1,1,2,2,1,2,2,2,2,2,1,2,2,2,1,1,1,2,1,2,1,1,9,1,1,1,1,0,0,0,0,0,0,0,0,0,2,9,1,2,1,0,0,0,1,0,1,1,2,2
9963406,3,6,2,1,8,0,4,0,0,2,1,1,1,1,1,1,1,1,1,1,1,2,2,1,2,2,2,2,2,1,2,2,2,1,1,1,2,1,1,1,1,9,1,1,1,1,0,0,0,0,0,0,0,0,0,1,1,2,2,10,0,0,1,1,1,2,1,1,2
3469769,3,3,1,1,5,0,2,0,0,2,0,0,1,1,0,0,0,0,0,1,1,2,2,1,2,2,2,2,2,1,2,2,2,1,1,1,2,1,1,1,1,9,1,1,1,3,0,0,0,0,0,0,0,0,0,2,9,1,2,1,0,1,1,1,0,0,2,1,2
8691392,3,6,3,1,5,2,5,0,0,1,1,1,3,2,0,0,0,0,8,16,1,2,2,1,2,2,2,2,2,1,2,2,2,1,1,1,2,1,2,1,1,9,1,1,1,1,0,0,0,0,0,0,0,0,0,1,1,5,3,10,0,0,1,0,2,2,1,1,2
6101393,2,3,3,1,25,6,25,0,0,1,16,15,14,13,6,5,5,3,30,26,1,2,2,1,1,2,1,2,2,1,1,2,1,1,1,1,2,1,1,1,1,9,1,1,1,1,1,1,1,1,1,2,2,2,1,1,9,3,0,25,986,1,1,0,1,0,1,1,2
4620661,3,5,2,1,5,0,3,1,0,2,1,1,2,2,0,0,0,0,1,2,1,1,2,1,2,2,2,2,2,1,2,2,2,1,1,1,2,1,2,1,1,9,1,1,1,1,0,0,0,0,0,0,0,0,0,2,9,1,2,2,0,0,0,1,0,0,1,2,1
7366254,3,1,1,1,2,0,2,0,0,2,1,1,1,1,0,0,0,0,2,3,1,2,2,1,2,2,1,2,2,1,2,2,1,1,1,1,2,1,1,1,2,1,1,1,1,1,0,0,0,0,0,0,0,0,0,2,9,1,2,0,0,0,0,1,0,0,1,2,2
2912833,3,2,2,1,5,0,5,0,0,2,1,1,1,1,0,0,0,0,5,0,1,2,2,1,1,2,2,2,2,1,1,2,2,1,1,1,2,1,1,1,2,2,1,1,1,1,0,0,0,0,0,0,0,0,0,2,9,1,1,1,0,0,0,1,0,0,1,2,2
2666911,3,6,2,1,13,7,4,3,0,1,4,4,6,6,1,1,1,1,10,5,1,1,2,2,1,2,2,2,2,2,1,2,2,1,1,1,2,1,1,1,1,9,1,1,1,1,0,0,0,0,0,0,0,0,0,1,1,4,0,10,0,0,1,0,1,2,1,2,2
3145548,3,17,7,1,20,1,19,0,5,1,6,6,8,8,1,1,1,1,16,18,1,1,2,1,2,2,1,1,2,1,2,2,1,1,1,1,2,1,1,1,2,2,1,1,1,2,0,0,0,0,0,0,0,0,0,1,1,2,13,23,0,0,0,0,2,3,1,1,2
8406439,1,3,3,1,20,2,20,0,0,1,6,6,25,23,2,1,14,11,6,69,1,2,2,1,2,2,1,2,2,1,2,2,1,1,1,1,2,1,1,1,1,9,1,1,1,1,0,0,0,0,0,0,0,0,0,2,9,1,0,1,0,0,0,0,1,0,1,2,2
2228971,3,1,1,1,6,6,5,0,0,1,2,2,2,2,0,0,0,0,10,10,1,1,2,1,2,2,1,1,2,1,2,2,1,1,1,1,2,1,1,1,1,9,1,1,1,1,0,0,0,0,0,0,0,0,0,1,1,1,1,10,0,10,1,0,1,1,1,2,2
7402325,3,4,2,2,6,0,5,0,0,2,0,0,6,6,0,0,1,1,0,0,1,2,2,1,2,2,2,2,2,1,2,2,2,1,1,1,2,1,2,1,2,2,1,1,2,3,0,0,0,0,0,0,0,0,0,2,9,2,4,5,0,1,0,1,1,1,1,2,2
4578777,3,7,2,1,5,0,2,1,0,2,1,1,1,1,0,0,0,0,1,1,1,2,2,1,2,2,2,2,2,1,2,2,2,1,1,1,2,1,1,1,1,9,1,1,1,1,0,0,0,0,0,0,0,0,0,2,9,1,3,1,0,1,0,1,0,0,1,2,2
2231383,3,6,2,1,5,0,3,0,0,2,0,0,1,1,0,0,1,1,0,1,1,1,2,1,2,2,1,1,2,1,2,2,1,1,1,1,2,1,2,1,1,9,1,1,1,1,0,0,0,0,0,0,0,0,0,2,9,1,2,1,0,0,0,1,0,0,1,2,2
8412161,3,2,1,1,5,0,0,2,0,2,1,1,1,1,1,1,1,1,3,3,1,2,2,1,2,2,1,2,2,1,2,2,1,1,1,1,2,1,1,1,1,9,1,1,1,1,0,0,0,0,0,0,0,0,0,2,9,1,2,0,0,0,0,1,0,0,1,2,2
8724239,1,2,2,1,16,2,15,0,0,1,9,9,9,9,0,0,0,0,30,30,1,1,2,1,1,2,2,1,2,1,1,2,2,1,1,1,1,1,1,1,1,9,1,1,1,2,0,0,0,0,0,0,0,0,0,2,9,1,0,4,0,0,0,1,2,1,1,2,2
3403542,3,3,1,1,5,0,2,0,0,2,1,1,1,1,0,0,0,0,0,6,1,2,2,1,2,2,1,2,2,1,2,2,1,1,1,1,2,1,1,1,1,9,1,1,1,2,0,0,0,0,0,0,0,0,0,2,9,1,0,1,0,0,0,1,0,1,1,2,2
3161746,3,6,2,7,5,0,3,1,0,2,1,1,1,1,0,0,0,0,3,3,1,2,2,1,2,2,2,2,2,1,2,2,2,1,1,1,2,1,1,1,1,9,1,1,1,1,0,0,0,0,0,0,0,0,0,2,9,1,2,1,0,0,0,1,1,1,1,2,2
8838406,3,7,7,7,6,1,6,0,0,1,1,1,3,3,0,0,0,0,6,6,1,1,2,1,2,2,1,1,2,1,2,2,1,1,1,1,2,1,1,1,1,9,1,1,1,1,0,0,0,0,0,0,0,0,0,1,1,4,3,10,0,0,0,0,1,2,1,2,2
1446280,1,2,2,1,14,9,9,0,0,1,3,3,2,2,2,2,2,2,3,6,1,2,2,1,1,2,1,2,2,1,1,2,1,1,1,1,2,1,1,1,1,9,1,1,1,1,0,0,0,0,0,0,0,0,0,2,9,0,0,10,0,0,0,0,1,0,1,2,2
1758805,1,3,3,1,100,15,97,0,0,1,64,58,46,42,26,19,20,16,96,92,1,2,2,1,2,2,1,2,2,1,2,2,1,1,1,1,2,1,1,1,1,9,1,1,1,1,1,1,1,4,4,4,4,4,1,1,9,2,0,32,0,15,3,1,2,0,1,1,2
9613325,3,14,5,2,14,7,13,0,0,1,2,2,1,1,1,1,1,1,3,2,1,1,2,1,2,2,1,1,2,1,2,2,1,1,1,1,2,1,1,1,1,9,1,1,1,1,1,1,1,4,4,4,4,4,1,1,1,3,0,23,0,0,1,0,3,2,1,2,3
2494696,3,6,2,7,8,0,4,0,0,2,2,2,1,1,1,1,0,0,2,1,1,2,2,1,2,2,2,2,2,1,2,2,2,1,1,1,2,1,2,2,1,9,1,1,1,2,0,0,0,0,0,0,0,0,0,2,9,1,3,1,0,0,0,1,1,0,1,1,3
6051199,2,3,4,1,16,5,16,0,0,1,5,5,5,5,0,0,0,0,8,12,1,1,2,1,2,2,1,1,2,1,2,2,1,1,1,1,2,1,1,1,1,9,1,1,1,1,0,0,0,0,0,0,0,0,0,1,9,2,0,12,0,0,0,0,0,1,1,2,2
6911283,3,10,3,7,8,4,8,0,0,1,2,2,2,2,0,0,0,0,4,4,1,2,2,1,2,2,2,2,2,1,2,2,2,1,1,1,2,1,1,1,1,9,1,1,1,1,2,1,1,1,1,4,4,4,1,1,1,10,0,20,0,0,1,0,1,1,1,1,2
3331254,3,3,3,1,8,6,6,0,0,1,1,1,5,4,1,1,0,0,3,6,1,2,2,1,1,2,1,2,2,1,1,2,1,1,1,1,2,1,1,1,1,9,1,1,1,1,0,0,0,0,0,0,0,0,0,1,1,1,2,13,0,13,1,0,1,1,1,2,2
3881214,3,5,1,1,5,0,2,0,0,2,1,1,1,1,1,1,1,1,2,2,1,1,2,1,1,2,2,2,2,1,1,2,2,1,1,1,2,1,1,1,1,9,1,1,1,1,0,0,0,0,0,0,0,0,0,2,9,2,2,1,0,0,0,1,0,1,1,2,2
9832170,3,4,1,1,5,1,2,0,0,1,1,1,1,1,0,0,0,0,4,4,1,2,2,1,2,2,2,2,2,1,2,2,2,1,1,1,2,1,1,1,1,9,1,1,1,3,0,0,0,0,0,0,0,0,0,2,9,1,1,2,0,0,0,1,0,0,1,2,2
4436580,4,3,3,1,6,2,6,0,0,1,2,2,1,1,3,3,3,3,6,3,1,2,2,1,1,2,1,2,2,1,1,2,1,1,1,1,2,1,1,1,1,9,1,1,1,1,0,0,0,0,0,0,0,0,0,2,9,0,3,0,0,0,0,0,0,0,1,2,2
3280945,3,4,2,1,5,0,2,0,0,2,1,1,1,1,0,0,0,0,5,5,1,2,2,1,2,2,2,2,2,1,2,2,2,1,1,1,2,1,2,2,2,1,1,1,1,3,0,0,0,0,0,0,0,0,0,2,9,2,3,2,0,0,0,1,1,1,1,2,2
6776363,3,1,1,1,5,0,2,0,0,2,1,1,1,1,0,0,0,0,1,1,1,2,2,1,2,2,2,2,2,1,2,2,2,1,1,1,2,1,1,1,2,1,1,1,1,2,0,0,0,0,0,0,0,0,0,2,9,1,2,1,0,1,0,1,0,1,1,2,2
8826458,3,1,1,1,2,0,2,0,0,2,1,1,1,1,0,0,0,0,2,2,1,2,2,1,2,2,2,2,2,1,2,2,2,1,1,1,2,1,1,1,2,1,1,1,2,2,0,0,0,0,0,0,0,0,0,2,9,1,1,0,0,0,0,0,0,0,2,2,2
7485498,1,1,1,1,10,2,8,2,0,1,1,1,1,1,1,1,0,0,1,3,1,1,1,1,2,2,1,1,1,1,2,2,1,1,1,1,2,1,1,1,1,9,1,2,9,1,0,0,0,0,0,0,0,0,0,2,9,0,1,1,0,0,0,1,1,1,1,2,3
5736339,3,4,1,1,5,1,2,0,0,1,0,0,1,1,0,0,0,0,3,3,1,2,2,1,2,2,2,2,2,1,2,2,2,1,1,1,2,1,1,1,1,9,1,1,1,1,0,0,0,0,0,0,0,0,0,2,9,1,2,2,0,0,0,1,0,0,1,2,2
1015180,3,1,1,1,5,0,2,0,0,2,0,0,1,0,0,0,1,0,3,3,1,2,2,1,2,2,1,2,2,1,2,2,1,1,1,1,2,1,1,1,1,9,1,1,1,1,0,0,0,0,0,0,0,0,0,2,9,1,1,1,0,0,0,1,0,0,1,2,2
2320426,3,3,3,7,7,2,7,0,0,1,2,2,6,6,0,0,0,0,6,12,1,1,2,2,2,2,2,1,2,2,2,2,2,1,1,1,2,1,1,1,1,9,1,1,1,2,0,0,0,0,0,0,0,0,0,1,1,5,2,10,0,0,0,0,2,2,1,2,2
5183687,3,6,4,1,5,1,2,1,0,2,1,1,4,4,0,0,0,0,6,12,1,2,2,1,2,2,1,2,2,1,2,2,1,1,1,1,2,1,1,1,2,1,1,1,1,1,0,0,0,0,0,0,0,0,0,2,9,2,2,1,0,0,0,1,0,1,1,2,2
5441203,3,10,5,1,10,0,3,4,3,2,2,2,2,2,1,1,1,1,9,9,1,1,2,1,1,2,2,2,2,1,1,2,2,1,1,1,2,1,1,1,1,9,1,1,1,3,0,0,0,0,0,0,0,0,0,2,9,5,7,1,0,0,0,1,2,1,1,2,2
6702441,3,5,5,7,6,2,6,0,0,2,1,1,2,2,0,0,0,0,1,2,1,2,2,1,2,2,1,2,2,1,2,2,1,1,1,1,2,1,1,1,1,9,1,1,1,1,0,0,0,0,0,0,0,0,0,2,9,1,2,1,0,0,0,1,0,1,1,2,2
9657992,3,2,2,5,3,1,3,2,0,2,1,1,1,1,0,0,0,0,1,3,1,1,2,1,1,2,1,1,2,1,1,2,1,1,1,1,2,1,1,1,1,9,1,1,1,1,0,0,0,0,0,0,0,0,0,1,1,3,2,10,0,0,0,0,1,2,1,2,2
1980303,3,4,1,5,5,0,2,0,0,2,1,1,1,1,0,0,0,0,1,1,1,2,2,1,2,2,2,2,2,1,2,2,2,1,1,1,2,1,1,1,1,9,1,1,1,2,0,0,0,0,0,0,0,0,0,2,9,1,1,1,0,0,0,1,0,0,1,2,2
7025795,3,11,5,1,12,2,10,0,2,1,2,2,2,2,0,0,0,0,4,4,1,1,2,1,2,2,2,1,2,1,2,2,2,1,1,1,2,1,1,1,2,1,1,1,1,2,0,0,0,0,0,0,0,0,0,1,1,4,4,13,0,0,1,0,2,2,1,2,2
2577004,2,5,2,7,5,2,4,0,0,2,1,1,0,0,0,0,0,0,0,4,1,2,2,1,2,2,2,2,2,1,2,2,2,1,1,1,2,1,1,1,1,9,1,1,1,1,0,0,0,0,0,0,0,0,0,2,9,2,2,1,0,0,0,1,0,0,1,2,2
4621672,3,5,2,2,5,1,5,0,0,1,1,1,4,4,0,0,0,0,0,4,1,1,2,2,2,2,2,1,2,2,2,2,2,1,1,1,2,1,2,1,1,9,1,1,2,1,0,0,0,0,0,0,0,0,0,2,9,2,2,1,0,0,0,2,1,0,1,1,2
1899621,3,2,2,1,5,7,5,0,0,1,4,4,6,6,1,1,1,1,4,0,1,1,2,1,1,2,2,1,2,1,1,2,2,1,1,1,3,1,1,1,1,9,1,1,1,1,0,0,0,0,0,0,0,0,0,1,1,2,0,12,0,0,1,0,1,1,1,1,2
9721840,2,1,1,1,0,13,32,0,0,1,12,12,42,42,2,2,2,2,60,44,1,1,2,1,1,2,1,1,2,1,1,2,1,1,1,1,2,1,2,1,1,9,1,1,1,1,0,0,0,0,0,0,0,0,0,1,9,4,0,44,0,40,1,1,4,2,1,2,1
1085196,2,4,4,7,8,0,8,0,0,2,2,2,2,1,0,0,1,0,6,14,1,2,2,1,2,2,1,2,2,1,2,2,1,1,1,1,2,1,1,1,2,1,1,1,1,1,0,0,0,0,0,0,0,0,0,1,2,1,1,3,0,3,0,0,0,2,1,2,2
2827011,3,3,2,2,5,0,2,0,0,2,1,1,1,0,0,0,0,0,3,3,1,2,2,1,2,2,2,2,2,1,2,2,2,1,1,1,2,1,1,1,2,1,1,1,2,3,0,0,0,0,0,0,0,0,0,2,9,1,1,2,0,1,1,1,0,1,1,2,2
1345918,5,5,1,7,5,1,5,0,0,1,2,2,0,0,0,0,0,0,0,0,2,1,2,1,2,2,1,1,2,1,2,2,1,1,1,1,2,1,1,1,1,9,1,1,1,1,0,0,0,0,0,0,0,0,0,1,2,3,10,0,0,0,1,0,1,1,1,2,2
4462181,3,6,0,1,5,0,0,2,0,2,1,1,1,1,0,0,0,0,6,6,1,2,2,1,2,2,2,2,2,1,2,2,2,3,1,1,2,1,1,1,2,2,1,1,1,1,0,0,0,0,0,0,0,0,0,2,9,2,1,1,0,1,1,1,1,1,1,2,2
3049338,3,3,1,1,5,7,5,0,0,1,3,3,6,6,1,1,1,1,5,0,1,1,2,1,2,2,2,1,2,1,2,2,2,1,1,1,2,1,2,2,1,9,1,1,1,1,0,0,0,0,0,0,0,0,0,1,1,3,0,12,0,10,1,0,1,1,1,2,2
8888084,1,1,1,1,32,6,32,0,0,1,18,17,17,16,7,6,9,6,34,48,1,2,2,1,2,2,1,2,2,1,2,2,1,1,1,1,2,1,1,1,1,9,1,1,1,1,1,1,1,1,1,4,4,4,1,1,9,5,0,30,0,1,0,7,5,3,1,2,2
4744402,2,3,3,1,36,9,28,0,0,1,12,12,6,6,3,3,2,2,30,25,1,2,2,1,2,2,1,2,2,1,2,2,1,1,1,1,2,1,1,1,1,9,1,1,1,1,1,1,1,1,1,4,4,4,1,1,9,2,0,25,0,4,1,3,4,2,1,2,2
7915987,3,2,1,5,5,0,0,2,0,2,1,1,1,1,0,0,0,0,1,1,1,2,2,1,2,2,1,2,2,1,2,2,1,1,1,1,2,1,1,1,2,1,1,2,9,1,0,0,0,0,0,0,0,0,0,2,9,1,2,1,0,0,1,1,0,0,1,2,2
4780081,3,4,1,1,4,0,1,1,0,2,1,1,2,2,1,1,2,2,3,3,1,2,2,1,2,2,2,2,2,1,2,2,2,1,1,1,2,1,2,2,1,9,1,1,1,1,0,0,0,0,0,0,0,0,0,2,9,0,2,1,0,0,0,1,0,0,1,2,3
8899851,3,27,13,1,49,15,42,0,1,1,0,0,26,26,0,0,2,2,0,95,1,2,2,1,2,2,2,2,2,1,2,2,2,1,1,1,2,1,1,1,1,9,1,1,1,1,1,1,1,1,1,4,4,4,1,1,1,25,0,39,0,26,1,1,3,3,1,1,2
2976796,2,1,1,1,37,8,37,0,0,1,14,13,12,11,5,4,5,4,39,33,1,2,2,1,1,2,1,2,2,1,1,2,1,1,1,1,2,1,1,1,1,9,2,1,1,1,1,1,1,1,1,4,4,4,1,1,9,1,0,30,1500,5,0,19,19,3,1,1,2
1324882,3,1,1,1,5,0,2,0,0,2,1,1,2,2,0,0,1,1,3,6,1,2,2,1,2,2,2,2,2,1,2,2,2,1,1,1,2,1,1,1,2,1,1,1,2,1,0,0,0,0,0,0,0,0,0,2,9,1,2,0,0,0,0,1,0,1,1,2,3
3978705,2,1,1,1,53,5,53,0,0,1,27,25,28,26,11,9,12,10,50,52,1,2,2,1,2,2,1,2,2,1,2,2,1,1,1,1,2,1,1,1,1,9,1,1,1,1,0,0,0,0,0,0,0,0,0,1,9,2,0,40,150,3,1,0,3,1,1,1,2
5556636,3,4,1,1,5,0,2,0,0,2,1,1,1,1,0,0,0,0,1,2,1,2,2,1,2,2,2,2,2,1,2,2,2,1,1,1,2,1,1,1,1,9,1,2,9,3,0,0,0,0,0,0,0,0,0,2,9,1,2,1,0,0,1,1,0,0,1,2,2
1406557,3,20,8,1,26,7,20,0,0,1,4,2,9,7,1,1,2,2,10,14,1,1,2,1,2,2,2,1,2,1,2,2,2,1,1,1,1,1,1,1,1,9,1,1,1,1,1,1,1,1,1,4,4,4,4,1,1,11,5,24,0,0,1,0,2,1,1,2,2
7508040,3,5,2,1,5,0,3,0,2,2,1,1,1,1,0,0,0,0,4,2,1,2,2,1,2,2,2,2,2,1,2,2,2,1,1,1,2,1,1,1,1,9,1,1,1,2,0,0,0,0,0,0,0,0,0,2,9,1,2,3,0,1,0,1,0,0,1,2,2
1787487,2,1,1,1,6,2,6,0,0,1,1,1,1,1,1,1,1,1,3,2,1,2,2,1,2,2,1,2,2,1,2,2,1,1,1,1,2,1,1,1,2,1,1,1,1,1,0,0,0,0,0,0,0,0,0,2,9,1,0,2,0,0,1,0,1,0,1,2,2
5866426,3,6,2,1,5,0,3,0,0,2,1,1,1,1,1,1,0,0,4,4,1,2,2,1,2,2,2,2,2,1,2,2,2,1,1,1,2,1,2,1,1,9,1,1,1,1,0,0,0,0,0,0,0,0,0,2,9,2,2,1,0,0,0,1,0,1,1,2,3
1132306,3,10,4,1,10,2,8,0,0,1,3,3,3,3,1,1,1,1,4,4,1,1,2,2,2,2,2,1,2,2,2,2,2,1,1,1,2,1,1,1,1,9,1,1,1,1,0,0,0,0,0,0,0,0,0,1,1,7,3,10,0,0,0,0,2,1,1,1,2
5910649,3,5,2,1,5,0,1,2,0,2,1,1,2,2,0,0,0,0,0,4,1,2,2,1,1,2,2,2,2,1,1,2,2,1,1,1,2,1,1,1,2,2,1,1,1,1,0,0,0,0,0,0,0,0,0,2,9,1,2,2,0,0,0,1,0,0,1,2,2
1655615,3,1,1,2,3,1,3,0,0,1,1,1,1,1,0,0,0,0,1,1,1,2,2,1,2,2,2,2,2,1,2,2,2,1,1,1,2,1,1,1,1,9,1,1,1,1,0,0,0,0,0,0,0,0,0,1,1,0,0,11,0,11,0,0,1,0,2,2,2
5772967,2,15,8,7,25,8,20,5,0,1,2,2,0,0,0,0,0,0,0,0,1,2,2,1,2,2,1,2,2,1,2,2,1,1,1,1,2,1,1,1,1,9,1,1,1,1,2,1,1,1,1,4,4,4,2,2,9,0,0,20,1431,1,1,2,1,1,1,1,2
9251150,3,5,1,2,6,0,2,0,0,2,1,1,1,1,0,0,0,0,1,1,1,1,2,1,2,2,2,2,2,1,2,2,2,1,1,1,2,1,2,2,1,9,1,1,1,3,0,0,0,0,0,0,0,0,0,2,9,2,2,1,0,0,1,1,0,0,1,2,2
5858155,3,6,2,1,5,0,3,1,0,2,1,1,1,1,1,1,1,1,1,1,1,2,2,1,2,2,2,2,2,1,2,2,2,1,1,1,2,1,2,1,1,9,1,1,1,3,0,0,0,0,0,0,0,0,0,2,9,1,2,1,0,1,0,1,0,0,1,1,2
8391281,3,9,4,2,8,2,3,2,1,1,1,1,1,1,0,0,0,0,1,1,1,2,2,1,2,2,2,2,2,1,2,2,2,1,1,1,3,1,1,1,1,9,1,1,1,2,0,0,0,0,0,0,0,0,0,1,1,7,2,13,0,1,0,0,1,1,1,1,2
6040281,3,5,1,1,5,0,2,0,0,2,1,1,1,0,0,0,0,0,8,8,1,2,2,1,2,1,1,2,2,1,2,2,1,1,1,1,2,1,1,1,1,9,1,1,1,1,0,0,0,0,0,0,0,0,0,2,9,1,1,1,0,0,0,1,0,0,1,2,2
1605680,3,2,1,5,2,0,2,0,0,2,1,1,1,1,0,0,0,0,1,1,1,2,2,1,1,2,2,2,2,1,1,2,2,1,1,1,2,1,1,1,1,9,1,1,1,1,0,0,0,0,0,0,0,0,0,2,9,1,2,0,0,0,0,1,0,1,1,2,2
5785093,3,5,2,7,5,0,1,1,0,2,1,1,1,1,0,0,0,0,0,1,1,1,2,1,2,2,2,1,2,1,2,2,2,1,1,1,2,1,1,1,1,9,1,1,2,1,0,0,0,0,0,0,0,0,0,2,9,1,2,2,0,0,0,1,0,1,1,2,2
9651807,2,12,12,7,20,7,18,2,0,1,1,1,1,1,0,0,0,0,20,20,1,2,2,1,2,2,2,2,2,1,2,2,2,1,1,1,2,1,1,1,1,9,1,1,1,1,0,0,0,0,0,0,0,0,0,1,1,0,0,10,0,10,1,0,1,1,1,2,2
6064838,3,3,1,1,5,1,1,1,0,2,1,1,1,1,0,0,1,1,1,5,1,2,2,1,2,2,2,2,2,1,2,2,2,1,1,1,2,1,1,1,1,9,1,1,1,1,0,0,0,0,0,0,0,0,0,2,9,1,2,0,0,0,0,0,0,0,1,2,2
1068545,3,2,2,2,5,0,4,0,0,2,1,1,1,1,0,0,0,0,1,1,1,2,2,1,2,2,2,2,2,1,2,2,2,1,1,1,2,1,1,1,1,9,1,1,1,1,0,0,0,0,0,0,0,0,0,2,9,1,1,1,0,0,0,1,0,0,2,2,2
1212570,3,2,3,7,8,1,2,5,0,2,2,2,2,2,0,0,1,0,10,10,1,2,2,1,2,2,2,2,2,1,2,2,2,1,1,1,2,1,1,1,2,1,1,1,1,2,0,0,0,0,0,0,0,0,0,1,1,5,4,5,0,0,0,0,3,3,1,2,2
3903810,3,5,3,2,5,4,4,0,0,1,1,1,1,1,1,1,0,0,6,12,1,2,2,1,1,2,2,2,2,1,1,2,2,1,1,1,2,1,1,1,1,9,1,1,1,2,0,0,0,0,0,0,0,0,0,2,9,1,0,1,0,1,1,1,0,1,1,1,2
5740248,3,8,3,5,5,4,5,0,0,1,3,3,2,2,0,0,0,0,12,10,1,1,2,2,2,2,2,1,2,2,2,2,2,1,1,1,1,1,1,1,1,9,1,1,1,1,0,0,0,0,0,0,0,0,0,1,1,5,0,13,0,10,1,0,1,1,1,2,2
1676820,3,3,1,1,5,0,3,0,0,2,0,0,1,1,0,0,0,0,0,2,1,2,2,1,2,2,2,2,2,1,2,2,2,1,1,1,2,1,1,1,1,9,1,1,1,1,0,0,0,0,0,0,0,0,0,2,9,2,2,1,0,0,1,1,0,1,1,1,2
7718085,3,5,2,7,5,0,3,0,0,2,1,0,2,2,0,0,0,0,0,30,1,2,2,1,1,2,2,2,2,1,1,2,2,1,1,1,2,1,2,2,1,9,1,1,1,2,0,0,0,0,0,0,0,0,0,2,9,1,2,2,0,0,0,1,0,0,1,2,2
3359707,1,1,1,1,15,4,9,0,0,1,1,1,1,1,1,1,1,1,3,2,1,2,2,1,2,2,1,2,2,1,2,2,1,1,1,1,2,1,1,1,2,1,1,1,1,1,0,0,0,0,0,0,0,0,0,2,9,2,1,2,0,2,0,0,1,1,1,2,1
5606417,1,2,2,1,38,5,38,0,0,1,22,20,18,17,9,8,8,7,40,17,1,2,2,1,1,2,1,2,2,1,1,2,1,1,1,1,2,1,1,1,1,9,1,1,1,1,1,1,1,1,1,3,3,1,1,1,9,1,3,36,1356,0,3,0,5,0,1,1,2
7069824,3,14,8,1,22,8,13,2,0,1,2,2,0,0,1,1,0,0,20,0,1,2,2,1,2,2,2,2,2,1,2,2,2,1,1,1,2,1,1,1,1,9,1,1,1,2,2,1,1,1,1,4,4,4,1,1,1,9,0,20,0,2,1,0,1,1,1,1,2
9101369,3,2,2,5,8,0,4,0,0,2,1,1,1,1,1,1,0,0,2,2,1,2,2,1,2,2,2,2,2,1,2,2,2,1,1,1,2,1,1,1,2,2,1,2,9,2,0,0,0,0,0,0,0,0,0,1,1,5,2,10,0,0,0,0,1,2,1,2,2
9868427,3,5,3,1,8,7,7,0,0,1,1,1,1,1,0,0,0,0,0,2,1,1,2,1,2,2,2,1,2,1,2,2,2,1,1,1,2,1,2,2,1,9,1,1,1,1,0,0,0,0,0,0,0,0,0,1,1,3,2,10,0,0,1,0,1,1,1,2,2
4914456,3,3,1,5,5,4,4,0,0,2,0,0,1,1,0,0,0,0,2,3,1,2,2,1,2,2,1,2,2,1,2,2,1,1,1,1,2,1,1,1,1,9,1,1,1,2,0,0,0,0,0,0,0,0,0,2,9,2,2,1,0,0,0,1,0,0,1,2,2
3050701,3,2,1,1,4,0,0,0,2,2,1,1,1,1,0,0,0,0,3,1,1,2,2,1,2,2,1,2,2,1,2,2,1,1,1,1,2,1,1,1,1,9,1,2,9,1,0,0,0,0,0,0,0,0,0,2,9,1,1,0,0,0,0,0,0,0,2,2,2
8175778,3,6,1,7,6,0,0,2,2,2,2,2,2,2,0,0,0,0,8,6,1,2,2,1,2,2,1,2,2,1,2,2,1,1,1,1,2,1,1,1,2,1,1,1,1,1,0,0,0,0,0,0,0,0,0,2,9,1,0,0,0,0,0,1,0,1,1,2,2
5928186,2,8,7,1,7,1,7,0,0,2,2,2,2,2,0,0,0,0,2,2,1,2,2,1,2,2,2,2,2,1,2,2,2,1,1,1,2,1,1,1,1,9,1,1,2,2,0,0,0,0,0,0,0,0,0,2,9,1,1,1,0,0,1,1,0,0,1,2,3
2306581,1,2,2,1,40,4,28,0,0,1,18,18,10,10,1,1,1,1,42,10,1,1,2,1,2,2,1,1,2,1,2,2,1,1,1,1,1,1,2,1,1,9,1,1,1,1,0,0,0,0,0,0,0,0,0,1,9,25,12,1,400,0,1,17,14,3,1,2,1
2402838,3,7,3,1,8,0,3,3,0,2,2,2,6,6,0,0,0,0,6,6,1,2,2,1,2,2,2,2,2,1,2,2,2,1,1,1,2,1,1,1,2,2,1,1,1,2,0,0,0,0,0,0,0,0,0,1,1,5,3,12,0,0,0,0,2,2,1,2,2
4243101,3,10,2,1,7,0,5,2,0,2,2,2,2,2,0,0,0,0,4,4,1,2,2,1,2,2,2,2,2,1,2,2,2,1,1,1,2,1,1,1,2,1,1,1,1,2,0,0,0,0,0,0,0,0,0,1,1,2,2,10,0,0,0,0,1,2,1,1,2
6868268,3,3,1,1,5,1,2,0,0,2,1,1,1,1,0,0,0,0,0,4,1,2,2,1,2,2,2,2,2,1,2,2,2,1,1,1,2,1,1,1,1,9,1,1,1,2,0,0,0,0,0,0,0,0,0,2,9,1,2,1,0,0,0,1,0,0,1,2,3
9848134,1,4,7,7,32,6,25,0,0,1,24,24,22,22,0,0,0,0,3,3,1,1,2,1,1,2,2,1,2,1,1,2,2,1,1,1,3,1,2,1,1,9,1,1,2,1,1,1,1,1,1,2,4,4,1,1,9,2,0,10,0,0,1,0,0,1,1,1,2
5839895,3,8,3,1,5,6,5,1,0,1,1,1,1,1,1,1,1,1,3,2,1,1,2,1,2,2,2,1,2,1,2,2,2,1,1,1,2,1,2,1,1,9,1,1,1,1,0,0,0,0,0,0,0,0,0,2,9,6,2,3,0,2,0,1,1,1,1,1,2
3632448,3,8,4,1,6,1,0,0,6,1,3,3,3,3,1,1,2,2,2,4,1,1,2,1,1,2,2,1,2,1,1,2,2,1,1,1,2,1,1,1,2,1,1,1,1,2,0,0,0,0,0,0,0,0,0,2,9,6,2,1,0,1,1,1,0,0,1,2,2
6873337,3,1,1,7,5,6,5,0,0,1,4,4,6,6,1,1,1,1,4,5,1,1,2,1,1,2,1,2,2,1,1,2,1,1,1,1,2,1,1,1,2,1,1,1,1,1,0,0,0,0,0,0,0,0,0,1,1,2,2,10,0,0,1,0,1,1,1,1,2
4206721,3,8,8,7,9,8,2,6,0,1,0,0,14,14,0,0,2,2,0,36,1,1,2,1,2,2,2,1,2,1,2,2,2,1,1,1,2,1,2,2,1,9,1,1,1,1,0,0,0,0,0,0,0,0,0,1,1,5,0,21,0,5,1,1,2,2,1,2,2
1654525,3,5,1,5,4,2,2,0,0,1,1,1,1,1,0,0,0,0,6,2,1,2,2,1,2,2,1,2,2,1,2,2,1,1,1,1,2,1,1,1,1,9,1,1,1,1,0,0,0,0,0,0,0,0,0,2,9,1,1,1,0,0,0,1,0,1,1,2,2
4875646,3,8,3,1,6,1,0,6,0,2,1,1,1,1,0,0,1,1,4,6,1,1,2,1,2,2,2,1,2,1,2,2,2,1,1,1,2,1,2,1,1,9,1,1,1,1,0,0,0,0,0,0,0,0,0,2,9,1,3,2,0,0,0,1,0,1,1,2,2
2058169,3,6,3,1,5,1,4,0,0,1,2,2,2,2,1,1,0,0,8,8,1,2,2,1,1,2,1,2,2,1,1,2,1,1,1,1,2,1,1,1,2,2,1,1,1,1,0,0,0,0,0,0,0,0,0,1,1,3,4,13,0,0,1,0,1,1,1,2,2
3325636,3,4,2,7,5,0,2,0,0,2,1,1,0,0,1,1,0,0,1,0,1,2,2,1,2,2,2,2,2,1,2,2,2,1,1,1,2,1,2,2,1,9,1,1,1,2,0,0,0,0,0,0,0,0,0,2,9,2,2,1,0,0,0,1,1,1,1,2,2
6640997,3,6,2,7,5,2,0,2,0,2,2,2,2,2,1,0,0,0,3,3,1,2,2,1,2,2,2,2,2,1,2,2,2,1,1,1,2,1,1,1,2,2,1,1,1,3,0,0,0,0,0,0,0,0,0,2,9,1,2,1,0,1,0,1,0,0,1,2,2
1810182,3,3,1,1,5,0,2,0,0,2,0,0,1,1,0,0,0,0,0,0,1,2,2,1,2,2,2,2,2,1,2,2,2,1,1,1,2,1,2,1,1,9,1,2,9,3,0,0,0,0,0,0,0,0,0,2,9,1,1,0,0,0,0,0,0,0,2,2,2
2697425,3,7,2,5,5,1,3,1,0,1,3,3,3,3,1,0,1,0,3,6,1,2,2,1,2,2,1,2,2,1,2,2,1,1,1,1,2,1,1,1,1,9,1,1,1,1,0,0,0,0,0,0,0,0,0,1,1,1,0,10,0,0,1,0,1,1,1,1,2
5093881,3,3,4,1,5,5,5,0,0,1,5,5,7,7,0,0,1,0,5,12,1,1,2,2,2,2,1,1,2,2,2,2,1,1,1,1,1,1,1,1,1,9,1,1,2,2,0,0,0,0,0,0,0,0,0,1,1,5,0,10,0,0,1,0,1,2,1,1,3
2972840,3,5,1,1,2,0,2,0,2,2,1,1,1,0,0,0,0,0,3,0,1,2,2,1,2,2,2,2,2,1,2,2,2,1,1,1,2,1,1,1,1,9,1,1,2,1,0,0,0,0,0,0,0,0,0,2,9,1,2,1,0,1,0,1,0,1,1,1,2
9044495,3,3,1,7,4,0,2,0,0,2,0,0,1,1,0,0,0,0,0,4,1,2,2,1,2,2,1,2,2,1,2,2,1,1,1,1,2,1,1,1,2,1,1,1,1,1,0,0,0,0,0,0,0,0,0,2,9,1,1,1,0,0,0,1,0,1,1,2,2
6054453,3,3,2,1,5,1,4,0,0,1,2,2,2,2,0,0,0,0,2,2,1,2,2,1,2,2,2,2,2,1,2,2,2,1,1,1,2,1,1,1,1,9,1,1,1,1,0,0,0,0,0,0,0,0,0,2,9,1,0,0,0,0,0,1,0,1,1,2,2
4468393,3,13,13,2,24,7,24,0,0,2,2,2,0,0,0,0,0,0,0,0,1,2,2,1,2,2,1,2,2,1,2,2,1,1,1,1,2,1,1,1,1,9,1,1,1,1,2,1,1,1,1,4,4,4,1,1,2,0,2,20,0,9,1,0,1,1,1,1,2
6814881,2,2,1,1,12,3,12,0,0,1,8,8,5,5,3,2,2,1,24,5,1,1,1,1,2,2,2,1,1,1,2,2,2,1,1,1,2,1,1,1,1,9,1,2,9,1,0,0,0,0,0,0,0,0,0,1,9,1,0,2,0,2,1,1,1,1,1,2,1
9301819,3,18,13,2,34,12,21,13,0,1,8,8,0,0,2,2,0,0,68,0,1,1,1,1,1,2,2,1,1,1,1,2,2,1,1,1,2,1,1,1,1,9,1,1,1,1,1,1,1,1,1,4,4,4,4,1,1,13,1,5,0,1,1,1,1,2,1,1,2
4928672,3,5,2,7,5,2,2,0,0,1,0,0,1,1,0,0,0,0,8,8,1,1,2,1,2,2,2,1,2,1,2,2,2,1,1,1,2,1,1,1,1,9,1,1,1,1,0,0,0,0,0,0,0,0,0,2,9,1,2,1,0,0,0,2,0,1,1,1,2
7889933,3,3,1,1,2,0,2,0,0,2,1,1,1,1,0,0,0,0,1,1,1,2,2,1,2,2,1,2,2,1,2,2,1,1,1,1,2,1,1,1,1,9,1,1,1,2,0,0,0,0,0,0,0,0,0,2,9,2,2,1,0,0,0,1,0,1,1,2,2
9587994,3,5,1,1,5,0,1,1,0,2,1,1,1,1,0,0,1,1,1,1,1,2,2,1,2,2,2,2,2,1,2,2,2,1,1,1,2,1,1,1,1,9,1,1,1,1,0,0,0,0,0,0,0,0,0,2,9,1,2,1,0,0,0,1,0,0,1,2,2
4116434,3,3,6,2,8,2,7,0,0,1,0,0,1,1,0,0,1,1,0,5,1,2,2,1,2,2,1,2,2,1,2,2,1,1,1,1,2,1,1,1,2,1,1,1,1,1,0,0,0,0,0,0,0,0,0,2,9,4,1,3,0,0,0,1,0,1,1,2,2
3155756,2,3,3,1,4,0,4,0,0,2,5,5,5,2,0,0,0,0,0,0,1,2,2,1,2,2,2,2,2,1,2,2,2,1,1,1,2,1,1,1,1,9,1,1,1,1,0,0,0,0,0,0,0,0,0,2,9,1,2,3,0,0,0,1,0,1,1,2,3
2007314,3,6,2,1,5,3,2,1,0,2,2,2,2,2,1,0,0,0,0,0,1,2,2,1,2,2,1,2,2,1,2,2,1,1,1,1,2,1,1,1,2,1,1,1,1,3,0,0,0,0,0,0,0,0,0,2,9,2,2,1,0,0,0,1,0,1,1,2,2
1426558,3,9,2,5,5,0,1,1,0,2,1,1,1,0,1,1,0,0,1,1,1,2,2,2,1,2,2,2,2,2,1,2,2,1,1,1,2,1,1,1,2,1,1,1,1,1,0,0,0,0,0,0,0,0,0,2,9,1,2,1,0,0,0,1,0,0,1,1,2
8830819,4,6,2,1,5,1,4,0,0,1,1,1,1,1,0,0,1,1,3,3,1,1,2,1,2,2,2,1,2,1,2,2,2,1,1,1,2,1,1,1,1,9,1,1,1,1,0,0,0,0,0,0,0,0,0,2,9,1,2,1,0,0,0,1,0,1,1,2,3
2558344,3,3,1,1,5,1,0,0,2,1,0,0,2,1,0,0,0,0,0,6,1,2,2,1,2,2,1,2,2,1,2,2,1,1,1,1,2,1,1,1,2,2,1,2,9,1,0,0,0,0,0,0,0,0,0,2,9,1,2,1,0,0,0,1,0,1,1,2,2
2696681,3,2,1,5,5,0,1,0,0,2,1,1,1,1,0,0,0,0,1,1,1,2,2,1,2,2,2,2,2,1,2,2,2,1,1,1,2,1,1,1,2,2,1,1,1,2,0,0,0,0,0,0,0,0,0,2,9,1,2,1,0,0,0,1,0,0,1,2,2
9036362,3,5,3,7,4,3,2,0,1,2,1,1,1,1,1,1,1,1,4,13,1,2,2,1,2,2,2,2,2,1,2,2,2,1,1,1,2,1,2,1,1,9,1,1,1,3,0,0,0,0,0,0,0,0,0,2,9,2,5,2,0,0,0,1,1,2,1,2,2
6966161,3,2,2,6,5,1,2,0,1,1,1,1,1,1,0,0,0,0,5,5,1,1,2,1,2,2,1,1,2,1,2,2,1,1,1,1,2,1,1,1,2,1,1,1,2,3,0,0,0,0,0,0,0,0,0,2,9,0,1,2,0,1,1,1,0,1,1,2,3
3536217,3,2,2,1,5,2,2,0,0,1,1,1,2,2,0,0,0,0,0,0,1,2,2,1,2,2,2,2,2,1,2,2,2,1,1,1,2,1,1,1,2,1,1,1,2,3,0,0,0,0,0,0,0,0,0,2,9,1,2,4,0,1,0,1,0,1,1,2,2
3086098,3,2,1,1,5,0,2,0,1,2,1,1,1,0,0,0,1,0,3,1,1,2,2,1,1,2,2,2,2,1,1,2,2,1,1,1,2,1,1,1,2,1,1,1,1,2,0,0,0,0,0,0,0,0,0,2,9,2,2,1,0,0,0,1,0,1,1,2,2
6225343,3,9,4,1,10,0,6,0,0,2,2,2,3,3,0,0,1,1,0,3,1,1,2,1,2,2,2,1,2,1,2,2,2,1,1,1,2,1,1,1,2,2,1,1,1,2,0,0,0,0,0,0,0,0,0,2,9,1,5,1,0,0,0,1,1,1,1,2,2
1208342,2,1,1,8,36,14,36,0,0,1,12,11,10,9,4,3,5,4,22,18,1,2,2,1,2,2,1,2,2,1,2,2,1,1,1,1,3,1,1,1,1,9,1,1,1,1,1,1,1,1,1,1,4,1,1,1,9,1,0,15,1500,4,1,0,1,2,1,1,2
4213397,3,11,7,1,12,8,12,0,0,1,2,2,3,3,1,1,1,1,1,0,1,1,2,1,2,2,1,1,2,1,2,2,1,1,1,1,2,1,1,1,1,9,1,1,1,1,4,4,4,4,1,4,4,4,1,1,1,0,0,20,0,1,1,0,1,1,1,1,2
7176721,3,11,3,1,35,14,15,0,0,1,2,2,1,1,1,1,1,1,8,5,1,1,2,1,2,2,1,1,2,1,2,2,1,1,1,1,2,1,2,1,1,9,1,1,1,1,2,2,2,4,1,4,4,4,4,1,1,1,0,20,0,2,1,0,2,3,1,2,3
4557686,3,3,2,7,5,0,2,0,0,2,1,1,1,1,0,0,1,1,7,0,1,1,2,1,2,2,2,1,2,1,2,2,2,1,1,1,2,1,2,1,1,9,1,1,1,1,0,0,0,0,0,0,0,0,0,2,9,1,1,0,0,0,0,0,0,0,2,2,2
6525852,2,12,12,7,15,5,15,0,0,1,2,2,1,1,0,0,0,0,3,1,2,1,2,2,2,2,2,1,2,2,2,2,2,1,1,1,2,1,1,1,1,9,1,1,1,1,2,1,1,1,1,4,4,4,4,1,2,0,0,20,0,21,1,1,1,1,1,1,2
9862287,3,1,1,1,5,0,2,0,0,2,1,1,1,1,0,0,0,0,1,1,1,2,2,1,2,2,1,2,2,1,2,2,1,1,1,1,2,1,1,1,1,9,1,1,1,1,0,0,0,0,0,0,0,0,0,2,9,1,2,2,0,0,0,1,0,1,1,2,2
4608327,3,1,1,2,5,0,2,0,0,2,1,1,0,0,0,0,0,0,3,0,1,2,2,1,2,2,2,2,2,1,2,2,2,1,1,1,2,1,1,1,2,1,1,1,2,3,0,0,0,0,0,0,0,0,0,2,9,1,1,1,0,0,1,1,0,0,1,2,2
6506351,3,2,1,1,5,0,2,2,0,2,1,1,1,1,0,0,0,0,2,1,1,2,2,1,2,2,1,2,2,1,2,2,1,1,1,1,2,1,1,1,1,9,1,1,1,1,0,0,0,0,0,0,0,0,0,2,9,2,2,1,0,0,0,1,0,0,1,2,2
3492387,3,9,5,1,36,6,20,0,0,1,8,4,12,10,0,0,0,0,4,8,1,1,2,1,1,2,2,1,2,1,1,2,2,1,1,1,3,1,1,1,1,9,1,1,2,1,1,1,3,4,4,4,4,4,1,1,1,0,0,20,0,20,1,0,1,1,1,2,2
3956050,3,3,1,1,5,0,2,0,0,2,1,1,1,1,0,0,0,0,2,2,1,2,2,1,2,2,2,2,2,1,2,2,2,1,1,1,2,1,2,2,1,9,1,1,1,3,0,0,0,0,0,0,0,0,0,2,9,1,2,1,0,0,0,1,0,1,1,2,3
3516715,3,1,1,1,5,0,5,0,0,2,1,1,1,1,0,0,0,0,2,2,1,2,2,1,2,2,2,2,2,1,2,2,2,1,1,1,2,1,2,1,1,9,1,1,1,3,0,0,0,0,0,0,0,0,0,2,9,1,2,1,0,0,1,1,0,1,1,2,2
6097206,3,1,1,1,5,2,2,0,0,1,1,1,1,1,0,0,0,0,3,2,1,1,2,1,2,2,2,1,2,1,2,2,2,1,1,1,2,1,1,1,1,9,1,1,1,3,0,0,0,0,0,0,0,0,0,2,9,2,2,1,0,0,0,1,0,0,1,2,2
3398815,3,5,6,7,5,6,5,1,0,2,0,0,1,1,1,1,0,0,0,1,1,2,2,2,2,2,1,2,2,2,2,2,1,1,1,1,2,1,1,1,1,9,1,1,1,1,0,0,0,0,0,0,0,0,0,2,9,0,0,4,0,0,0,1,0,0,1,2,2
1704339,2,1,1,1,5,0,1,0,0,2,1,1,1,1,0,0,0,0,2,1,1,1,2,2,1,2,2,1,2,2,1,2,2,1,1,1,2,1,1,1,1,9,1,1,1,1,0,0,0,0,0,0,0,0,0,2,9,1,2,1,0,0,0,1,0,1,1,2,2
6118341,3,3,1,2,4,0,2,0,0,2,1,1,1,1,0,0,0,0,2,2,1,2,2,1,2,2,2,2,2,1,2,2,2,1,1,1,2,1,1,1,1,9,1,1,1,1,0,0,0,0,0,0,0,0,0,2,9,1,2,1,0,0,0,1,0,1,1,2,2
2693700,3,4,3,1,8,2,6,0,2,1,3,3,3,3,1,1,0,0,3,6,1,2,2,1,2,2,1,2,2,1,2,2,1,1,1,1,2,1,1,1,1,9,1,1,1,1,0,0,0,0,0,0,0,0,0,1,1,3,2,11,0,10,1,0,1,1,1,2,2
3702237,3,1,0,1,5,0,0,2,0,2,1,1,1,1,0,0,0,0,0,0,1,2,2,1,2,2,1,2,2,1,2,2,1,1,1,1,2,1,1,1,2,1,1,2,9,1,0,0,0,0,0,0,0,0,0,2,9,1,2,1,0,0,0,1,0,0,1,2,2
7244365,3,5,2,1,4,0,2,0,0,2,1,1,4,4,0,0,0,0,4,0,1,1,2,1,2,2,1,1,2,1,2,2,1,1,1,1,2,1,1,1,1,9,1,1,1,1,0,0,0,0,0,0,0,0,0,2,9,1,1,0,0,0,0,1,0,1,1,2,2
8950350,1,2,2,1,35,8,35,0,0,1,4,4,3,3,2,2,2,2,8,3,1,2,2,1,2,2,1,2,2,1,2,2,1,1,1,1,1,1,1,1,1,9,1,1,1,1,1,1,1,1,1,3,4,4,1,1,9,2,0,20,1000,2,1,0,2,0,1,1,2
9591780,3,6,2,7,5,1,4,0,1,2,2,2,1,1,1,1,2,2,7,7,1,2,2,1,2,2,2,2,2,1,2,2,2,1,1,1,2,1,2,1,1,9,1,1,2,2,0,0,0,0,0,0,0,0,0,1,1,5,3,3,0,10,1,0,2,2,1,1,2
6380140,1,1,1,1,16,4,19,0,0,1,12,12,10,10,4,3,3,2,50,50,1,2,2,1,2,2,1,2,2,1,2,2,1,1,1,1,2,1,1,1,1,9,1,1,1,1,0,0,0,0,0,0,0,0,0,1,9,5,3,10,0,7,2,1,3,2,1,1,2
9674279,3,13,15,1,7,5,17,0,0,1,2,2,0,0,0,0,0,0,0,0,1,2,2,1,2,2,2,2,2,1,2,2,2,1,1,1,2,1,1,1,2,2,1,1,1,1,1,1,1,1,1,4,4,4,1,1,1,0,0,2,0,21,1,0,1,1,1,1,3
8304450,3,1,1,2,5,0,2,0,0,2,1,1,1,1,0,0,0,0,2,2,1,2,2,1,2,2,2,2,2,1,2,2,2,1,1,1,2,1,2,1,2,1,1,1,1,1,0,0,0,0,0,0,0,0,0,2,9,1,1,1,0,0,1,1,0,1,1,2,2
7648291,3,1,1,1,5,0,0,0,1,2,1,0,1,0,0,0,0,0,2,3,1,2,2,1,2,2,2,2,2,1,2,2,2,1,1,1,2,1,2,1,2,1,1,2,9,2,0,0,0,0,0,0,0,0,0,2,9,1,1,1,0,1,1,1,0,1,1,2,3
8639394,3,4,1,6,5,1,1,0,0,1,0,0,1,1,0,0,0,0,4,3,1,2,2,1,2,2,1,2,2,1,2,2,1,1,1,1,2,1,1,1,1,9,1,1,1,1,0,0,0,0,0,0,0,0,0,2,9,2,3,1,0,0,0,1,0,1,2,2,2
1507354,2,1,1,7,5,6,5,0,0,1,2,2,0,0,0,0,0,0,0,0,1,2,2,1,1,2,1,2,2,1,1,2,1,1,1,1,2,1,1,1,1,9,1,1,1,1,0,0,0,0,0,0,0,0,0,1,1,0,0,10,0,0,1,0,1,1,1,1,2
6109104,3,5,2,1,7,1,0,5,0,1,1,1,1,1,1,1,0,0,5,2,1,1,2,2,2,2,2,1,2,2,2,2,2,1,1,1,2,1,1,1,1,9,1,1,1,1,0,0,0,0,0,0,0,0,0,1,1,3,3,10,0,0,0,0,1,2,1,2,2
1733339,3,3,1,1,5,1,2,0,0,2,0,0,2,2,0,0,0,0,0,4,1,2,2,1,2,2,1,2,2,1,2,2,1,1,1,1,2,1,1,1,1,9,1,1,1,3,0,0,0,0,0,0,0,0,0,2,9,0,2,1,0,0,0,1,0,0,1,1,2
1839701,2,1,1,1,15,4,17,0,0,1,5,5,4,4,1,1,1,1,10,8,1,2,2,1,2,2,1,2,2,1,2,2,1,1,1,1,2,1,1,1,1,9,1,1,1,1,0,0,0,0,0,0,0,0,0,1,9,2,1,2,0,0,1,0,1,1,1,2,2
2411203,3,1,1,1,5,1,2,0,0,1,1,1,1,1,1,1,1,1,3,4,1,2,2,1,2,2,2,2,2,1,2,2,2,1,1,1,2,1,1,1,2,2,1,1,1,2,0,0,0,0,0,0,0,0,0,2,9,1,1,0,0,1,0,1,0,1,1,2,2
1202264,3,3,2,1,8,2,3,0,0,1,1,1,0,0,0,0,1,0,3,3,1,2,2,1,2,2,2,2,2,1,2,2,2,1,1,1,2,1,1,1,2,1,1,1,1,2,0,0,0,0,0,0,0,0,0,1,1,4,1,14,0,10,1,0,2,2,1,2,2
2679847,1,3,3,1,14,14,14,0,0,1,14,14,8,8,0,0,0,0,16,10,1,1,2,1,2,2,2,1,2,1,2,2,2,1,1,1,2,1,1,1,1,9,1,1,1,1,0,0,0,0,0,0,0,0,0,2,9,0,0,5,0,0,0,0,1,0,1,1,2
3120597,3,2,5,1,4,1,5,0,0,1,1,1,1,1,0,0,0,0,1,1,1,2,2,1,2,2,2,2,2,1,2,2,2,1,1,1,2,1,1,1,2,1,1,1,1,2,0,0,0,0,0,0,0,0,0,1,1,4,1,10,0,0,1,0,1,1,1,2,2
8673480,3,1,1,5,5,1,2,0,0,1,1,1,1,1,0,0,0,0,2,1,1,2,2,1,2,2,2,2,2,1,2,2,2,1,1,1,2,1,1,1,2,1,1,1,1,1,0,0,0,0,0,0,0,0,0,2,9,4,4,1,0,1,1,1,0,1,1,1,2
1195504,3,2,2,5,2,5,5,0,0,2,1,1,1,1,0,0,0,0,4,4,1,2,2,1,2,2,1,2,2,1,2,2,1,1,1,1,2,1,1,1,2,1,1,1,1,1,0,0,0,0,0,0,0,0,0,2,9,2,3,0,0,0,0,1,0,0,1,1,2
5890567,3,7,7,1,7,1,8,0,0,2,2,2,3,3,0,0,0,0,10,5,1,1,2,1,2,2,1,1,2,1,2,2,1,1,1,1,2,1,1,1,1,9,1,1,1,1,0,0,0,0,0,0,0,0,0,1,1,3,1,10,0,1,1,0,1,2,1,2,2
4903727,3,5,1,1,5,0,1,0,1,2,0,0,1,1,0,0,0,0,0,4,1,2,2,1,2,2,2,2,2,1,2,2,2,1,1,1,2,1,2,2,1,9,1,1,1,3,0,0,0,0,0,0,0,0,0,2,9,1,2,1,0,0,1,1,0,1,1,2,2
2606910,1,1,1,1,0,10,30,0,0,1,36,36,37,37,2,2,2,2,72,39,1,1,1,1,2,2,1,1,1,1,2,2,1,1,1,1,2,1,1,1,1,9,1,1,1,1,0,0,0,0,0,0,0,0,0,2,9,0,0,15,0,0,0,28,0,0,1,2,1
6159940,3,3,2,7,5,0,3,0,0,2,0,0,1,1,0,0,0,0,0,2,1,2,2,1,2,2,2,2,2,1,2,2,2,1,1,1,2,1,1,1,1,9,1,1,1,1,0,0,0,0,0,0,0,0,0,2,9,1,1,1,0,1,0,1,0,0,1,2,3
5620984,3,2,1,1,5,0,3,0,0,2,0,0,2,2,0,0,0,0,0,6,1,2,2,1,2,2,1,2,2,1,2,2,1,1,1,1,2,1,1,1,1,9,1,1,1,1,0,0,0,0,0,0,0,0,0,2,9,1,1,1,0,0,0,1,0,0,1,2,2
6212245,2,1,1,1,8,3,8,0,0,1,4,4,4,4,1,1,1,1,6,6,1,2,2,1,2,2,1,2,2,1,2,2,1,1,1,1,2,1,2,2,1,9,1,2,9,1,0,0,0,0,0,0,0,0,0,2,9,0,1,1,0,0,0,0,1,1,1,2,3
3138199,3,6,1,1,6,1,2,2,0,1,1,1,1,1,1,1,0,0,3,5,1,2,2,1,2,2,2,2,2,1,2,2,2,1,1,1,3,1,1,1,2,2,1,2,9,1,0,0,0,0,0,0,0,0,0,2,9,2,2,0,0,0,0,1,0,0,1,2,2
4592200,3,4,2,7,10,1,5,0,0,2,2,2,2,2,1,0,0,0,8,5,1,1,2,1,1,2,2,1,2,1,1,2,2,1,1,1,2,1,1,1,1,9,1,1,1,3,0,0,0,0,0,0,0,0,0,2,9,3,2,4,0,0,1,1,0,1,1,2,2
4676385,3,6,1,1,5,0,2,1,0,2,1,1,1,1,0,0,0,0,4,4,1,1,2,2,2,2,2,1,2,2,2,2,2,1,1,1,2,1,1,1,1,9,1,1,1,1,0,0,0,0,0,0,0,0,0,2,9,1,2,1,0,0,0,1,0,1,1,2,2
3735725,3,2,1,1,5,0,2,0,0,2,1,1,1,1,1,1,0,0,1,1,1,2,2,1,2,2,2,2,2,1,2,2,2,1,1,1,2,1,2,2,1,9,1,1,1,3,0,0,0,0,0,0,0,0,0,2,9,1,1,1,0,0,1,1,0,0,1,2,3
5399441,3,5,1,7,6,0,1,1,0,2,2,0,1,1,0,0,1,0,4,4,1,2,2,1,2,2,2,2,2,1,2,2,2,1,1,1,2,1,2,1,1,9,1,1,1,2,0,0,0,0,0,0,0,0,0,2,9,1,2,1,0,0,0,1,0,1,1,2,2
8087314,3,4,1,1,5,1,2,0,0,1,1,0,1,1,0,0,0,0,4,4,1,2,2,1,2,2,2,2,2,1,2,2,2,1,1,1,2,1,1,1,1,9,1,1,2,1,0,0,0,0,0,0,0,0,0,2,9,1,1,1,0,0,1,1,0,0,1,2,2
8116324,3,5,5,7,5,0,5,0,0,2,1,1,2,2,0,0,0,0,8,11,1,1,2,2,2,2,2,1,2,2,2,2,2,1,1,1,2,1,1,1,1,9,1,1,1,1,0,0,0,0,0,0,0,0,0,2,9,1,2,1,0,0,0,1,0,0,1,2,2
7605588,2,2,2,1,4,4,4,0,0,1,1,1,1,1,0,0,0,0,3,3,1,2,2,1,1,2,1,2,2,1,1,2,1,1,1,1,2,1,1,1,1,9,1,1,1,1,0,0,0,0,0,0,0,0,0,2,9,0,3,0,0,0,0,0,0,0,2,2,2
5625303,3,6,2,1,5,0,0,0,4,2,1,1,1,1,0,0,0,0,0,2,1,2,2,1,2,2,2,2,2,1,2,2,2,1,1,1,2,1,1,1,2,2,1,1,1,3,0,0,0,0,0,0,0,0,0,2,9,2,2,1,0,1,0,1,0,1,1,2,2
1593807,3,8,5,1,8,1,6,1,1,1,2,2,2,2,1,1,1,1,10,6,1,2,2,1,2,2,1,2,2,1,2,2,1,1,1,1,1,1,1,1,1,9,1,1,1,2,0,0,0,0,0,0,0,0,0,1,1,6,1,4,0,0,0,0,1,1,1,2,2
9453941,3,9,3,2,7,1,5,0,2,1,1,1,2,2,1,1,1,1,1,2,1,1,2,1,2,2,2,1,2,1,2,2,2,1,1,1,1,1,1,1,1,9,1,1,1,2,0,0,0,0,0,0,0,0,0,1,1,4,4,13,0,0,0,0,2,1,1,1,2
9744079,3,2,2,7,2,0,2,0,0,2,1,1,1,1,0,0,0,0,1,1,1,2,2,1,2,2,2,2,2,1,2,2,2,1,1,1,2,1,1,1,2,2,1,2,9,1,0,0,0,0,0,0,0,0,0,2,9,1,1,1,0,0,0,1,0,0,1,2,3
9711022,3,2,2,7,5,0,5,0,0,2,2,2,2,2,0,0,0,0,6,4,1,2,2,1,2,2,1,2,2,1,2,2,1,1,1,1,2,1,1,1,1,9,1,1,1,1,0,0,0,0,0,0,0,0,0,2,9,2,0,2,0,0,0,1,0,1,1,2,2
3137428,3,7,2,1,4,0,5,0,0,2,2,2,2,2,0,0,0,0,4,4,1,2,2,1,2,2,1,2,2,1,2,2,1,1,1,1,2,1,1,1,1,9,1,1,2,1,0,0,0,0,0,0,0,0,0,1,1,2,4,12,0,0,1,0,2,1,1,2,2
8181941,3,5,2,1,5,0,4,0,0,2,1,1,2,2,0,0,0,0,6,6,1,2,2,1,2,2,2,2,2,1,2,2,2,1,1,1,2,1,1,1,2,2,1,1,1,3,0,0,0,0,0,0,0,0,0,2,9,3,3,0,0,0,0,1,0,1,1,2,2
9140157,3,8,6,1,7,8,6,0,0,2,3,3,2,2,0,0,2,2,3,3,1,2,2,1,2,2,2,2,2,1,2,2,2,1,1,1,2,1,1,1,1,9,1,1,1,1,0,0,0,0,0,0,0,0,0,2,9,1,4,1,0,0,0,1,0,0,1,2,1
8054882,1,1,1,1,14,10,10,0,0,1,4,4,4,4,1,1,1,1,8,12,1,2,2,1,2,2,1,2,2,1,2,2,1,1,1,1,2,1,1,1,1,9,1,1,1,1,0,0,0,0,0,0,0,0,0,2,9,1,0,0,0,0,0,5,0,0,1,2,2
5771753,3,19,18,2,27,8,12,1,0,1,1,1,0,0,1,1,0,0,1,0,1,1,2,1,1,2,2,1,2,1,1,2,2,1,1,1,2,1,1,1,1,9,1,1,1,1,1,1,1,4,1,4,4,4,1,1,1,1,0,21,0,0,1,0,2,2,1,2,2
3258820,3,6,3,1,6,0,6,0,0,2,0,0,1,1,1,1,1,1,1,3,1,1,2,2,1,2,2,1,2,2,1,2,2,1,1,1,2,1,1,1,1,9,1,1,1,1,0,0,0,0,0,0,0,0,0,2,9,2,3,2,0,0,1,1,1,1,1,2,2
7708229,3,6,4,1,10,4,2,0,2,2,3,3,4,4,1,0,0,0,2,2,1,2,2,1,2,2,2,2,2,1,2,2,2,1,1,1,2,1,2,2,1,9,1,1,1,1,0,0,0,0,0,0,0,0,0,2,9,6,3,2,0,0,0,1,1,1,1,2,3
8128109,3,7,2,1,5,1,3,2,0,1,1,1,2,2,0,0,0,0,20,4,1,2,2,1,2,2,1,2,2,1,2,2,1,1,1,1,2,1,1,1,1,9,1,1,1,1,0,0,0,0,0,0,0,0,0,1,1,4,1,11,0,0,1,0,2,2,1,1,2
5494348,3,2,3,7,5,1,8,0,0,1,2,2,3,3,1,1,0,0,4,4,1,2,2,1,2,2,1,2,2,1,2,2,1,1,1,1,2,1,1,1,2,1,1,1,1,2,0,0,0,0,0,0,0,0,0,1,1,4,3,3,0,3,0,0,1,2,1,1,2
7475969,3,5,1,1,5,0,2,1,0,2,1,1,1,1,0,0,0,0,3,3,1,2,2,1,2,2,2,2,2,1,2,2,2,1,1,1,2,1,1,1,1,9,1,1,1,3,0,0,0,0,0,0,0,0,0,2,9,1,2,1,0,1,0,1,0,0,1,1,2
1283828,3,4,1,1,5,0,5,0,0,2,5,5,5,5,0,0,0,0,0,4,1,1,2,2,2,2,2,1,2,2,2,2,2,1,1,1,2,1,2,1,1,9,1,1,1,3,0,0,0,0,0,0,0,0,0,2,9,0,2,1,0,0,0,1,0,0,1,1,2
1645222,3,4,1,1,5,0,2,0,0,2,1,1,1,1,0,0,0,0,3,3,1,2,2,1,2,2,2,2,2,1,2,2,2,1,1,1,2,1,1,1,1,9,1,1,1,1,0,0,0,0,0,0,0,0,0,2,9,0,2,1,0,0,0,1,0,0,1,2,2
8356628,3,7,7,1,9,2,9,0,0,1,3,3,4,4,1,0,2,1,6,12,1,2,2,1,1,2,1,2,2,1,1,2,1,1,1,1,2,1,1,1,1,9,1,1,1,1,0,0,0,0,0,0,0,0,0,2,9,2,5,1,0,0,0,1,0,0,1,2,2
2215236,3,1,1,2,5,7,5,0,0,1,2,2,0,0,0,0,0,0,5,5,2,2,2,1,2,2,1,2,2,1,2,2,1,1,1,1,2,1,1,1,2,1,1,1,1,1,0,0,0,0,0,0,0,0,0,2,2,0,0,10,1500,0,1,0,1,2,1,1,2
3922830,3,5,1,1,5,2,0,2,0,1,0,0,4,4,1,1,0,0,3,0,1,2,2,1,2,2,2,2,2,1,2,2,2,1,1,1,2,1,1,1,1,9,1,1,1,1,0,0,0,0,0,0,0,0,0,2,9,1,2,2,0,0,0,1,0,1,1,2,2
4705552,3,3,2,1,6,1,3,0,1,1,2,2,2,2,0,0,1,1,2,3,1,2,2,1,2,2,2,2,2,1,2,2,2,1,1,1,3,1,1,1,2,2,1,1,1,1,0,0,0,0,0,0,0,0,0,1,1,4,2,11,0,10,0,0,1,1,2,2,2
7734990,3,10,5,1,8,0,0,8,0,2,3,3,3,3,0,0,1,1,6,6,1,2,2,1,2,2,2,2,2,1,2,2,2,1,1,1,2,1,2,1,1,9,1,1,1,2,0,0,0,0,0,0,0,0,0,1,1,4,3,13,0,2,1,0,3,1,1,2,2
5432067,3,6,2,7,8,1,2,0,2,1,1,1,2,2,1,1,2,2,2,4,1,2,2,1,2,2,2,2,2,1,2,2,2,1,1,1,2,1,1,1,1,9,1,1,1,2,0,0,0,0,0,0,0,0,0,1,1,6,2,10,0,0,0,0,1,1,1,2,2
4543313,3,4,1,1,9,1,3,0,2,2,4,3,8,8,0,0,0,0,5,8,1,2,2,1,2,2,2,2,2,1,2,2,2,1,1,1,2,1,2,1,1,9,1,1,1,3,0,0,0,0,0,0,0,0,0,2,9,1,2,1,0,0,1,1,0,0,1,2,3
2873999,1,2,12,1,10,12,12,0,0,1,3,3,3,3,2,2,2,2,2,6,1,2,2,1,2,2,1,2,2,1,2,2,1,1,1,1,1,1,1,1,1,9,1,1,1,1,0,0,0,0,0,0,0,0,0,2,9,1,0,12,500,1,0,0,2,0,1,2,2
8389254,3,2,2,1,5,1,1,1,0,1,1,1,1,0,1,0,0,0,1,1,1,2,2,1,2,2,1,2,2,1,2,2,1,1,1,1,2,1,1,1,1,9,1,1,1,1,0,0,0,0,0,0,0,0,0,2,9,1,2,1,0,0,0,1,0,0,2,2,2
5627688,4,3,2,1,5,0,2,0,0,2,1,1,1,1,0,0,0,0,0,0,1,2,2,1,2,2,1,2,2,1,2,2,1,1,1,1,2,1,1,1,2,2,1,1,1,1,0,0,0,0,0,0,0,0,0,2,9,1,2,1,0,0,0,1,0,0,1,2,3
1428615,3,4,2,1,5,0,1,1,0,2,1,1,1,1,1,1,0,0,1,1,1,2,2,1,2,2,2,2,2,1,2,2,2,1,1,1,2,1,1,1,2,1,1,1,1,1,0,0,0,0,0,0,0,0,0,2,9,1,1,1,0,0,0,1,0,0,1,2,3
5917527,1,1,1,1,13,4,10,0,0,1,6,6,8,8,0,0,0,0,15,15,1,2,2,1,2,2,2,2,2,1,2,2,2,1,1,1,2,1,1,1,1,9,1,2,9,1,0,0,0,0,0,0,0,0,0,1,9,0,0,9,0,0,0,0,0,1,2,2,3
6013172,3,10,3,7,7,0,7,0,0,2,2,2,2,2,0,0,0,0,1,2,1,1,2,1,2,2,2,1,2,1,2,2,2,1,1,1,2,1,1,1,1,9,1,1,1,1,0,0,0,0,0,0,0,0,0,2,9,2,1,2,0,0,0,1,1,1,1,2,2
4110406,2,3,3,1,7,0,5,0,0,2,2,2,0,0,0,0,0,0,4,0,1,2,2,1,2,2,1,2,2,1,2,2,1,1,1,1,2,1,1,1,1,9,1,1,1,1,0,0,0,0,0,0,0,0,0,2,9,2,3,1,0,1,1,1,0,1,1,2,2
8069127,3,17,17,2,12,3,12,0,0,1,2,2,2,2,0,0,0,0,10,10,1,2,2,1,2,2,1,2,2,1,2,2,1,1,1,1,2,1,1,1,1,9,1,1,1,1,1,1,1,1,1,4,4,4,1,1,1,0,0,20,0,2,1,0,1,1,1,1,2
5117802,3,9,3,7,6,4,5,0,2,1,2,2,2,2,0,0,0,0,1,1,1,2,2,1,2,2,2,2,2,1,2,2,2,1,1,1,2,1,1,1,1,9,1,1,1,1,0,0,0,0,0,0,0,0,0,2,9,1,2,1,0,0,0,1,0,0,1,2,2
5342087,3,6,3,1,5,2,4,0,0,2,0,0,4,4,0,0,0,0,0,6,1,2,2,1,2,2,1,2,2,1,2,2,1,1,1,1,2,1,1,1,1,9,1,1,1,1,0,0,0,0,0,0,0,0,0,2,9,1,3,1,0,0,0,1,0,1,1,2,2
3413074,1,1,1,1,11,6,13,0,0,1,4,4,3,3,1,1,1,1,8,3,1,2,2,1,1,2,1,2,2,1,1,2,1,1,1,1,2,1,1,1,1,9,1,1,1,1,0,0,0,0,0,0,0,0,0,1,9,1,1,9,0,0,0,0,0,0,1,1,2
2108674,3,3,2,1,2,0,2,0,0,2,1,1,1,1,0,0,0,0,1,1,1,2,2,1,2,2,1,2,2,1,2,2,1,1,1,1,2,1,1,1,1,9,1,1,1,2,0,0,0,0,0,0,0,0,0,2,9,1,1,1,0,0,0,1,0,0,1,2,2
5055265,3,3,2,1,8,1,1,0,2,1,1,0,1,0,1,1,0,0,0,0,1,2,2,1,2,2,2,2,2,1,2,2,2,1,1,1,2,1,2,1,1,9,1,1,1,1,0,0,0,0,0,0,0,0,0,2,9,1,2,1,0,0,0,1,0,0,1,2,2
6574637,3,2,2,1,5,0,2,0,0,2,2,2,2,2,0,0,0,0,4,2,1,2,2,2,1,2,2,2,2,2,1,2,2,1,1,1,2,1,2,1,1,9,1,1,1,1,0,0,0,0,0,0,0,0,0,2,9,1,1,1,0,1,1,1,0,0,1,2,3
8580419,3,2,2,1,5,2,3,0,0,1,1,1,1,1,0,0,0,0,3,1,1,2,2,1,2,2,1,2,2,1,2,2,1,1,1,1,2,1,1,1,1,9,1,1,1,1,0,0,0,0,0,0,0,0,0,2,9,2,3,1,0,0,1,1,0,1,1,2,2
8315019,3,1,1,5,2,0,2,0,0,2,0,0,1,1,0,0,0,0,0,3,1,2,2,1,2,2,2,2,2,1,2,2,2,1,1,1,2,1,1,1,1,9,1,1,2,2,0,0,0,0,0,0,0,0,0,2,9,1,1,1,0,0,0,1,0,0,1,2,2
7600157,3,4,1,1,10,5,10,0,0,1,2,2,4,4,1,1,0,0,5,5,1,1,1,1,1,2,1,1,1,1,1,2,1,1,1,1,2,1,1,1,1,9,1,1,1,1,0,0,0,0,0,0,0,0,0,1,1,0,0,10,0,0,1,0,1,1,1,1,2
5438060,3,4,2,1,5,0,3,0,0,2,1,1,1,1,0,0,0,0,2,2,1,2,2,1,2,2,2,2,2,1,2,2,2,1,1,1,2,1,1,1,1,9,1,1,1,3,0,0,0,0,0,0,0,0,0,2,9,1,2,1,0,0,0,1,0,1,1,2,2
4503481,1,1,1,1,12,5,12,0,0,1,1,1,1,1,1,1,1,1,1,2,1,2,2,1,2,2,1,2,2,1,2,2,1,1,1,1,2,1,1,1,1,9,1,1,1,1,0,0,0,0,0,0,0,0,0,1,9,2,0,10,1400,0,0,0,2,0,1,1,2
8496989,3,5,2,1,5,2,2,0,2,1,1,1,1,1,0,0,1,1,4,4,1,1,2,2,1,2,2,1,2,2,1,2,2,1,1,1,2,1,1,1,1,9,1,1,1,1,0,0,0,0,0,0,0,0,0,2,9,1,2,4,0,0,0,1,0,2,1,2,2
2587914,3,9,2,2,9,7,2,5,0,1,1,1,2,2,1,0,1,0,3,6,1,2,2,1,2,2,2,2,2,1,2,2,2,1,1,1,2,1,1,1,1,9,1,1,1,2,0,0,0,0,0,0,0,0,0,1,1,4,3,13,0,1,1,0,2,1,2,2,2
3065032,1,1,1,1,17,2,17,0,0,1,5,5,4,4,1,1,1,1,15,4,1,2,2,1,1,2,1,2,2,1,1,2,1,1,1,1,2,1,1,1,1,9,1,1,1,1,0,0,0,0,0,0,0,0,0,2,9,0,0,5,0,5,1,0,1,0,1,2,2
2816424,3,3,1,1,5,0,2,0,0,2,1,1,1,0,0,0,0,0,0,1,1,2,2,1,2,2,1,2,2,1,2,2,1,1,1,1,2,1,1,1,1,9,1,1,1,1,0,0,0,0,0,0,0,0,0,2,9,1,2,1,0,0,0,1,0,1,1,2,2
5770579,3,9,1,7,4,1,3,0,0,1,2,2,3,3,0,0,0,0,2,3,1,2,2,1,2,2,2,2,2,1,2,2,2,1,1,1,2,1,1,1,1,9,1,1,1,1,0,0,0,0,0,0,0,0,0,1,1,3,2,16,0,0,0,0,1,1,1,1,3
9935391,3,7,4,1,10,2,4,4,0,2,3,3,6,6,1,1,1,1,0,0,1,1,2,1,2,2,1,1,2,1,2,2,1,1,1,1,2,1,1,1,1,9,1,1,1,2,0,0,0,0,0,0,0,0,0,1,1,4,1,10,0,0,1,0,3,2,1,1,3
6847019,3,5,1,1,2,0,2,0,0,2,1,1,1,1,0,0,0,0,4,10,1,2,2,1,1,2,2,2,2,1,1,2,2,1,1,1,2,1,1,1,1,9,1,1,1,3,0,0,0,0,0,0,0,0,0,2,9,1,1,0,0,0,0,0,0,0,2,2,2
1739518,3,4,8,1,4,8,4,0,0,1,0,0,16,16,0,0,3,3,0,18,1,1,2,1,1,2,2,1,2,1,1,2,2,1,1,1,1,1,2,1,2,2,1,1,1,1,0,0,0,0,0,0,0,0,0,1,1,0,0,20,0,0,1,1,2,2,1,2,2
4090445,1,2,2,1,28,7,24,0,0,1,14,13,10,9,5,4,4,3,13,18,1,1,2,2,2,2,2,1,2,2,2,2,2,1,1,1,2,1,2,1,1,9,1,1,2,1,1,1,1,1,1,4,4,4,1,1,9,1,15,17,0,1,0,8,1,1,1,1,2
7773730,3,5,3,7,9,0,1,0,2,2,2,2,2,2,1,1,0,0,5,5,1,2,2,1,2,2,2,2,2,1,2,2,2,1,1,1,1,1,1,1,2,1,1,1,1,2,0,0,0,0,0,0,0,0,0,1,1,6,3,10,0,0,0,0,1,1,1,1,2
4808005,3,3,3,1,5,1,3,0,0,2,1,1,0,0,0,0,0,0,3,0,1,2,2,1,2,2,1,2,2,1,2,2,1,1,1,1,2,1,1,1,1,9,1,1,1,1,0,0,0,0,0,0,0,0,0,2,9,2,2,1,0,0,0,1,0,0,1,2,2
4332591,3,6,3,1,5,0,5,0,0,2,1,1,2,1,0,0,0,0,6,4,1,2,2,1,2,2,2,2,2,1,2,2,2,1,1,1,3,1,1,1,1,9,1,1,1,1,0,0,0,0,0,0,0,0,0,1,1,1,1,10,0,0,0,0,2,1,1,2,2
4778251,3,13,5,7,28,4,23,0,0,1,2,2,2,2,0,0,0,0,2,3,1,1,2,1,2,2,1,1,2,1,2,2,1,1,1,1,2,1,1,1,1,9,1,1,1,2,1,1,1,2,1,4,4,4,1,1,1,1,0,20,0,1,1,0,1,1,1,1,2
9368464,3,6,2,7,3,0,3,0,0,2,1,1,1,1,1,1,0,0,6,6,1,2,2,1,2,2,1,2,2,1,2,2,1,1,1,1,2,1,1,1,1,9,1,1,1,1,0,0,0,0,0,0,0,0,0,2,9,1,3,1,0,0,0,1,0,1,1,2,2
5972311,3,2,1,1,5,1,2,0,0,1,1,1,1,1,0,0,0,0,4,4,1,2,2,1,2,2,2,2,2,1,2,2,2,1,1,1,2,1,1,1,2,1,1,1,1,3,0,0,0,0,0,0,0,0,0,2,9,1,1,1,0,0,0,1,0,1,1,2,2
4041960,3,2,2,5,5,1,3,0,2,2,1,1,1,1,0,0,0,0,1,2,1,2,2,1,2,2,1,2,2,1,2,2,1,1,1,1,2,1,1,1,2,1,1,1,1,1,0,0,0,0,0,0,0,0,0,2,9,4,2,1,0,0,0,1,0,0,1,2,2
1781539,2,3,3,1,5,4,4,0,0,1,1,1,1,1,0,0,0,0,3,3,1,2,2,1,2,2,2,2,2,1,2,2,2,1,1,1,2,1,1,1,1,9,1,1,1,1,0,0,0,0,0,0,0,0,0,2,9,2,1,0,0,0,0,1,0,1,1,1,2
4049942,3,10,3,7,9,0,7,0,2,2,2,2,2,2,1,1,1,1,6,6,1,1,2,1,2,2,2,1,2,1,2,2,2,1,1,1,2,1,1,1,1,9,1,1,1,1,0,0,0,0,0,0,0,0,0,1,1,1,4,13,0,0,1,0,2,1,1,1,2
4289259,3,4,1,1,4,0,0,1,0,2,1,1,1,1,0,0,0,0,3,3,1,2,2,1,2,2,2,2,2,1,2,2,2,1,1,1,2,1,1,1,1,9,1,2,9,1,0,0,0,0,0,0,0,0,0,2,9,2,2,2,0,0,1,1,0,0,1,2,2
7780960,3,4,1,2,5,1,2,0,0,2,0,0,1,0,0,0,0,0,0,0,1,2,2,1,2,2,2,2,2,1,2,2,2,1,1,1,2,1,2,2,1,9,1,1,1,3,0,0,0,0,0,0,0,0,0,2,9,1,2,1,0,0,1,1,0,0,2,2,2
5305364,3,29,16,1,89,10,41,6,6,1,10,10,0,0,1,0,0,0,48,0,1,2,2,1,2,2,2,2,2,1,2,2,2,1,1,1,2,1,1,1,1,9,1,1,1,2,2,2,2,3,1,4,4,4,3,1,1,1,3,20,0,0,0,1,2,1,1,1,2
9367522,3,1,1,2,5,0,0,2,0,2,1,1,1,0,0,0,0,0,3,3,1,2,2,1,2,2,2,2,2,1,2,2,2,1,1,1,2,1,1,1,1,9,1,1,2,1,0,0,0,0,0,0,0,0,0,2,9,1,1,1,0,0,1,1,0,0,1,2,2
2984969,3,5,1,7,5,0,1,0,1,2,1,1,2,2,0,0,0,0,3,2,1,2,2,1,1,2,2,2,2,1,1,2,2,1,1,1,2,1,1,1,1,9,1,1,1,3,0,0,0,0,0,0,0,0,0,2,9,1,2,1,0,0,0,1,0,1,1,2,2
5786892,3,1,1,1,5,0,2,0,0,2,1,1,1,1,0,0,0,0,3,1,1,2,2,1,2,2,2,2,2,1,2,2,2,1,1,1,2,1,1,1,1,9,1,1,1,3,0,0,0,0,0,0,0,0,0,2,9,1,2,1,0,0,1,1,0,0,1,2,3
1488493,3,2,1,1,8,0,2,0,0,2,4,4,4,4,1,1,1,1,4,4,1,1,2,1,2,2,2,1,2,1,2,2,2,1,1,1,2,1,2,1,1,9,1,1,1,3,0,0,0,0,0,0,0,0,0,1,1,4,4,10,0,0,1,0,1,2,1,2,2
4900847,3,2,2,5,5,8,5,0,0,1,1,1,1,1,1,1,1,1,5,5,1,2,2,1,1,2,1,2,2,1,1,2,1,1,1,1,2,1,1,1,1,9,1,1,1,1,0,0,0,0,0,0,0,0,0,1,2,0,0,10,0,0,1,0,1,1,1,2,2
2243407,3,5,2,7,5,0,4,0,0,2,0,0,5,5,0,0,1,1,0,4,1,1,2,2,2,2,2,1,2,2,2,2,2,1,1,1,2,1,2,1,1,9,1,1,1,2,0,0,0,0,0,0,0,0,0,2,9,2,3,2,0,0,1,1,0,1,1,2,2
9658878,3,9,9,7,9,5,7,2,0,1,1,1,2,2,0,0,0,0,0,1,1,2,2,1,2,2,2,2,2,1,2,2,2,1,1,1,2,1,1,1,1,9,1,1,1,1,0,0,0,0,0,0,0,0,0,1,1,1,0,10,0,0,1,1,1,1,1,1,2
5933830,3,8,4,2,9,2,8,1,0,1,2,2,2,2,1,1,0,0,5,5,1,1,2,1,2,2,2,1,2,1,2,2,2,1,1,1,2,1,1,1,1,9,1,1,1,1,0,0,0,0,0,0,0,0,0,1,1,8,3,13,0,1,0,0,2,2,1,1,2
1008656,3,7,2,1,5,1,0,0,2,1,0,0,2,2,0,0,0,0,0,5,1,2,2,1,2,2,2,2,2,1,2,2,2,1,1,1,2,1,1,1,2,2,1,1,1,3,0,0,0,0,0,0,0,0,0,2,9,2,2,1,0,1,0,1,0,1,1,2,2
4410432,3,8,2,1,6,1,6,0,0,1,3,3,3,3,0,0,1,1,8,14,1,2,2,1,2,2,1,2,2,1,2,2,1,1,1,1,2,1,1,1,1,9,1,1,1,1,0,0,0,0,0,0,0,0,0,1,1,5,1,1,0,0,0,0,1,1,1,2,2
4991243,3,1,0,2,5,2,0,2,1,2,1,1,1,1,0,0,0,0,3,3,1,2,2,1,2,2,2,2,2,1,2,2,2,1,1,1,2,1,2,1,2,1,1,1,1,3,0,0,0,0,0,0,0,0,0,2,9,1,3,1,0,0,1,1,1,0,1,2,1
1241759,3,5,2,1,5,0,4,0,0,2,1,1,6,6,1,0,1,1,4,0,1,1,2,1,2,2,2,1,2,1,2,2,2,1,1,1,2,1,2,2,1,9,1,1,2,2,0,0,0,0,0,0,0,0,0,2,9,1,2,1,0,0,0,1,0,1,1,2,2
1429385,3,1,1,5,1,0,2,0,0,2,0,0,1,1,0,0,0,0,0,1,1,2,2,1,2,2,1,2,2,2,2,2,1,1,1,1,2,1,1,1,2,1,1,1,1,3,0,0,0,0,0,0,0,0,0,2,9,1,2,1,0,0,0,1,0,0,1,2,3
1436101,3,9,1,5,5,0,3,0,0,2,1,1,1,1,0,0,0,0,2,2,1,2,2,1,2,2,1,2,2,1,2,2,1,1,1,1,2,1,1,1,1,9,1,1,1,1,0,0,0,0,0,0,0,0,0,2,9,0,1,0,0,0,0,0,0,0,2,2,2
9763106,3,2,1,1,12,7,5,0,0,1,6,6,6,6,1,0,1,0,10,10,1,2,2,1,2,2,1,2,2,1,2,2,1,1,1,1,2,1,1,1,2,1,1,1,1,1,0,0,0,0,0,0,0,0,0,1,2,3,1,10,0,10,1,0,1,1,1,2,2
9329766,3,6,2,1,3,1,3,0,0,2,2,2,2,2,1,1,0,0,6,7,1,2,2,1,2,2,1,2,2,1,2,2,1,1,1,1,2,1,1,2,1,9,1,1,1,2,0,0,0,0,0,0,0,0,0,1,1,0,0,10,0,0,1,0,1,1,1,2,2
6145665,3,12,6,1,6,3,6,0,0,1,0,0,1,1,0,0,0,0,0,1,1,2,2,1,2,2,1,2,2,1,2,2,1,1,1,1,2,1,1,1,1,9,1,1,1,1,0,0,0,0,0,0,0,0,0,2,9,1,2,2,0,0,1,1,1,1,1,2,2
2472551,3,7,8,7,7,2,6,0,2,1,1,1,1,1,1,1,1,1,4,3,1,2,2,1,2,2,1,2,2,1,2,2,1,1,1,1,2,1,1,1,1,9,1,1,1,1,0,0,0,0,0,0,0,0,0,1,1,4,4,13,0,0,0,0,2,1,1,2,2
8359478,3,10,2,1,10,1,0,2,0,1,1,1,1,1,0,0,0,0,10,0,1,2,2,1,2,2,1,2,2,1,2,2,1,1,1,1,2,1,1,1,1,9,1,1,1,3,0,0,0,0,0,0,0,0,0,2,9,1,0,0,0,0,0,0,1,0,1,2,2
6667713,3,11,1,1,4,2,2,0,0,2,1,1,1,1,0,0,1,1,4,3,1,2,2,1,2,2,1,2,2,1,2,2,1,1,1,1,2,1,1,1,1,9,1,1,1,1,0,0,0,0,0,0,0,0,0,2,9,1,0,1,0,0,1,1,0,1,1,2,2
6594016,3,4,2,7,5,5,5,0,0,1,8,8,20,17,1,1,1,1,4,9,1,2,2,1,2,2,2,2,2,1,2,2,2,1,1,1,2,1,1,1,1,9,1,1,1,1,0,0,0,0,0,0,0,0,0,1,1,4,1,11,0,0,1,0,1,1,1,2,2
2247989,3,4,1,1,5,0,2,0,0,2,0,0,2,2,0,0,0,0,0,3,1,2,2,1,2,2,1,2,2,1,2,2,1,1,1,1,2,1,1,1,1,9,1,1,1,2,0,0,0,0,0,0,0,0,0,2,9,1,1,1,0,1,0,1,0,0,1,2,2
9220825,4,4,1,5,5,0,0,0,2,2,1,1,1,1,1,1,1,1,0,2,1,2,2,1,2,2,2,2,2,1,2,2,2,1,1,1,2,1,1,1,2,1,1,2,9,1,0,0,0,0,0,0,0,0,0,2,9,1,2,1,0,0,1,1,0,0,1,2,2
4734482,3,4,1,1,2,1,2,0,0,2,1,1,1,1,0,0,0,0,1,1,1,2,2,1,2,2,2,2,2,1,2,2,2,1,1,1,2,1,2,1,2,2,1,1,1,1,0,0,0,0,0,0,0,0,0,2,9,1,3,2,0,0,0,1,1,1,1,2,2
3781413,3,1,1,1,5,1,2,0,0,1,2,2,2,2,0,0,0,0,2,2,1,2,2,1,2,2,2,2,2,1,2,2,2,1,1,1,2,1,1,1,1,9,1,1,2,3,0,0,0,0,0,0,0,0,0,2,9,1,1,2,0,0,0,1,1,1,1,2,2
6283954,3,4,1,7,5,7,5,0,0,1,4,4,5,5,1,1,1,1,5,6,1,1,2,2,2,2,2,1,2,2,2,2,2,1,1,1,2,1,1,1,1,9,1,1,1,1,0,0,0,0,0,0,0,0,0,1,1,4,0,10,0,0,1,0,1,3,1,2,2
6886506,3,5,3,1,6,0,6,0,0,2,1,1,2,2,0,0,0,0,6,13,1,1,2,1,2,2,2,1,2,1,2,2,2,1,1,1,2,1,1,1,1,9,1,1,1,1,0,0,0,0,0,0,0,0,0,1,1,6,1,10,0,0,0,0,3,0,1,2,2
7641626,3,7,6,1,7,1,5,1,1,2,2,1,3,2,0,0,1,1,2,4,1,2,2,1,2,2,2,2,2,1,2,2,2,1,1,1,2,1,1,1,1,9,1,1,1,2,0,0,0,0,0,0,0,0,0,1,1,3,3,2,0,0,0,0,1,2,1,2,3
5720346,3,2,1,1,5,0,2,0,0,2,2,2,2,2,1,1,1,1,2,2,1,2,2,1,2,2,2,2,2,1,2,2,2,1,1,1,2,1,1,1,1,9,1,1,1,1,0,0,0,0,0,0,0,0,0,2,9,1,2,2,0,2,0,1,0,1,1,1,2
6528176,3,10,5,1,9,1,8,0,0,2,1,1,1,1,0,0,0,0,1,1,1,1,2,2,1,2,2,1,2,2,1,2,2,1,1,1,2,1,1,1,1,9,1,1,1,2,0,0,0,0,0,0,0,0,0,1,1,5,3,13,0,0,1,0,1,2,1,1,2
2728138,3,2,1,1,2,0,1,0,1,2,1,1,1,1,0,0,0,0,2,3,1,2,2,1,2,2,1,2,2,1,2,2,1,1,1,1,2,1,1,1,1,9,1,1,2,3,0,0,0,0,0,0,0,0,0,2,9,1,1,1,0,0,1,1,0,1,1,2,2
7492434,3,5,0,1,5,0,0,2,0,2,2,2,2,1,0,0,0,0,0,0,1,2,2,1,2,2,2,2,2,1,2,2,2,1,1,1,2,1,1,1,2,1,1,1,1,1,0,0,0,0,0,0,0,0,0,2,9,1,1,0,0,2,0,1,0,0,1,2,2
2990737,3,1,1,5,6,6,6,0,0,1,4,2,6,6,1,1,1,1,6,0,1,1,2,2,1,2,2,1,2,2,1,2,2,1,1,1,1,1,1,1,1,9,1,1,1,1,0,0,0,0,0,0,0,0,0,1,1,5,1,10,0,3,1,0,1,2,1,1,2
7793924,2,1,1,7,24,5,24,0,0,1,6,5,5,4,2,1,1,1,4,3,1,2,2,1,2,2,1,2,2,1,2,2,1,1,1,1,2,1,1,1,1,9,1,1,2,1,0,0,0,0,0,0,0,0,0,2,9,2,0,3,0,0,0,0,1,1,1,2,2
1890538,2,2,2,1,23,5,23,0,0,1,12,11,9,9,4,3,3,2,11,27,1,2,2,1,2,2,1,2,2,1,2,2,1,1,1,1,2,1,1,1,1,9,1,1,1,1,1,1,1,1,1,4,4,4,1,2,9,2,10,15,1450,2,1,0,1,1,1,1,2
9378315,3,4,1,2,5,0,2,0,2,2,1,1,1,1,0,0,0,0,2,2,1,2,2,1,2,2,2,2,2,1,2,2,2,1,1,1,2,1,1,1,1,9,1,1,1,1,0,0,0,0,0,0,0,0,0,2,9,1,2,1,0,0,0,1,0,0,1,1,2
9500126,3,7,1,7,7,1,1,1,0,2,1,1,1,1,0,0,0,0,8,8,1,2,2,1,2,2,1,2,2,1,2,2,1,1,1,1,2,1,1,1,1,9,1,1,1,1,0,0,0,0,0,0,0,0,0,2,9,2,2,1,0,0,0,1,0,0,1,1,2
3380209,3,2,1,1,3,2,3,0,0,2,1,1,1,1,0,0,0,0,2,1,1,2,2,1,2,2,1,2,2,1,2,2,1,1,1,1,1,1,2,1,1,9,1,1,1,1,0,0,0,0,0,0,0,0,0,2,9,0,1,1,0,0,0,1,0,1,1,2,2
3491210,3,6,3,2,6,0,3,2,0,2,2,1,3,1,0,0,0,0,6,9,1,2,2,1,2,2,2,2,2,1,2,2,2,1,1,1,2,1,1,1,2,1,1,1,1,2,0,0,0,0,0,0,0,0,0,2,9,2,5,1,0,0,1,1,1,2,1,2,2
8147933,3,4,2,1,5,0,2,2,0,2,4,4,4,4,0,0,0,0,4,4,1,2,2,1,2,2,2,2,2,1,2,2,2,1,1,1,2,1,2,1,2,2,1,1,1,1,0,0,0,0,0,0,0,0,0,2,9,1,3,0,0,0,0,1,0,1,1,2,2
2956800,1,4,4,1,47,9,47,0,0,1,25,23,18,17,10,9,9,8,46,51,1,2,2,1,2,2,1,2,2,1,2,2,1,1,1,1,2,1,1,1,1,9,2,1,1,1,1,1,1,1,1,4,4,2,1,2,9,12,0,22,750,22,2,0,10,0,1,1,2
9980856,2,2,2,6,9,2,9,0,0,1,2,2,2,2,2,2,2,2,6,6,1,2,2,1,2,2,1,2,2,1,2,2,1,1,1,1,2,1,1,1,1,9,1,1,1,1,0,0,0,0,0,0,0,0,0,2,9,0,0,6,0,1,1,1,1,1,1,2,2
2038423,2,1,1,1,8,9,8,0,0,1,2,2,2,2,1,1,1,1,6,4,1,2,1,1,2,2,1,2,1,1,2,2,1,1,1,1,2,1,1,1,1,9,1,1,1,1,0,0,0,0,0,0,0,0,0,1,9,1,0,4,0,1,0,0,1,0,1,2,2
9872061,3,5,1,1,5,2,2,0,0,2,1,1,1,1,0,0,0,0,4,1,1,2,2,1,2,2,2,2,2,1,2,2,2,1,1,1,2,1,1,1,1,9,1,1,1,2,0,0,0,0,0,0,0,0,0,2,9,1,2,1,0,0,0,1,0,0,1,2,2
4186298,3,1,1,7,5,0,2,0,0,2,1,1,1,1,0,0,0,0,2,3,1,2,2,1,2,2,2,2,2,1,2,2,2,1,1,1,2,1,2,1,1,9,1,1,1,3,0,0,0,0,0,0,0,0,0,2,9,1,2,1,0,0,0,1,0,0,2,2,3
8506431,3,5,2,1,5,2,2,0,0,2,1,1,1,1,0,0,0,0,1,1,1,2,2,2,1,2,2,2,2,2,1,2,2,1,1,1,2,1,1,1,2,1,1,1,1,1,0,0,0,0,0,0,0,0,0,2,9,1,2,1,0,0,0,1,0,0,1,1,2
9789165,3,3,1,7,5,0,1,0,0,2,1,1,1,0,0,0,0,0,6,0,1,2,2,1,2,2,1,2,2,1,2,2,1,1,1,1,2,1,1,1,1,9,1,1,1,2,0,0,0,0,0,0,0,0,0,2,9,1,1,1,0,1,0,1,0,0,1,2,2
8374438,3,2,2,5,5,8,5,0,0,1,4,4,6,6,1,1,1,1,5,2,1,2,2,1,2,2,2,2,2,1,2,2,2,1,1,1,2,1,1,1,1,9,1,1,1,1,0,0,0,0,0,0,0,0,0,1,1,1,0,10,0,0,1,0,1,1,1,1,2
5872968,1,1,2,1,7,5,7,0,0,1,2,2,2,2,1,1,1,1,2,6,1,2,2,1,2,2,2,2,2,1,2,2,2,1,1,1,2,1,1,1,1,9,1,2,9,1,0,0,0,0,0,0,0,0,0,2,9,2,0,1,0,1,0,0,0,0,1,2,3
7397753,3,4,4,2,8,0,7,0,0,2,1,1,2,2,1,1,1,1,12,8,1,1,2,1,1,2,2,2,2,1,1,2,2,1,1,1,2,1,1,1,2,1,1,1,1,2,0,0,0,0,0,0,0,0,0,1,1,4,2,10,0,0,1,0,2,2,1,1,2
4026896,3,9,2,1,6,4,1,2,0,1,1,1,2,2,1,1,1,1,2,4,1,2,2,1,2,2,2,2,2,1,2,2,2,1,1,1,2,1,1,1,1,9,1,1,1,1,0,0,0,0,0,0,0,0,0,1,1,5,0,10,0,6,1,0,1,1,1,1,2
9343390,1,1,3,1,29,11,18,0,0,1,2,2,2,2,1,1,1,1,2,2,1,2,2,1,2,2,1,2,2,1,2,2,1,1,1,1,2,1,1,1,1,9,1,1,1,1,0,0,0,0,0,0,0,0,0,2,9,1,0,1,0,0,1,0,0,0,1,2,2
1599904,2,0,1,1,0,7,11,0,0,1,5,5,5,5,1,1,1,1,10,10,1,1,2,2,2,2,2,1,2,2,2,2,2,1,1,1,2,1,1,1,1,9,2,1,1,1,0,0,0,0,0,0,0,0,0,1,9,1,1,5,0,3,0,3,5,2,1,1,1
3793309,6,3,3,1,15,13,15,0,0,1,6,6,6,6,2,1,2,1,18,6,1,2,2,1,2,2,1,2,2,1,2,2,1,1,1,1,2,1,1,1,1,9,1,1,1,1,1,1,1,1,1,4,4,4,1,2,9,5,13,20,0,0,0,0,2,0,1,1,2
9301577,3,4,1,1,5,0,0,2,0,2,1,1,1,1,0,0,0,0,3,3,1,2,2,1,2,2,2,2,2,1,2,2,2,1,1,1,2,1,1,1,2,1,1,1,1,1,0,0,0,0,0,0,0,0,0,2,9,1,2,1,0,0,0,1,0,0,1,2,2
8316280,3,1,1,2,5,1,2,0,0,1,1,1,1,1,0,0,0,0,3,3,1,2,2,1,2,2,2,2,2,1,2,2,2,1,1,1,2,1,1,1,2,2,1,2,9,3,0,0,0,0,0,0,0,0,0,2,9,1,1,1,0,1,1,1,0,0,1,2,2
6864715,3,11,6,1,6,2,8,0,0,1,2,2,1,1,1,1,0,0,6,7,1,2,2,1,2,2,2,2,2,1,2,2,2,1,1,1,2,1,1,1,2,2,1,1,1,2,0,0,0,0,0,0,0,0,0,1,2,1,2,10,0,0,1,0,1,2,1,2,2
6447952,3,8,1,2,6,0,2,0,0,2,1,1,1,1,0,0,0,0,1,1,1,2,2,1,2,2,1,2,2,1,2,2,1,1,1,1,2,1,1,1,1,9,1,1,1,3,0,0,0,0,0,0,0,0,0,2,9,1,2,3,0,0,0,1,0,1,1,2,2
8446865,2,3,3,1,29,10,26,0,0,1,15,14,13,12,6,5,5,3,42,12,1,2,2,1,1,2,1,2,2,1,1,2,1,1,1,1,2,1,1,1,1,9,1,1,1,1,0,0,0,0,0,0,0,0,0,1,9,6,0,17,1000,15,1,6,1,4,1,1,2
7111627,3,5,4,1,7,9,7,0,2,1,1,1,1,1,0,0,0,0,1,1,1,2,2,1,2,2,1,2,2,1,2,2,1,1,1,1,2,1,1,1,2,2,1,1,1,2,0,0,0,0,0,0,0,0,0,1,1,3,0,1,0,0,0,0,0,1,1,2,2
1593724,3,9,2,1,4,0,2,2,0,2,0,0,0,0,1,1,1,1,3,3,1,2,2,1,2,2,2,2,2,1,2,2,2,1,1,1,2,1,1,1,1,9,1,1,1,2,0,0,0,0,0,0,0,0,0,2,9,6,1,1,0,1,0,1,0,0,1,2,2
4159544,3,9,3,7,8,5,3,0,0,2,1,1,1,1,1,1,1,1,11,5,1,2,2,1,2,2,2,2,2,1,2,2,2,1,1,1,2,1,1,1,1,9,1,1,1,2,0,0,0,0,0,0,0,0,0,1,1,4,1,10,0,0,1,0,2,1,1,2,2
7221642,1,1,1,1,9,6,9,0,0,1,1,1,1,1,1,1,1,1,2,2,1,2,2,1,2,2,1,2,2,1,2,2,1,1,1,1,2,1,1,1,1,9,1,1,1,1,1,1,1,1,1,4,4,4,1,1,9,1,1,20,0,1,1,1,2,1,1,1,2
5957687,1,1,4,1,35,6,35,0,0,1,20,18,13,12,8,6,6,6,36,24,1,2,2,1,2,2,1,2,2,1,2,2,1,1,1,1,2,1,1,1,1,9,1,1,1,1,1,1,1,1,1,4,4,4,1,1,9,10,1,30,0,1,1,0,3,2,1,1,2
3550543,3,2,1,5,8,7,5,0,0,1,5,5,6,6,1,1,1,1,5,6,1,1,2,1,1,2,1,1,2,1,1,2,1,1,1,1,2,1,1,1,1,9,1,1,1,1,0,0,0,0,0,0,0,0,0,1,1,4,0,3,0,10,1,0,1,1,1,2,2
6316676,1,1,1,1,7,3,7,0,0,1,2,2,1,1,1,1,1,1,6,2,1,2,2,1,1,2,1,2,2,1,1,2,1,1,1,1,2,1,1,1,1,9,1,1,1,1,0,0,0,0,0,0,0,0,0,2,9,0,0,2,0,0,0,0,0,0,1,2,2
4595839,3,2,2,1,5,0,2,0,0,2,1,1,1,1,0,0,0,0,1,1,1,2,2,1,2,2,2,2,2,1,2,2,2,1,1,1,2,1,2,2,1,9,1,1,1,3,0,0,0,0,0,0,0,0,0,2,9,1,2,0,0,0,0,0,0,0,1,2,2
8915244,2,1,1,1,7,2,7,0,0,1,2,2,2,2,1,1,1,1,2,6,1,2,2,1,2,2,1,2,2,1,2,2,1,1,1,1,2,1,1,1,1,9,1,1,1,1,0,0,0,0,0,0,0,0,0,2,9,1,0,4,0,1,0,0,1,1,1,2,2
6309700,3,4,1,2,5,3,2,0,0,2,1,1,1,1,0,0,0,0,5,3,1,2,2,1,2,2,1,2,2,1,2,2,1,1,1,1,2,1,1,1,1,9,1,1,1,1,0,0,0,0,0,0,0,0,0,2,9,1,1,0,0,0,0,0,0,0,2,2,2
5223613,3,3,1,1,5,0,0,0,1,2,1,1,1,1,0,0,0,0,2,2,1,2,2,1,1,2,1,2,2,1,1,2,1,1,1,1,2,1,1,1,1,9,1,1,1,1,0,0,0,0,0,0,0,0,0,2,9,1,1,0,0,0,0,0,0,0,2,2,2
6147115,2,2,2,1,28,5,28,0,0,1,7,7,5,5,2,1,2,1,21,5,1,2,2,1,2,2,1,2,2,1,2,2,1,1,1,1,2,1,1,1,1,9,1,1,1,1,0,0,0,0,0,0,0,0,0,1,9,1,0,10,512,0,0,0,1,0,1,1,2
7709982,3,5,1,1,5,0,2,0,0,2,2,2,2,2,0,0,0,0,1,1,1,2,2,1,2,2,2,2,2,1,2,2,2,1,1,1,2,1,1,1,2,2,1,1,1,1,0,0,0,0,0,0,0,0,0,2,9,2,2,0,0,0,0,1,0,1,1,2,3
6409780,3,5,2,7,5,0,4,0,0,2,2,2,3,3,0,0,0,0,10,16,1,2,2,1,1,2,2,2,2,1,1,2,2,1,1,1,2,1,1,1,1,9,1,1,1,1,0,0,0,0,0,0,0,0,0,2,9,1,2,1,0,0,0,1,0,1,1,2,2
1938287,3,1,1,7,5,0,0,0,2,2,2,1,2,1,0,0,0,0,1,3,1,2,2,1,1,2,2,2,2,2,1,2,2,1,1,1,2,1,1,1,1,9,1,1,1,3,0,0,0,0,0,0,0,0,0,2,9,1,2,1,0,0,0,1,0,1,1,2,2
2221071,3,3,3,7,7,1,6,0,1,1,1,1,1,1,1,1,1,1,1,1,1,2,2,1,2,2,1,2,2,1,2,2,1,1,1,1,2,1,1,1,2,1,1,1,1,2,0,0,0,0,0,0,0,0,0,1,1,1,3,10,0,0,10,0,1,1,1,2,2
4731985,3,8,8,7,5,5,5,0,0,1,2,2,2,2,1,1,1,1,4,4,1,1,2,1,1,2,2,1,2,1,1,2,2,1,1,1,2,1,1,1,1,9,1,1,1,1,0,0,0,0,0,0,0,0,0,1,1,3,1,10,0,2,1,1,1,1,1,1,2
8019306,3,1,0,1,5,0,2,0,0,2,1,1,1,1,0,0,0,0,1,2,1,2,2,1,2,2,1,2,2,1,2,2,1,1,1,1,2,1,1,1,1,9,1,1,1,1,0,0,0,0,0,0,0,0,0,2,9,1,1,0,0,0,0,1,0,0,1,2,2
4134395,2,2,2,1,63,8,60,0,0,1,46,42,42,38,19,16,17,12,84,76,1,2,2,1,2,2,1,2,2,1,2,2,1,1,1,1,2,1,1,1,1,9,1,1,1,1,1,1,1,1,1,4,4,2,1,1,9,4,15,45,0,20,0,0,5,0,1,1,2
5901650,3,6,2,2,5,0,2,0,0,2,0,0,1,1,0,0,0,0,0,1,1,1,2,1,2,2,2,1,2,1,2,2,2,1,1,1,2,1,1,1,1,9,1,1,1,3,0,0,0,0,0,0,0,0,0,2,9,2,2,2,0,0,0,1,0,1,1,1,2
6321173,3,2,1,2,4,0,0,0,4,2,1,1,1,1,0,0,0,0,2,2,1,2,2,1,2,2,2,2,2,1,2,2,2,3,1,1,2,1,1,1,2,1,1,1,1,2,0,0,0,0,0,0,0,0,0,2,9,1,1,0,0,0,0,0,0,0,2,2,2
1868745,3,4,1,1,5,0,2,0,0,2,1,1,0,0,0,0,0,0,2,2,1,2,2,1,2,2,2,2,2,1,2,2,2,1,1,1,2,1,1,1,1,9,1,1,1,1,0,0,0,0,0,0,0,0,0,2,9,1,1,0,0,0,0,0,0,1,2,2,2
3824641,1,2,2,1,16,18,18,0,0,1,14,14,12,12,1,1,1,1,15,12,1,2,2,1,2,2,2,2,2,1,2,2,2,1,1,1,1,1,1,1,1,9,1,1,1,1,1,1,4,2,2,2,2,4,1,1,9,1,0,25,0,6,0,1,1,4,1,1,2
7941077,3,2,2,7,12,8,4,0,0,1,4,4,6,6,1,1,1,1,4,6,1,1,2,2,2,2,2,1,2,2,2,2,2,1,1,1,2,1,1,1,1,9,1,1,1,1,0,0,0,0,0,0,0,0,0,1,1,0,0,14,0,0,1,0,1,3,1,1,2
1210905,2,1,1,1,0,5,8,0,0,1,4,4,4,4,1,1,1,1,6,6,1,1,2,2,2,2,2,1,2,2,2,2,2,1,1,1,2,1,2,1,1,9,2,1,1,1,0,0,0,0,0,0,0,0,0,2,9,0,0,5,0,0,0,0,0,1,2,2,3
6212128,3,13,3,7,5,0,6,0,0,2,2,2,2,2,0,0,0,0,3,5,1,2,2,1,2,2,2,2,2,1,2,2,2,1,1,1,2,1,1,1,1,9,1,1,1,1,0,0,0,0,0,0,0,0,0,2,9,2,5,1,0,0,0,1,0,1,1,2,2
2901078,3,4,1,1,5,7,5,0,0,1,6,6,6,6,1,1,1,1,2,2,1,1,2,1,1,2,2,1,2,1,1,2,2,1,1,1,2,1,1,1,1,9,1,1,1,1,0,0,0,0,0,0,0,0,0,1,1,4,0,10,0,10,1,0,1,1,1,1,2
7341735,3,5,2,1,5,0,5,0,0,2,0,0,4,2,0,0,0,0,0,8,1,2,2,1,2,2,1,2,2,1,2,2,1,1,1,1,2,1,1,1,1,9,1,1,1,2,0,0,0,0,0,0,0,0,0,1,1,3,2,3,0,0,0,0,1,4,1,2,3
7105176,3,2,2,2,7,1,5,1,0,1,1,1,1,1,1,1,1,1,5,5,1,1,2,2,2,2,2,1,2,2,2,2,2,1,1,1,2,1,1,1,1,9,1,1,1,2,0,0,0,0,0,0,0,0,0,2,9,1,3,2,0,0,0,1,0,1,1,2,2
9020386,3,2,2,1,5,1,0,3,0,1,2,2,1,1,0,0,0,0,4,1,1,2,2,1,2,2,1,2,2,1,2,2,1,1,1,1,2,1,1,1,1,9,1,1,1,1,0,0,0,0,0,0,0,0,0,2,9,2,2,1,0,0,0,1,0,1,1,2,2
5843259,3,4,2,7,5,1,5,0,0,1,0,0,1,1,0,0,0,0,0,1,1,2,2,1,2,2,2,2,2,1,2,2,2,1,1,1,2,1,1,1,2,1,1,1,1,1,0,0,0,0,0,0,0,0,0,1,1,5,3,10,0,0,0,0,1,2,1,2,2
2743052,3,3,3,7,5,0,5,0,0,2,1,1,1,1,0,0,0,0,5,4,1,2,2,1,2,2,1,2,2,1,2,2,1,1,1,1,2,1,1,1,2,2,1,1,1,1,0,0,0,0,0,0,0,0,0,2,9,1,2,1,0,0,0,1,0,1,1,2,2
5100946,3,6,1,7,5,2,4,0,0,2,1,1,1,1,0,0,0,0,3,6,1,2,2,1,2,2,1,2,2,1,2,2,1,1,1,1,2,1,1,1,1,9,1,1,1,1,0,0,0,0,0,0,0,0,0,2,9,2,2,1,0,0,0,1,1,0,1,2,2
9531123,3,2,3,1,5,0,5,0,0,2,1,1,1,1,0,0,1,0,2,2,1,2,2,1,2,2,1,2,2,1,2,2,1,1,1,1,2,1,1,1,2,1,1,1,1,1,0,0,0,0,0,0,0,0,0,2,9,1,3,3,0,0,0,1,1,1,1,2,2
9952162,3,5,1,1,4,2,2,1,1,2,1,1,1,0,0,0,0,0,1,1,1,2,2,1,2,2,2,2,2,1,2,2,2,1,1,1,2,1,1,1,1,9,1,1,1,3,0,0,0,0,0,0,0,0,0,2,9,1,1,1,0,0,0,1,0,1,1,2,2
1485306,3,3,2,5,6,0,1,1,0,2,0,0,1,1,1,1,1,1,1,2,1,2,2,1,2,2,2,2,2,1,2,2,2,1,1,1,2,1,1,1,1,9,1,1,1,2,0,0,0,0,0,0,0,0,0,2,9,4,2,3,0,0,0,1,1,1,1,2,2
1512701,1,4,4,1,19,10,22,0,0,1,12,11,7,7,5,3,3,2,22,14,1,2,2,1,2,2,1,2,2,1,2,2,1,1,1,1,1,1,1,1,1,9,1,1,1,1,1,1,1,4,4,4,4,4,1,1,9,0,0,20,0,6,1,0,6,0,1,1,2
1310104,3,6,0,1,5,0,0,0,2,2,1,1,2,2,1,1,0,0,1,1,1,2,2,1,2,2,2,2,2,1,2,2,2,1,1,1,2,1,1,1,1,9,1,2,9,1,0,0,0,0,0,0,0,0,0,2,9,1,2,0,0,0,0,0,0,0,2,2,2
2017166,2,1,1,1,28,10,32,0,0,1,11,10,9,9,4,2,5,4,30,27,1,2,2,1,2,2,2,2,2,1,2,2,2,1,1,1,2,1,2,1,1,9,1,1,1,1,1,1,1,1,1,4,4,4,1,1,9,3,0,52,0,11,2,11,12,6,1,1,2
6712191,1,1,19,1,19,62,19,0,0,1,23,21,17,16,9,7,7,6,63,32,1,2,2,1,2,2,1,2,2,1,2,2,1,1,1,1,1,1,1,1,1,9,1,1,1,1,1,1,1,1,1,4,4,4,1,1,9,0,0,35,1200,4,1,1,1,1,1,1,2
4061103,3,2,1,5,5,0,2,0,0,2,0,0,1,1,0,0,0,0,0,4,1,1,2,1,2,2,2,1,2,1,2,2,2,1,1,1,2,1,2,1,2,1,1,1,1,1,0,0,0,0,0,0,0,0,0,2,9,1,1,1,0,0,1,1,0,1,1,2,2
9401344,3,7,4,1,7,0,7,0,0,2,4,4,3,3,0,0,1,1,4,11,1,2,2,1,2,2,2,2,2,1,2,2,2,1,1,1,2,1,1,1,1,9,1,1,1,2,0,0,0,0,0,0,0,0,0,2,9,1,7,5,0,0,1,1,2,1,1,2,2
2497331,1,2,2,1,6,2,6,0,0,1,2,2,1,1,2,2,2,2,4,2,1,2,2,1,2,2,1,2,2,1,2,2,1,1,1,1,2,1,1,1,1,9,1,1,1,1,0,0,0,0,0,0,0,0,0,2,9,1,0,1,0,0,0,0,0,0,1,2,2
9635418,3,1,1,2,2,0,2,0,0,2,1,1,1,1,0,0,0,0,1,3,1,2,2,2,2,2,1,2,2,2,2,2,1,1,1,1,2,1,1,1,2,1,1,1,1,2,0,0,0,0,0,0,0,0,0,2,9,1,2,1,0,1,1,1,0,1,1,2,3
6661334,3,2,2,7,12,8,5,0,0,1,4,4,6,6,1,1,1,1,7,7,1,1,2,1,1,2,2,1,2,1,1,2,2,1,1,1,1,1,1,1,1,9,1,1,1,1,0,0,0,0,0,0,0,0,0,1,1,1,0,10,0,1,1,0,1,1,1,2,2
3114428,3,7,1,5,5,0,2,0,0,2,1,1,1,1,0,0,0,0,1,2,1,2,2,2,1,2,2,2,2,2,1,2,2,1,1,1,2,1,1,1,1,9,1,1,1,2,0,0,0,0,0,0,0,0,0,2,9,0,2,2,0,1,1,1,0,1,1,2,2
6959992,4,10,10,5,5,7,3,2,0,1,1,1,0,0,0,0,0,0,0,0,1,2,2,1,1,2,1,2,2,1,1,2,1,1,1,1,2,1,1,1,1,9,1,1,1,1,0,0,0,0,0,0,0,0,0,1,1,0,0,10,0,0,1,1,1,1,1,2,2
3197189,3,1,1,5,5,0,2,0,0,2,1,1,1,1,0,0,0,0,3,3,1,1,2,1,2,2,2,1,2,1,2,2,2,1,1,1,2,1,2,1,2,2,1,2,9,1,0,0,0,0,0,0,0,0,0,2,9,2,1,1,0,0,0,1,1,1,1,2,2
8675397,2,1,1,1,18,43,18,0,0,1,17,16,10,9,7,5,3,2,48,27,1,1,1,1,2,2,1,1,1,1,2,2,1,1,1,1,2,1,1,1,1,9,1,1,1,1,1,1,1,1,1,4,4,4,1,1,9,1,0,20,1500,3,1,1,1,2,1,1,2
4436099,3,3,1,8,5,0,2,0,0,2,1,1,1,1,0,0,0,0,1,1,1,2,2,1,2,2,2,2,2,1,2,2,2,1,1,1,2,1,1,1,2,1,1,1,1,2,0,0,0,0,0,0,0,0,0,2,9,1,3,0,0,0,0,1,0,1,1,2,2
1436979,3,8,9,2,10,2,12,0,0,1,6,6,6,6,1,1,0,0,0,0,1,2,2,1,2,2,2,2,2,1,2,2,2,1,1,1,2,1,1,1,2,2,1,1,1,1,0,0,0,0,0,0,0,0,0,1,1,2,7,2,0,0,1,0,2,2,1,2,2
5589558,3,3,2,5,5,4,5,0,0,1,1,1,1,1,0,0,0,0,5,4,1,2,2,1,2,2,1,2,2,1,2,2,1,1,1,1,2,1,1,1,1,9,1,1,1,1,0,0,0,0,0,0,0,0,0,1,1,0,0,10,0,1,1,0,1,1,1,1,2
6508902,3,5,1,1,3,2,2,0,0,2,2,2,3,3,0,0,0,0,5,5,1,1,2,1,2,2,2,1,2,1,2,2,2,1,1,1,2,1,1,1,1,9,1,1,1,1,0,0,0,0,0,0,0,0,0,2,9,1,2,1,0,0,0,1,0,1,1,1,2
1197912,3,3,1,1,5,0,2,0,0,2,2,1,2,2,0,0,0,0,2,2,1,2,2,1,2,2,2,2,2,1,2,2,2,1,1,1,2,1,1,1,2,2,1,1,1,2,0,0,0,0,0,0,0,0,0,2,9,2,2,1,0,0,1,1,1,1,1,2,2
6999638,3,7,2,1,5,0,2,0,0,2,2,1,1,1,0,0,0,0,4,4,1,2,2,1,2,2,2,2,2,1,2,2,2,1,1,1,2,1,1,1,1,9,1,1,1,1,0,0,0,0,0,0,0,0,0,2,9,1,2,1,0,0,0,1,0,1,1,2,2
3687177,3,5,2,5,5,0,4,0,0,2,4,4,4,4,1,1,0,0,5,4,1,2,2,1,2,2,2,2,2,1,2,2,2,1,1,1,2,1,1,1,1,9,1,1,1,1,0,0,0,0,0,0,0,0,0,1,1,3,3,10,0,0,0,0,2,2,1,2,2
2251153,1,2,2,1,17,9,16,1,0,1,11,10,7,7,4,3,2,1,10,14,1,2,2,1,1,2,1,2,2,1,1,2,1,1,1,1,2,1,1,1,1,9,1,1,1,1,0,0,0,0,0,0,0,0,0,1,9,5,1,20,0,3,1,0,5,0,1,1,2
2846159,1,1,1,1,10,1,10,0,0,1,2,2,2,2,1,1,1,1,2,2,1,2,2,1,2,2,1,2,2,1,2,2,1,1,1,1,2,1,1,1,1,9,1,1,1,1,0,0,0,0,0,0,0,0,0,2,9,0,0,0,0,0,0,0,0,0,1,2,2
5976190,1,1,1,1,10,1,10,0,0,1,2,2,2,2,1,1,1,1,4,4,1,2,1,1,2,2,2,2,1,1,2,2,2,1,1,1,2,1,1,1,2,1,1,1,1,1,0,0,0,0,0,0,0,0,0,2,9,1,0,0,0,0,0,0,1,0,1,2,2
4121343,3,2,2,1,5,0,1,1,0,2,1,1,1,1,0,0,0,0,1,1,1,2,2,1,2,2,2,2,2,1,2,2,2,1,1,1,2,1,1,1,2,2,1,2,9,3,0,0,0,0,0,0,0,0,0,2,9,1,1,3,0,1,1,1,0,0,1,1,2
8846301,3,1,1,1,2,0,2,0,0,2,1,1,1,1,0,0,0,0,1,2,1,2,2,1,2,2,1,2,2,1,2,2,1,1,1,1,2,1,1,1,1,9,1,1,1,3,0,0,0,0,0,0,0,0,0,2,9,1,2,1,0,0,0,1,0,1,1,2,3
2009492,2,1,1,8,12,3,12,0,0,1,8,8,6,6,3,2,2,1,24,18,1,2,2,1,1,2,1,2,2,1,1,2,1,1,1,1,2,1,1,1,1,9,1,1,1,1,0,0,0,0,0,0,0,0,0,1,9,0,0,3,0,1,0,0,1,1,1,2,2
6664991,3,3,1,1,4,2,2,0,0,2,2,2,1,1,0,0,0,0,3,3,1,2,2,1,2,2,1,2,2,1,2,2,1,1,1,1,2,1,1,1,1,9,1,1,1,1,0,0,0,0,0,0,0,0,0,2,9,1,2,1,0,1,1,1,0,0,1,2,2
4526447,3,13,8,2,16,5,16,0,0,1,2,2,0,0,0,0,0,0,0,0,1,2,2,1,2,2,1,2,2,1,2,2,1,1,1,1,2,1,1,1,1,9,1,1,1,2,0,0,0,0,0,0,0,0,0,1,1,5,0,10,0,0,1,0,2,1,1,2,2
3014670,2,1,1,1,23,6,23,0,0,1,8,8,6,6,3,2,2,1,16,18,1,1,2,1,1,2,1,1,2,1,1,2,1,1,1,1,2,1,1,1,1,9,1,1,1,1,0,0,0,0,0,0,0,0,0,2,9,0,0,10,0,0,1,0,1,1,1,2,2
9478378,3,13,13,2,16,5,13,0,0,1,2,2,1,1,1,1,0,0,4,2,1,1,2,1,2,2,2,1,2,1,2,2,2,1,1,1,2,1,1,1,1,9,1,1,1,1,1,1,1,1,1,4,4,4,2,1,1,1,0,31,0,1,1,0,2,2,1,2,3
2330852,3,7,4,1,5,1,4,0,3,1,0,0,2,2,0,0,1,1,0,3,1,2,2,1,2,2,2,2,2,1,2,2,2,1,1,1,2,1,1,1,1,9,1,1,1,2,0,0,0,0,0,0,0,0,0,1,1,5,2,13,0,0,1,1,2,2,1,1,2
2928841,3,13,3,1,12,1,4,2,0,1,1,1,2,2,0,0,0,0,0,6,1,2,2,1,2,2,1,2,2,1,2,2,1,1,1,1,2,1,2,1,1,9,1,1,1,3,0,0,0,0,0,0,0,0,0,2,9,1,3,2,0,0,0,1,0,0,1,2,2
9436833,1,3,3,1,14,20,20,0,0,1,6,6,5,5,2,1,1,0,18,15,1,2,2,1,2,2,1,2,2,1,2,2,1,1,1,1,2,1,1,1,1,9,1,1,1,1,0,0,0,0,0,0,0,0,0,1,9,3,3,40,450,5,1,6,3,5,1,1,2
5087395,3,5,1,1,5,0,2,0,0,2,1,1,1,1,0,0,0,0,1,1,1,2,2,1,2,2,2,2,2,1,2,2,2,1,1,1,2,1,2,1,2,2,1,1,1,2,0,0,0,0,0,0,0,0,0,2,9,2,2,1,0,0,1,1,0,0,1,2,3
1810946,3,9,5,7,7,7,9,0,0,1,4,4,7,7,0,0,1,1,14,18,1,1,2,1,2,2,2,2,2,1,2,2,2,1,1,1,1,1,1,1,1,9,1,1,1,1,0,0,0,0,0,0,0,0,0,1,1,5,4,13,0,10,1,0,2,2,1,1,2
8565081,3,14,7,7,14,5,17,0,0,1,2,2,0,0,0,0,0,0,24,24,1,1,1,1,1,2,2,1,1,1,1,2,2,1,1,1,2,1,2,2,2,2,1,1,1,2,1,1,1,1,1,4,4,4,4,1,1,0,0,20,0,1,1,0,1,1,1,2,2
7274283,1,1,1,1,63,7,56,0,0,1,24,24,24,24,6,6,6,6,45,45,1,1,1,1,2,2,1,1,1,1,2,2,1,1,1,1,2,1,1,1,1,9,1,1,1,1,1,1,1,1,2,4,4,4,1,1,9,2,0,60,1500,5,2,45,4,2,1,2,2
7501809,3,6,5,1,9,1,5,0,1,1,4,4,4,4,0,0,1,1,8,8,1,2,2,1,2,2,1,2,2,1,2,2,1,1,1,1,2,1,1,1,1,9,1,1,1,1,0,0,0,0,0,0,0,0,0,2,9,2,4,1,0,0,0,1,1,1,1,2,2
8530895,3,12,5,2,10,3,9,0,2,1,3,3,3,3,1,1,1,1,14,6,1,1,2,1,2,2,2,2,2,1,2,2,2,1,1,1,2,1,1,1,1,9,1,1,1,1,0,0,0,0,0,0,0,0,0,1,1,7,3,11,0,0,0,0,1,3,1,2,2
2693972,3,3,1,1,5,0,2,0,0,2,1,1,1,1,0,0,0,0,1,1,1,2,2,1,2,2,1,2,2,1,2,2,1,1,1,1,2,1,1,1,2,1,1,1,1,1,0,0,0,0,0,0,0,0,0,2,9,1,2,0,0,0,0,1,0,1,1,2,2
6260653,3,5,1,7,5,1,1,0,0,2,0,0,1,1,0,0,0,0,2,0,1,2,2,1,2,2,2,2,2,1,2,2,2,1,1,1,2,1,1,1,2,1,1,1,1,1,0,0,0,0,0,0,0,0,0,2,9,1,2,1,0,0,0,1,0,1,1,2,3
5991995,3,3,1,1,5,1,2,0,0,1,1,1,6,6,0,0,1,1,6,0,1,2,2,1,2,2,2,2,2,1,2,2,2,1,1,1,2,1,1,1,1,9,1,1,2,3,0,0,0,0,0,0,0,0,0,2,9,1,2,1,0,0,1,1,1,1,1,2,2
6939898,1,1,1,1,20,2,7,0,0,1,1,1,1,1,1,1,1,1,3,3,1,2,2,1,2,2,1,2,2,1,2,2,1,1,1,1,2,1,1,1,1,9,1,1,1,1,0,0,0,0,0,0,0,0,0,2,9,0,0,5,0,0,5,0,0,0,1,2,2
3625152,3,4,1,1,2,0,1,1,0,2,1,1,1,1,0,0,1,1,2,2,1,2,2,1,2,2,2,2,2,1,2,2,2,1,1,1,2,1,1,1,1,9,1,2,9,2,0,0,0,0,0,0,0,0,0,2,9,1,1,1,0,0,0,1,0,1,1,2,2
2736593,3,5,1,1,5,2,5,0,0,1,1,1,2,2,0,0,0,0,4,4,1,2,1,1,2,2,1,2,1,1,2,2,1,1,1,1,2,1,2,2,1,9,1,1,1,1,0,0,0,0,0,0,0,0,0,2,9,1,2,1,0,1,0,1,0,0,1,2,2
4701575,3,3,2,5,2,0,2,0,0,2,0,0,3,3,0,0,0,0,0,4,1,2,2,1,2,2,1,2,2,1,2,2,1,1,1,1,2,1,1,1,1,9,1,1,1,1,0,0,0,0,0,0,0,0,0,2,9,1,3,1,0,0,0,1,0,0,1,2,2
5240645,3,2,2,1,5,0,2,0,0,2,1,1,1,1,1,1,1,1,1,1,1,2,2,1,2,2,2,2,2,1,2,2,2,1,1,1,2,1,2,2,1,9,1,1,1,1,0,0,0,0,0,0,0,0,0,2,9,1,2,1,0,0,1,1,0,0,1,2,2
1240025,2,1,1,1,12,7,12,0,0,1,4,4,4,4,0,0,0,0,6,6,1,2,1,2,2,2,1,2,1,2,2,2,1,1,1,1,2,1,1,2,1,9,1,1,2,1,0,0,0,0,0,0,0,0,0,2,9,2,0,6,0,1,1,0,0,2,1,2,3
1133984,3,1,1,2,5,1,0,0,2,1,1,1,1,1,1,1,0,0,0,1,1,1,2,2,1,2,2,1,2,2,2,2,2,1,1,1,2,1,1,1,1,9,1,1,2,1,0,0,0,0,0,0,0,0,0,2,9,1,2,1,0,0,0,1,0,0,1,2,2
9084762,3,6,2,1,5,0,2,0,0,2,1,1,1,1,0,0,0,0,1,1,1,2,2,1,2,2,1,2,2,1,2,2,1,1,1,1,2,1,1,1,1,9,1,1,1,2,0,0,0,0,0,0,0,0,0,2,9,2,1,1,0,0,0,1,1,1,1,2,2
1974505,3,3,0,1,2,2,2,0,0,2,1,1,1,1,0,0,0,0,4,6,1,2,2,1,2,2,1,2,2,1,2,2,1,1,1,1,2,1,1,1,1,9,1,1,1,1,0,0,0,0,0,0,0,0,0,2,9,1,1,1,0,0,0,1,0,0,1,2,2
3657227,3,1,1,7,5,0,2,0,0,2,1,0,1,1,0,0,0,0,1,1,1,2,2,1,2,2,2,2,2,1,2,2,2,1,1,1,2,1,1,1,2,1,1,1,2,1,0,0,0,0,0,0,0,0,0,2,9,1,1,1,0,1,1,1,0,1,1,2,2
8097963,3,4,4,1,16,9,14,0,0,1,9,9,9,9,3,0,3,0,15,15,1,1,2,1,2,2,2,1,2,1,2,2,2,1,1,1,2,1,2,1,1,9,1,1,1,1,1,1,1,1,1,4,4,4,1,1,1,4,1,20,0,0,1,0,3,3,1,1,2
5443505,3,4,4,7,5,1,0,2,2,2,1,1,1,1,0,0,0,0,3,2,1,2,2,1,2,2,2,2,2,1,2,2,2,1,1,1,2,1,1,1,2,1,1,1,1,1,0,0,0,0,0,0,0,0,0,2,9,1,2,1,0,0,1,1,0,0,1,2,2
7454295,3,4,1,7,5,0,2,0,0,2,1,1,1,1,1,1,0,0,3,3,1,2,2,1,2,2,2,2,2,1,2,2,2,1,1,1,2,1,1,1,1,9,1,1,1,1,0,0,0,0,0,0,0,0,0,2,9,1,2,1,0,0,0,1,0,0,1,2,2
1347392,3,5,3,1,5,0,3,0,0,2,0,0,7,7,0,0,0,0,0,1,1,1,2,1,2,2,2,1,2,1,2,2,2,1,1,1,2,1,1,1,1,9,1,1,1,2,0,0,0,0,0,0,0,0,0,2,9,1,1,2,0,0,0,1,0,0,1,2,2
2670157,3,2,2,1,4,5,2,2,0,1,1,0,2,2,0,0,1,0,1,4,1,2,2,1,2,2,2,2,2,1,2,2,2,1,1,1,2,1,1,1,1,9,1,1,1,1,0,0,0,0,0,0,0,0,0,2,9,1,3,2,0,0,0,1,0,0,1,2,2
2466377,3,8,3,7,5,2,5,0,0,1,2,2,6,6,0,0,0,0,2,2,1,1,2,2,2,2,2,1,2,2,2,2,2,1,1,1,2,1,1,1,1,9,1,1,1,1,0,0,0,0,0,0,0,0,0,1,1,4,0,11,0,0,1,0,2,4,1,2,2
9879186,3,1,2,2,5,1,0,2,0,1,1,1,1,1,0,0,0,0,1,1,1,2,2,1,2,2,1,2,2,1,2,2,1,1,1,1,2,1,1,1,1,9,1,1,1,1,0,0,0,0,0,0,0,0,0,2,9,1,0,0,0,0,0,1,0,0,1,2,2
8544896,3,4,4,7,5,0,5,0,0,2,1,1,0,0,0,0,0,0,6,0,1,2,2,1,2,2,1,2,2,1,2,2,1,1,1,1,2,1,1,1,1,9,1,1,1,1,0,0,0,0,0,0,0,0,0,1,1,2,1,10,0,0,0,0,1,2,1,2,2
2078945,3,4,1,1,4,5,2,0,0,2,0,0,1,1,0,0,0,0,1,3,1,2,2,1,2,2,2,2,2,1,2,2,2,1,1,1,2,1,1,1,1,9,1,1,1,1,0,0,0,0,0,0,0,0,0,2,9,1,2,1,0,0,0,1,0,1,1,1,3
2993046,3,3,3,1,5,0,3,0,0,2,0,0,1,1,0,0,0,0,0,1,1,2,2,1,2,2,2,2,2,1,2,2,2,1,1,1,2,1,2,2,1,9,1,1,1,3,0,0,0,0,0,0,0,0,0,2,9,1,2,1,0,0,1,1,1,0,1,2,2
6757005,3,2,1,5,6,7,5,0,0,1,6,6,6,6,1,1,1,1,1,1,1,2,2,1,2,2,1,2,2,1,2,2,1,1,1,1,2,1,1,1,1,9,1,1,1,1,0,0,0,0,0,0,0,0,0,1,1,1,0,10,0,10,1,0,1,1,1,2,2
2855043,1,2,2,1,14,4,14,0,0,1,2,2,2,2,1,1,0,0,4,6,1,2,2,1,2,2,1,2,2,1,2,2,1,1,1,1,2,1,1,1,1,9,1,1,1,1,0,0,0,0,0,0,0,0,0,2,9,1,0,6,0,1,1,0,1,0,1,2,2
3039109,3,7,2,7,5,1,5,0,0,2,1,1,1,1,2,2,2,2,2,4,1,2,2,1,2,2,2,2,2,1,2,2,2,1,1,1,3,1,1,1,1,9,1,1,1,1,0,0,0,0,0,0,0,0,0,1,1,4,4,13,0,0,0,0,1,1,1,2,2
9562866,3,8,4,2,9,7,16,0,2,1,2,2,0,0,0,0,0,0,0,0,1,2,2,1,2,2,1,2,2,1,2,2,1,1,1,1,2,1,1,1,1,9,1,1,1,1,1,1,1,1,1,4,4,4,1,1,1,3,0,20,0,0,1,0,1,1,1,2,2
2931203,2,2,2,1,18,7,18,0,0,1,20,20,25,25,0,0,0,0,10,20,1,1,2,1,2,2,2,1,2,1,2,2,2,1,1,1,1,1,1,1,1,9,1,2,9,1,1,1,1,1,1,4,4,4,1,1,9,5,5,20,1000,7,1,7,7,1,1,1,3
8603515,3,5,3,2,5,2,2,0,0,2,2,2,2,2,0,0,1,1,1,2,1,1,2,1,2,2,2,1,2,1,2,2,2,1,1,1,2,1,2,2,1,9,1,1,1,3,0,0,0,0,0,0,0,0,0,2,9,2,1,1,0,0,1,1,0,0,1,2,2
8615783,3,8,6,7,9,5,6,0,0,1,1,1,1,1,0,0,0,0,1,1,2,1,2,1,2,2,2,1,2,1,2,2,2,1,1,1,2,1,1,1,1,9,1,1,1,1,1,1,1,1,1,4,4,4,4,1,1,5,0,2,0,0,0,0,1,2,2,2,2
4356386,3,2,1,2,5,2,5,0,0,1,2,2,4,4,0,0,0,0,4,0,1,2,2,1,2,2,1,2,2,1,2,2,1,1,1,1,2,1,1,1,1,9,1,1,1,1,0,0,0,0,0,0,0,0,0,1,2,5,0,10,0,0,0,0,1,1,1,1,2
3475476,3,3,3,7,5,0,3,0,0,2,1,1,0,0,0,0,0,0,1,0,1,1,1,1,2,2,2,1,2,1,2,2,2,1,1,1,2,1,1,1,1,9,1,1,1,3,0,0,0,0,0,0,0,0,0,2,9,1,1,3,0,0,0,1,0,1,1,1,2
4187386,3,3,1,7,5,0,2,0,0,2,0,0,1,1,0,0,0,0,0,0,1,2,2,1,2,2,2,2,2,1,2,2,2,1,1,1,2,1,1,1,1,9,1,1,1,3,0,0,0,0,0,0,0,0,0,2,9,2,2,1,0,0,0,1,0,0,1,2,2
1235721,3,1,1,1,5,1,1,0,0,2,1,1,1,1,0,0,0,0,2,1,1,2,2,1,2,2,1,2,2,1,2,2,1,1,1,1,2,1,1,1,1,9,1,1,1,3,0,0,0,0,0,0,0,0,0,2,9,1,2,1,0,0,0,1,0,0,1,2,2
8708149,3,4,4,2,5,0,2,0,2,2,0,0,2,2,0,0,0,0,0,0,1,2,2,1,2,2,1,2,2,1,2,2,1,1,1,1,2,1,1,1,1,9,1,1,1,2,0,0,0,0,0,0,0,0,0,1,1,5,0,10,0,0,0,0,1,1,1,1,2
9274462,3,3,2,1,6,3,0,4,0,2,0,0,1,1,0,0,1,1,3,3,1,2,2,1,2,2,2,2,2,1,2,2,2,1,1,1,2,1,1,1,1,9,1,1,2,1,0,0,0,0,0,0,0,0,0,2,9,1,2,1,0,0,0,1,0,0,1,1,2
9763725,3,3,1,5,5,1,2,0,0,2,1,1,1,1,0,0,0,0,5,5,1,1,2,1,2,2,1,1,2,1,2,2,1,1,1,1,2,1,1,1,1,9,1,1,1,3,0,0,0,0,0,0,0,0,0,2,9,1,2,1,0,1,1,1,0,0,1,1,2
6144005,2,2,2,8,5,5,5,0,0,1,5,5,5,5,1,1,1,1,5,5,1,2,2,1,1,2,1,2,2,1,1,2,1,1,1,1,2,1,1,1,2,1,1,1,1,1,0,0,0,0,0,0,0,0,0,1,1,0,0,10,0,0,1,0,1,1,1,1,2
8726453,3,6,3,1,5,2,5,0,0,1,0,0,1,1,0,0,1,1,0,0,1,2,2,1,2,2,2,2,2,1,2,2,2,1,1,1,1,1,1,1,1,9,1,1,1,1,0,0,0,0,0,0,0,0,0,1,1,4,2,10,0,0,0,0,2,2,1,2,2
7930523,3,9,2,7,7,1,4,0,0,1,2,2,2,2,0,0,0,0,6,6,1,1,2,1,2,2,1,1,2,1,2,2,1,1,1,1,2,1,1,1,1,9,1,1,1,1,0,0,0,0,0,0,0,0,0,2,9,1,6,2,0,0,0,1,0,0,1,2,2
6805964,3,1,1,5,5,0,2,0,0,2,1,1,1,1,0,0,0,0,2,2,1,2,2,1,2,2,1,2,2,1,2,2,1,1,1,1,2,1,1,1,1,9,1,1,1,1,0,0,0,0,0,0,0,0,0,2,9,1,1,1,0,0,0,1,0,0,1,2,2
8385589,3,2,1,1,5,2,0,2,0,2,1,1,1,1,0,0,0,0,3,3,1,2,2,1,2,2,2,2,2,1,2,2,2,1,1,1,2,1,2,1,1,9,1,1,1,3,0,0,0,0,0,0,0,0,0,2,9,2,1,1,0,0,1,1,0,0,1,2,2
3712750,1,2,2,1,15,9,15,0,0,1,13,12,11,10,5,3,4,3,36,10,1,2,2,1,2,2,1,2,2,1,2,2,1,1,1,1,2,1,1,1,1,9,1,1,1,1,0,0,0,0,0,0,0,0,0,2,9,0,0,10,0,8,1,0,8,0,1,1,2
1607185,3,7,1,1,5,0,1,0,2,2,3,3,2,2,1,1,0,0,4,4,1,2,2,1,2,2,2,2,2,1,2,2,2,1,1,1,2,1,1,1,2,1,1,1,1,2,0,0,0,0,0,0,0,0,0,2,9,1,0,1,0,0,0,1,1,1,1,2,2
4180694,3,8,8,2,13,8,7,0,0,1,2,2,2,2,1,1,0,0,10,10,1,1,2,1,2,2,2,1,2,1,2,2,2,1,1,1,2,1,1,1,1,9,1,1,1,1,0,0,0,0,0,0,0,0,0,1,1,1,1,10,0,10,1,0,1,1,1,1,2
9001494,3,4,1,1,4,0,2,0,0,2,1,1,1,1,0,0,0,0,3,3,1,2,2,1,1,2,2,2,2,1,1,2,2,1,1,1,2,1,1,1,2,1,1,1,1,2,0,0,0,0,0,0,0,0,0,2,9,1,1,1,0,0,0,1,0,0,1,2,2
5025347,3,9,4,1,10,6,11,0,0,1,2,2,2,2,1,1,1,1,6,12,1,1,2,1,2,2,2,1,2,1,2,2,2,1,1,1,2,1,1,1,1,9,1,1,1,1,0,0,0,0,0,0,0,0,0,1,1,2,0,12,0,1,1,0,2,2,1,2,2
3243204,3,7,3,1,5,5,5,0,0,1,2,0,2,1,0,0,0,0,4,4,1,1,2,1,2,2,1,1,2,1,2,2,1,1,1,1,2,1,1,1,1,9,1,1,1,1,0,0,0,0,0,0,0,0,0,2,9,2,2,2,0,0,0,1,0,1,1,1,2
9941289,3,3,2,7,5,1,2,0,0,2,1,1,0,0,0,0,0,0,4,0,1,2,2,1,2,2,2,2,2,1,2,2,2,1,1,1,2,1,1,1,2,1,1,1,1,1,0,0,0,0,0,0,0,0,0,2,9,1,2,0,0,0,0,1,0,1,1,2,2
9847681,3,6,3,7,11,2,3,0,2,1,1,1,6,6,1,1,1,1,3,3,1,2,2,1,1,2,2,2,2,1,1,2,2,1,1,1,2,1,1,1,1,9,1,1,1,2,0,0,0,0,0,0,0,0,0,2,9,4,3,4,0,1,0,1,1,1,1,2,2
6718059,2,1,1,1,20,5,20,0,0,1,7,7,5,5,2,1,2,1,21,5,1,2,2,1,2,2,1,2,2,1,2,2,1,1,1,1,1,1,1,1,1,9,1,1,1,1,0,0,0,0,0,0,0,0,0,1,9,0,0,6,0,0,0,0,1,1,1,1,2
1119384,2,5,5,1,14,2,14,0,0,1,8,8,8,8,0,0,0,0,8,10,1,2,2,1,2,2,1,2,2,1,2,2,1,1,1,1,2,1,1,1,1,9,1,1,1,1,0,0,0,0,0,0,0,0,0,2,9,1,9,0,0,3,0,3,1,1,1,2,2
9487267,3,4,1,1,5,0,2,0,0,2,2,0,2,2,0,0,0,0,2,2,1,1,2,1,2,2,2,1,2,1,2,2,2,1,1,1,2,1,1,1,2,1,1,1,1,1,0,0,0,0,0,0,0,0,0,2,9,1,1,1,0,0,0,1,0,0,1,2,2
9344958,3,3,1,1,5,0,2,0,0,2,1,1,1,1,0,0,0,0,4,4,1,1,2,1,2,2,2,1,2,1,2,2,2,1,1,1,2,1,1,1,1,9,1,1,1,3,0,0,0,0,0,0,0,0,0,2,9,1,1,1,0,0,0,1,0,0,1,2,2
2726601,1,1,1,1,8,2,8,0,0,1,4,4,3,3,1,1,1,1,4,9,1,1,2,2,2,2,2,1,2,2,2,2,2,1,1,1,2,1,1,1,1,9,1,1,1,1,0,0,0,0,0,0,0,0,0,2,9,0,0,1,0,0,0,0,0,0,1,2,2
7126779,2,1,1,1,40,9,30,0,0,1,16,16,12,12,0,0,0,0,25,25,1,1,2,1,2,2,2,1,2,1,2,2,2,1,1,1,2,1,2,2,1,9,1,2,9,1,0,0,0,0,0,0,0,0,0,2,9,1,0,54,0,0,2,2,10,1,1,2,3
1294584,3,13,7,2,9,5,9,0,0,1,2,2,6,6,0,0,1,1,1,4,1,1,2,1,2,2,2,1,2,1,2,2,2,1,1,1,2,1,1,1,1,9,1,1,1,1,0,0,0,0,0,0,0,0,0,1,1,0,0,10,0,10,1,0,1,1,1,1,2
4441232,3,18,8,1,30,7,20,0,3,1,1,1,5,5,0,0,0,0,2,7,1,1,2,1,2,2,1,1,2,1,2,2,1,1,1,1,2,1,2,2,1,9,1,1,1,1,1,1,1,3,1,3,3,4,1,1,1,13,0,25,0,2,1,0,1,1,1,2,2
8886963,3,8,8,2,18,6,15,0,0,1,4,4,4,4,2,2,0,0,2,2,1,2,2,1,2,2,2,2,2,1,2,2,2,1,1,1,2,1,1,1,1,9,1,1,1,2,1,1,1,1,1,4,4,4,3,1,2,2,0,20,0,0,1,0,1,1,1,1,1
3644551,3,9,6,1,14,8,17,0,0,1,0,0,9,9,0,0,0,0,0,34,1,2,2,1,1,2,2,2,2,1,1,2,2,1,1,1,3,1,2,2,1,9,1,1,1,1,0,0,0,0,0,0,0,0,0,1,1,1,0,16,0,16,1,0,2,1,1,2,2
2488708,3,5,1,1,5,0,3,0,0,2,1,1,1,1,0,0,0,0,6,4,1,2,2,1,2,2,2,2,2,1,2,2,2,1,1,1,2,1,1,1,1,9,1,1,1,1,0,0,0,0,0,0,0,0,0,2,9,1,1,1,0,0,0,1,0,0,1,2,2
8102573,3,8,3,1,6,0,4,0,2,2,2,2,2,2,1,1,0,0,2,1,1,1,2,1,1,2,2,1,2,1,1,2,2,1,1,1,2,1,1,1,1,9,1,1,1,1,0,0,0,0,0,0,0,0,0,1,1,4,2,13,0,0,0,0,2,2,1,2,2
9728897,3,4,2,1,5,0,2,1,0,2,1,0,1,1,0,0,0,0,3,4,1,2,2,1,2,2,2,2,2,1,2,2,2,1,1,1,2,1,1,1,1,9,1,1,1,3,0,0,0,0,0,0,0,0,0,2,9,1,2,1,0,0,1,1,0,0,1,1,2
1609974,3,8,4,1,6,2,5,0,0,2,1,0,1,1,0,0,0,0,8,8,1,2,2,1,2,2,2,2,2,1,2,2,2,1,1,1,1,1,1,1,1,9,1,1,1,2,0,0,0,0,0,0,0,0,0,1,1,7,4,10,0,0,1,0,3,2,1,2,2
7890560,3,7,3,1,7,2,7,0,0,1,1,1,2,2,0,0,0,0,5,9,1,2,2,1,2,2,2,2,2,1,2,2,2,1,1,1,2,1,2,1,1,9,1,1,1,1,0,0,0,0,0,0,0,0,0,1,1,1,2,10,0,0,0,0,1,1,1,1,2
9731155,3,2,2,7,5,5,5,0,0,1,0,0,0,0,1,1,1,1,5,6,1,1,2,1,2,2,2,1,2,1,2,2,2,1,1,1,2,1,2,2,1,9,1,1,1,1,0,0,0,0,0,0,0,0,0,1,1,3,0,10,0,0,1,0,0,2,1,2,2
1858191,3,2,2,1,6,2,3,0,0,2,1,1,1,1,0,0,0,0,5,5,1,2,2,1,2,2,1,2,2,1,2,2,1,1,1,1,2,1,1,1,2,1,1,1,1,1,0,0,0,0,0,0,0,0,0,1,1,1,1,1,0,0,0,0,1,2,1,2,2
3034174,1,2,2,1,22,5,22,0,0,1,5,5,4,4,2,2,2,2,15,8,1,2,2,1,2,2,1,2,2,1,2,2,1,1,1,1,2,1,1,1,1,9,1,1,1,1,0,0,0,0,0,0,0,0,0,1,9,2,0,21,0,0,0,0,1,2,1,2,2
6066543,3,7,7,1,10,1,10,0,0,1,2,2,2,2,1,1,1,1,1,1,1,2,2,1,2,2,1,2,2,1,2,2,1,1,1,1,2,1,1,1,1,9,1,1,1,3,0,0,0,0,0,0,0,0,0,2,9,1,5,1,0,0,0,1,1,1,1,2,2
7284863,3,5,1,5,5,1,2,0,0,2,1,1,1,1,0,0,0,0,2,2,1,1,2,1,2,2,2,1,2,1,2,2,2,1,1,1,2,1,1,1,1,9,1,1,1,1,0,0,0,0,0,0,0,0,0,2,9,1,2,1,0,0,0,1,0,1,1,2,2
5047836,3,4,2,7,4,1,2,0,0,2,1,1,1,1,0,0,0,0,3,3,1,2,2,1,2,2,2,2,2,1,2,2,2,1,1,1,2,1,1,1,2,2,1,1,2,1,0,0,0,0,0,0,0,0,0,2,9,1,2,1,0,0,0,1,0,1,1,2,2
3542515,3,2,1,1,5,0,4,0,0,2,1,1,1,1,1,1,0,0,1,3,1,2,2,1,2,2,2,2,2,1,2,2,2,1,1,1,2,1,2,1,1,9,1,1,1,3,0,0,0,0,0,0,0,0,0,2,9,1,2,1,0,1,1,1,0,1,1,2,2
1191223,1,1,1,1,81,8,81,0,0,1,32,29,27,25,13,12,11,10,87,25,1,1,2,1,2,2,2,1,2,1,2,2,2,1,1,1,2,1,1,1,1,9,1,1,1,1,1,1,1,1,1,4,4,4,1,1,9,2,0,60,150,2,2,0,8,0,1,1,2
2552229,3,4,2,7,5,0,4,0,0,2,5,5,6,6,0,0,1,1,5,7,1,1,2,1,2,2,1,1,2,1,2,2,1,1,1,1,2,1,1,1,1,9,1,1,1,2,0,0,0,0,0,0,0,0,0,2,9,1,3,2,0,0,0,1,0,0,1,2,2
4213808,3,4,2,7,5,1,3,2,0,1,1,1,1,1,0,0,0,0,1,1,1,2,2,1,2,2,1,2,2,1,2,2,1,1,1,1,2,1,1,1,1,9,1,1,1,3,0,0,0,0,0,0,0,0,0,2,9,1,2,1,0,0,0,1,0,1,1,1,2
1112614,4,2,2,7,5,1,2,1,0,1,1,1,1,1,0,0,0,0,3,3,1,1,2,1,2,2,2,1,2,1,2,2,2,1,1,1,2,1,1,1,1,9,1,1,1,3,0,0,0,0,0,0,0,0,0,2,9,1,2,1,0,0,0,1,0,0,1,2,1
6641511,3,6,3,7,6,2,4,2,0,2,1,0,1,1,1,1,0,0,6,8,1,2,2,1,1,2,1,2,2,1,1,2,1,1,1,1,2,1,1,1,1,9,1,1,1,1,0,0,0,0,0,0,0,0,0,2,9,1,2,1,396,0,0,1,0,0,1,2,2
4256201,3,4,4,1,5,0,4,0,0,2,1,1,1,1,0,0,0,0,6,6,1,1,2,1,2,2,2,1,2,1,2,2,2,1,1,1,2,1,2,2,1,9,1,1,1,1,0,0,0,0,0,0,0,0,0,2,9,1,2,1,0,0,0,1,0,0,1,1,2
2935659,3,7,1,1,3,0,2,0,0,2,0,0,1,1,0,0,0,0,0,4,1,2,2,1,2,2,2,2,2,1,2,2,2,1,1,1,2,1,1,1,1,9,1,1,1,1,0,0,0,0,0,0,0,0,0,2,9,1,1,0,0,0,0,0,0,0,2,2,2
7415818,3,4,3,1,10,2,10,0,0,1,2,2,2,2,0,0,0,0,3,2,1,2,2,1,2,2,1,2,2,1,2,2,2,1,1,1,2,1,1,1,1,9,1,1,1,2,0,0,0,0,0,0,0,0,0,1,1,6,1,10,0,3,1,0,3,1,1,2,2
1694174,3,5,3,2,4,1,3,0,0,1,2,2,5,5,0,0,0,0,6,0,1,2,2,1,2,2,1,2,2,1,2,2,1,1,1,1,2,1,1,1,1,9,1,1,1,1,0,0,0,0,0,0,0,0,0,2,9,1,3,0,0,0,0,1,0,1,1,2,2
8500579,3,4,3,1,16,5,11,0,0,1,6,6,6,6,0,0,0,0,10,10,1,1,2,1,1,2,2,1,2,1,1,2,2,1,1,1,2,1,1,1,1,9,1,1,1,1,0,0,0,0,0,0,0,0,0,2,9,1,2,6,0,0,0,1,1,2,1,2,2
9739463,3,6,3,1,11,1,3,2,0,1,4,4,4,4,0,0,1,1,7,5,1,2,2,2,1,2,2,2,2,2,1,2,2,1,1,1,2,1,1,1,1,9,1,1,1,1,0,0,0,0,0,0,0,0,0,1,1,6,3,11,0,0,1,0,1,2,1,2,2
8023893,3,12,9,1,12,8,15,0,5,1,2,2,2,2,1,0,2,1,20,20,1,1,1,1,2,2,2,1,1,1,2,2,2,1,1,1,2,1,2,1,1,9,1,1,1,1,1,1,1,1,1,4,4,4,1,1,1,11,0,20,0,1,2,0,1,2,1,1,2
7325213,2,2,2,1,18,6,18,0,0,1,5,5,4,4,2,2,2,2,5,12,1,1,1,1,2,2,1,1,1,1,2,2,1,1,1,1,2,1,1,1,1,9,1,1,1,1,0,0,0,0,0,0,0,0,0,1,9,2,1,4,771,0,1,0,1,0,1,1,2
6385888,1,1,1,1,32,8,32,0,0,1,22,20,16,15,9,6,7,5,40,15,1,2,2,1,1,2,1,2,2,1,1,2,1,1,1,1,2,1,1,1,1,9,1,1,1,1,1,1,1,1,1,4,4,4,1,1,9,4,0,42,1410,7,1,0,3,0,1,1,1
7495833,3,3,1,5,2,2,2,0,0,1,1,1,1,1,0,0,0,0,4,3,1,2,2,1,1,2,2,2,2,1,1,2,2,1,1,1,2,1,2,1,1,9,1,1,1,1,0,0,0,0,0,0,0,0,0,2,9,1,1,2,0,0,0,0,1,0,1,2,2
5164069,3,12,13,7,14,3,12,1,0,1,2,2,0,0,0,0,0,0,0,0,1,2,2,1,2,2,1,2,2,1,2,2,1,1,1,1,2,1,2,2,1,9,1,1,1,1,0,0,0,0,0,0,0,0,0,1,1,1,0,10,0,0,1,1,1,1,1,1,2
2553210,3,5,3,7,6,0,6,0,0,2,4,4,2,0,1,1,0,0,2,2,1,2,2,1,2,2,1,2,2,1,2,2,1,1,1,1,2,1,1,1,1,9,1,1,1,1,0,0,0,0,0,0,0,0,0,2,9,1,3,1,0,0,1,1,0,1,1,2,2
1493183,3,4,2,1,8,0,2,2,0,2,0,0,1,1,0,0,0,0,0,0,1,2,2,2,1,2,2,2,2,2,1,2,2,1,1,1,2,1,1,1,1,9,1,1,1,1,0,0,0,0,0,0,0,0,0,2,9,1,1,2,0,0,0,0,0,0,2,2,3
9640501,3,1,1,1,5,0,2,0,0,2,1,1,1,1,0,0,0,0,1,2,1,2,2,2,1,2,2,2,2,2,1,2,2,1,1,1,2,1,1,1,1,9,1,1,1,1,0,0,0,0,0,0,0,0,0,2,9,1,1,2,0,2,1,1,0,0,1,2,2
4386880,3,4,1,5,5,1,2,0,0,2,1,1,1,1,0,0,0,0,4,4,1,2,2,1,2,2,1,2,2,1,2,2,1,1,1,1,1,1,2,2,1,9,1,1,1,3,0,0,0,0,0,0,0,0,0,2,9,1,1,1,0,0,0,1,0,1,1,2,2
4741260,3,2,2,5,8,5,5,0,0,1,2,2,1,1,0,0,0,0,1,1,1,1,1,1,2,2,2,1,1,1,2,2,2,1,1,1,2,1,1,1,1,9,1,1,1,1,0,0,0,0,0,0,0,0,0,1,1,4,0,11,0,0,1,0,1,1,1,1,2
2575129,3,1,0,1,5,0,2,0,0,2,1,1,1,1,0,0,0,0,6,5,1,2,2,1,2,2,2,2,2,1,2,2,2,1,1,1,2,1,2,1,1,9,1,1,1,1,0,0,0,0,0,0,0,0,0,2,9,1,1,0,0,0,0,0,0,0,2,2,2
2352282,3,2,1,5,10,6,4,0,0,1,4,4,6,6,1,1,1,1,5,0,1,2,2,1,2,2,1,2,2,1,2,2,1,1,1,1,1,1,1,1,1,9,1,1,1,1,0,0,0,0,0,0,0,0,0,1,1,5,0,10,0,0,1,0,1,1,1,1,2
8326816,1,2,2,1,20,4,20,0,0,1,15,14,14,13,6,4,6,5,28,26,1,2,2,1,1,2,1,2,2,1,1,2,1,1,1,1,2,1,1,1,1,9,1,1,1,1,0,0,0,0,0,0,0,0,0,1,9,3,0,15,0,0,1,0,2,0,1,2,2
2142704,2,1,1,1,33,6,33,0,0,1,16,15,11,10,6,5,5,4,15,20,1,2,1,1,1,2,1,2,1,1,1,2,1,1,1,1,2,1,1,1,1,9,1,1,1,1,1,1,1,1,1,4,4,4,1,1,9,1,0,10,900,0,0,0,1,0,1,1,2
3543389,3,3,1,1,5,0,1,0,0,2,1,1,1,1,1,1,0,0,1,1,1,2,2,1,2,2,2,2,2,1,2,2,2,1,1,1,1,1,2,1,1,9,1,1,1,1,0,0,0,0,0,0,0,0,0,2,9,1,1,1,0,0,1,1,0,0,1,2,2
3246961,2,1,1,1,31,6,31,0,0,1,21,19,15,14,8,6,8,6,19,42,1,2,2,1,2,2,1,2,2,1,2,2,1,1,1,1,2,1,1,1,1,9,1,1,1,1,1,1,1,1,1,4,4,4,1,2,9,0,0,24,0,0,0,0,5,0,1,1,2
6896672,3,4,2,7,5,1,2,1,0,2,1,1,1,1,0,0,0,0,3,3,1,2,2,1,2,2,1,2,2,1,2,2,1,1,1,1,2,1,1,1,2,1,1,1,1,1,0,0,0,0,0,0,0,0,0,2,9,1,2,1,0,0,0,1,0,1,1,2,2
8227374,1,1,1,5,5,2,5,0,0,1,1,1,1,1,1,1,1,1,3,3,1,2,2,1,2,2,1,2,2,1,2,2,1,1,1,1,2,1,1,1,1,9,1,1,1,1,0,0,0,0,0,0,0,0,0,2,9,0,0,1,0,0,0,0,0,0,1,2,2
4990797,3,2,2,7,5,1,2,0,3,1,1,1,2,2,0,0,0,0,2,4,1,2,2,1,2,2,2,2,2,1,2,2,2,1,1,1,2,1,1,1,2,2,1,1,1,2,0,0,0,0,0,0,0,0,0,1,1,3,2,13,0,10,1,0,1,1,2,2,2
7273657,2,9,4,5,5,1,4,1,0,1,2,2,2,2,0,0,0,0,4,4,1,1,2,1,2,2,1,1,2,1,2,2,1,1,1,1,2,1,1,1,1,9,1,1,1,1,0,0,0,0,0,0,0,0,0,2,9,1,3,2,0,0,0,1,0,1,1,2,2
6719425,3,6,3,2,7,0,7,0,0,2,3,3,3,3,0,0,0,0,5,5,1,1,2,1,1,2,1,1,2,1,1,2,1,1,1,1,2,1,2,1,2,1,1,1,1,2,0,0,0,0,0,0,0,0,0,1,1,2,0,10,0,0,0,0,1,2,1,2,2
2132835,2,2,2,1,4,3,0,0,4,1,2,2,2,2,0,0,0,0,4,6,1,2,2,1,2,2,1,2,2,1,2,2,1,1,1,1,2,1,1,1,2,1,1,1,1,1,0,0,0,0,0,0,0,0,0,2,9,1,2,1,0,1,1,1,0,1,1,2,2
5371742,1,1,1,1,10,1,10,0,0,1,1,1,1,1,1,1,1,1,2,2,1,1,2,1,2,2,2,1,2,1,2,2,2,1,1,1,2,1,1,1,1,9,1,1,1,1,0,0,0,0,0,0,0,0,0,2,9,2,0,2,0,0,0,0,0,1,1,2,2
5171639,3,14,5,7,10,5,7,3,0,1,1,1,1,1,1,1,0,0,2,2,1,1,2,1,2,2,2,1,2,1,2,2,2,1,1,1,2,1,2,1,1,9,1,2,9,1,2,2,2,4,4,4,4,4,2,1,2,0,0,20,0,0,1,0,2,2,1,1,3
6739535,3,4,1,1,5,2,2,0,0,2,2,2,2,2,0,0,0,0,0,0,1,2,2,1,2,2,1,2,2,1,2,2,1,1,1,1,2,1,1,1,2,2,1,1,1,1,0,0,0,0,0,0,0,0,0,2,9,1,2,1,0,0,0,1,0,1,1,2,2
4073753,3,5,1,1,5,0,2,0,0,2,3,3,2,2,0,0,0,0,3,3,1,2,1,1,2,2,1,2,1,1,2,2,1,1,1,1,2,1,1,1,2,1,1,1,1,1,0,0,0,0,0,0,0,0,0,2,9,1,2,1,0,0,1,1,0,1,1,2,2
1830682,3,7,1,1,4,0,2,0,2,2,1,1,1,1,0,0,1,1,3,3,1,2,2,1,2,2,2,2,2,1,2,2,2,1,1,1,2,1,2,1,1,9,1,1,1,1,0,0,0,0,0,0,0,0,0,2,9,1,1,0,0,0,0,0,0,0,2,2,2
3134825,3,15,7,1,16,9,5,5,3,2,4,4,6,6,1,1,1,1,12,14,1,2,2,1,2,2,2,2,2,1,2,2,2,1,1,1,2,1,1,1,1,9,1,1,1,1,2,2,2,4,4,4,4,4,1,1,1,8,0,29,0,2,1,1,1,2,1,1,3
2061095,3,6,2,2,5,1,4,0,0,1,1,1,1,1,0,0,0,0,7,7,1,1,2,1,2,2,2,1,2,1,2,2,2,1,1,1,2,1,1,1,1,9,1,1,1,1,0,0,0,0,0,0,0,0,0,2,9,1,2,1,0,0,0,1,0,1,1,2,2
2205410,3,4,1,1,5,0,2,0,0,2,1,1,1,1,0,0,0,0,1,1,1,2,2,1,2,2,2,2,2,1,2,2,2,1,1,1,2,1,1,1,1,9,1,1,1,2,0,0,0,0,0,0,0,0,0,2,9,1,1,0,0,0,1,1,0,0,1,2,2
1536380,2,3,2,1,6,1,4,1,1,2,2,2,2,2,0,0,0,0,2,6,1,2,2,1,2,2,2,2,2,1,2,2,2,1,1,1,2,1,1,1,1,9,1,1,1,1,0,0,0,0,0,0,0,0,0,2,9,1,2,4,0,0,0,1,0,1,1,2,2
9617018,3,4,1,1,5,0,0,2,0,2,1,1,1,1,0,0,0,0,8,8,1,2,2,1,2,2,2,2,2,1,2,2,2,1,1,1,2,1,1,1,1,9,1,1,1,1,0,0,0,0,0,0,0,0,0,2,9,1,1,1,0,0,0,1,0,1,1,2,2
3588406,3,4,1,7,5,0,2,1,0,2,1,1,0,0,0,0,0,0,0,4,1,1,2,1,2,2,2,1,2,1,2,2,2,1,1,1,2,1,1,1,1,9,1,1,1,1,0,0,0,0,0,0,0,0,0,2,9,1,2,1,0,0,0,1,0,1,2,2,2
7210498,3,3,1,2,5,1,2,0,0,1,1,1,0,0,0,0,0,0,10,14,1,2,2,1,2,2,1,2,2,1,2,2,1,1,1,1,2,1,1,1,1,9,1,1,1,1,0,0,0,0,0,0,0,0,0,2,9,1,2,1,0,0,0,1,0,0,1,2,3
4926396,1,3,3,1,24,7,24,0,0,1,5,5,4,4,3,3,3,3,15,4,1,1,1,1,2,2,1,1,1,1,2,2,1,1,1,1,2,1,1,1,1,9,1,1,1,1,0,0,0,0,0,0,0,0,0,1,9,0,1,3,0,0,0,1,1,3,1,2,2
2273492,3,5,1,1,5,1,2,0,0,2,1,1,2,2,0,0,0,0,6,6,1,2,2,1,2,2,1,2,2,1,2,2,1,1,1,1,2,1,1,1,2,1,1,1,1,1,0,0,0,0,0,0,0,0,0,2,9,1,2,1,0,0,0,1,0,0,1,2,2
8316680,3,2,1,5,5,1,2,0,0,2,0,0,1,0,0,0,0,0,0,3,1,2,2,1,2,2,2,2,2,1,2,2,2,1,1,1,2,1,1,1,2,1,1,1,2,1,0,0,0,0,0,0,0,0,0,2,9,1,2,1,0,0,1,1,0,1,1,2,2
4673813,3,6,4,5,13,3,13,0,0,1,8,6,10,8,1,0,1,0,0,0,1,1,2,2,2,2,2,1,2,2,2,2,2,1,1,1,1,1,1,1,2,1,1,1,1,2,0,0,0,0,0,0,0,0,0,1,1,4,5,12,0,0,1,0,1,1,1,2,2
2950738,3,17,6,1,44,14,38,0,0,2,26,20,17,15,1,1,2,2,90,22,1,1,2,2,2,2,2,1,2,2,2,2,2,1,1,1,1,1,1,1,1,9,1,1,1,2,4,4,4,4,1,4,4,4,1,1,1,15,0,8,0,50,1,1,4,2,1,2,3
8634958,3,4,3,1,7,1,5,0,0,1,1,1,6,6,1,1,1,1,0,0,1,2,2,1,2,2,2,2,2,1,2,2,2,1,1,1,2,1,2,2,2,1,1,1,1,2,0,0,0,0,0,0,0,0,0,1,1,6,2,1,0,0,0,0,1,2,1,2,2
6834042,3,15,4,7,10,4,10,0,0,1,11,11,12,12,1,1,0,0,12,12,1,2,2,1,2,2,1,2,2,1,2,2,1,1,1,1,2,1,1,1,1,9,1,1,1,2,0,0,0,0,0,0,0,0,0,1,1,4,1,12,0,1,1,0,1,1,1,1,2
4986129,3,4,2,1,4,0,1,0,1,2,1,0,1,0,0,0,0,0,6,8,1,1,2,1,2,2,2,1,2,1,2,2,2,1,1,1,2,1,1,1,2,1,1,2,9,3,0,0,0,0,0,0,0,0,0,2,9,2,2,1,0,0,0,1,0,0,1,2,2
4653213,3,5,2,1,5,0,3,0,0,2,1,1,0,0,1,0,0,0,6,0,1,2,2,1,2,2,1,2,2,1,2,2,1,1,1,1,2,1,1,1,2,1,1,1,1,1,0,0,0,0,0,0,0,0,0,2,9,2,2,1,0,0,0,1,0,1,1,1,2
