pseudocode,total_tch,male,female,transgender,gen_tch,sc_tch,st_tch,obc_tch,regular,contract,part_time,below_graduate,graduate,post_graduate_and_above,trained_comp,class_taught_pr,class_taught_upr,class_taught_pr_upr,class_taught_sec_only,class_taught_hsec_only,class_taught_upr_sec,class_taught_sec_hsec,class_taugt_pre_primary_only,class_taught_pr_and_pre_pri,teacher_involve_non_training_assignment,diploma_certificate,bachelor_of_ee,bed_equivalent,med_equivalent,other,none,diploma_special_edu,pursuing_rpc,diploma_ele_edu,early_childhood_tch,bed_nursery,trained_cwsn
1003440,3,0,3,0,1,1,0,1,3,0,0,0,0,3,3,3,0,0,0,0,0,0,0,0,3,0,0,3,0,0,0,0,0,0,0,0,3
1008656,1,0,1,0,0,0,0,1,1,0,0,0,0,1,1,1,0,0,0,0,0,0,0,0,1,0,0,1,0,0,0,0,0,0,0,0,1
1009622,2,0,2,0,0,0,0,2,2,0,0,0,1,1,2,2,0,0,0,0,0,0,0,0,2,0,0,2,0,0,0,0,0,0,0,0,2
1015180,2,0,2,0,1,1,0,0,1,1,0,0,1,1,2,2,0,0,0,0,0,0,0,0,1,0,0,2,0,0,0,0,0,0,0,0,1
1018069,3,2,1,0,0,2,0,1,2,1,0,0,1,2,3,3,0,0,0,0,0,0,0,0,2,0,0,3,0,0,0,0,0,0,0,0,2
1024982,18,5,13,0,1,3,0,14,14,3,1,0,1,17,5,0,0,0,3,11,4,0,0,0,18,0,0,15,2,0,1,0,0,0,0,0,0
1045346,46,25,21,0,0,14,0,32,37,7,2,0,4,42,33,0,4,0,22,17,3,0,0,0,16,0,0,39,5,1,1,0,0,0,0,0,16
1066632,3,1,2,0,0,0,0,3,2,1,0,0,1,2,2,3,0,0,0,0,0,0,0,0,3,1,0,2,0,0,0,0,0,0,0,0,2
1068545,2,0,2,0,0,0,0,2,1,1,0,0,1,1,1,2,0,0,0,0,0,0,0,0,1,1,0,1,0,0,0,0,0,0,0,0,1
1081925,7,5,2,0,0,2,0,5,5,2,0,0,1,6,6,0,1,0,2,0,4,0,0,0,5,0,0,7,0,0,0,0,0,0,0,0,6
1085196,3,2,1,0,0,0,0,3,0,3,0,0,2,1,2,1,1,1,0,0,0,0,0,0,3,0,0,3,0,0,0,0,0,0,0,0,0
1086210,2,0,2,0,0,0,0,2,2,0,0,0,1,1,2,2,0,0,0,0,0,0,0,0,2,1,0,1,0,0,0,0,0,0,0,0,2
1092499,6,1,5,0,1,1,0,4,4,2,0,0,2,4,4,3,2,1,0,0,0,0,0,0,5,2,0,4,0,0,0,0,0,0,0,0,4
1096090,3,1,2,0,0,1,0,2,1,2,0,1,0,2,1,3,0,0,0,0,0,0,0,0,3,1,0,2,0,0,0,0,0,0,0,0,0
1096718,49,17,32,0,6,7,0,36,49,0,0,1,17,31,2,16,5,1,5,20,1,0,1,0,49,3,0,45,1,0,0,0,0,0,0,0,3
1098281,2,0,2,0,0,0,0,2,2,0,0,0,1,1,2,2,0,0,0,0,0,0,0,0,2,0,0,2,0,0,0,0,0,0,0,0,2
1099390,52,37,15,0,0,14,1,37,37,12,3,0,4,48,40,0,6,0,23,19,3,1,0,0,45,0,0,44,5,3,0,0,0,0,0,0,35
1110526,1,0,1,0,0,1,0,0,1,0,0,0,0,1,1,1,0,0,0,0,0,0,0,0,1,0,0,1,0,0,0,0,0,0,0,0,1
1112614,2,1,1,0,0,0,0,2,2,0,0,0,0,2,2,2,0,0,0,0,0,0,0,0,2,1,0,1,0,0,0,0,0,0,0,0,2
1118100,2,1,1,0,0,1,0,1,1,1,0,0,2,0,1,2,0,0,0,0,0,0,0,0,2,0,0,2,0,0,0,0,0,0,0,0,1
1119384,10,1,9,0,3,1,0,6,10,0,0,0,3,7,10,10,0,0,0,0,0,0,0,0,10,3,0,7,0,0,0,0,0,0,0,0,10
1123826,2,2,0,0,1,0,0,1,2,0,0,1,1,0,0,2,0,0,0,0,0,0,0,0,2,2,0,0,0,0,0,0,0,0,0,0,0
1132306,5,0,5,0,0,3,0,2,4,1,0,1,1,3,3,2,3,0,0,0,0,0,0,0,0,0,0,4,0,1,0,0,0,0,0,0,2
1133984,2,0,2,0,0,0,0,2,1,1,0,0,0,2,1,2,0,0,0,0,0,0,0,0,1,0,0,2,0,0,0,0,0,0,0,0,0
1135119,14,2,12,0,1,2,0,11,14,0,0,0,9,5,11,4,2,3,3,0,0,0,0,2,8,3,2,9,0,0,0,0,0,0,0,0,2
1135833,2,2,0,0,0,1,0,1,2,0,0,0,1,1,2,2,0,0,0,0,0,0,0,0,2,0,0,2,0,0,0,0,0,0,0,0,2
1137417,2,0,2,0,0,0,0,2,2,0,0,0,0,2,2,2,0,0,0,0,0,0,0,0,2,0,0,2,0,0,0,0,0,0,0,0,1
1137629,0,0,0,0,0,0,0,0,0,0,0,0,0,0,0,0,0,0,0,0,0,0,0,0,0,0,0,0,0,0,0,0,0,0,0,0,0
1138210,2,1,1,0,0,0,0,2,1,1,0,0,1,1,1,2,0,0,0,0,0,0,0,0,0,0,0,2,0,0,0,0,0,0,0,0,1
1141738,2,1,1,0,0,0,0,2,2,0,0,0,1,1,2,2,0,0,0,0,0,0,0,0,2,1,0,1,0,0,0,0,0,0,0,0,2
1144150,7,2,5,0,1,0,0,6,6,1,0,0,3,4,5,3,3,1,0,0,0,0,0,0,6,0,1,6,0,0,0,0,0,0,0,0,7
1152781,3,1,2,0,0,0,0,3,3,0,0,0,1,2,3,3,0,0,0,0,0,0,0,0,2,1,0,2,0,0,0,0,0,0,0,0,3
1155745,2,0,2,0,0,0,1,1,2,0,0,0,0,2,0,2,0,0,0,0,0,0,0,0,2,0,0,2,0,0,0,0,0,0,0,0,2
1161493,2,0,2,0,1,0,0,1,1,1,0,0,1,1,1,2,0,0,0,0,0,0,0,0,2,0,0,1,0,0,1,0,0,0,0,0,1
1167158,5,0,5,0,0,1,0,4,2,3,0,0,2,3,4,2,1,2,0,0,0,0,0,0,2,0,0,4,0,1,0,0,0,0,0,0,1
1167460,6,4,2,0,0,0,0,6,6,0,0,1,1,4,5,2,4,0,0,0,0,0,0,0,6,1,0,5,0,0,0,0,0,0,0,0,6
1179620,5,1,4,0,0,0,0,5,5,0,0,0,4,1,3,4,0,0,0,0,0,0,1,0,5,1,0,4,0,0,0,0,0,0,0,0,0
1180617,4,1,3,0,0,0,0,4,0,4,0,0,3,1,1,4,0,0,0,0,0,0,0,0,4,1,0,2,0,1,0,0,0,0,0,0,1
1180699,2,0,2,0,0,1,0,1,1,1,0,0,1,1,1,2,0,0,0,0,0,0,0,0,1,1,0,1,0,0,0,0,0,0,0,0,1
1191223,61,17,44,0,31,1,0,29,60,1,0,0,14,47,60,10,10,4,10,8,4,7,7,1,16,1,2,43,5,8,2,0,0,0,0,0,41
1195504,3,2,1,0,0,1,0,2,3,0,0,0,1,2,1,3,0,0,0,0,0,0,0,0,3,0,0,3,0,0,0,0,0,0,0,0,3
1197912,2,1,1,0,0,0,0,2,2,0,0,1,0,1,2,2,0,0,0,0,0,0,0,0,2,2,0,0,0,0,0,0,0,0,0,0,1
1202264,7,2,5,0,1,4,0,2,4,3,0,0,3,4,5,2,4,0,0,0,0,0,1,0,5,1,0,6,0,0,0,0,0,0,0,0,4
1206657,2,0,2,0,1,0,0,1,2,0,0,0,0,2,2,2,0,0,0,0,0,0,0,0,2,0,0,2,0,0,0,0,0,0,0,0,1
1208342,27,4,23,0,12,9,0,6,27,0,0,1,10,16,9,3,12,5,6,1,0,0,0,0,9,1,0,24,1,1,0,0,0,0,0,0,0
1210905,5,0,5,0,1,0,0,4,5,0,0,0,4,1,3,1,0,0,0,0,0,0,0,4,0,0,0,4,0,1,0,0,0,0,0,0,0
1212505,2,1,1,0,0,2,0,0,1,1,0,1,1,0,1,2,0,0,0,0,0,0,0,0,1,1,0,1,0,0,0,0,0,0,0,0,1
1212570,7,5,2,0,3,0,0,4,6,0,1,0,2,5,6,3,4,0,0,0,0,0,0,0,7,1,0,6,0,0,0,0,0,0,0,0,5
1212648,3,1,2,0,1,0,0,2,1,2,0,0,2,1,3,3,0,0,0,0,0,0,0,0,3,2,0,1,0,0,0,0,0,0,0,0,1
1229737,4,3,1,0,0,0,0,4,4,0,0,0,1,3,3,4,0,0,0,0,0,0,0,0,3,1,0,3,0,0,0,0,0,0,0,0,3
1235721,3,0,3,0,0,0,0,3,2,1,0,0,2,1,1,3,0,0,0,0,0,0,0,0,3,2,0,1,0,0,0,0,0,0,0,0,1
1240025,6,0,6,0,0,1,0,5,2,4,0,0,1,5,2,1,0,1,2,0,2,0,0,0,6,0,0,5,0,0,1,0,0,0,0,0,1
1241759,2,2,0,0,0,0,0,2,2,0,0,0,2,0,2,2,0,0,0,0,0,0,0,0,2,2,0,0,0,0,0,0,0,0,0,0,0
1245303,35,8,27,0,3,1,0,31,34,0,1,0,8,27,32,4,2,18,3,2,2,4,0,0,35,2,0,24,2,2,2,0,0,3,0,0,0
1245995,10,2,8,0,0,1,0,9,7,2,1,0,4,6,8,4,4,2,0,0,0,0,0,0,9,1,0,8,0,1,0,0,0,0,0,0,7
1256295,3,0,3,0,0,1,0,2,3,0,0,1,0,2,3,3,0,0,0,0,0,0,0,0,3,1,0,2,0,0,0,0,0,0,0,0,3
1279271,3,0,3,0,0,0,0,3,3,0,0,0,3,0,3,3,0,0,0,0,0,0,0,0,0,2,0,1,0,0,0,0,0,0,0,0,2
1279649,9,2,7,0,1,1,0,7,7,2,0,1,1,7,4,4,3,2,0,0,0,0,0,0,7,0,0,8,0,0,0,0,0,1,0,0,5
1281135,27,1,26,0,3,8,0,16,27,0,0,1,12,14,26,7,4,6,7,0,3,0,0,0,27,3,0,16,1,1,4,0,1,1,0,0,12
1281958,6,0,6,0,2,0,0,4,5,1,0,0,1,5,6,6,0,0,0,0,0,0,0,0,6,0,0,5,0,0,0,0,0,1,0,0,5
1283828,2,0,2,0,0,0,0,2,2,0,0,0,1,1,1,2,0,0,0,0,0,0,0,0,2,1,0,1,0,0,0,0,0,0,0,0,0
1294584,18,9,9,0,1,3,0,14,12,3,3,0,5,13,15,0,0,0,1,0,17,0,0,0,17,0,0,15,1,2,0,0,0,0,0,0,5
1297501,7,2,5,0,0,2,0,5,4,3,0,0,2,5,3,0,0,0,1,0,6,0,0,0,6,0,0,7,0,0,0,0,0,0,0,0,0
1298940,7,3,4,0,1,2,0,4,3,4,0,0,4,3,5,1,4,2,0,0,0,0,0,0,7,1,0,6,0,0,0,0,0,0,0,0,3
1300073,27,14,13,0,0,5,0,22,10,17,0,0,6,21,8,0,7,0,7,5,4,4,0,0,2,2,0,22,3,0,0,0,0,0,0,0,1
1301759,57,11,46,0,20,1,0,36,57,0,0,0,25,32,51,8,7,19,9,4,9,1,0,0,57,1,0,51,4,1,0,0,0,0,0,0,27
1304084,2,1,1,0,1,0,0,1,2,0,0,1,0,1,2,2,0,0,0,0,0,0,0,0,2,1,0,1,0,0,0,0,0,0,0,0,2
1305010,2,1,1,0,0,1,0,1,2,0,0,0,1,1,0,2,0,0,0,0,0,0,0,0,2,0,0,2,0,0,0,0,0,0,0,0,0
1310104,3,0,3,0,0,1,0,2,2,1,0,0,1,2,1,3,0,0,0,0,0,0,0,0,3,0,0,2,0,1,0,0,0,0,0,0,0
1319740,2,0,2,0,0,0,0,2,1,1,0,0,2,0,0,2,0,0,0,0,0,0,0,0,0,1,0,1,0,0,0,0,0,0,0,0,0
1324882,3,1,2,0,2,0,0,1,2,1,0,0,0,3,1,3,0,0,0,0,0,0,0,0,2,1,0,2,0,0,0,0,0,0,0,0,1
1328782,3,0,3,0,1,2,0,0,3,0,0,0,1,2,1,3,0,0,0,0,0,0,0,0,3,3,0,0,0,0,0,0,0,0,0,0,0
1338791,15,2,13,0,0,3,0,12,0,15,0,1,7,7,15,6,0,1,3,0,4,0,1,0,6,1,0,7,1,2,3,0,0,1,0,0,15
1345918,7,3,4,0,0,1,0,6,6,0,1,0,1,6,6,0,0,0,2,0,5,0,0,0,7,0,0,7,0,0,0,0,0,0,0,0,5
1347392,2,0,2,0,0,0,0,2,2,0,0,1,0,1,2,2,0,0,0,0,0,0,0,0,2,2,0,0,0,0,0,0,0,0,0,0,2
1350457,3,1,2,0,0,1,0,2,3,0,0,0,0,3,3,3,0,0,0,0,0,0,0,0,3,0,0,3,0,0,0,0,0,0,0,0,3
1363097,9,3,6,0,0,1,0,8,7,2,0,0,4,5,7,4,4,0,0,0,0,0,1,0,8,2,0,7,0,0,0,0,0,0,0,0,7
1364377,6,5,1,0,0,0,0,6,6,0,0,0,0,6,6,2,4,0,0,0,0,0,0,0,6,1,0,5,0,0,0,0,0,0,0,0,6
1374901,4,0,4,0,0,0,0,4,2,2,0,0,2,2,4,4,0,0,0,0,0,0,0,0,4,2,0,2,0,0,0,0,0,0,0,0,4
1376198,2,1,1,0,0,0,0,2,2,0,0,0,2,0,2,2,0,0,0,0,0,0,0,0,2,0,0,2,0,0,0,0,0,0,0,0,2
1376776,4,0,4,0,0,1,0,3,3,0,1,0,2,2,3,3,0,0,0,0,0,0,1,0,4,1,0,3,0,0,0,0,0,0,0,0,3
1378581,10,6,4,0,0,1,0,9,3,5,2,0,3,7,5,4,6,0,0,0,0,0,0,0,10,3,0,7,0,0,0,0,0,0,0,0,3
1383808,2,1,1,0,0,0,0,2,2,0,0,0,0,2,2,2,0,0,0,0,0,0,0,0,0,0,0,2,0,0,0,0,0,0,0,0,2
1386478,5,2,3,0,0,0,0,5,3,2,0,0,1,4,4,2,2,1,0,0,0,0,0,0,5,0,0,4,0,1,0,0,0,0,0,0,3
1392959,3,1,2,0,0,1,0,2,2,1,0,1,0,2,2,3,0,0,0,0,0,0,0,0,2,1,0,2,0,0,0,0,0,0,0,0,2
1395244,16,4,12,0,1,5,1,9,16,0,0,0,6,10,5,2,0,3,5,0,5,1,0,0,15,2,0,14,0,0,0,0,0,0,0,0,4
1406222,5,0,5,0,1,2,0,2,0,4,1,1,1,3,3,0,0,5,0,0,0,0,0,0,5,0,0,4,0,0,1,0,0,0,0,0,0
1406557,29,21,8,0,0,5,0,24,26,0,3,1,2,26,25,0,3,0,13,13,0,0,0,0,29,0,0,24,2,0,0,3,0,0,0,0,22
1408721,18,0,18,0,8,1,1,8,18,0,0,0,11,7,15,5,2,4,4,0,3,0,0,0,10,0,0,10,0,5,3,0,0,0,0,0,0
1411350,2,0,2,0,1,1,0,0,2,0,0,0,0,2,2,2,0,0,0,0,0,0,0,0,2,1,0,1,0,0,0,0,0,0,0,0,2
1411998,9,3,6,0,1,2,1,5,8,0,1,0,1,8,3,0,1,0,8,0,0,0,0,0,8,1,0,7,1,0,0,0,0,0,0,0,0
1418291,2,1,1,0,0,0,0,2,2,0,0,1,0,1,1,2,0,0,0,0,0,0,0,0,1,1,0,1,0,0,0,0,0,0,0,0,2
1426558,2,0,2,0,0,0,0,2,2,0,0,0,0,2,2,2,0,0,0,0,0,0,0,0,2,0,0,2,0,0,0,0,0,0,0,0,2
1428615,2,0,2,0,0,0,0,2,1,1,0,1,0,1,0,2,0,0,0,0,0,0,0,0,2,0,0,1,0,1,0,0,0,0,0,0,0
1429385,3,0,3,0,0,0,0,3,2,1,0,0,1,2,2,3,0,0,0,0,0,0,0,0,3,1,0,2,0,0,0,0,0,0,0,0,1
1434003,5,4,1,0,0,2,0,3,4,1,0,0,1,4,2,0,3,0,0,0,2,0,0,0,2,0,0,4,1,0,0,0,0,0,0,0,2
1436101,2,0,2,0,0,0,0,2,1,1,0,0,2,0,1,2,0,0,0,0,0,0,0,0,2,1,0,0,0,0,1,0,0,0,0,0,0
1436979,16,1,15,0,2,1,0,13,12,1,3,2,3,11,12,6,8,1,0,0,0,0,1,0,7,5,0,9,0,1,0,1,0,0,0,0,12
1440886,2,0,2,0,0,0,0,2,1,1,0,0,2,0,0,2,0,0,0,0,0,0,0,0,0,1,0,1,0,0,0,0,0,0,0,0,1
1444286,2,1,1,0,0,1,0,1,2,0,0,0,2,0,2,2,0,0,0,0,0,0,0,0,2,1,0,1,0,0,0,0,0,0,0,0,2
1446280,6,0,6,0,0,1,0,5,0,6,0,0,6,0,3,0,0,6,0,0,0,0,0,0,2,0,0,6,0,0,0,0,0,0,0,0,0
1452925,3,2,1,0,0,2,0,1,2,1,0,0,1,2,2,3,0,0,0,0,0,0,0,0,2,0,0,2,0,0,1,0,0,0,0,0,2
1460573,3,1,2,0,2,1,0,0,2,1,0,0,0,3,1,3,0,0,0,0,0,0,0,0,3,0,0,3,0,0,0,0,0,0,0,0,1
1463626,2,1,1,0,0,0,1,1,1,1,0,0,1,1,2,2,0,0,0,0,0,0,0,0,2,0,0,2,0,0,0,0,0,0,0,0,0
1463731,2,1,1,0,0,1,0,1,2,0,0,0,0,2,1,2,0,0,0,0,0,0,0,0,2,0,0,2,0,0,0,0,0,0,0,0,1
1471204,2,0,2,0,0,0,0,2,2,0,0,1,0,1,0,2,0,0,0,0,0,0,0,0,2,1,0,1,0,0,0,0,0,0,0,0,1
1484270,3,0,3,0,2,0,0,1,3,0,0,0,3,0,3,3,0,0,0,0,0,0,0,0,3,0,0,1,0,2,0,0,0,0,0,0,0
1485306,2,0,2,0,0,0,0,2,2,0,0,1,0,1,2,2,0,0,0,0,0,0,0,0,0,1,0,1,0,0,0,0,0,0,0,0,2
1488493,7,3,4,0,0,0,0,7,7,0,0,1,1,5,7,3,4,0,0,0,0,0,0,0,7,3,0,4,0,0,0,0,0,0,0,0,7
1493183,2,1,1,0,0,1,0,1,1,1,0,0,1,1,1,2,0,0,0,0,0,0,0,0,2,1,0,1,0,0,0,0,0,0,0,0,1
1498182,1,1,0,0,0,0,0,1,1,0,0,0,1,0,1,1,0,0,0,0,0,0,0,0,0,1,0,0,0,0,0,0,0,0,0,0,1
1507354,10,6,4,0,0,3,0,7,6,3,1,0,1,9,5,0,3,0,3,0,4,0,0,0,10,0,0,10,0,0,0,0,0,0,0,0,3
1508907,19,4,15,0,0,6,0,13,19,0,0,0,7,12,10,7,1,4,5,0,2,0,0,0,19,1,1,16,1,0,0,0,0,0,0,0,4
1508948,18,0,18,0,1,1,0,16,18,0,0,0,10,8,11,12,0,0,0,0,0,0,6,0,12,0,0,17,0,0,1,0,0,0,0,0,7
1509056,2,0,2,0,0,0,0,2,2,0,0,0,2,0,2,2,0,0,0,0,0,0,0,0,2,0,0,2,0,0,0,0,0,0,0,0,1
1512635,3,1,2,0,0,2,0,1,2,1,0,0,2,1,2,3,0,0,0,0,0,0,0,0,3,1,0,2,0,0,0,0,0,0,0,0,2
1512701,27,9,18,0,1,3,0,23,0,27,0,0,6,21,2,0,0,2,18,2,0,5,0,0,27,2,0,23,2,0,0,0,0,0,0,0,3
1513086,2,0,2,0,0,1,0,1,2,0,0,0,0,2,2,2,0,0,0,0,0,0,0,0,2,0,0,2,0,0,0,0,0,0,0,0,2
1515022,2,0,2,0,0,1,0,1,2,0,0,0,0,2,0,2,0,0,0,0,0,0,0,0,2,0,0,2,0,0,0,0,0,0,0,0,1
1518665,2,0,2,0,0,0,0,2,1,1,0,0,0,2,1,2,0,0,0,0,0,0,0,0,1,0,0,2,0,0,0,0,0,0,0,0,1
1531258,2,0,2,0,0,0,0,2,1,1,0,1,0,1,1,2,0,0,0,0,0,0,0,0,2,0,0,1,0,0,1,0,0,0,0,0,0
1536380,4,1,3,0,0,2,0,2,2,2,0,0,2,2,2,4,0,0,0,0,0,0,0,0,4,2,0,2,0,0,0,0,0,0,0,0,2
1540619,2,1,1,0,0,0,0,2,1,1,0,0,1,1,1,2,0,0,0,0,0,0,0,0,2,0,0,1,0,0,1,0,0,0,0,0,1
1543902,2,0,2,0,0,0,0,2,2,0,0,0,0,2,2,2,0,0,0,0,0,0,0,0,2,0,0,2,0,0,0,0,0,0,0,0,2
1548431,6,2,4,0,1,1,0,4,6,0,0,0,2,4,4,6,0,0,0,0,0,0,0,0,6,1,0,5,0,0,0,0,0,0,0,0,4
1552695,6,1,5,0,0,2,0,4,3,3,0,0,2,4,5,2,3,1,0,0,0,0,0,0,6,0,0,6,0,0,0,0,0,0,0,0,4
1569666,5,1,4,0,0,0,0,5,5,0,0,0,0,5,5,5,0,0,0,0,0,0,0,0,5,2,0,3,0,0,0,0,0,0,0,0,4
1587516,1,1,0,0,0,0,0,1,1,0,0,0,0,1,1,1,0,0,0,0,0,0,0,0,1,0,0,0,0,0,0,0,0,1,0,0,0
1590579,56,4,52,0,3,5,1,47,51,2,3,0,3,53,50,0,2,0,31,22,1,0,0,0,55,0,0,50,6,0,0,0,0,0,0,0,46
1593724,4,0,4,0,0,2,0,2,1,3,0,1,1,2,1,4,0,0,0,0,0,0,0,0,4,1,0,3,0,0,0,0,0,0,0,0,1
1593807,7,2,5,0,0,2,0,5,0,7,0,0,5,2,6,4,2,1,0,0,0,0,0,0,5,0,0,4,0,3,0,0,0,0,0,0,0
1599904,17,0,17,0,14,2,0,1,17,0,0,0,10,7,17,0,0,0,0,0,0,0,0,17,0,0,0,11,0,6,0,0,0,0,0,0,17
1605680,3,0,3,0,1,0,0,2,2,1,0,0,3,0,2,3,0,0,0,0,0,0,0,0,2,1,0,2,0,0,0,0,0,0,0,0,1
1607185,3,0,3,0,1,0,0,2,3,0,0,0,3,0,1,3,0,0,0,0,0,0,0,0,3,1,0,2,0,0,0,0,0,0,0,0,2
1609974,6,1,5,0,1,1,0,4,5,1,0,0,1,5,6,3,2,1,0,0,0,0,0,0,6,0,0,6,0,0,0,0,0,0,0,0,6
1623074,7,2,5,0,1,1,0,5,7,0,0,0,4,3,7,7,0,0,0,0,0,0,0,0,7,7,0,0,0,0,0,0,0,0,0,0,0
1624201,9,3,6,0,0,1,0,8,8,0,1,0,1,8,7,4,4,0,0,0,0,0,1,0,9,1,0,7,1,0,0,0,0,0,0,0,8
1637006,2,1,1,0,0,2,0,0,2,0,0,0,0,2,2,2,0,0,0,0,0,0,0,0,2,0,0,2,0,0,0,0,0,0,0,0,2
1643342,2,1,1,0,0,0,0,2,2,0,0,0,0,2,2,2,0,0,0,0,0,0,0,0,2,1,0,1,0,0,0,0,0,0,0,0,2
1645218,3,1,2,0,1,0,0,2,3,0,0,0,1,2,2,3,0,0,0,0,0,0,0,0,2,2,1,0,0,0,0,0,0,0,0,0,3
1645222,2,1,1,0,0,1,0,1,2,0,0,0,0,2,2,2,0,0,0,0,0,0,0,0,2,0,0,2,0,0,0,0,0,0,0,0,1
1653827,3,0,3,0,1,0,0,2,2,1,0,0,1,2,3,3,0,0,0,0,0,0,0,0,2,0,0,3,0,0,0,0,0,0,0,0,3
1654525,3,1,2,0,0,0,0,3,2,1,0,0,0,3,3,3,0,0,0,0,0,0,0,0,2,0,0,3,0,0,0,0,0,0,0,0,2
1655615,3,3,0,0,0,0,0,3,0,3,0,0,1,2,2,2,0,1,0,0,0,0,0,0,2,0,0,3,0,0,0,0,0,0,0,0,1
1667297,7,0,7,0,0,1,0,6,7,0,0,0,2,5,7,7,0,0,0,0,0,0,0,0,7,1,0,6,0,0,0,0,0,0,0,0,7
1673345,8,0,8,0,2,0,0,6,6,2,0,0,3,5,2,3,0,4,0,0,1,0,0,0,6,1,0,7,0,0,0,0,0,0,0,0,5
1676820,2,0,2,0,0,1,0,1,2,0,0,0,2,0,1,2,0,0,0,0,0,0,0,0,2,1,0,1,0,0,0,0,0,0,0,0,2
1678634,27,13,14,0,9,3,2,13,27,0,0,0,12,15,18,5,2,4,8,3,1,4,0,0,27,0,0,26,0,1,0,0,0,0,0,0,4
1679866,3,0,3,0,1,0,0,2,1,2,0,0,2,1,2,3,0,0,0,0,0,0,0,0,3,1,0,1,0,0,1,0,0,0,0,0,1
1683402,2,1,1,0,0,0,0,2,2,0,0,0,1,1,2,2,0,0,0,0,0,0,0,0,0,0,0,2,0,0,0,0,0,0,0,0,1
1685564,2,1,1,0,0,1,0,1,2,0,0,0,2,0,2,2,0,0,0,0,0,0,0,0,2,0,0,2,0,0,0,0,0,0,0,0,2
1686012,3,3,0,0,0,2,0,1,2,1,0,0,1,2,0,3,0,0,0,0,0,0,0,0,3,1,0,2,0,0,0,0,0,0,0,0,0
1691317,2,0,2,0,0,0,0,2,2,0,0,0,0,2,2,2,0,0,0,0,0,0,0,0,2,1,0,1,0,0,0,0,0,0,0,0,2
1694174,2,1,1,0,0,0,0,2,2,0,0,0,0,2,0,2,0,0,0,0,0,0,0,0,2,1,0,1,0,0,0,0,0,0,0,0,1
1700888,15,5,10,0,4,1,0,10,15,0,0,0,1,14,14,0,0,0,2,3,0,10,0,0,14,0,0,13,1,1,0,0,0,0,0,0,1
1704339,2,0,2,0,0,2,0,0,1,1,0,0,0,2,2,2,0,0,0,0,0,0,0,0,2,1,0,1,0,0,0,0,0,0,0,0,1
1711664,10,4,6,0,1,1,0,8,10,0,0,0,2,8,9,0,1,0,0,0,9,0,0,0,9,0,0,8,0,0,0,2,0,0,0,0,8
1713450,1,0,1,0,0,0,0,1,0,1,0,0,1,0,0,1,0,0,0,0,0,0,0,0,1,0,0,1,0,0,0,0,0,0,0,0,0
1720505,5,1,4,0,1,0,0,4,5,0,0,0,3,2,4,5,0,0,0,0,0,0,0,0,5,0,0,4,0,1,0,0,0,0,0,0,2
1729768,7,2,5,0,0,0,0,7,6,1,0,0,2,5,6,3,4,0,0,0,0,0,0,0,1,0,0,7,0,0,0,0,0,0,0,0,2
1732748,2,0,2,0,0,0,0,2,2,0,0,0,1,1,1,2,0,0,0,0,0,0,0,0,1,1,0,1,0,0,0,0,0,0,0,0,1
1733339,2,1,1,0,0,0,0,2,2,0,0,0,2,0,2,2,0,0,0,0,0,0,0,0,2,1,0,1,0,0,0,0,0,0,0,0,2
1737959,3,1,2,0,0,0,0,3,2,1,0,0,2,1,3,3,0,0,0,0,0,0,0,0,3,3,0,0,0,0,0,0,0,0,0,0,2
1738829,2,0,2,0,1,1,0,0,2,0,0,0,1,1,2,2,0,0,0,0,0,0,0,0,2,1,0,1,0,0,0,0,0,0,0,0,2
1739518,10,0,10,0,2,2,0,6,0,10,0,0,2,8,7,0,10,0,0,0,0,0,0,0,10,0,0,8,1,1,0,0,0,0,0,0,4
1743821,9,8,1,0,2,4,0,3,7,0,2,0,1,8,1,0,2,0,1,0,6,0,0,0,9,0,0,9,0,0,0,0,0,0,0,0,0
1744618,2,0,2,0,0,0,0,2,1,1,0,0,2,0,2,2,0,0,0,0,0,0,0,0,2,1,0,1,0,0,0,0,0,0,0,0,1
1745729,2,0,2,0,0,0,0,2,2,0,0,0,0,2,2,2,0,0,0,0,0,0,0,0,2,1,0,1,0,0,0,0,0,0,0,0,1
1747492,2,2,0,0,0,1,0,1,0,2,0,0,0,2,2,2,0,0,0,0,0,0,0,0,2,0,0,1,1,0,0,0,0,0,0,0,2
1758805,154,53,101,0,2,35,0,117,154,0,0,0,31,123,13,42,25,4,3,11,9,40,20,0,130,6,0,139,9,0,0,0,0,0,0,0,8
1762476,1,1,0,0,0,0,0,1,1,0,0,0,1,0,1,1,0,0,0,0,0,0,0,0,1,1,0,0,0,0,0,0,0,0,0,0,1
1767960,7,2,5,0,2,1,0,4,6,1,0,0,1,6,6,3,2,1,0,0,0,0,1,0,6,0,0,7,0,0,0,0,0,0,0,0,6
1775688,17,6,11,0,1,1,0,15,13,2,2,0,1,16,14,0,1,0,3,0,13,0,0,0,16,0,0,16,0,1,0,0,0,0,0,0,3
1780330,2,2,0,0,0,2,0,0,1,1,0,0,1,1,1,2,0,0,0,0,0,0,0,0,2,1,0,1,0,0,0,0,0,0,0,0,0
1781539,2,0,2,0,1,0,0,1,1,1,0,0,1,1,1,2,0,0,0,0,0,0,0,0,2,1,0,1,0,0,0,0,0,0,0,0,1
1781933,2,0,2,0,0,0,0,2,2,0,0,0,1,1,0,2,0,0,0,0,0,0,0,0,1,1,0,0,0,1,0,0,0,0,0,0,0
1787487,4,0,4,0,3,0,0,1,2,2,0,0,3,1,4,2,0,0,0,0,0,0,0,2,0,0,0,4,0,0,0,0,0,0,0,0,0
1801518,2,1,1,0,1,1,0,0,2,0,0,1,0,1,0,2,0,0,0,0,0,0,0,0,2,2,0,0,0,0,0,0,0,0,0,0,0
1809547,2,1,1,0,1,0,0,1,1,1,0,1,0,1,0,2,0,0,0,0,0,0,0,0,1,0,0,1,0,1,0,0,0,0,0,0,1
1810182,1,1,0,0,1,0,0,0,0,1,0,0,1,0,0,1,0,0,0,0,0,0,0,0,1,0,0,0,0,0,0,0,0,1,0,0,1
1810946,11,2,9,0,4,1,0,6,10,1,0,0,3,8,10,6,5,0,0,0,0,0,0,0,11,1,0,10,0,0,0,0,0,0,0,0,11
1814927,1,0,1,0,0,0,0,1,0,1,0,0,1,0,0,1,0,0,0,0,0,0,0,0,1,0,0,1,0,0,0,0,0,0,0,0,0
1817718,2,2,0,0,0,0,0,2,2,0,0,0,1,1,2,2,0,0,0,0,0,0,0,0,2,0,0,2,0,0,0,0,0,0,0,0,2
1822262,3,2,1,0,0,0,0,3,3,0,0,0,0,3,3,3,0,0,0,0,0,0,0,0,1,0,0,3,0,0,0,0,0,0,0,0,3
1830682,1,0,1,0,0,0,0,1,1,0,0,0,0,1,1,1,0,0,0,0,0,0,0,0,1,0,0,1,0,0,0,0,0,0,0,0,1
1834284,7,1,6,0,1,1,0,5,4,3,0,0,4,3,4,2,1,4,0,0,0,0,0,0,7,2,0,5,0,0,0,0,0,0,0,0,5
1839701,8,3,5,0,3,4,0,1,8,0,0,0,2,6,3,1,1,1,5,0,0,0,0,0,6,0,0,8,0,0,0,0,0,0,0,0,1
1839984,2,1,1,0,0,1,0,1,2,0,0,0,2,0,2,2,0,0,0,0,0,0,0,0,2,0,0,2,0,0,0,0,0,0,0,0,2
1842981,3,2,1,0,0,1,0,2,1,2,0,1,1,1,1,3,0,0,0,0,0,0,0,0,1,1,0,1,0,0,0,0,0,1,0,0,0
1845580,2,0,2,0,1,1,0,0,1,1,0,0,1,1,1,2,0,0,0,0,0,0,0,0,2,0,0,2,0,0,0,0,0,0,0,0,1
1855483,4,3,1,0,0,0,0,4,3,1,0,0,0,4,3,4,0,0,0,0,0,0,0,0,4,1,0,3,0,0,0,0,0,0,0,0,3
1858191,3,3,0,0,0,0,0,3,1,2,0,0,0,3,3,1,2,0,0,0,0,0,0,0,3,0,0,3,0,0,0,0,0,0,0,0,3
1868745,2,1,1,0,0,1,0,1,1,1,0,0,2,0,1,2,0,0,0,0,0,0,0,0,2,0,0,2,0,0,0,0,0,0,0,0,1
1870664,4,3,1,0,0,0,0,4,4,0,0,1,1,2,4,4,0,0,0,0,0,0,0,0,4,1,0,3,0,0,0,0,0,0,0,0,4
1872654,3,0,3,0,0,2,0,1,3,0,0,0,2,1,3,3,0,0,0,0,0,0,0,0,3,2,0,1,0,0,0,0,0,0,0,0,2
1873768,65,12,53,0,41,1,0,23,64,1,0,0,27,38,58,16,1,30,9,5,2,2,0,0,40,2,1,48,2,5,6,0,1,0,0,0,2
1876780,8,3,5,0,0,1,0,7,8,0,0,0,7,1,7,5,0,3,0,0,0,0,0,0,8,4,0,1,2,1,0,0,0,0,0,0,8
1887993,1,0,1,0,0,0,0,1,0,1,0,0,1,0,0,1,0,0,0,0,0,0,0,0,1,0,0,1,0,0,0,0,0,0,0,0,0
1890538,29,8,21,0,4,8,0,17,29,0,0,0,13,16,16,3,1,14,5,6,0,0,0,0,23,1,0,22,3,3,0,0,0,0,0,0,2
1892389,8,0,8,0,1,0,0,7,7,1,0,0,2,6,8,3,4,0,0,0,0,0,1,0,8,1,0,6,0,0,0,0,0,1,0,0,7
1894693,2,0,2,0,0,0,0,2,2,0,0,0,0,2,2,2,0,0,0,0,0,0,0,0,1,0,0,2,0,0,0,0,0,0,0,0,2
1897750,2,0,2,0,0,0,0,2,2,0,0,0,1,1,2,2,0,0,0,0,0,0,0,0,2,1,0,0,1,0,0,0,0,0,0,0,2
1899621,7,2,5,0,0,3,0,4,4,3,0,0,0,7,7,0,0,0,0,0,7,0,0,0,4,0,0,7,0,0,0,0,0,0,0,0,0
1899967,2,1,1,0,0,0,0,2,2,0,0,2,0,0,2,2,0,0,0,0,0,0,0,0,2,2,0,0,0,0,0,0,0,0,0,0,2
1902111,2,0,2,0,0,0,0,2,2,0,0,0,2,0,2,2,0,0,0,0,0,0,0,0,2,2,0,0,0,0,0,0,0,0,0,0,2
1902274,3,0,3,0,2,0,0,1,3,0,0,0,0,3,2,3,0,0,0,0,0,0,0,0,2,0,0,3,0,0,0,0,0,0,0,0,2
1906312,1,0,1,0,0,0,0,1,1,0,0,0,1,0,1,1,0,0,0,0,0,0,0,0,1,0,0,0,0,0,0,0,0,1,0,0,1
1919042,5,0,5,0,0,0,0,5,5,0,0,1,0,4,5,5,0,0,0,0,0,0,0,0,5,1,0,4,0,0,0,0,0,0,0,0,5
1931312,14,2,12,0,4,0,0,10,14,0,0,0,10,4,0,0,0,10,4,0,0,0,0,0,14,5,0,9,0,0,0,0,0,0,0,0,0
1934540,3,1,2,0,0,1,0,2,1,2,0,0,2,1,2,3,0,0,0,0,0,0,0,0,3,1,0,2,0,0,0,0,0,0,0,0,0
1938287,2,0,2,0,0,0,0,2,2,0,0,0,0,2,2,2,0,0,0,0,0,0,0,0,2,0,0,2,0,0,0,0,0,0,0,0,1
1945395,7,4,3,0,1,1,0,5,6,1,0,0,2,5,6,3,4,0,0,0,0,0,0,0,7,1,0,6,0,0,0,0,0,0,0,0,6
1949912,4,1,3,0,0,0,0,4,4,0,0,0,2,2,2,4,0,0,0,0,0,0,0,0,0,4,0,0,0,0,0,0,0,0,0,0,1
1953160,4,2,2,0,1,1,0,2,3,1,0,0,1,3,3,1,2,1,0,0,0,0,0,0,4,2,0,2,0,0,0,0,0,0,0,0,2
1971247,49,8,41,0,7,3,1,38,49,0,0,0,25,24,31,17,4,6,6,1,4,1,10,0,49,10,0,31,0,2,6,0,0,0,0,0,8
1974064,12,6,6,0,3,1,0,8,7,2,3,0,2,10,7,0,3,0,1,0,8,0,0,0,10,0,0,10,1,1,0,0,0,0,0,0,6
1974505,3,1,2,0,0,0,0,3,1,2,0,0,1,2,1,3,0,0,0,0,0,0,0,0,3,0,0,2,0,0,1,0,0,0,0,0,1
1980303,2,0,2,0,0,1,0,1,1,1,0,0,2,0,0,2,0,0,0,0,0,0,0,0,2,0,0,2,0,0,0,0,0,0,0,0,0
1985859,3,0,3,0,1,0,0,2,1,2,0,0,2,1,3,3,0,0,0,0,0,0,0,0,3,2,0,1,0,0,0,0,0,0,0,0,2
1992073,97,10,87,0,26,5,0,66,97,0,0,0,27,70,84,36,6,21,15,14,2,3,0,0,13,2,0,60,8,3,24,0,0,0,0,0,79
1992074,7,3,4,0,1,2,0,4,7,0,0,0,1,6,7,7,0,0,0,0,0,0,0,0,3,3,0,4,0,0,0,0,0,0,0,0,7
2000121,6,0,6,0,0,0,0,6,6,0,0,0,1,5,0,0,0,1,4,1,0,0,0,0,1,0,2,4,0,0,0,0,0,0,0,0,1
2000982,7,4,3,0,0,1,0,6,7,0,0,0,1,6,7,3,4,0,0,0,0,0,0,0,7,0,0,6,1,0,0,0,0,0,0,0,6
2001501,14,1,13,0,5,1,0,8,14,0,0,0,7,7,3,4,1,3,0,1,3,2,0,0,11,2,0,11,1,0,0,0,0,0,0,0,2
2007314,3,2,1,0,0,1,0,2,2,1,0,0,1,2,2,3,0,0,0,0,0,0,0,0,2,1,0,2,0,0,0,0,0,0,0,0,2
2009492,13,0,13,0,0,2,0,11,1,12,0,0,6,7,1,13,0,0,0,0,0,0,0,0,13,2,0,9,1,1,0,0,0,0,0,0,0
2013199,8,7,1,0,0,2,0,6,1,5,2,0,0,8,5,0,2,0,1,0,5,0,0,0,8,0,0,8,0,0,0,0,0,0,0,0,2
2017166,16,4,12,0,1,1,0,14,15,1,0,0,7,9,15,1,0,4,6,1,0,4,0,0,9,0,0,14,0,1,0,0,0,1,0,0,0
2017282,2,0,2,0,2,0,0,0,2,0,0,0,1,1,2,2,0,0,0,0,0,0,0,0,0,1,0,1,0,0,0,0,0,0,0,0,2
2018104,2,0,2,0,0,0,0,2,1,1,0,0,1,1,1,2,0,0,0,0,0,0,0,0,1,1,0,1,0,0,0,0,0,0,0,0,1
2021558,4,0,4,0,0,2,1,1,2,2,0,0,4,0,2,4,0,0,0,0,0,0,0,0,2,1,0,3,0,0,0,0,0,0,0,0,2
2027310,3,1,2,0,0,0,0,3,3,0,0,0,0,3,3,3,0,0,0,0,0,0,0,0,3,0,0,3,0,0,0,0,0,0,0,0,3
2033268,2,0,2,0,0,0,0,2,1,1,0,0,1,1,1,2,0,0,0,0,0,0,0,0,2,1,0,1,0,0,0,0,0,0,0,0,1
2038423,2,0,2,0,0,0,0,2,2,0,0,0,2,0,1,2,0,0,0,0,0,0,0,0,1,1,0,1,0,0,0,0,0,0,0,0,0
2042711,3,1,2,0,0,0,0,3,2,1,0,0,2,1,3,3,0,0,0,0,0,0,0,0,3,1,0,1,0,0,1,0,0,0,0,0,2
2051356,1,1,0,0,0,0,0,1,0,1,0,0,1,0,0,1,0,0,0,0,0,0,0,0,1,0,0,1,0,0,0,0,0,0,0,0,0
2053210,17,8,9,0,0,4,0,13,10,5,2,3,1,13,14,0,5,0,5,0,7,0,0,0,16,0,0,13,1,3,0,0,0,0,0,0,7
2058169,7,2,5,0,2,2,0,3,7,0,0,0,3,4,7,3,4,0,0,0,0,0,0,0,7,3,0,4,0,0,0,0,0,0,0,0,7
2058491,2,1,1,0,0,0,0,2,2,0,0,0,1,1,2,2,0,0,0,0,0,0,0,0,2,0,0,2,0,0,0,0,0,0,0,0,2
2061095,2,1,1,0,0,0,0,2,2,0,0,0,0,2,2,2,0,0,0,0,0,0,0,0,2,1,0,1,0,0,0,0,0,0,0,0,1
2061659,11,1,10,0,0,3,0,8,3,5,3,0,3,8,5,0,0,0,11,0,0,0,0,0,11,0,0,10,1,0,0,0,0,0,0,0,2
2063306,19,9,10,0,0,6,0,13,0,19,0,0,2,17,5,0,0,0,7,12,0,0,0,0,19,0,0,15,4,0,0,0,0,0,0,0,0
2064243,7,4,3,0,0,1,0,6,7,0,0,0,0,7,7,3,4,0,0,0,0,0,0,0,5,0,0,7,0,0,0,0,0,0,0,0,7
2070201,3,1,2,0,1,1,0,1,1,2,0,0,1,2,0,3,0,0,0,0,0,0,0,0,3,0,0,3,0,0,0,0,0,0,0,0,1
2078945,2,0,2,0,0,0,0,2,2,0,0,0,1,1,2,2,0,0,0,0,0,0,0,0,2,1,0,1,0,0,0,0,0,0,0,0,2
2082044,2,1,1,0,0,0,0,2,1,1,0,0,1,1,2,2,0,0,0,0,0,0,0,0,2,1,0,0,0,0,1,0,0,0,0,0,1
2083912,3,0,3,0,0,0,0,3,3,0,0,0,2,1,0,1,0,0,0,0,0,0,0,2,3,0,0,3,0,0,0,0,0,0,0,0,0
2086837,12,8,4,0,0,3,0,9,9,0,3,0,3,9,8,0,3,0,0,0,9,0,0,0,4,0,0,9,0,3,0,0,0,0,0,0,8
2104729,28,20,8,0,3,6,0,19,25,2,1,0,4,24,17,0,1,0,13,13,0,1,0,0,28,0,0,19,8,1,0,0,0,0,0,0,9
2105132,3,1,2,0,0,0,0,3,3,0,0,0,2,1,3,3,0,0,0,0,0,0,0,0,0,0,0,3,0,0,0,0,0,0,0,0,1
2107542,2,0,2,0,0,2,0,0,1,1,0,0,1,1,2,2,0,0,0,0,0,0,0,0,2,2,0,0,0,0,0,0,0,0,0,0,0
2108674,3,2,1,0,1,1,0,1,2,1,0,1,1,1,2,3,0,0,0,0,0,0,0,0,2,1,0,2,0,0,0,0,0,0,0,0,2
2110626,3,0,3,0,1,0,0,2,2,1,0,0,2,1,2,3,0,0,0,0,0,0,0,0,2,0,0,2,0,0,0,0,0,1,0,0,2
2118647,3,2,1,0,3,0,0,0,3,0,0,0,2,1,2,2,0,0,0,0,0,0,0,1,3,0,0,3,0,0,0,0,0,0,0,0,2
2125573,2,1,1,0,0,0,0,2,1,1,0,0,1,1,2,2,0,0,0,0,0,0,0,0,2,1,0,1,0,0,0,0,0,0,0,0,1
2132835,3,0,3,0,0,0,0,3,1,0,2,0,1,2,3,3,0,0,0,0,0,0,0,0,2,1,0,1,0,1,0,0,0,0,0,0,2
2142704,18,9,9,0,0,2,0,16,15,3,0,0,5,13,12,3,0,2,2,6,2,3,0,0,18,0,0,11,2,1,4,0,0,0,0,0,11
2158708,10,5,5,0,0,3,0,7,10,0,0,0,2,8,7,0,1,0,3,0,6,0,0,0,10,0,0,7,2,0,1,0,0,0,0,0,1
2172647,3,0,3,0,0,1,0,2,3,0,0,0,0,3,1,3,0,0,0,0,0,0,0,0,3,0,0,3,0,0,0,0,0,0,0,0,3
2177868,2,1,1,0,0,0,0,2,2,0,0,0,0,2,2,2,0,0,0,0,0,0,0,0,0,0,0,2,0,0,0,0,0,0,0,0,1
2191091,3,3,0,0,0,0,0,3,3,0,0,1,0,2,2,3,0,0,0,0,0,0,0,0,3,2,0,1,0,0,0,0,0,0,0,0,3
2205410,3,1,2,0,0,1,0,2,1,2,0,2,1,0,0,3,0,0,0,0,0,0,0,0,3,1,0,1,0,0,1,0,0,0,0,0,0
2209053,3,1,2,0,1,1,0,1,3,0,0,0,1,2,3,3,0,0,0,0,0,0,0,0,3,1,0,2,0,0,0,0,0,0,0,0,3
2215236,6,2,4,0,0,2,0,4,4,2,0,0,3,3,2,0,0,0,4,0,2,0,0,0,6,0,0,6,0,0,0,0,0,0,0,0,2
2216108,8,3,5,0,6,1,0,1,6,2,0,0,4,4,1,4,3,1,0,0,0,0,0,0,1,2,0,6,0,0,0,0,0,0,0,0,3
2218982,3,0,3,0,0,0,0,3,3,0,0,0,0,3,1,3,0,0,0,0,0,0,0,0,2,0,0,3,0,0,0,0,0,0,0,0,3
2221071,7,2,5,0,1,1,0,5,7,0,0,0,1,6,7,3,3,1,0,0,0,0,0,0,7,3,0,3,1,0,0,0,0,0,0,0,7
2223773,2,0,2,0,1,0,0,1,2,0,0,0,1,1,2,2,0,0,0,0,0,0,0,0,2,0,0,2,0,0,0,0,0,0,0,0,1
2226222,2,0,2,0,0,1,0,1,2,0,0,0,1,1,2,2,0,0,0,0,0,0,0,0,2,0,0,2,0,0,0,0,0,0,0,0,2
2228897,6,2,4,0,0,1,0,5,3,3,0,0,1,5,4,1,4,1,0,0,0,0,0,0,4,1,0,3,2,0,0,0,0,0,0,0,3
2228971,5,5,0,0,0,0,0,5,4,1,0,0,0,5,2,0,0,0,5,0,0,0,0,0,5,0,0,5,0,0,0,0,0,0,0,0,2
2231383,3,1,2,0,0,0,0,3,2,1,0,0,2,1,2,3,0,0,0,0,0,0,0,0,3,2,0,1,0,0,0,0,0,0,0,0,0
2242344,3,1,2,0,1,1,0,1,1,2,0,0,2,1,1,3,0,0,0,0,0,0,0,0,1,2,0,1,0,0,0,0,0,0,0,0,1
2243407,3,1,2,0,0,1,0,2,3,0,0,0,0,3,3,3,0,0,0,0,0,0,0,0,3,0,0,3,0,0,0,0,0,0,0,0,3
2243733,3,2,1,0,1,1,0,1,2,1,0,0,2,1,1,3,0,0,0,0,0,0,0,0,3,0,0,3,0,0,0,0,0,0,0,0,0
2245908,2,0,2,0,0,1,0,1,2,0,0,0,0,2,1,2,0,0,0,0,0,0,0,0,2,0,0,2,0,0,0,0,0,0,0,0,1
2247989,2,1,1,0,0,2,0,0,0,2,0,0,2,0,1,2,0,0,0,0,0,0,0,0,2,1,0,1,0,0,0,0,0,0,0,0,1
2251153,2,0,2,0,0,1,0,1,2,0,0,0,0,2,2,2,0,0,0,0,0,0,0,0,2,0,0,2,0,0,0,0,0,0,0,0,2
2259231,267,19,248,0,87,6,0,174,267,0,0,1,53,213,248,70,34,19,64,24,26,26,1,3,264,4,0,236,24,3,0,0,0,0,0,0,17
2262477,3,2,1,0,0,2,0,1,2,1,0,0,1,2,2,3,0,0,0,0,0,0,0,0,3,0,0,2,0,1,0,0,0,0,0,0,1
2267246,3,1,2,0,0,1,0,2,2,1,0,0,1,2,2,3,0,0,0,0,0,0,0,0,2,0,0,2,0,1,0,0,0,0,0,0,2
2273123,166,51,115,0,6,20,2,138,165,1,0,1,37,128,9,7,17,81,26,17,13,3,2,0,101,5,0,131,10,14,4,1,0,1,0,0,1
2273492,2,1,1,0,0,0,0,2,2,0,0,0,1,1,2,2,0,0,0,0,0,0,0,0,2,1,0,1,0,0,0,0,0,0,0,0,2
2274311,2,1,1,0,0,0,0,2,1,1,0,0,2,0,0,2,0,0,0,0,0,0,0,0,0,1,0,1,0,0,0,0,0,0,0,0,1
2279265,2,0,2,0,0,0,0,2,2,0,0,2,0,0,2,2,0,0,0,0,0,0,0,0,2,2,0,0,0,0,0,0,0,0,0,0,2
2288378,43,7,36,0,2,6,0,35,43,0,0,0,15,28,26,2,14,1,0,4,1,5,15,1,16,2,0,31,2,3,4,0,0,1,0,0,18
2288532,4,1,3,0,0,0,0,4,4,0,0,0,0,4,4,4,0,0,0,0,0,0,0,0,4,0,0,4,0,0,0,0,0,0,0,0,4
2293502,27,9,18,0,8,1,0,18,27,0,0,0,12,15,4,11,1,4,4,0,3,0,3,1,15,3,0,20,1,3,0,0,0,0,0,0,1
2306581,19,3,16,0,1,0,0,18,19,0,0,1,6,12,18,4,0,8,0,0,3,0,4,0,7,0,0,17,0,1,0,0,0,0,1,0,1
2311679,2,0,2,0,1,1,0,0,2,0,0,0,0,2,2,2,0,0,0,0,0,0,0,0,2,0,0,2,0,0,0,0,0,0,0,0,2
2313446,3,0,3,0,0,0,0,3,1,0,2,0,3,0,1,3,0,0,0,0,0,0,0,0,1,1,0,2,0,0,0,0,0,0,0,0,1
2320426,4,0,4,0,0,0,0,4,4,0,0,0,1,3,3,1,0,3,0,0,0,0,0,0,4,1,0,3,0,0,0,0,0,0,0,0,3
2327967,3,0,3,0,0,0,0,3,2,1,0,0,2,1,0,3,0,0,0,0,0,0,0,0,2,1,0,2,0,0,0,0,0,0,0,0,1
2328435,7,0,7,0,5,0,0,2,7,0,0,1,2,4,5,3,0,0,0,0,0,0,1,3,0,0,0,1,0,0,6,0,0,0,0,0,1
2329434,27,17,10,0,0,10,0,17,23,2,2,0,4,23,17,0,1,0,14,11,1,0,0,0,25,0,0,26,1,0,0,0,0,0,0,0,9
2330852,6,4,2,0,0,2,0,4,4,2,0,0,2,4,4,2,4,0,0,0,0,0,0,0,6,1,0,5,0,0,0,0,0,0,0,0,2
2333892,3,1,2,0,0,0,0,3,3,0,0,0,0,3,3,1,2,0,0,0,0,0,0,0,3,0,0,3,0,0,0,0,0,0,0,0,3
2348330,7,1,6,0,0,0,0,7,3,4,0,0,5,2,4,3,3,0,0,0,0,0,1,0,6,2,0,4,0,0,1,0,0,0,0,0,3
2352282,6,3,3,0,1,1,0,4,6,0,0,0,0,6,5,0,0,0,1,0,5,0,0,0,6,0,0,4,2,0,0,0,0,0,0,0,2
2355141,3,1,2,0,0,1,0,2,3,0,0,0,1,2,3,3,0,0,0,0,0,0,0,0,0,0,0,3,0,0,0,0,0,0,0,0,3
2366615,4,1,3,0,0,1,0,3,4,0,0,1,2,1,4,4,0,0,0,0,0,0,0,0,4,4,0,0,0,0,0,0,0,0,0,0,4
2387135,7,4,3,0,0,2,0,5,5,2,0,0,1,6,7,3,3,1,0,0,0,0,0,0,7,0,0,7,0,0,0,0,0,0,0,0,2
2390889,5,0,5,0,0,1,0,4,1,4,0,0,3,2,2,2,3,0,0,0,0,0,0,0,1,1,0,4,0,0,0,0,0,0,0,0,5
2402838,8,4,4,0,4,0,0,4,6,2,0,0,2,6,5,4,2,2,0,0,0,0,0,0,7,0,0,8,0,0,0,0,0,0,0,0,1
2411203,3,3,0,0,0,1,0,2,2,1,0,0,0,3,3,3,0,0,0,0,0,0,0,0,2,1,0,2,0,0,0,0,0,0,0,0,3
2421492,3,2,1,0,0,0,0,3,1,2,0,0,2,1,2,3,0,0,0,0,0,0,0,0,3,1,0,2,0,0,0,0,0,0,0,0,0
2428989,2,1,1,0,0,1,0,1,1,1,0,0,0,2,2,2,0,0,0,0,0,0,0,0,2,0,0,2,0,0,0,0,0,0,0,0,1
2442433,36,5,31,0,16,0,0,20,32,0,4,1,10,25,35,7,1,11,1,3,4,6,2,1,33,5,0,20,1,6,3,0,1,0,0,0,0
2444103,2,1,1,0,0,0,0,2,2,0,0,0,1,1,2,2,0,0,0,0,0,0,0,0,2,1,0,0,1,0,0,0,0,0,0,0,2
2444992,24,7,17,0,0,5,0,19,20,1,3,0,1,23,20,0,0,0,11,11,1,1,0,0,23,0,0,18,5,1,0,0,0,0,0,0,1
2448191,20,7,13,0,2,1,0,17,17,2,1,0,3,17,14,0,0,0,6,7,5,2,0,0,19,0,0,16,3,1,0,0,0,0,0,0,16
2453583,4,2,2,0,0,0,1,3,0,4,0,0,4,0,1,3,1,0,0,0,0,0,0,0,0,0,0,1,0,0,3,0,0,0,0,0,3
2466377,9,5,4,0,0,1,0,8,6,2,1,0,3,6,8,0,2,0,1,0,6,0,0,0,9,0,0,8,0,1,0,0,0,0,0,0,8
2468310,6,0,6,0,0,1,0,5,6,0,0,0,1,5,5,6,0,0,0,0,0,0,0,0,6,0,0,6,0,0,0,0,0,0,0,0,5
2472551,7,3,4,0,0,2,0,5,7,0,0,0,1,6,7,3,3,1,0,0,0,0,0,0,0,2,0,4,1,0,0,0,0,0,0,0,7
2474930,2,1,1,0,0,0,0,2,2,0,0,0,1,1,1,2,0,0,0,0,0,0,0,0,2,0,0,1,0,0,0,0,0,1,0,0,2
2484547,5,3,2,0,0,0,0,5,3,2,0,0,2,3,4,2,2,1,0,0,0,0,0,0,5,1,0,4,0,0,0,0,0,0,0,0,0
2486679,1,0,1,0,0,0,0,1,1,0,0,0,0,1,1,1,0,0,0,0,0,0,0,0,1,0,0,1,0,0,0,0,0,0,0,0,1
2487503,7,2,5,0,0,1,0,6,0,7,0,0,2,5,0,0,0,4,0,0,3,0,0,0,7,0,0,7,0,0,0,0,0,0,0,0,1
2487917,58,40,18,0,0,16,2,40,55,0,3,0,3,55,55,0,4,0,0,24,30,0,0,0,58,0,0,48,8,2,0,0,0,0,0,0,37
2488708,2,1,1,0,0,1,0,1,2,0,0,0,1,1,1,2,0,0,0,0,0,0,0,0,2,1,0,1,0,0,0,0,0,0,0,0,2
2494696,3,2,1,0,0,1,0,2,3,0,0,0,3,0,3,3,0,0,0,0,0,0,0,0,3,3,0,0,0,0,0,0,0,0,0,0,0
2497331,5,1,4,0,0,0,0,5,5,0,0,0,4,1,5,3,0,0,0,0,0,0,2,0,3,0,0,3,0,0,2,0,0,0,0,0,0
2510933,8,0,8,0,0,0,0,8,8,0,0,0,6,2,4,5,0,0,0,0,0,0,2,1,8,0,0,5,0,2,1,0,0,0,0,0,6
2511859,1,0,1,0,0,0,0,1,1,0,0,0,0,1,0,1,0,0,0,0,0,0,0,0,1,0,0,1,0,0,0,0,0,0,0,0,0
2516163,2,1,1,0,1,0,0,1,1,1,0,0,1,1,0,2,0,0,0,0,0,0,0,0,2,1,0,1,0,0,0,0,0,0,0,0,0
2543877,29,2,27,0,5,8,0,16,29,0,0,1,9,19,1,9,0,3,12,0,3,0,2,0,0,0,0,20,5,0,0,0,0,4,0,0,0
2545695,2,1,1,0,0,0,0,2,1,1,0,0,1,1,1,2,0,0,0,0,0,0,0,0,0,1,0,1,0,0,0,0,0,0,0,0,1
2549767,8,0,8,0,1,1,0,6,0,8,0,0,2,6,0,8,0,0,0,0,0,0,0,0,8,0,0,6,1,0,1,0,0,0,0,0,0
2551645,6,5,1,0,1,0,0,5,5,1,0,0,1,5,5,0,0,0,4,0,2,0,0,0,6,0,0,6,0,0,0,0,0,0,0,0,1
2551705,2,0,2,0,0,1,0,1,2,0,0,0,0,2,2,2,0,0,0,0,0,0,0,0,0,0,0,2,0,0,0,0,0,0,0,0,2
2552229,3,1,2,0,0,2,0,1,3,0,0,0,0,3,3,3,0,0,0,0,0,0,0,0,3,1,0,2,0,0,0,0,0,0,0,0,3
2553210,3,0,3,0,0,0,0,3,3,0,0,1,0,2,3,3,0,0,0,0,0,0,0,0,3,1,0,2,0,0,0,0,0,0,0,0,3
2554839,3,1,2,0,0,1,0,2,3,0,0,0,1,2,3,3,0,0,0,0,0,0,0,0,3,2,0,1,0,0,0,0,0,0,0,0,3
2558344,2,1,1,0,0,0,0,2,2,0,0,0,0,2,1,2,0,0,0,0,0,0,0,0,2,0,0,2,0,0,0,0,0,0,0,0,2
2568650,3,1,2,0,0,0,0,3,2,1,0,0,0,3,3,2,0,1,0,0,0,0,0,0,3,1,0,2,0,0,0,0,0,0,0,0,3
2575129,1,0,1,0,0,1,0,0,0,1,0,0,1,0,0,1,0,0,0,0,0,0,0,0,0,0,0,1,0,0,0,0,0,0,0,0,0
2577004,2,1,1,0,0,0,0,2,2,0,0,0,0,2,1,2,0,0,0,0,0,0,0,0,0,1,0,1,0,0,0,0,0,0,0,0,2
2579854,3,1,2,0,0,0,0,3,3,0,0,0,0,3,3,3,0,0,0,0,0,0,0,0,3,1,0,2,0,0,0,0,0,0,0,0,3
2583271,1,0,1,0,0,0,0,1,1,0,0,0,0,1,1,1,0,0,0,0,0,0,0,0,0,0,0,1,0,0,0,0,0,0,0,0,1
2584221,6,1,5,0,1,2,0,3,6,0,0,0,2,4,4,2,2,2,0,0,0,0,0,0,3,0,0,6,0,0,0,0,0,0,0,0,3
2586588,3,1,2,0,1,0,0,2,2,1,0,0,2,1,2,3,0,0,0,0,0,0,0,0,3,1,0,2,0,0,0,0,0,0,0,0,0
2587914,7,0,7,0,0,1,0,6,6,1,0,0,1,6,6,3,4,0,0,0,0,0,0,0,7,0,0,6,0,0,0,0,0,1,0,0,6
2588959,5,1,4,0,1,1,0,3,1,4,0,0,3,2,4,5,0,0,0,0,0,0,0,0,5,2,0,2,0,0,0,0,0,1,0,0,1
2599611,4,0,4,0,0,0,0,4,4,0,0,0,0,4,4,4,0,0,0,0,0,0,0,0,4,0,0,4,0,0,0,0,0,0,0,0,3
2605911,34,27,7,0,0,6,0,28,31,0,3,1,8,25,21,0,4,0,11,13,5,1,0,0,33,1,0,28,3,2,0,0,0,0,0,0,13
2606910,52,5,47,0,16,7,0,29,52,0,0,0,24,28,16,9,25,14,2,0,1,0,1,0,9,2,0,30,4,12,3,1,0,0,0,0,15
2610339,2,0,2,0,0,0,0,2,2,0,0,0,2,0,2,2,0,0,0,0,0,0,0,0,2,2,0,0,0,0,0,0,0,0,0,0,2
2625046,14,4,10,0,0,3,0,11,9,2,3,1,2,11,8,0,4,0,1,0,9,0,0,0,14,1,0,12,1,0,0,0,0,0,0,0,8
2635758,3,0,3,0,0,0,0,3,1,2,0,0,3,0,1,3,0,0,0,0,0,0,0,0,3,1,0,2,0,0,0,0,0,0,0,0,1
2638114,2,1,1,0,0,0,0,2,1,1,0,0,1,1,2,2,0,0,0,0,0,0,0,0,2,1,0,1,0,0,0,0,0,0,0,0,1
2638502,2,0,2,0,0,1,0,1,1,1,0,0,0,2,1,2,0,0,0,0,0,0,0,0,1,0,0,2,0,0,0,0,0,0,0,0,2
2640172,20,6,14,0,1,3,0,16,12,8,0,0,7,13,18,4,3,4,3,3,1,1,1,0,6,1,0,15,2,1,0,0,0,1,0,0,2
2647175,3,1,2,0,0,2,0,1,1,2,0,0,2,1,1,3,0,0,0,0,0,0,0,0,3,2,0,1,0,0,0,0,0,0,0,0,0
2656279,3,1,2,0,0,0,0,3,3,0,0,0,1,2,3,3,0,0,0,0,0,0,0,0,3,1,0,2,0,0,0,0,0,0,0,0,3
2657951,3,2,1,0,0,0,0,3,2,1,0,0,1,2,2,3,0,0,0,0,0,0,0,0,2,0,0,3,0,0,0,0,0,0,0,0,2
2659388,3,1,2,0,0,0,0,3,3,0,0,0,1,2,3,3,0,0,0,0,0,0,0,0,3,0,0,3,0,0,0,0,0,0,0,0,1
2663348,3,1,2,0,2,0,0,1,1,2,0,0,2,1,1,3,0,0,0,0,0,0,0,0,3,2,0,0,0,1,0,0,0,0,0,0,1
2664444,1,0,1,0,1,0,0,0,0,1,0,0,1,0,1,1,0,0,0,0,0,0,0,0,1,1,0,0,0,0,0,0,0,0,0,0,1
2666911,12,5,7,0,2,2,0,8,10,1,1,0,1,11,10,0,1,0,1,0,10,0,0,0,0,0,0,10,1,0,0,0,1,0,0,0,9
2668013,25,3,22,0,0,1,0,24,25,0,0,6,9,10,6,13,0,0,12,0,0,0,0,0,24,0,0,21,0,0,0,1,0,3,0,0,8
2670157,2,1,1,0,0,1,0,1,2,0,0,0,0,2,2,2,0,0,0,0,0,0,0,0,0,0,2,0,0,0,0,0,0,0,0,0,2
2678135,2,2,0,0,0,1,0,1,1,1,0,0,1,1,0,2,0,0,0,0,0,0,0,0,2,1,0,1,0,0,0,0,0,0,0,0,1
2679566,7,2,5,0,0,0,0,7,7,0,0,1,1,5,7,7,0,0,0,0,0,0,0,0,4,1,0,6,0,0,0,0,0,0,0,0,7
2679847,5,0,5,0,0,0,0,5,5,0,0,0,4,1,0,0,0,0,0,0,5,0,0,0,5,0,0,5,0,0,0,0,0,0,0,0,0
2683106,3,0,3,0,1,0,0,2,1,2,0,0,1,2,1,3,0,0,0,0,0,0,0,0,3,0,0,2,0,0,1,0,0,0,0,0,1
2689061,13,2,11,0,1,1,0,11,12,1,0,0,1,12,11,12,0,0,0,0,0,0,1,0,13,1,0,12,0,0,0,0,0,0,0,0,11
2689761,1,0,1,0,0,0,0,1,1,0,0,0,0,1,1,1,0,0,0,0,0,0,0,0,1,1,0,0,0,0,0,0,0,0,0,0,1
2690188,2,0,2,0,0,1,0,1,1,1,0,0,1,1,1,2,0,0,0,0,0,0,0,0,2,0,0,2,0,0,0,0,0,0,0,0,1
2690410,2,0,2,0,0,0,0,2,2,0,0,0,0,2,0,2,0,0,0,0,0,0,0,0,2,0,0,2,0,0,0,0,0,0,0,0,2
2693700,5,3,2,0,1,0,0,4,3,2,0,0,2,3,3,1,3,1,0,0,0,0,0,0,5,1,0,4,0,0,0,0,0,0,0,0,3
2693972,3,1,2,0,2,0,0,1,2,1,0,0,2,1,1,3,0,0,0,0,0,0,0,0,3,2,0,1,0,0,0,0,0,0,0,0,0
2694620,2,0,2,0,0,0,0,2,2,0,0,0,1,1,2,2,0,0,0,0,0,0,0,0,2,0,0,2,0,0,0,0,0,0,0,0,1
2695264,2,0,2,0,0,0,0,2,2,0,0,1,0,1,2,2,0,0,0,0,0,0,0,0,2,1,0,1,0,0,0,0,0,0,0,0,2
2696681,2,1,1,0,1,0,0,1,2,0,0,0,0,2,0,2,0,0,0,0,0,0,0,0,2,0,0,2,0,0,0,0,0,0,0,0,2
2697425,4,3,1,0,0,1,0,3,1,3,0,0,1,3,3,0,0,0,2,0,2,0,0,0,3,0,0,3,0,0,1,0,0,0,0,0,0
2709794,27,23,4,0,1,3,1,22,27,0,0,0,2,25,22,0,1,0,16,10,0,0,0,0,27,2,0,24,1,0,0,0,0,0,0,0,3
2717079,2,2,0,0,0,0,0,2,2,0,0,0,1,1,2,2,0,0,0,0,0,0,0,0,2,1,0,1,0,0,0,0,0,0,0,0,2
2720737,3,3,0,0,0,0,0,3,3,0,0,0,1,2,2,3,0,0,0,0,0,0,0,0,3,3,0,0,0,0,0,0,0,0,0,0,1
2726601,6,0,6,0,0,0,0,6,6,0,0,0,4,2,1,6,0,0,0,0,0,0,0,0,6,3,0,3,0,0,0,0,0,0,0,0,0
2728138,2,1,1,0,0,0,0,2,1,1,0,0,1,1,2,2,0,0,0,0,0,0,0,0,2,0,0,2,0,0,0,0,0,0,0,0,1
2733282,5,0,5,0,3,0,0,2,5,0,0,0,3,2,2,3,0,0,0,0,0,0,0,2,3,0,0,0,0,0,3,0,1,1,0,0,0
2736593,2,0,2,0,0,0,0,2,2,0,0,0,2,0,2,2,0,0,0,0,0,0,0,0,2,1,0,1,0,0,0,0,0,0,0,0,2
2743052,2,1,1,0,0,1,0,1,2,0,0,0,1,1,2,2,0,0,0,0,0,0,0,0,2,2,0,0,0,0,0,0,0,0,0,0,2
2746332,7,4,3,0,2,2,0,3,6,1,0,0,1,6,5,2,4,1,0,0,0,0,0,0,6,0,0,7,0,0,0,0,0,0,0,0,0
2750783,33,9,24,0,1,5,0,27,32,1,0,1,9,23,9,10,3,2,7,3,1,2,3,2,1,0,0,20,0,4,5,0,0,0,4,0,0
2754475,2,0,2,0,0,0,0,2,2,0,0,0,2,0,2,2,0,0,0,0,0,0,0,0,2,2,0,0,0,0,0,0,0,0,0,0,2
2756928,3,2,1,0,0,0,0,3,3,0,0,0,1,2,2,3,0,0,0,0,0,0,0,0,2,2,0,1,0,0,0,0,0,0,0,0,3
2770426,6,2,4,0,1,2,0,3,5,0,1,1,1,4,3,0,1,0,0,0,5,0,0,0,6,1,0,5,0,0,0,0,0,0,0,0,2
2774803,25,12,13,0,0,4,0,21,21,1,3,1,1,23,12,0,2,0,11,10,1,1,0,0,24,0,0,21,3,1,0,0,0,0,0,0,5
2779628,2,1,1,0,0,0,0,2,2,0,0,0,2,0,1,2,0,0,0,0,0,0,0,0,2,2,0,0,0,0,0,0,0,0,0,0,0
2782833,6,3,3,0,0,0,0,6,5,0,1,0,1,5,5,2,3,0,0,0,0,0,0,1,6,0,0,6,0,0,0,0,0,0,0,0,4
2782905,2,0,2,0,0,0,0,2,2,0,0,0,0,2,2,2,0,0,0,0,0,0,0,0,2,0,0,2,0,0,0,0,0,0,0,0,1
2786179,2,1,1,0,0,0,0,2,1,0,1,0,2,0,1,2,0,0,0,0,0,0,0,0,2,1,0,1,0,0,0,0,0,0,0,0,1
2809002,33,5,28,0,1,7,0,25,24,6,3,0,1,32,24,0,3,0,16,13,1,0,0,0,32,0,0,28,5,0,0,0,0,0,0,0,17
2815994,9,2,7,0,1,1,0,7,5,2,2,0,3,6,7,3,2,4,0,0,0,0,0,0,9,1,0,8,0,0,0,0,0,0,0,0,5
2816424,2,0,2,0,0,2,0,0,2,0,0,0,0,2,2,2,0,0,0,0,0,0,0,0,0,0,0,2,0,0,0,0,0,0,0,0,2
2818029,8,1,7,0,0,0,0,8,7,1,0,0,4,4,6,4,4,0,0,0,0,0,0,0,7,4,0,4,0,0,0,0,0,0,0,0,4
2827011,2,0,2,0,0,0,0,2,1,1,0,0,0,2,2,2,0,0,0,0,0,0,0,0,2,0,0,2,0,0,0,0,0,0,0,0,2
2837400,2,0,2,0,0,0,0,2,1,1,0,1,1,0,1,2,0,0,0,0,0,0,0,0,2,1,0,1,0,0,0,0,0,0,0,0,1
2846159,3,0,3,0,0,1,0,2,3,0,0,0,3,0,3,3,0,0,0,0,0,0,0,0,3,3,0,0,0,0,0,0,0,0,0,0,3
2855043,3,1,2,0,0,0,0,3,2,1,0,0,2,1,2,3,0,0,0,0,0,0,0,0,3,0,0,3,0,0,0,0,0,0,0,0,2
2861114,2,0,2,0,1,1,0,0,1,1,0,0,2,0,1,2,0,0,0,0,0,0,0,0,1,0,0,2,0,0,0,0,0,0,0,0,1
2862821,3,1,2,0,1,0,0,2,3,0,0,0,2,1,2,3,0,0,0,0,0,0,0,0,3,2,0,1,0,0,0,0,0,0,0,0,1
2863647,11,1,10,0,1,0,0,10,11,0,0,0,7,4,7,4,0,0,0,0,0,0,1,6,11,0,0,6,0,4,1,0,0,0,0,0,0
2866217,2,0,2,0,0,1,0,1,2,0,0,0,1,1,0,2,0,0,0,0,0,0,0,0,2,1,0,1,0,0,0,0,0,0,0,0,0
2873999,3,1,2,0,1,1,0,1,3,0,0,0,1,2,2,3,0,0,0,0,0,0,0,0,3,1,0,2,0,0,0,0,0,0,0,0,0
2880089,2,1,1,0,0,2,0,0,1,1,0,0,2,0,0,2,0,0,0,0,0,0,0,0,1,0,0,2,0,0,0,0,0,0,0,0,0
2880816,9,6,3,0,0,5,0,4,6,1,2,0,0,9,6,0,3,0,4,0,2,0,0,0,9,0,0,8,0,1,0,0,0,0,0,0,7
2893463,2,0,2,0,1,0,0,1,1,1,0,0,1,1,1,2,0,0,0,0,0,0,0,0,1,0,0,2,0,0,0,0,0,0,0,0,0
2901078,13,6,7,0,0,5,0,8,9,2,2,0,3,10,7,0,2,0,1,0,10,0,0,0,13,0,0,13,0,0,0,0,0,0,0,0,10
2901366,2,1,1,0,0,0,0,2,2,0,0,1,0,1,2,2,0,0,0,0,0,0,0,0,0,1,0,1,0,0,0,0,0,0,0,0,2
2912833,2,2,0,0,1,0,0,1,1,1,0,0,2,0,1,2,0,0,0,0,0,0,0,0,0,1,0,1,0,0,0,0,0,0,0,0,1
2914123,3,0,3,0,0,1,0,2,3,0,0,0,0,3,3,3,0,0,0,0,0,0,0,0,0,0,0,3,0,0,0,0,0,0,0,0,3
2921314,2,0,2,0,0,1,0,1,1,1,0,0,1,1,1,2,0,0,0,0,0,0,0,0,2,0,0,2,0,0,0,0,0,0,0,0,0
2921634,35,2,33,0,5,2,0,28,30,5,0,0,11,24,28,20,14,1,0,0,0,0,0,0,35,6,0,29,0,0,0,0,0,0,0,0,25
2928841,3,0,3,0,0,1,0,2,3,0,0,0,0,3,3,3,0,0,0,0,0,0,0,0,3,0,0,3,0,0,0,0,0,0,0,0,3
2931203,13,8,5,0,2,1,0,10,13,0,0,0,3,10,5,3,0,3,5,1,1,0,0,0,11,3,0,10,0,0,0,0,0,0,0,0,2
2934483,9,1,8,0,0,2,0,7,9,0,0,0,1,8,8,9,0,0,0,0,0,0,0,0,9,5,0,4,0,0,0,0,0,0,0,0,9
2935659,0,0,0,0,0,0,0,0,0,0,0,0,0,0,0,0,0,0,0,0,0,0,0,0,0,0,0,0,0,0,0,0,0,0,0,0,0
2943316,1,0,1,0,0,0,0,1,0,1,0,0,0,1,1,1,0,0,0,0,0,0,0,0,1,0,0,1,0,0,0,0,0,0,0,0,1
2945686,3,1,2,0,0,0,0,3,3,0,0,0,1,2,3,3,0,0,0,0,0,0,0,0,3,1,0,2,0,0,0,0,0,0,0,0,3
2947274,1,0,1,0,0,1,0,0,0,0,1,0,1,0,1,1,0,0,0,0,0,0,0,0,0,0,0,1,0,0,0,0,0,0,0,0,0
2950738,67,21,46,0,8,7,0,52,52,12,3,3,5,59,20,0,15,0,11,21,19,1,0,0,61,2,0,53,5,7,0,0,0,0,0,0,6
2954910,2,0,2,0,0,1,0,1,1,1,0,0,1,1,1,2,0,0,0,0,0,0,0,0,0,0,0,2,0,0,0,0,0,0,0,0,1
2956800,21,12,9,0,1,2,0,18,1,20,0,0,4,17,7,4,0,5,5,1,5,0,1,0,21,0,0,15,2,0,0,0,0,4,0,0,0
2958858,1,0,1,0,0,1,0,0,0,0,1,0,1,0,0,1,0,0,0,0,0,0,0,0,0,1,0,0,0,0,0,0,0,0,0,0,0
2965282,2,2,0,0,0,1,0,1,1,1,0,0,2,0,1,2,0,0,0,0,0,0,0,0,2,1,0,1,0,0,0,0,0,0,0,0,0
2968146,2,1,1,0,0,1,0,1,2,0,0,0,0,2,2,2,0,0,0,0,0,0,0,0,2,0,0,2,0,0,0,0,0,0,0,0,1
2972840,2,0,2,0,0,1,0,1,2,0,0,0,0,2,2,2,0,0,0,0,0,0,0,0,2,0,0,2,0,0,0,0,0,0,0,0,2
2976796,39,4,35,0,20,2,0,17,36,2,1,1,19,19,27,11,2,10,4,3,2,4,1,2,29,1,0,32,0,6,0,0,0,0,0,0,5
2984969,2,0,2,0,1,1,0,0,2,0,0,0,1,1,1,2,0,0,0,0,0,0,0,0,2,1,0,1,0,0,0,0,0,0,0,0,1
2990273,9,0,9,0,2,2,0,5,8,1,0,2,1,6,8,8,0,0,0,0,0,0,1,0,9,4,0,5,0,0,0,0,0,0,0,0,8
2990737,7,3,4,0,0,3,0,4,7,0,0,0,0,7,7,0,0,0,1,0,6,0,0,0,7,0,0,6,1,0,0,0,0,0,0,0,5
2991921,6,4,2,0,0,0,0,6,5,1,0,1,1,4,1,0,0,0,3,0,3,0,0,0,6,0,0,5,0,0,0,0,0,1,0,0,1
2993046,2,0,2,0,0,0,0,2,2,0,0,0,1,1,2,2,0,0,0,0,0,0,0,0,2,0,0,1,0,0,1,0,0,0,0,0,2
2994464,5,3,2,0,2,1,0,2,4,1,0,0,1,4,5,2,3,0,0,0,0,0,0,0,4,0,0,5,0,0,0,0,0,0,0,0,4
3005756,2,1,1,0,0,0,0,2,2,0,0,1,1,0,0,2,0,0,0,0,0,0,0,0,0,1,0,1,0,0,0,0,0,0,0,0,0
3010782,44,23,21,0,0,4,1,39,39,2,3,0,1,43,26,0,5,0,11,17,10,1,0,0,1,0,0,41,3,0,0,0,0,0,0,0,4
3014670,14,1,13,0,5,0,0,9,13,1,0,0,6,8,2,3,2,1,1,0,4,0,3,0,14,0,0,6,0,0,8,0,0,0,0,0,0
3024831,2,0,2,0,0,1,0,1,2,0,0,0,0,2,1,2,0,0,0,0,0,0,0,0,2,0,0,2,0,0,0,0,0,0,0,0,2
3029750,28,4,24,0,2,2,0,24,28,0,0,1,14,13,25,10,5,7,3,0,3,0,0,0,7,0,1,20,0,2,4,0,0,0,1,0,22
3034174,11,1,10,0,3,0,0,8,0,11,0,1,5,5,9,9,0,0,0,0,0,0,2,0,11,1,1,8,0,1,0,0,0,0,0,0,9
3039109,8,3,5,0,0,2,0,6,6,2,0,0,2,6,6,3,3,1,0,0,0,0,1,0,8,2,0,5,1,0,0,0,0,0,0,0,6
3049338,10,2,8,0,2,4,0,4,2,6,2,1,2,7,7,0,4,0,3,0,3,0,0,0,9,1,0,9,0,0,0,0,0,0,0,0,2
3050701,1,1,0,0,0,1,0,0,1,0,0,0,0,1,1,1,0,0,0,0,0,0,0,0,1,0,0,1,0,0,0,0,0,0,0,0,1
3056556,2,0,2,0,0,0,0,2,1,1,0,0,0,2,2,2,0,0,0,0,0,0,0,0,1,0,0,2,0,0,0,0,0,0,0,0,2
3065032,15,0,15,0,3,5,0,7,15,0,0,0,11,4,1,8,0,0,0,0,0,0,6,1,12,1,0,7,0,2,2,1,0,2,0,0,1
3067709,3,3,0,0,0,0,0,3,1,2,0,0,1,2,1,3,0,0,0,0,0,0,0,0,3,1,0,2,0,0,0,0,0,0,0,0,0
3068402,15,8,7,0,0,3,0,12,9,5,1,0,3,12,10,0,4,0,5,0,6,0,0,0,15,0,0,13,2,0,0,0,0,0,0,0,5
3073247,2,0,2,0,0,1,0,1,1,1,0,0,1,1,2,2,0,0,0,0,0,0,0,0,1,0,0,2,0,0,0,0,0,0,0,0,1
3078906,8,3,5,0,0,2,0,6,7,0,1,0,3,5,7,8,0,0,0,0,0,0,0,0,6,0,0,8,0,0,0,0,0,0,0,0,7
3080682,2,0,2,0,0,1,0,1,2,0,0,0,1,1,2,2,0,0,0,0,0,0,0,0,2,2,0,0,0,0,0,0,0,0,0,0,2
3083903,3,1,2,0,0,0,0,3,3,0,0,0,0,3,3,3,0,0,0,0,0,0,0,0,2,3,0,0,0,0,0,0,0,0,0,0,3
3086098,3,1,2,0,0,0,0,3,2,1,0,0,1,2,2,3,0,0,0,0,0,0,0,0,3,1,0,2,0,0,0,0,0,0,0,0,2
3089822,2,0,2,0,0,0,0,2,2,0,0,0,1,1,2,2,0,0,0,0,0,0,0,0,2,0,0,2,0,0,0,0,0,0,0,0,1
3092332,2,0,2,0,0,0,0,2,2,0,0,0,0,2,2,2,0,0,0,0,0,0,0,0,2,0,0,2,0,0,0,0,0,0,0,0,2
3105037,2,1,1,0,0,1,0,1,1,1,0,0,1,1,1,2,0,0,0,0,0,0,0,0,1,0,0,1,0,0,0,0,0,1,0,0,1
3114428,2,1,1,0,0,1,0,1,2,0,0,0,0,2,2,2,0,0,0,0,0,0,0,0,2,1,0,1,0,0,0,0,0,0,0,0,2
3120597,5,1,4,0,1,1,0,3,3,2,0,0,1,4,2,2,3,0,0,0,0,0,0,0,5,1,0,4,0,0,0,0,0,0,0,0,2
3130017,2,0,2,0,0,1,0,1,1,1,0,0,1,1,1,2,0,0,0,0,0,0,0,0,2,1,0,1,0,0,0,0,0,0,0,0,0
3134825,19,11,8,0,0,10,0,9,16,0,3,0,2,17,5,0,3,0,6,9,1,0,0,0,19,1,0,17,0,1,0,0,0,0,0,0,1
3135112,5,0,5,0,0,2,0,3,3,2,0,0,5,0,4,5,0,0,0,0,0,0,0,0,2,1,0,1,0,0,2,1,0,0,0,0,0
3137247,2,0,2,0,0,0,0,2,1,1,0,0,2,0,1,2,0,0,0,0,0,0,0,0,1,1,0,1,0,0,0,0,0,0,0,0,1
3137428,8,2,6,0,2,1,0,5,7,1,0,0,3,5,8,2,3,2,0,0,0,0,1,0,7,1,0,6,0,0,1,0,0,0,0,0,8
3138199,3,2,1,0,0,2,0,1,2,1,0,1,1,1,2,3,0,0,0,0,0,0,0,0,0,1,0,2,0,0,0,0,0,0,0,0,2
3140846,27,12,15,0,0,3,0,24,23,1,3,1,0,26,18,0,4,0,6,10,6,1,0,0,26,0,0,23,3,1,0,0,0,0,0,0,6
3145548,25,4,21,0,4,2,0,19,22,3,0,0,3,22,23,14,11,0,0,0,0,0,0,0,25,3,0,21,0,1,0,0,0,0,0,0,20
3155756,3,0,3,0,0,1,0,2,3,0,0,1,0,2,2,3,0,0,0,0,0,0,0,0,3,1,0,2,0,0,0,0,0,0,0,0,2
3161746,1,0,1,0,0,0,0,1,1,0,0,0,0,1,1,1,0,0,0,0,0,0,0,0,1,0,0,1,0,0,0,0,0,0,0,0,1
3164261,58,21,37,0,7,3,0,48,42,15,1,7,30,21,9,0,2,0,37,19,0,0,0,0,51,1,0,47,7,3,0,0,0,0,0,0,4
3164631,2,2,0,0,0,0,0,2,2,0,0,0,1,1,2,2,0,0,0,0,0,0,0,0,2,0,0,2,0,0,0,0,0,0,0,0,0
3167536,2,0,2,0,0,0,0,2,2,0,0,0,0,2,2,2,0,0,0,0,0,0,0,0,0,0,0,2,0,0,0,0,0,0,0,0,1
3170050,3,0,3,0,0,0,0,3,2,1,0,0,1,2,1,3,0,0,0,0,0,0,0,0,3,0,0,3,0,0,0,0,0,0,0,0,2
3172432,7,4,3,0,0,3,0,4,5,2,0,1,1,5,5,2,4,0,0,0,0,0,1,0,6,2,0,4,0,0,0,0,0,1,0,0,6
3175139,10,5,5,0,1,1,0,8,5,2,3,0,3,7,2,3,6,1,0,0,0,0,0,0,9,2,0,7,0,0,1,0,0,0,0,0,4
3176229,2,1,1,0,0,0,0,2,1,1,0,0,1,1,1,2,0,0,0,0,0,0,0,0,2,1,0,1,0,0,0,0,0,0,0,0,0
3176704,28,8,20,0,2,6,0,20,26,0,2,0,2,26,24,0,5,0,2,0,21,0,0,0,26,0,0,27,1,0,0,0,0,0,0,0,20
3183356,46,0,46,0,1,2,0,43,22,24,0,0,5,41,36,0,1,0,8,4,14,19,0,0,29,0,1,41,2,2,0,0,0,0,0,0,4
3190556,2,0,2,0,1,0,0,1,1,1,0,0,1,1,1,2,0,0,0,0,0,0,0,0,2,0,0,2,0,0,0,0,0,0,0,0,1
3197189,2,0,2,0,0,0,0,2,1,1,0,0,1,1,1,2,0,0,0,0,0,0,0,0,2,1,0,1,0,0,0,0,0,0,0,0,0
3202322,3,0,3,0,0,2,0,1,1,2,0,1,1,1,1,3,0,0,0,0,0,0,0,0,3,0,0,1,0,0,0,0,0,2,0,0,1
3202720,3,0,3,0,0,0,0,3,1,2,0,0,1,2,1,3,0,0,0,0,0,0,0,0,3,2,0,1,0,0,0,0,0,0,0,0,1
3204460,1,0,1,0,0,0,0,1,0,1,0,0,0,1,0,1,0,0,0,0,0,0,0,0,1,0,0,1,0,0,0,0,0,0,0,0,0
3225224,2,0,2,0,0,0,0,2,2,0,0,2,0,0,2,2,0,0,0,0,0,0,0,0,2,2,0,0,0,0,0,0,0,0,0,0,2
3229743,27,20,7,0,0,14,1,12,25,0,2,0,2,25,19,0,2,0,4,14,7,0,0,0,1,0,0,21,5,1,0,0,0,0,0,0,2
3229906,50,30,20,0,2,7,0,41,47,0,3,1,6,43,32,0,0,0,27,22,1,0,0,0,14,0,0,42,5,1,2,0,0,0,0,0,6
3237652,3,1,2,0,0,0,0,3,2,1,0,0,1,2,1,3,0,0,0,0,0,0,0,0,2,1,0,2,0,0,0,0,0,0,0,0,3
3241806,4,3,1,0,0,0,0,4,3,1,0,1,2,1,4,4,0,0,0,0,0,0,0,0,4,1,0,2,0,0,0,0,0,1,0,0,3
3242703,0,0,0,0,0,0,0,0,0,0,0,0,0,0,0,0,0,0,0,0,0,0,0,0,0,0,0,0,0,0,0,0,0,0,0,0,0
3243204,4,3,1,0,0,3,0,1,2,2,0,0,2,2,1,4,0,0,0,0,0,0,0,0,4,0,0,4,0,0,0,0,0,0,0,0,0
3246961,37,15,22,0,2,0,0,35,37,0,0,0,11,26,22,12,3,8,5,6,1,1,1,0,24,2,0,31,1,1,2,0,0,0,0,0,3
3251382,37,8,29,0,3,3,0,31,4,33,0,0,9,28,23,9,2,3,4,12,0,6,0,1,37,0,0,31,1,0,2,0,0,3,0,0,1
3254180,3,0,3,0,1,0,0,2,2,1,0,0,2,1,0,3,0,0,0,0,0,0,0,0,3,0,0,3,0,0,0,0,0,0,0,0,2
3258820,3,1,2,0,0,1,0,2,3,0,0,0,0,3,3,3,0,0,0,0,0,0,0,0,3,0,0,3,0,0,0,0,0,0,0,0,3
3261263,2,2,0,0,0,1,0,1,2,0,0,0,1,1,2,2,0,0,0,0,0,0,0,0,2,1,0,1,0,0,0,0,0,0,0,0,2
3267553,8,1,7,0,1,1,0,6,6,2,0,0,3,5,7,4,4,0,0,0,0,0,0,0,8,3,0,5,0,0,0,0,0,0,0,0,5
3269327,2,1,1,0,1,0,0,1,2,0,0,0,2,0,1,2,0,0,0,0,0,0,0,0,0,0,0,2,0,0,0,0,0,0,0,0,2
3271524,2,0,2,0,0,1,0,1,2,0,0,0,0,2,2,2,0,0,0,0,0,0,0,0,2,1,0,1,0,0,0,0,0,0,0,0,2
3280945,3,1,2,0,0,0,0,3,3,0,0,0,0,3,3,3,0,0,0,0,0,0,0,0,0,0,0,3,0,0,0,0,0,0,0,0,3
3292105,7,4,3,0,0,2,0,5,6,1,0,0,1,6,6,2,4,0,0,0,0,0,1,0,7,0,0,6,1,0,0,0,0,0,0,0,6
3297443,2,1,1,0,0,0,0,2,1,1,0,0,0,2,2,2,0,0,0,0,0,0,0,0,2,0,0,2,0,0,0,0,0,0,0,0,0
3303708,3,1,2,0,0,0,0,3,2,1,0,0,1,2,2,3,0,0,0,0,0,0,0,0,3,1,0,2,0,0,0,0,0,0,0,0,2
3306921,2,1,1,0,0,1,0,1,2,0,0,0,0,2,2,2,0,0,0,0,0,0,0,0,2,0,0,2,0,0,0,0,0,0,0,0,2
3309821,6,1,5,0,0,2,0,4,3,3,0,0,1,5,4,2,4,0,0,0,0,0,0,0,5,1,0,5,0,0,0,0,0,0,0,0,3
3310329,2,0,2,0,1,0,0,1,1,1,0,0,1,1,0,2,0,0,0,0,0,0,0,0,1,0,0,1,0,1,0,0,0,0,0,0,0
3318845,18,4,14,0,0,6,0,12,18,0,0,0,7,11,14,1,3,3,10,0,1,0,0,0,10,0,0,18,0,0,0,0,0,0,0,0,16
3323113,5,2,3,0,2,1,0,2,4,1,0,0,3,2,4,5,0,0,0,0,0,0,0,0,5,1,0,4,0,0,0,0,0,0,0,0,3
3325636,2,0,2,0,0,0,0,2,2,0,0,0,0,2,2,2,0,0,0,0,0,0,0,0,2,0,0,2,0,0,0,0,0,0,0,0,2
3331254,7,3,4,0,0,3,1,3,6,1,0,0,3,4,6,3,3,1,0,0,0,0,0,0,7,1,0,6,0,0,0,0,0,0,0,0,4
3332939,6,1,5,0,0,2,0,4,2,4,0,0,3,3,4,2,3,1,0,0,0,0,0,0,6,1,0,5,0,0,0,0,0,0,0,0,3
3359707,5,0,5,0,2,2,0,1,5,0,0,0,1,4,5,1,2,1,0,0,0,0,0,1,4,0,0,1,0,2,0,2,0,0,0,0,3
3360644,6,4,2,0,0,3,0,3,5,1,0,0,0,6,2,0,0,0,2,0,4,0,0,0,6,0,0,6,0,0,0,0,0,0,0,0,0
3363057,2,2,0,0,0,0,0,2,1,1,0,0,2,0,2,2,0,0,0,0,0,0,0,0,2,2,0,0,0,0,0,0,0,0,0,0,1
3373632,7,0,7,0,1,1,1,4,7,0,0,0,4,3,1,7,0,0,0,0,0,0,0,0,7,0,0,7,0,0,0,0,0,0,0,0,0
3380209,2,0,2,0,0,0,0,2,1,1,0,0,1,1,2,2,0,0,0,0,0,0,0,0,2,0,0,2,0,0,0,0,0,0,0,0,1
3386974,6,1,5,0,0,3,0,3,6,0,0,0,0,6,6,2,4,0,0,0,0,0,0,0,6,0,0,6,0,0,0,0,0,0,0,0,4
3392492,3,2,1,0,0,1,0,2,3,0,0,1,0,2,3,3,0,0,0,0,0,0,0,0,3,1,0,2,0,0,0,0,0,0,0,0,3
3393004,16,12,4,0,0,3,0,13,14,0,2,1,2,13,8,0,2,0,0,8,6,0,0,0,7,0,0,9,5,2,0,0,0,0,0,0,2
3394759,3,3,0,0,0,0,0,3,1,2,0,0,2,1,3,3,0,0,0,0,0,0,0,0,3,2,0,1,0,0,0,0,0,0,0,0,1
3397857,35,12,23,0,1,4,0,30,0,35,0,0,11,24,13,9,4,9,0,9,3,1,0,0,17,0,0,27,3,3,2,0,0,0,0,0,0
3398815,3,1,2,0,0,1,0,2,3,0,0,0,0,3,3,3,0,0,0,0,0,0,0,0,3,0,0,3,0,0,0,0,0,0,0,0,3
3399180,6,2,4,0,0,0,0,6,4,2,0,0,1,5,2,1,4,1,0,0,0,0,0,0,4,1,0,5,0,0,0,0,0,0,0,0,1
3403542,2,0,2,0,1,0,0,1,1,1,0,0,1,1,1,2,0,0,0,0,0,0,0,0,2,0,0,2,0,0,0,0,0,0,0,0,1
3411897,4,0,4,0,0,2,0,2,4,0,0,1,3,0,3,4,0,0,0,0,0,0,0,0,1,0,0,3,0,0,0,0,0,1,0,0,0
3413074,10,0,10,0,0,2,0,8,10,0,0,0,6,4,3,3,0,6,0,0,0,0,0,1,5,0,0,9,1,0,0,0,0,0,0,0,0
3414499,22,5,17,0,3,0,0,19,16,4,2,1,4,17,19,0,6,0,1,0,15,0,0,0,22,0,0,20,0,2,0,0,0,0,0,0,12
3418172,2,1,1,0,0,0,0,2,2,0,0,1,0,1,2,2,0,0,0,0,0,0,0,0,2,1,0,1,0,0,0,0,0,0,0,0,2
3419723,9,5,4,0,0,2,0,7,4,4,1,0,1,8,8,0,2,0,0,0,7,0,0,0,7,0,0,8,1,0,0,0,0,0,0,0,4
3425762,2,0,2,0,0,2,0,0,1,1,0,0,0,2,2,2,0,0,0,0,0,0,0,0,2,0,0,2,0,0,0,0,0,0,0,0,2
3431525,2,0,2,0,0,1,0,1,1,1,0,0,1,1,1,2,0,0,0,0,0,0,0,0,0,1,0,1,0,0,0,0,0,0,0,0,1
3431728,3,3,0,0,0,2,0,1,2,1,0,0,1,2,1,3,0,0,0,0,0,0,0,0,3,2,0,1,0,0,0,0,0,0,0,0,2
3435303,7,3,4,0,0,3,0,4,6,1,0,0,2,5,4,3,3,1,0,0,0,0,0,0,7,1,0,6,0,0,0,0,0,0,0,0,4
3441967,3,0,3,0,0,0,0,3,2,1,0,0,1,2,3,3,0,0,0,0,0,0,0,0,3,1,0,2,0,0,0,0,0,0,0,0,2
3442810,2,0,2,0,0,0,0,2,2,0,0,0,1,1,2,2,0,0,0,0,0,0,0,0,2,1,0,1,0,0,0,0,0,0,0,0,2
3444756,8,6,2,0,0,4,0,4,5,1,2,0,2,6,6,0,2,0,1,0,5,0,0,0,6,0,0,6,2,0,0,0,0,0,0,0,2
3448449,3,2,1,0,1,1,0,1,2,1,0,0,3,0,2,3,0,0,0,0,0,0,0,0,3,2,0,1,0,0,0,0,0,0,0,0,1
3449363,3,0,3,0,1,0,0,2,2,1,0,0,0,3,2,3,0,0,0,0,0,0,0,0,0,1,0,1,1,0,0,0,0,0,0,0,2
3451277,4,3,1,0,1,0,0,3,4,0,0,0,1,3,4,4,0,0,0,0,0,0,0,0,4,1,0,3,0,0,0,0,0,0,0,0,3
3455220,5,2,3,0,0,1,0,4,5,0,0,0,2,3,5,5,0,0,0,0,0,0,0,0,5,1,0,4,0,0,0,0,0,0,0,0,5
3463147,5,1,4,0,0,2,0,3,5,0,0,0,0,5,4,5,0,0,0,0,0,0,0,0,5,0,0,5,0,0,0,0,0,0,0,0,3
3464329,3,1,2,0,0,0,0,3,3,0,0,0,0,3,3,3,0,0,0,0,0,0,0,0,3,0,0,3,0,0,0,0,0,0,0,0,3
3469754,2,1,1,0,0,0,0,2,2,0,0,0,0,2,1,2,0,0,0,0,0,0,0,0,2,0,0,2,0,0,0,0,0,0,0,0,2
3469769,2,2,0,0,0,0,0,2,2,0,0,0,0,2,2,2,0,0,0,0,0,0,0,0,2,0,0,2,0,0,0,0,0,0,0,0,2
3475395,2,1,1,0,0,0,0,2,2,0,0,0,0,2,2,2,0,0,0,0,0,0,0,0,2,1,0,1,0,0,0,0,0,0,0,0,2
3475476,3,0,3,0,1,0,0,2,1,2,0,0,1,2,2,3,0,0,0,0,0,0,0,0,3,0,0,3,0,0,0,0,0,0,0,0,2
3479034,12,7,5,0,1,2,0,9,10,1,1,1,1,10,8,0,2,0,4,0,6,0,0,0,12,0,0,11,1,0,0,0,0,0,0,0,8
3491210,5,0,5,0,1,1,0,3,5,0,0,0,2,3,5,5,0,0,0,0,0,0,0,0,5,5,0,0,0,0,0,0,0,0,0,0,5
3492387,29,8,21,0,2,2,1,24,26,0,3,0,3,26,25,0,5,0,13,11,0,0,0,0,25,2,0,23,4,0,0,0,0,0,0,0,7
3502346,3,2,1,0,1,2,0,0,3,0,0,0,1,2,3,3,0,0,0,0,0,0,0,0,3,1,0,2,0,0,0,0,0,0,0,0,3
3512964,9,2,7,0,1,4,0,4,7,2,0,2,1,6,8,4,4,1,0,0,0,0,0,0,8,2,0,5,1,1,0,0,0,0,0,0,4
3514103,3,2,1,0,0,2,0,1,2,1,0,0,3,0,0,3,0,0,0,0,0,0,0,0,3,2,0,1,0,0,0,0,0,0,0,0,3
3514969,2,0,2,0,0,0,0,2,1,1,0,0,0,2,2,2,0,0,0,0,0,0,0,0,1,0,0,2,0,0,0,0,0,0,0,0,1
3516715,2,0,2,0,0,0,0,2,2,0,0,0,0,2,0,2,0,0,0,0,0,0,0,0,2,0,0,2,0,0,0,0,0,0,0,0,0
3523164,16,15,1,0,0,6,0,10,15,0,1,1,1,14,15,0,2,0,1,9,4,0,0,0,16,1,0,13,1,1,0,0,0,0,0,0,15
3536217,2,0,2,0,0,0,0,2,1,1,0,0,1,1,1,2,0,0,0,0,0,0,0,0,2,0,0,2,0,0,0,0,0,0,0,0,1
3542515,2,1,1,0,0,0,0,2,2,0,0,0,0,2,2,2,0,0,0,0,0,0,0,0,2,0,0,2,0,0,0,0,0,0,0,0,2
3543389,2,0,2,0,0,0,0,2,1,1,0,0,0,2,1,2,0,0,0,0,0,0,0,0,0,0,0,2,0,0,0,0,0,0,0,0,1
3547977,8,1,7,0,6,0,0,2,8,0,0,3,5,0,4,6,0,0,0,0,0,0,0,2,2,1,0,1,0,4,1,0,0,0,1,0,2
3549117,1,1,0,0,0,0,0,1,1,0,0,0,0,1,1,1,0,0,0,0,0,0,0,0,1,0,0,1,0,0,0,0,0,0,0,0,1
3550543,7,4,3,0,0,1,0,6,5,1,1,0,2,5,5,0,1,0,2,0,4,0,0,0,6,0,0,7,0,0,0,0,0,0,0,0,4
3567670,7,3,4,0,0,3,0,4,2,5,0,1,4,2,3,3,3,1,0,0,0,0,0,0,5,3,0,3,0,0,0,1,0,0,0,0,3
3573073,6,1,5,0,0,0,0,6,5,1,0,0,1,5,5,3,3,0,0,0,0,0,0,0,6,1,0,5,0,0,0,0,0,0,0,0,3
3578039,5,2,3,0,0,2,0,3,4,1,0,0,2,3,3,2,3,0,0,0,0,0,0,0,5,1,0,4,0,0,0,0,0,0,0,0,4
3583322,19,2,17,0,3,3,0,13,19,0,0,0,6,13,9,5,1,3,0,4,1,5,0,0,15,1,0,15,0,3,0,0,0,0,0,0,3
3587134,3,0,3,0,0,0,0,3,3,0,0,0,0,3,3,3,0,0,0,0,0,0,0,0,3,0,0,3,0,0,0,0,0,0,0,0,3
3588406,3,2,1,0,1,1,0,1,2,1,0,0,1,2,3,3,0,0,0,0,0,0,0,0,2,1,1,1,0,0,0,0,0,0,0,0,3
3591677,10,6,4,0,0,5,0,5,7,2,1,0,1,9,8,0,2,0,2,0,6,0,0,0,7,0,0,9,1,0,0,0,0,0,0,0,7
3599505,6,2,4,0,0,2,0,4,3,3,0,2,1,3,3,2,3,1,0,0,0,0,0,0,3,2,0,4,0,0,0,0,0,0,0,0,3
3601324,3,1,2,0,2,0,0,1,3,0,0,1,0,2,3,3,0,0,0,0,0,0,0,0,3,1,0,2,0,0,0,0,0,0,0,0,3
3612022,2,1,1,0,0,0,0,2,2,0,0,0,1,1,1,2,0,0,0,0,0,0,0,0,2,1,0,1,0,0,0,0,0,0,0,0,2
3625152,2,1,1,0,0,1,0,1,1,1,0,1,0,1,1,2,0,0,0,0,0,0,0,0,2,0,0,1,0,0,0,0,0,1,0,0,1
3627687,8,0,8,0,1,1,0,6,4,4,0,0,2,6,5,2,4,0,0,0,0,0,1,1,8,3,0,5,0,0,0,0,0,0,0,0,3
3628548,2,0,2,0,0,0,0,2,2,0,0,1,1,0,2,2,0,0,0,0,0,0,0,0,0,1,0,1,0,0,0,0,0,0,0,0,2
3632448,3,0,3,0,0,1,0,2,1,2,0,0,2,1,3,3,0,0,0,0,0,0,0,0,3,1,0,1,0,1,0,0,0,0,0,0,1
3638121,3,1,2,0,0,0,0,3,2,1,0,0,2,1,2,3,0,0,0,0,0,0,0,0,2,0,0,3,0,0,0,0,0,0,0,0,2
3644551,20,3,17,0,4,3,0,13,19,1,0,0,0,20,17,0,2,0,1,0,17,0,0,0,20,0,0,20,0,0,0,0,0,0,0,0,11
3653564,2,1,1,0,1,1,0,0,1,1,0,0,2,0,2,2,0,0,0,0,0,0,0,0,0,1,0,1,0,0,0,0,0,0,0,0,1
3656130,2,0,2,0,0,0,0,2,2,0,0,0,1,1,2,2,0,0,0,0,0,0,0,0,2,1,0,1,0,0,0,0,0,0,0,0,2
3657227,2,0,2,0,1,0,0,1,1,1,0,0,1,1,2,2,0,0,0,0,0,0,0,0,2,1,0,1,0,0,0,0,0,0,0,0,1
3666067,18,0,18,0,3,1,0,14,18,0,0,2,9,7,11,4,0,9,0,0,0,0,5,0,18,1,0,12,1,3,1,0,0,0,0,0,0
3668877,6,6,0,0,0,1,0,5,6,0,0,0,0,6,5,0,0,0,0,0,6,0,0,0,1,0,0,6,0,0,0,0,0,0,0,0,0
3672667,6,5,1,0,0,3,0,3,5,1,0,0,1,5,5,0,1,0,2,0,3,0,0,0,5,0,0,6,0,0,0,0,0,0,0,0,1
3673926,7,1,6,0,2,2,0,3,7,0,0,0,0,7,6,3,4,0,0,0,0,0,0,0,4,0,0,7,0,0,0,0,0,0,0,0,6
3674020,2,0,2,0,0,0,0,2,1,1,0,0,0,2,1,2,0,0,0,0,0,0,0,0,2,0,0,2,0,0,0,0,0,0,0,0,1
3678199,69,16,53,0,27,2,1,39,66,3,0,0,16,53,6,15,7,24,9,6,4,4,0,0,10,0,0,44,9,12,2,0,1,1,0,0,2
3687177,5,3,2,0,1,0,0,4,4,1,0,0,1,4,4,2,2,1,0,0,0,0,0,0,4,2,0,3,0,0,0,0,0,0,0,0,3
3689193,3,0,3,0,0,0,0,3,3,0,0,0,0,3,3,3,0,0,0,0,0,0,0,0,3,0,0,3,0,0,0,0,0,0,0,0,3
3692303,1,0,1,0,0,0,0,1,1,0,0,0,0,1,1,1,0,0,0,0,0,0,0,0,1,0,0,1,0,0,0,0,0,0,0,0,1
3692816,7,4,3,0,0,3,0,4,7,0,0,0,1,6,7,0,1,0,0,0,6,0,0,0,0,0,0,6,1,0,0,0,0,0,0,0,7
3693413,8,1,7,0,1,2,0,5,7,1,0,1,1,6,7,0,0,0,0,0,8,0,0,0,8,0,0,6,1,1,0,0,0,0,0,0,6
3702237,3,1,2,0,1,0,0,2,2,1,0,0,0,3,1,3,0,0,0,0,0,0,0,0,3,0,0,2,0,1,0,0,0,0,0,0,0
3704816,2,0,2,0,0,0,0,2,1,1,0,0,2,0,2,2,0,0,0,0,0,0,0,0,2,2,0,0,0,0,0,0,0,0,0,0,0
3712750,22,4,18,0,0,4,1,17,9,13,0,0,11,11,6,5,1,0,16,0,0,0,0,0,22,0,0,22,0,0,0,0,0,0,0,0,3
3723849,18,7,11,0,1,2,0,15,13,2,3,0,5,13,7,0,5,0,1,0,12,0,0,0,15,0,0,16,1,0,1,0,0,0,0,0,10
3732479,2,0,2,0,0,0,0,2,2,0,0,0,1,1,2,2,0,0,0,0,0,0,0,0,2,1,0,1,0,0,0,0,0,0,0,0,2
3735725,2,1,1,0,0,0,0,2,1,0,1,0,0,2,1,2,0,0,0,0,0,0,0,0,1,2,0,0,0,0,0,0,0,0,0,0,1
3736181,6,0,6,0,0,0,0,6,3,1,2,0,4,2,1,2,4,0,0,0,0,0,0,0,6,2,0,4,0,0,0,0,0,0,0,0,0
3758239,3,2,1,0,2,0,0,1,2,1,0,0,2,1,3,3,0,0,0,0,0,0,0,0,2,1,0,2,0,0,0,0,0,0,0,0,2
3781413,2,1,1,0,0,1,0,1,1,1,0,0,1,1,2,2,0,0,0,0,0,0,0,0,2,1,0,1,0,0,0,0,0,0,0,0,0
3784092,6,3,3,0,0,2,0,4,6,0,0,0,3,3,6,2,0,4,0,0,0,0,0,0,6,1,0,5,0,0,0,0,0,0,0,0,6
3786923,1,1,0,0,0,0,0,1,0,1,0,0,0,1,0,1,0,0,0,0,0,0,0,0,0,0,0,0,0,0,1,0,0,0,0,0,0
3791935,3,1,2,0,0,0,0,3,2,1,0,0,1,2,3,3,0,0,0,0,0,0,0,0,3,1,0,2,0,0,0,0,0,0,0,0,2
3793309,8,5,3,0,0,0,0,8,8,0,0,0,0,8,7,0,0,0,1,7,0,0,0,0,8,0,0,5,3,0,0,0,0,0,0,0,1
3801878,38,22,16,0,11,0,0,27,34,4,0,0,10,28,23,6,0,9,10,1,2,10,0,0,30,1,0,33,1,3,0,0,0,0,0,0,12
3805976,33,4,29,0,0,14,0,19,25,6,2,0,3,30,22,0,3,0,4,14,11,1,0,0,30,0,0,29,3,0,1,0,0,0,0,0,7
3806912,3,0,3,0,0,1,0,2,3,0,0,0,2,1,2,3,0,0,0,0,0,0,0,0,3,1,0,2,0,0,0,0,0,0,0,0,2
3807524,25,6,19,0,3,3,0,19,22,0,3,0,2,23,20,0,4,0,1,0,20,0,0,0,25,0,0,24,1,0,0,0,0,0,0,0,18
3808224,1,1,0,0,0,0,0,1,1,0,0,0,1,0,1,1,0,0,0,0,0,0,0,0,1,1,0,0,0,0,0,0,0,0,0,0,1
3808860,18,6,12,0,0,3,0,15,12,4,2,1,3,14,12,0,3,0,4,0,11,0,0,0,14,0,0,17,0,0,0,1,0,0,0,0,13
3821673,3,0,3,0,0,1,0,2,1,2,0,0,1,2,1,3,0,0,0,0,0,0,0,0,3,0,0,3,0,0,0,0,0,0,0,0,2
3823955,7,3,4,0,0,2,0,5,6,1,0,1,1,5,7,3,3,1,0,0,0,0,0,0,6,0,0,6,0,0,0,0,0,1,0,0,7
3824641,16,6,10,0,0,4,0,12,16,0,0,0,5,11,13,5,2,1,4,2,0,2,0,0,16,1,0,13,2,0,0,0,0,0,0,0,10
3833665,5,3,2,0,0,2,0,3,5,0,0,0,0,5,5,2,3,0,0,0,0,0,0,0,3,0,0,5,0,0,0,0,0,0,0,0,5
3837433,19,9,10,0,1,3,0,15,15,3,1,0,3,16,10,0,1,0,0,9,8,1,0,0,16,1,0,13,5,0,0,0,0,0,0,0,6
3844139,6,2,4,0,0,0,0,6,4,2,0,0,3,3,4,3,3,0,0,0,0,0,0,0,0,0,0,6,0,0,0,0,0,0,0,0,4
3846598,2,1,1,0,0,1,0,1,2,0,0,0,1,1,2,2,0,0,0,0,0,0,0,0,2,1,0,1,0,0,0,0,0,0,0,0,1
3851804,2,0,2,0,1,0,0,1,2,0,0,0,0,2,1,2,0,0,0,0,0,0,0,0,1,0,0,2,0,0,0,0,0,0,0,0,1
3852829,3,1,2,0,0,2,0,1,3,0,0,0,1,2,3,3,0,0,0,0,0,0,0,0,3,0,0,3,0,0,0,0,0,0,0,0,3
3856798,2,0,2,0,0,0,0,2,2,0,0,1,0,1,2,2,0,0,0,0,0,0,0,0,1,1,0,1,0,0,0,0,0,0,0,0,2
3871222,1,1,0,0,0,0,0,1,1,0,0,0,0,1,1,1,0,0,0,0,0,0,0,0,1,0,0,1,0,0,0,0,0,0,0,0,1
3876317,10,4,6,0,0,4,0,6,5,2,3,0,2,8,7,0,3,0,2,0,5,0,0,0,10,0,0,7,2,0,0,1,0,0,0,0,2
3881214,2,1,1,0,0,1,0,1,2,0,0,0,1,1,2,2,0,0,0,0,0,0,0,0,2,0,0,2,0,0,0,0,0,0,0,0,2
3887549,17,13,4,0,0,5,0,12,14,3,0,0,4,13,7,0,0,0,5,12,0,0,0,0,0,0,0,16,0,0,1,0,0,0,0,0,1
3891883,2,0,2,0,2,0,0,0,2,0,0,0,1,1,2,0,1,0,0,0,1,0,0,0,2,0,0,1,0,0,1,0,0,0,0,0,1
3892529,7,4,3,0,3,1,0,3,7,0,0,1,1,5,7,2,3,2,0,0,0,0,0,0,7,1,0,6,0,0,0,0,0,0,0,0,7
3893742,3,1,2,0,0,1,0,2,1,2,0,2,1,0,2,3,0,0,0,0,0,0,0,0,3,0,0,0,0,2,0,0,0,1,0,0,1
3902366,3,0,3,0,1,0,0,2,3,0,0,0,0,3,2,3,0,0,0,0,0,0,0,0,3,0,0,3,0,0,0,0,0,0,0,0,2
3903551,32,5,27,0,2,5,0,25,11,21,0,0,11,21,6,0,3,0,3,2,14,10,0,0,11,0,0,28,2,2,0,0,0,0,0,0,1
3903810,3,0,3,0,1,0,0,2,3,0,0,0,1,2,3,3,0,0,0,0,0,0,0,0,3,1,0,2,0,0,0,0,0,0,0,0,2
3905826,65,16,49,0,1,8,0,56,64,1,0,0,26,39,9,19,12,16,3,13,0,2,0,0,8,9,0,54,1,0,1,0,0,0,0,0,1
3917338,2,0,2,0,0,1,0,1,2,0,0,0,0,2,2,2,0,0,0,0,0,0,0,0,2,0,0,2,0,0,0,0,0,0,0,0,2
3922830,2,1,1,0,0,1,0,1,2,0,0,0,0,2,2,2,0,0,0,0,0,0,0,0,2,0,0,1,0,0,0,0,0,1,0,0,0
3923978,2,0,2,0,0,0,0,2,1,1,0,0,0,2,1,2,0,0,0,0,0,0,0,0,1,1,0,1,0,0,0,0,0,0,0,0,2
3927081,11,0,11,0,1,0,0,10,10,1,0,0,3,8,6,3,0,1,6,0,1,0,0,0,7,0,0,8,1,1,1,0,0,0,0,0,4
3933082,3,0,3,0,1,0,0,2,3,0,0,0,0,3,3,3,0,0,0,0,0,0,0,0,0,0,0,3,0,0,0,0,0,0,0,0,3
3935166,6,2,4,0,1,3,0,2,4,2,0,0,4,2,4,2,3,1,0,0,0,0,0,0,6,2,0,4,0,0,0,0,0,0,0,0,4
3938648,2,0,2,0,0,0,0,2,1,1,0,2,0,0,1,2,0,0,0,0,0,0,0,0,1,2,0,0,0,0,0,0,0,0,0,0,1
3942097,5,2,3,0,0,4,0,1,4,1,0,1,1,3,4,2,3,0,0,0,0,0,0,0,5,1,0,4,0,0,0,0,0,0,0,0,4
3956050,2,0,2,0,0,0,0,2,2,0,0,0,1,1,2,2,0,0,0,0,0,0,0,0,2,0,0,2,0,0,0,0,0,0,0,0,2
3958107,3,1,2,0,0,0,0,3,2,1,0,1,0,2,2,3,0,0,0,0,0,0,0,0,2,1,0,2,0,0,0,0,0,0,0,0,2
3961710,3,1,2,0,2,0,0,1,2,1,0,0,3,0,1,3,0,0,0,0,0,0,0,0,3,2,0,1,0,0,0,0,0,0,0,0,2
3964431,2,1,1,0,0,0,0,2,2,0,0,0,0,2,2,2,0,0,0,0,0,0,0,0,2,2,0,0,0,0,0,0,0,0,0,0,2
3970863,53,34,19,0,2,5,0,46,48,1,4,1,0,52,37,0,5,0,4,20,24,0,0,0,50,1,0,41,8,3,0,0,0,0,0,0,5
3978705,78,5,73,0,11,1,0,66,78,0,0,0,28,50,68,38,6,11,3,0,20,0,0,0,63,6,0,64,3,3,1,0,0,1,0,0,67
3981072,42,10,32,0,1,4,0,37,37,2,3,0,2,40,25,0,6,0,10,20,5,1,0,0,40,0,0,35,5,0,2,0,0,0,0,0,16
3984848,12,1,11,0,0,2,0,10,12,0,0,0,4,8,4,11,0,0,0,0,0,0,0,1,2,0,0,10,1,1,0,0,0,0,0,0,2
3988938,7,2,5,0,1,0,0,6,6,1,0,0,1,6,2,1,3,3,0,0,0,0,0,0,7,0,0,7,0,0,0,0,0,0,0,0,4
4000130,2,0,2,0,0,0,0,2,2,0,0,1,0,1,2,2,0,0,0,0,0,0,0,0,2,1,0,1,0,0,0,0,0,0,0,0,2
4005230,12,3,9,0,1,3,0,8,10,1,1,0,2,10,12,0,2,0,2,0,8,0,0,0,12,0,0,12,0,0,0,0,0,0,0,0,12
4015683,2,0,2,0,0,0,0,2,1,1,0,0,0,2,1,2,0,0,0,0,0,0,0,0,2,0,0,2,0,0,0,0,0,0,0,0,1
4016525,4,0,4,0,0,1,0,3,2,2,0,0,3,1,2,4,0,0,0,0,0,0,0,0,4,1,0,3,0,0,0,0,0,0,0,0,2
4022033,2,0,2,0,0,0,0,2,2,0,0,0,1,1,2,2,0,0,0,0,0,0,0,0,2,1,0,1,0,0,0,0,0,0,0,0,2
4026896,7,4,3,0,1,0,0,6,5,2,0,0,1,6,6,0,1,0,0,0,6,0,0,0,6,0,0,7,0,0,0,0,0,0,0,0,7
4029335,10,2,8,0,0,2,0,8,3,6,1,0,4,6,7,4,4,2,0,0,0,0,0,0,9,0,0,10,0,0,0,0,0,0,0,0,5
4032635,17,9,8,0,1,2,0,14,13,3,1,0,2,15,12,0,3,0,1,8,5,0,0,0,17,0,0,14,2,1,0,0,0,0,0,0,7
4033967,3,2,1,0,0,0,0,3,1,2,0,0,1,2,1,1,2,0,0,0,0,0,0,0,1,0,0,3,0,0,0,0,0,0,0,0,1
4037067,2,0,2,0,0,0,0,2,1,1,0,0,1,1,2,2,0,0,0,0,0,0,0,0,2,2,0,0,0,0,0,0,0,0,0,0,1
4037220,7,2,5,0,0,2,0,5,4,3,0,0,2,5,4,0,0,0,3,0,4,0,0,0,6,0,0,7,0,0,0,0,0,0,0,0,3
4041960,3,0,3,0,1,0,0,2,2,1,0,0,2,1,1,3,0,0,0,0,0,0,0,0,3,0,0,2,0,0,1,0,0,0,0,0,1
4045533,8,2,6,0,0,0,0,8,7,0,1,0,1,7,7,3,5,0,0,0,0,0,0,0,8,0,0,7,0,1,0,0,0,0,0,0,7
4049942,8,1,7,0,0,1,0,7,7,1,0,0,0,8,7,3,4,0,0,0,0,0,1,0,3,0,0,7,0,0,1,0,0,0,0,0,7
4055189,2,1,1,0,1,0,0,1,1,1,0,0,1,1,1,2,0,0,0,0,0,0,0,0,2,0,0,2,0,0,0,0,0,0,0,0,1
4056989,48,10,38,0,13,7,0,28,48,0,0,0,22,26,42,13,10,12,0,0,5,8,0,0,48,22,0,23,3,0,0,0,0,0,0,0,2
4058628,2,1,1,0,0,0,0,2,2,0,0,0,0,2,2,2,0,0,0,0,0,0,0,0,0,0,0,2,0,0,0,0,0,0,0,0,1
4061103,3,1,2,0,2,1,0,0,1,2,0,0,1,2,1,3,0,0,0,0,0,0,0,0,3,1,0,2,0,0,0,0,0,0,0,0,0
4067771,5,1,4,0,0,2,0,3,4,1,0,0,1,4,3,2,3,0,0,0,0,0,0,0,5,0,0,5,0,0,0,0,0,0,0,0,4
4068427,3,0,3,0,0,1,0,2,2,1,0,0,0,3,0,3,0,0,0,0,0,0,0,0,3,1,0,2,0,0,0,0,0,0,0,0,2
4069794,8,1,7,0,0,2,0,6,8,0,0,0,7,1,8,8,0,0,0,0,0,0,0,0,0,1,0,4,0,1,0,0,0,2,0,0,0
4073753,3,1,2,0,0,0,1,2,2,1,0,0,2,1,1,3,0,0,0,0,0,0,0,0,3,2,0,1,0,0,0,0,0,0,0,0,2
4074984,5,2,3,0,0,1,0,4,2,3,0,0,2,3,5,1,4,0,0,0,0,0,0,0,3,1,0,4,0,0,0,0,0,0,0,0,1
4082833,2,0,2,0,0,0,0,2,1,1,0,0,0,2,2,2,0,0,0,0,0,0,0,0,2,0,0,2,0,0,0,0,0,0,0,0,1
4086926,2,1,1,0,0,1,0,1,2,0,0,0,1,1,2,2,0,0,0,0,0,0,0,0,2,1,0,1,0,0,0,0,0,0,0,0,2
4090445,29,7,22,0,14,2,0,13,29,0,0,0,12,17,26,6,0,6,4,1,4,7,0,1,19,2,0,25,0,0,1,0,0,1,0,0,13
4110406,4,1,3,0,0,0,0,4,3,1,0,1,3,0,3,4,0,0,0,0,0,0,0,0,3,1,0,3,0,0,0,0,0,0,0,0,3
4116434,5,4,1,0,0,1,0,4,1,4,0,2,3,0,2,5,0,0,0,0,0,0,0,0,5,1,0,1,0,0,3,0,0,0,0,0,3
4121343,2,1,1,0,0,0,0,2,1,1,0,0,1,1,1,2,0,0,0,0,0,0,0,0,1,0,0,1,0,0,0,0,0,1,0,0,1
4121930,102,30,72,0,24,7,0,71,102,0,0,0,30,72,102,13,29,23,19,12,1,5,0,0,102,1,1,80,5,14,1,0,0,0,0,0,6
4122698,8,0,8,0,8,0,0,0,8,0,0,0,5,3,1,8,0,0,0,0,0,0,0,0,7,1,0,5,0,1,1,0,0,0,0,0,0
4134395,39,3,36,0,6,4,0,29,39,0,0,0,20,19,36,8,2,7,15,0,7,0,0,0,34,2,0,36,0,1,0,0,0,0,0,0,32
4138900,11,0,11,0,0,2,0,9,6,5,0,0,6,5,11,11,0,0,0,0,0,0,0,0,11,3,0,8,0,0,0,0,0,0,0,0,6
4141194,6,4,2,0,1,1,0,4,4,2,0,0,2,4,5,2,4,0,0,0,0,0,0,0,3,1,0,4,1,0,0,0,0,0,0,0,4
4150816,3,1,2,0,1,0,0,2,1,2,0,0,2,1,3,3,0,0,0,0,0,0,0,0,3,1,0,1,0,0,1,0,0,0,0,0,0
4153120,2,0,2,0,0,0,0,2,2,0,0,0,0,2,2,2,0,0,0,0,0,0,0,0,2,0,0,2,0,0,0,0,0,0,0,0,1
4157694,5,0,5,0,0,1,0,4,2,3,0,0,4,1,3,2,1,1,0,1,0,0,0,0,5,0,0,5,0,0,0,0,0,0,0,0,0
4158094,3,1,2,0,1,0,0,2,1,2,0,1,0,2,3,3,0,0,0,0,0,0,0,0,1,0,0,1,0,1,0,0,0,1,0,0,2
4159544,6,2,4,0,0,2,0,4,5,1,0,0,1,5,5,2,4,0,0,0,0,0,0,0,4,2,0,4,0,0,0,0,0,0,0,0,0
4163123,7,0,7,0,1,0,0,6,6,1,0,2,1,4,7,7,0,0,0,0,0,0,0,0,7,3,0,4,0,0,0,0,0,0,0,0,5
4180694,5,4,1,0,0,0,0,5,5,0,0,0,0,5,1,0,1,0,1,0,3,0,0,0,5,0,0,5,0,0,0,0,0,0,0,0,1
4186298,2,2,0,0,0,0,0,2,2,0,0,0,0,2,2,2,0,0,0,0,0,0,0,0,1,0,0,2,0,0,0,0,0,0,0,0,2
4186444,3,0,3,0,0,0,0,3,2,1,0,0,2,1,1,3,0,0,0,0,0,0,0,0,3,2,0,0,0,0,1,0,0,0,0,0,1
4187084,4,0,4,0,1,0,0,3,1,3,0,0,1,3,0,4,0,0,0,0,0,0,0,0,1,1,0,3,0,0,0,0,0,0,0,0,0
4187386,2,0,2,0,0,0,0,2,2,0,0,0,0,2,2,2,0,0,0,0,0,0,0,0,2,0,0,2,0,0,0,0,0,0,0,0,1
4189045,2,0,2,0,0,0,0,2,2,0,0,0,0,2,1,2,0,0,0,0,0,0,0,0,2,0,0,2,0,0,0,0,0,0,0,0,2
4195723,7,6,1,0,2,1,0,4,6,0,1,0,0,7,5,0,0,0,1,0,6,0,0,0,2,0,0,6,1,0,0,0,0,0,0,0,3
4199574,3,0,3,0,0,2,0,1,2,1,0,0,0,3,1,3,0,0,0,0,0,0,0,0,3,0,0,3,0,0,0,0,0,0,0,0,1
4200087,3,1,2,0,0,0,0,3,2,1,0,0,1,2,2,3,0,0,0,0,0,0,0,0,3,0,0,3,0,0,0,0,0,0,0,0,1
4206721,11,3,8,0,0,5,0,6,5,4,2,0,3,8,3,0,3,0,4,0,4,0,0,0,10,0,0,10,1,0,0,0,0,0,0,0,0
4213397,18,8,10,0,0,3,0,15,13,4,1,0,5,13,6,0,1,0,5,9,1,2,0,0,14,0,0,14,1,2,0,0,0,1,0,0,4
4213448,2,2,0,0,0,1,0,1,1,1,0,0,2,0,1,2,0,0,0,0,0,0,0,0,2,1,0,1,0,0,0,0,0,0,0,0,1
4213808,3,2,1,0,0,1,0,2,2,1,0,0,0,3,1,3,0,0,0,0,0,0,0,0,3,0,0,3,0,0,0,0,0,0,0,0,1
4218520,27,22,5,0,0,5,0,22,21,3,3,1,3,23,10,0,4,0,7,9,3,4,0,0,12,1,0,19,6,0,0,1,0,0,0,0,4
4241653,1,0,1,0,0,0,0,1,1,0,0,0,0,1,1,1,0,0,0,0,0,0,0,0,1,1,0,0,0,0,0,0,0,0,0,0,1
4243101,6,1,5,0,0,0,0,6,2,4,0,0,1,5,2,2,4,0,0,0,0,0,0,0,5,0,0,5,0,0,0,0,0,1,0,0,2
4246238,0,0,0,0,0,0,0,0,0,0,0,0,0,0,0,0,0,0,0,0,0,0,0,0,0,0,0,0,0,0,0,0,0,0,0,0,0
4252163,2,0,2,0,0,1,0,1,1,1,0,0,1,1,1,2,0,0,0,0,0,0,0,0,1,0,0,1,0,0,0,0,0,1,0,0,1
4254794,2,0,2,0,1,0,0,1,2,0,0,0,0,2,2,2,0,0,0,0,0,0,0,0,2,0,0,2,0,0,0,0,0,0,0,0,2
4256201,2,1,1,0,0,1,0,1,2,0,0,0,2,0,2,2,0,0,0,0,0,0,0,0,2,2,0,0,0,0,0,0,0,0,0,0,2
4258298,10,2,8,0,1,4,0,5,5,3,2,0,2,8,7,4,5,1,0,0,0,0,0,0,9,2,0,8,0,0,0,0,0,0,0,0,5
4260214,2,0,2,0,0,0,0,2,1,1,0,0,1,1,1,2,0,0,0,0,0,0,0,0,2,0,0,2,0,0,0,0,0,0,0,0,1
4279728,2,0,2,0,0,0,0,2,2,0,0,0,1,1,2,2,0,0,0,0,0,0,0,0,2,1,1,0,0,0,0,0,0,0,0,0,2
4279968,7,2,5,0,0,1,0,6,4,2,1,1,1,5,4,0,1,0,1,0,5,0,0,0,6,0,0,6,0,0,0,0,0,0,1,0,1
4280332,6,0,6,0,0,1,0,5,6,0,0,0,1,5,1,4,0,0,0,0,0,0,0,2,5,0,0,5,0,0,1,0,0,0,0,0,0
4287334,2,1,1,0,0,1,0,1,1,1,0,0,1,1,0,2,0,0,0,0,0,0,0,0,1,0,0,2,0,0,0,0,0,0,0,0,1
4289259,2,1,1,0,0,1,0,1,2,0,0,0,0,2,2,2,0,0,0,0,0,0,0,0,0,0,0,2,0,0,0,0,0,0,0,0,2
4289620,3,1,2,0,1,1,0,1,2,1,0,0,3,0,2,3,0,0,0,0,0,0,0,0,2,0,0,3,0,0,0,0,0,0,0,0,2
4292118,2,0,2,0,0,0,0,2,1,1,0,0,0,2,1,2,0,0,0,0,0,0,0,0,2,1,0,1,0,0,0,0,0,0,0,0,1
4297905,5,0,5,0,0,1,0,4,4,1,0,0,0,5,5,5,0,0,0,0,0,0,0,0,4,3,0,2,0,0,0,0,0,0,0,0,4
4320874,2,1,1,0,0,0,0,2,2,0,0,0,0,2,0,2,0,0,0,0,0,0,0,0,1,0,0,2,0,0,0,0,0,0,0,0,1
4332516,5,0,5,0,0,1,1,3,4,1,0,0,0,5,4,4,0,0,0,0,0,0,0,1,5,0,0,5,0,0,0,0,0,0,0,0,4
4332591,6,0,6,0,1,0,0,5,4,2,0,0,1,5,4,2,0,4,0,0,0,0,0,0,5,0,0,6,0,0,0,0,0,0,0,0,4
4333684,12,3,9,0,1,3,0,8,10,0,2,0,1,11,9,0,1,0,0,0,11,0,0,0,10,0,0,11,1,0,0,0,0,0,0,0,7
4339167,4,0,4,0,0,1,0,3,3,1,0,0,2,2,4,1,1,2,0,0,0,0,0,0,4,0,0,4,0,0,0,0,0,0,0,0,3
4339945,3,1,2,0,0,1,0,2,2,1,0,0,0,3,2,3,0,0,0,0,0,0,0,0,0,0,0,3,0,0,0,0,0,0,0,0,2
4340921,1,0,1,0,0,0,0,1,0,1,0,0,1,0,0,1,0,0,0,0,0,0,0,0,1,0,0,1,0,0,0,0,0,0,0,0,0
4341353,10,9,1,0,0,6,0,4,8,0,2,0,0,10,8,0,2,0,3,0,5,0,0,0,10,0,0,8,2,0,0,0,0,0,0,0,1
4342203,7,2,5,0,2,2,1,2,5,2,0,0,4,3,5,3,4,0,0,0,0,0,0,0,7,2,0,5,0,0,0,0,0,0,0,0,3
4345612,2,1,1,0,0,0,0,2,2,0,0,0,1,1,2,2,0,0,0,0,0,0,0,0,2,1,1,0,0,0,0,0,0,0,0,0,2
4354241,6,5,1,0,0,1,1,4,2,4,0,0,0,6,2,0,0,0,4,0,2,0,0,0,6,0,0,6,0,0,0,0,0,0,0,0,2
4356386,6,3,3,0,0,4,0,2,3,3,0,0,2,4,5,0,1,0,3,0,2,0,0,0,4,0,0,6,0,0,0,0,0,0,0,0,2
4359493,6,2,4,0,0,1,0,5,3,3,0,0,5,1,3,6,0,0,0,0,0,0,0,0,5,2,0,4,0,0,0,0,0,0,0,0,2
4366006,3,3,0,0,0,1,0,2,2,1,0,0,0,3,3,3,0,0,0,0,0,0,0,0,3,2,0,1,0,0,0,0,0,0,0,0,2
4368056,4,2,2,0,0,1,0,3,3,1,0,0,1,3,4,4,0,0,0,0,0,0,0,0,4,0,0,4,0,0,0,0,0,0,0,0,1
4371589,3,0,3,0,0,0,0,3,3,0,0,0,0,3,3,3,0,0,0,0,0,0,0,0,3,3,0,0,0,0,0,0,0,0,0,0,2
4377086,20,11,9,0,0,4,0,16,13,4,3,1,1,18,10,0,4,0,5,10,0,1,0,0,13,0,0,18,1,0,1,0,0,0,0,0,1
4382109,4,0,4,0,2,2,0,0,2,2,0,0,2,2,2,4,0,0,0,0,0,0,0,0,3,1,0,2,0,0,0,0,0,0,0,1,2
4386880,2,0,2,0,0,0,0,2,1,1,0,0,1,1,0,2,0,0,0,0,0,0,0,0,0,1,0,1,0,0,0,0,0,0,0,0,0
4407590,3,2,1,0,0,1,0,2,2,1,0,0,2,1,2,3,0,0,0,0,0,0,0,0,3,2,0,1,0,0,0,0,0,0,0,0,0
4408001,2,1,1,0,0,0,0,2,2,0,0,0,1,1,1,2,0,0,0,0,0,0,0,0,2,1,0,1,0,0,0,0,0,0,0,0,1
4410432,5,2,3,0,0,1,0,4,3,2,0,0,3,2,2,2,1,2,0,0,0,0,0,0,5,1,0,4,0,0,0,0,0,0,0,0,3
4419156,6,3,3,0,0,1,0,5,6,0,0,0,1,5,5,2,4,0,0,0,0,0,0,0,6,1,0,5,0,0,0,0,0,0,0,0,5
4419835,19,7,12,0,0,4,0,15,0,19,0,0,10,9,7,0,0,4,11,0,4,0,0,0,18,0,0,19,0,0,0,0,0,0,0,0,1
4430228,55,25,30,0,14,9,0,32,53,0,2,3,4,48,6,0,8,0,22,23,2,0,0,0,54,3,0,44,7,1,0,0,0,0,0,0,2
4431309,3,1,2,0,0,0,0,3,3,0,0,1,0,2,3,3,0,0,0,0,0,0,0,0,3,3,0,0,0,0,0,0,0,0,0,0,3
4434127,16,0,16,0,14,0,0,2,16,0,0,0,10,6,16,1,3,3,2,0,6,0,0,1,16,0,0,8,0,0,8,0,0,0,0,0,2
4435209,6,4,2,0,0,1,0,5,5,1,0,0,0,6,5,2,4,0,0,0,0,0,0,0,6,0,0,6,0,0,0,0,0,0,0,0,5
4436099,3,0,3,0,2,0,0,1,2,1,0,0,1,2,2,3,0,0,0,0,0,0,0,0,2,0,0,3,0,0,0,0,0,0,0,0,3
4436580,1,1,0,0,0,0,0,1,1,0,0,0,0,1,1,1,0,0,0,0,0,0,0,0,1,0,0,1,0,0,0,0,0,0,0,0,1
4441232,32,16,16,0,0,2,0,30,29,0,3,1,4,27,26,0,3,0,4,13,11,1,0,0,30,1,0,28,3,0,0,0,0,0,0,0,27
4441695,2,1,1,0,0,0,0,2,1,1,0,0,1,1,1,2,0,0,0,0,0,0,0,0,2,2,0,0,0,0,0,0,0,0,0,0,0
4457210,2,0,2,0,0,0,0,2,1,1,0,0,1,1,1,2,0,0,0,0,0,0,0,0,2,1,0,1,0,0,0,0,0,0,0,0,1
4462181,2,0,2,0,1,0,0,1,1,1,0,1,0,1,1,2,0,0,0,0,0,0,0,0,1,1,0,1,0,0,0,0,0,0,0,0,1
4468393,24,15,9,0,1,2,1,20,18,3,3,1,1,22,19,0,1,0,9,6,8,0,0,0,22,1,0,20,2,0,1,0,0,0,0,0,10
4474927,2,1,1,0,0,0,0,2,2,0,0,0,1,1,0,2,0,0,0,0,0,0,0,0,2,0,0,2,0,0,0,0,0,0,0,0,2
4483302,3,1,2,0,0,2,0,1,1,2,0,0,1,2,0,3,0,0,0,0,0,0,0,0,3,0,0,2,0,1,0,0,0,0,0,0,0
4487156,23,3,20,0,2,0,2,19,23,0,0,0,9,14,22,8,3,8,1,0,2,0,1,0,12,2,0,16,0,0,5,0,0,0,0,0,22
4493053,6,0,6,0,2,0,0,4,6,0,0,0,3,3,5,2,0,4,0,0,0,0,0,0,5,1,0,4,0,1,0,0,0,0,0,0,5
4493456,2,0,2,0,1,0,0,1,2,0,0,1,0,1,2,2,0,0,0,0,0,0,0,0,2,1,0,1,0,0,0,0,0,0,0,0,1
4495041,6,2,4,0,1,0,0,5,6,0,0,0,1,5,6,2,3,1,0,0,0,0,0,0,0,0,0,6,0,0,0,0,0,0,0,0,6
4497831,1,0,1,0,0,1,0,0,0,1,0,0,1,0,1,1,0,0,0,0,0,0,0,0,1,1,0,0,0,0,0,0,0,0,0,0,1
4503475,3,3,0,0,0,1,0,2,1,2,0,0,2,1,2,3,0,0,0,0,0,0,0,0,3,2,0,1,0,0,0,0,0,0,0,0,1
4503481,11,1,10,0,0,1,0,10,9,2,0,0,3,8,3,5,0,2,1,0,3,0,0,0,10,0,0,9,0,1,0,0,0,1,0,0,0
4503688,2,1,1,0,0,0,0,2,2,0,0,0,2,0,1,2,0,0,0,0,0,0,0,0,2,1,0,1,0,0,0,0,0,0,0,0,2
4506452,8,6,2,0,0,2,0,6,8,0,0,1,1,6,6,0,0,0,1,0,7,0,0,0,7,0,0,7,0,1,0,0,0,0,0,0,6
4514047,2,1,1,0,1,0,0,1,1,0,1,0,1,1,1,2,0,0,0,0,0,0,0,0,2,2,0,0,0,0,0,0,0,0,0,0,1
4519961,4,1,3,0,0,0,0,4,4,0,0,0,1,3,4,4,0,0,0,0,0,0,0,0,4,0,1,3,0,0,0,0,0,0,0,0,4
4523821,6,4,2,0,0,3,1,2,5,1,0,0,0,6,1,0,0,0,5,0,1,0,0,0,6,0,0,5,0,0,1,0,0,0,0,0,3
4526447,19,8,11,0,0,5,0,14,16,0,3,2,1,16,12,0,7,0,2,0,10,0,0,0,18,1,0,12,4,2,0,0,0,0,0,0,4
4531702,6,2,4,0,0,3,0,3,4,2,0,0,2,4,4,0,0,0,1,0,5,0,0,0,4,0,0,6,0,0,0,0,0,0,0,0,3
4540866,2,0,2,0,0,1,0,1,0,2,0,1,1,0,0,2,0,0,0,0,0,0,0,0,2,0,0,1,0,0,1,0,0,0,0,0,0
4543313,2,0,2,0,0,1,0,1,2,0,0,0,0,2,1,2,0,0,0,0,0,0,0,0,2,1,0,1,0,0,0,0,0,0,0,0,1
4546150,5,2,3,0,0,0,0,5,2,3,0,1,0,4,4,3,2,0,0,0,0,0,0,0,5,1,0,4,0,0,0,0,0,0,0,0,2
4550822,6,2,4,0,0,2,0,4,5,0,1,0,2,4,6,2,4,0,0,0,0,0,0,0,6,0,0,6,0,0,0,0,0,0,0,0,6
4557686,2,1,1,0,0,1,0,1,1,1,0,0,0,2,2,2,0,0,0,0,0,0,0,0,2,0,0,2,0,0,0,0,0,0,0,0,0
4558017,7,1,6,0,1,0,0,6,7,0,0,1,1,5,7,7,0,0,0,0,0,0,0,0,6,1,0,6,0,0,0,0,0,0,0,0,7
4569046,1,1,0,0,0,0,0,1,0,1,0,0,1,0,0,1,0,0,0,0,0,0,0,0,1,0,0,0,0,0,1,0,0,0,0,0,0
4571374,2,1,1,0,0,0,0,2,0,2,0,0,1,1,1,2,0,0,0,0,0,0,0,0,1,1,0,1,0,0,0,0,0,0,0,0,1
4574706,5,3,2,0,1,0,0,4,4,1,0,0,3,2,5,5,0,0,0,0,0,0,0,0,5,4,0,1,0,0,0,0,0,0,0,0,4
4574867,3,1,2,0,0,0,0,3,2,1,0,1,1,1,2,3,0,0,0,0,0,0,0,0,3,3,0,0,0,0,0,0,0,0,0,0,2
4578777,2,1,1,0,0,0,0,2,1,1,0,0,2,0,2,2,0,0,0,0,0,0,0,0,2,0,0,2,0,0,0,0,0,0,0,0,2
4580223,10,5,5,0,2,1,0,7,9,1,0,0,2,8,8,0,0,0,9,0,1,0,0,0,6,0,0,9,1,0,0,0,0,0,0,0,1
4584505,2,0,2,0,0,0,0,2,1,1,0,0,1,1,2,2,0,0,0,0,0,0,0,0,2,0,0,2,0,0,0,0,0,0,0,0,2
4592200,3,1,2,0,0,0,0,3,2,1,0,0,0,3,1,3,0,0,0,0,0,0,0,0,2,1,0,2,0,0,0,0,0,0,0,0,1
4595839,2,0,2,0,0,0,0,2,2,0,0,0,0,2,2,2,0,0,0,0,0,0,0,0,2,0,0,2,0,0,0,0,0,0,0,0,2
4601620,34,2,32,0,5,0,0,29,34,0,0,0,16,18,22,12,4,5,4,3,3,3,0,0,23,2,0,22,1,4,4,0,0,1,0,0,2
4607487,3,0,3,0,0,2,0,1,2,1,0,0,2,1,1,3,0,0,0,0,0,0,0,0,2,0,0,2,0,1,0,0,0,0,0,0,0
4607541,2,1,1,0,0,0,0,2,2,0,0,0,0,2,2,2,0,0,0,0,0,0,0,0,2,0,0,2,0,0,0,0,0,0,0,0,2
4608327,3,2,1,0,1,0,0,2,1,2,0,0,2,1,1,3,0,0,0,0,0,0,0,0,3,0,0,3,0,0,0,0,0,0,0,0,0
4620515,17,12,5,0,0,9,0,8,17,0,0,0,0,17,15,0,0,0,6,11,0,0,0,0,16,0,0,10,6,1,0,0,0,0,0,0,2
4620615,3,0,3,0,1,0,0,2,2,1,0,0,0,3,3,3,0,0,0,0,0,0,0,0,2,0,0,2,0,1,0,0,0,0,0,0,2
4620661,2,0,2,0,0,1,0,1,2,0,0,0,1,1,2,2,0,0,0,0,0,0,0,0,2,1,0,1,0,0,0,0,0,0,0,0,0
4621672,2,2,0,0,0,0,0,2,2,0,0,0,1,1,2,2,0,0,0,0,0,0,0,0,2,0,0,2,0,0,0,0,0,0,0,0,1
4623818,2,1,1,0,0,1,0,1,1,1,0,0,1,1,1,2,0,0,0,0,0,0,0,0,2,1,0,1,0,0,0,0,0,0,0,0,1
4624129,5,0,5,0,0,1,0,4,2,3,0,0,0,5,5,5,0,0,0,0,0,0,0,0,5,0,0,4,0,1,0,0,0,0,0,0,5
4625493,3,0,3,0,0,1,0,2,3,0,0,0,0,3,3,3,0,0,0,0,0,0,0,0,3,0,0,3,0,0,0,0,0,0,0,0,3
4628421,32,10,22,0,16,1,0,15,32,0,0,0,19,13,19,4,6,10,5,7,0,0,0,0,17,10,0,18,1,0,2,0,0,1,0,0,16
4633293,2,1,1,0,0,0,0,2,2,0,0,0,1,1,2,2,0,0,0,0,0,0,0,0,2,2,0,0,0,0,0,0,0,0,0,0,2
4653213,3,0,3,0,1,0,0,2,2,1,0,0,1,2,2,3,0,0,0,0,0,0,0,0,3,1,0,2,0,0,0,0,0,0,0,0,1
4655239,3,0,3,0,1,0,0,2,2,1,0,0,1,2,2,3,0,0,0,0,0,0,0,0,3,1,0,2,0,0,0,0,0,0,0,0,2
4670216,4,2,2,0,1,0,0,3,3,1,0,0,0,4,2,1,3,0,0,0,0,0,0,0,4,0,0,4,0,0,0,0,0,0,0,0,1
4673813,13,1,12,0,0,4,0,9,8,3,2,0,2,11,9,5,6,1,0,0,0,0,1,0,0,1,0,10,1,1,0,0,0,0,0,0,9
4675618,4,4,0,0,0,0,0,4,2,2,0,0,1,3,4,0,2,0,0,0,2,0,0,0,3,0,0,4,0,0,0,0,0,0,0,0,1
4676385,2,0,2,0,0,0,0,2,2,0,0,0,0,2,1,2,0,0,0,0,0,0,0,0,2,0,0,2,0,0,0,0,0,0,0,0,1
4681936,2,1,1,0,1,0,0,1,2,0,0,0,1,1,2,2,0,0,0,0,0,0,0,0,2,2,0,0,0,0,0,0,0,0,0,0,2
4686978,13,0,13,0,3,4,0,6,13,0,0,0,2,11,12,3,3,5,0,0,0,0,2,0,6,0,0,13,0,0,0,0,0,0,0,0,1
4687164,23,7,16,0,1,6,0,16,22,1,0,0,15,8,6,8,4,6,0,1,2,1,0,1,23,1,0,20,1,1,0,0,0,0,0,0,7
4701575,3,0,3,0,2,0,0,1,3,0,0,2,0,1,3,3,0,0,0,0,0,0,0,0,0,2,0,1,0,0,0,0,0,0,0,0,3
4704671,7,1,6,0,0,3,0,4,4,3,0,0,3,4,5,2,2,3,0,0,0,0,0,0,4,0,0,6,0,0,1,0,0,0,0,0,4
4705297,3,2,1,0,1,1,0,1,2,1,0,0,2,1,2,3,0,0,0,0,0,0,0,0,2,0,0,3,0,0,0,0,0,0,0,0,1
4705552,6,4,2,0,0,2,0,4,2,4,0,0,2,4,2,2,2,2,0,0,0,0,0,0,4,1,0,4,0,0,1,0,0,0,0,0,2
4718139,2,1,1,0,1,1,0,0,1,1,0,0,2,0,1,2,0,0,0,0,0,0,0,0,2,1,0,1,0,0,0,0,0,0,0,0,1
4722060,10,4,6,0,1,5,0,4,5,5,0,0,5,5,4,0,0,7,0,1,1,0,0,1,10,2,0,6,2,0,0,0,0,0,0,0,2
4729136,3,1,2,0,1,1,0,1,1,2,0,0,1,2,1,0,1,2,0,0,0,0,0,0,3,0,0,2,0,0,1,0,0,0,0,0,1
4731985,8,3,5,0,0,4,0,4,8,0,0,0,1,7,6,0,0,0,1,0,7,0,0,0,8,0,0,8,0,0,0,0,0,0,0,0,5
4734482,3,0,3,0,1,0,0,2,3,0,0,0,0,3,3,3,0,0,0,0,0,0,0,0,2,0,0,3,0,0,0,0,0,0,0,0,3
4738034,7,0,7,0,0,0,0,7,7,0,0,0,4,3,6,4,0,0,0,0,0,0,1,2,7,0,0,1,0,5,1,0,0,0,0,0,0
4741260,5,2,3,0,0,1,0,4,5,0,0,0,0,5,5,0,0,0,0,0,5,0,0,0,5,0,0,5,0,0,0,0,0,0,0,0,5
4744402,26,7,19,0,1,3,0,22,26,0,0,0,7,19,11,7,1,6,6,2,1,3,0,0,24,1,0,21,0,3,1,0,0,0,0,0,0
4749514,6,3,3,0,0,0,0,6,1,5,0,0,4,2,2,3,2,1,0,0,0,0,0,0,6,0,0,6,0,0,0,0,0,0,0,0,1
4756514,19,3,16,0,1,1,0,17,19,0,0,3,6,10,6,19,0,0,0,0,0,0,0,0,17,11,0,7,0,0,0,0,0,0,1,0,1
4756572,7,4,3,0,0,1,0,6,6,1,0,0,1,6,6,2,4,0,0,0,0,0,1,0,5,0,0,7,0,0,0,0,0,0,0,0,6
4764579,2,0,2,0,0,0,0,2,1,0,1,0,0,2,1,2,0,0,0,0,0,0,0,0,2,1,0,1,0,0,0,0,0,0,0,0,1
4770093,2,0,2,0,0,0,0,2,1,1,0,0,2,0,1,2,0,0,0,0,0,0,0,0,1,2,0,0,0,0,0,0,0,0,0,0,1
4771374,0,0,0,0,0,0,0,0,0,0,0,0,0,0,0,0,0,0,0,0,0,0,0,0,0,0,0,0,0,0,0,0,0,0,0,0,0
4776944,9,3,6,0,1,1,0,7,4,5,0,0,5,4,0,3,4,1,0,0,0,0,0,1,6,1,0,6,1,0,1,0,0,0,0,0,0
4778251,28,18,10,0,0,1,0,27,22,3,3,0,3,25,7,0,5,0,13,7,3,0,0,0,28,0,0,21,7,0,0,0,0,0,0,0,6
4780081,2,1,1,0,0,0,0,2,2,0,0,1,0,1,2,2,0,0,0,0,0,0,0,0,1,2,0,0,0,0,0,0,0,0,0,0,2
4780735,2,0,2,0,2,0,0,0,1,1,0,0,1,1,1,2,0,0,0,0,0,0,0,0,0,1,0,0,1,0,0,0,0,0,0,0,1
4784078,3,2,1,0,0,0,0,3,3,0,0,0,2,1,3,3,0,0,0,0,0,0,0,0,3,3,0,0,0,0,0,0,0,0,0,0,3
4786009,1,1,0,0,0,0,0,1,0,1,0,0,1,0,1,1,0,0,0,0,0,0,0,0,0,0,0,0,0,1,0,0,0,0,0,0,0
4792348,26,5,21,0,2,1,0,23,26,0,0,1,10,15,6,0,0,5,7,5,1,8,0,0,26,1,0,21,2,1,1,0,0,0,0,0,0
4792882,22,3,19,0,1,1,0,20,13,8,1,0,2,20,16,0,2,0,3,5,6,6,0,0,10,2,0,17,3,0,0,0,0,0,0,0,8
4793364,2,0,2,0,1,0,0,1,1,1,0,0,0,2,2,2,0,0,0,0,0,0,0,0,2,0,0,1,0,1,0,0,0,0,0,0,1
4794151,3,0,3,0,0,1,0,2,1,2,0,0,1,2,1,3,0,0,0,0,0,0,0,0,3,0,0,3,0,0,0,0,0,0,0,0,0
4798558,4,2,2,0,0,0,0,4,4,0,0,0,0,4,4,4,0,0,0,0,0,0,0,0,4,0,0,4,0,0,0,0,0,0,0,0,2
4802908,2,0,2,0,0,1,0,1,2,0,0,1,0,1,2,2,0,0,0,0,0,0,0,0,2,1,0,1,0,0,0,0,0,0,0,0,2
4808005,3,2,1,0,0,0,0,3,2,1,0,0,3,0,0,3,0,0,0,0,0,0,0,0,0,1,0,2,0,0,0,0,0,0,0,0,0
4812501,82,8,74,0,11,7,0,64,80,0,2,1,4,77,54,0,8,0,33,36,5,0,0,0,81,0,0,69,12,0,0,1,0,0,0,0,33
4813080,2,1,1,0,0,1,0,1,2,0,0,0,0,2,2,2,0,0,0,0,0,0,0,0,1,1,0,1,0,0,0,0,0,0,0,0,1
4814261,2,2,0,0,0,1,0,1,1,1,0,1,0,1,1,2,0,0,0,0,0,0,0,0,1,2,0,0,0,0,0,0,0,0,0,0,1
4818705,2,0,2,0,2,0,0,0,0,2,0,0,2,0,0,2,0,0,0,0,0,0,0,0,0,0,0,2,0,0,0,0,0,0,0,0,0
4823005,2,1,1,0,0,0,0,2,1,1,0,0,2,0,1,2,0,0,0,0,0,0,0,0,2,0,0,2,0,0,0,0,0,0,0,0,1
4828821,12,2,10,0,0,0,0,12,8,2,2,0,1,11,12,0,0,0,0,0,12,0,0,0,12,0,0,11,1,0,0,0,0,0,0,0,8
4839496,5,2,3,0,0,1,0,4,4,1,0,0,2,3,4,2,0,3,0,0,0,0,0,0,0,1,0,3,0,0,1,0,0,0,0,0,1
4842493,2,0,2,0,0,1,0,1,2,0,0,0,0,2,2,2,0,0,0,0,0,0,0,0,2,0,0,2,0,0,0,0,0,0,0,0,2
4842580,20,0,20,0,3,1,0,16,20,0,0,0,1,19,18,20,0,0,0,0,0,0,0,0,20,18,0,2,0,0,0,0,0,0,0,0,16
4846905,2,0,2,0,0,1,0,1,1,1,0,0,1,1,0,2,0,0,0,0,0,0,0,0,1,1,0,1,0,0,0,0,0,0,0,0,1
4846924,7,2,5,0,0,3,0,4,7,0,0,0,3,4,7,3,4,0,0,0,0,0,0,0,0,1,0,6,0,0,0,0,0,0,0,0,7
4849288,4,2,2,0,0,0,0,4,1,3,0,0,0,4,1,2,1,1,0,0,0,0,0,0,3,0,0,4,0,0,0,0,0,0,0,0,0
4864266,1,0,1,0,1,0,0,0,1,0,0,0,1,0,1,1,0,0,0,0,0,0,0,0,1,0,0,1,0,0,0,0,0,0,0,0,1
4874843,3,1,2,0,0,2,0,1,3,0,0,0,2,1,3,3,0,0,0,0,0,0,0,0,0,0,0,3,0,0,0,0,0,0,0,0,1
4875646,3,1,2,0,0,1,0,2,3,0,0,0,2,1,2,3,0,0,0,0,0,0,0,0,3,1,0,2,0,0,0,0,0,0,0,0,3
4875654,2,0,2,0,0,0,0,2,2,0,0,0,1,1,2,2,0,0,0,0,0,0,0,0,2,1,0,1,0,0,0,0,0,0,0,0,1
4879348,6,0,6,0,1,0,0,5,6,0,0,0,1,5,6,2,4,0,0,0,0,0,0,0,1,0,0,6,0,0,0,0,0,0,0,0,6
4884081,6,3,3,0,0,1,1,4,3,3,0,0,1,5,4,2,2,2,0,0,0,0,0,0,5,1,0,4,0,0,1,0,0,0,0,0,2
4887935,2,1,1,0,0,0,0,2,2,0,0,0,0,2,2,2,0,0,0,0,0,0,0,0,2,2,0,0,0,0,0,0,0,0,0,0,0
4891840,3,1,2,0,0,0,0,3,3,0,0,0,1,2,3,3,0,0,0,0,0,0,0,0,3,0,0,3,0,0,0,0,0,0,0,0,3
4896307,1,1,0,0,0,0,0,1,0,1,0,0,0,1,1,1,0,0,0,0,0,0,0,0,1,0,0,1,0,0,0,0,0,0,0,0,0
4900350,8,3,5,0,0,2,0,6,8,0,0,0,3,5,6,0,0,1,7,0,0,0,0,0,7,0,0,8,0,0,0,0,0,0,0,0,2
4900847,9,8,1,0,0,1,0,8,9,0,0,0,0,9,8,0,0,0,3,0,6,0,0,0,2,0,0,6,3,0,0,0,0,0,0,0,4
4903727,2,0,2,0,0,0,0,2,2,0,0,1,1,0,2,2,0,0,0,0,0,0,0,0,1,2,0,0,0,0,0,0,0,0,0,0,2
4906711,6,1,5,0,0,2,0,4,1,2,3,1,4,1,3,3,3,0,0,0,0,0,0,0,6,0,0,5,0,1,0,0,0,0,0,0,1
4910145,13,2,11,0,0,3,0,10,13,0,0,0,0,13,10,0,2,0,2,0,9,0,0,0,13,0,0,9,4,0,0,0,0,0,0,0,10
4913834,6,0,6,0,0,2,0,4,1,5,0,0,6,0,0,6,0,0,0,0,0,0,0,0,6,6,0,0,0,0,0,0,0,0,0,0,0
4914456,2,0,2,0,0,0,0,2,2,0,0,0,1,1,2,2,0,0,0,0,0,0,0,0,2,1,0,1,0,0,0,0,0,0,0,0,2
4922263,26,3,23,0,0,0,0,26,9,17,0,0,7,19,1,1,0,11,8,0,4,1,1,0,26,2,0,24,0,0,0,0,0,0,0,0,0
4926261,6,2,4,0,0,1,0,5,5,1,0,0,2,4,6,2,4,0,0,0,0,0,0,0,1,1,0,5,0,0,0,0,0,0,0,0,4
4926396,12,1,11,0,0,3,0,9,11,0,1,0,3,9,10,1,6,3,0,0,0,0,2,0,7,1,0,9,0,1,1,0,0,0,0,0,1
4928672,2,0,2,0,0,1,0,1,2,0,0,0,0,2,0,2,0,0,0,0,0,0,0,0,2,0,0,0,0,0,0,0,0,2,0,0,0
4929283,9,5,4,0,0,4,0,5,9,0,0,0,2,7,7,0,1,0,2,0,6,0,0,0,9,0,0,9,0,0,0,0,0,0,0,0,1
4933122,7,2,5,0,2,0,0,5,5,2,0,0,2,5,3,2,4,1,0,0,0,0,0,0,7,1,0,6,0,0,0,0,0,0,0,0,5
4937266,4,0,4,0,0,1,0,3,4,0,0,0,1,3,4,4,0,0,0,0,0,0,0,0,3,1,0,3,0,0,0,0,0,0,0,0,4
4938763,3,3,0,0,0,1,0,2,2,1,0,1,0,2,1,3,0,0,0,0,0,0,0,0,3,3,0,0,0,0,0,0,0,0,0,0,1
4942931,43,17,26,0,0,9,0,34,1,42,0,0,8,35,17,8,4,16,3,2,1,9,0,0,39,4,0,37,0,0,0,0,0,2,0,0,2
4955546,2,0,2,0,0,0,0,2,1,1,0,1,0,1,1,2,0,0,0,0,0,0,0,0,2,1,0,1,0,0,0,0,0,0,0,0,1
4973178,3,0,3,0,0,0,0,3,1,2,0,1,1,1,1,3,0,0,0,0,0,0,0,0,1,1,0,2,0,0,0,0,0,0,0,0,1
4975681,24,9,15,0,0,3,0,21,20,2,2,0,2,22,4,0,3,0,13,8,0,0,0,0,24,0,0,17,7,0,0,0,0,0,0,0,4
4986129,3,0,3,0,0,0,0,3,2,1,0,0,2,1,1,3,0,0,0,0,0,0,0,0,2,2,0,1,0,0,0,0,0,0,0,0,1
4989971,15,2,13,0,11,1,0,3,15,0,0,0,7,8,14,2,2,2,3,0,5,0,1,0,15,0,0,10,0,3,2,0,0,0,0,0,12
4990234,2,0,2,0,0,1,0,1,2,0,0,2,0,0,0,2,0,0,0,0,0,0,0,0,2,2,0,0,0,0,0,0,0,0,0,0,2
4990262,4,2,2,0,1,0,0,3,1,3,0,1,2,1,3,4,0,0,0,0,0,0,0,0,3,1,0,3,0,0,0,0,0,0,0,0,0
4990797,2,2,0,0,0,1,0,1,0,2,0,0,2,0,0,2,0,0,0,0,0,0,0,0,1,0,0,1,0,1,0,0,0,0,0,0,0
4991161,2,1,1,0,1,1,0,0,1,1,0,0,1,1,1,2,0,0,0,0,0,0,0,0,2,0,0,1,0,0,1,0,0,0,0,0,0
4991243,3,3,0,0,1,0,0,2,3,0,0,0,2,1,3,3,0,0,0,0,0,0,0,0,3,2,0,1,0,0,0,0,0,0,0,0,3
4999325,1,0,1,0,0,0,0,1,0,1,0,0,1,0,1,1,0,0,0,0,0,0,0,0,1,0,0,1,0,0,0,0,0,0,0,0,0
5000558,3,0,3,0,0,1,0,2,2,1,0,0,1,2,1,3,0,0,0,0,0,0,0,0,2,1,0,2,0,0,0,0,0,0,0,0,2
5004201,3,1,2,0,0,0,0,3,3,0,0,0,1,2,3,3,0,0,0,0,0,0,0,0,3,2,0,1,0,0,0,0,0,0,0,0,3
5011805,7,2,5,0,3,2,0,2,6,1,0,0,1,6,6,2,4,1,0,0,0,0,0,0,7,0,0,7,0,0,0,0,0,0,0,0,5
5025347,7,6,1,0,1,3,0,3,6,1,0,0,2,5,7,0,0,0,1,0,6,0,0,0,7,0,0,7,0,0,0,0,0,0,0,0,7
5032429,6,3,3,0,1,1,0,4,6,0,0,0,1,5,6,2,4,0,0,0,0,0,0,0,6,0,0,6,0,0,0,0,0,0,0,0,5
5032494,2,2,0,0,0,1,0,1,2,0,0,0,0,2,2,2,0,0,0,0,0,0,0,0,2,0,0,2,0,0,0,0,0,0,0,0,1
5034718,6,3,3,0,0,0,0,6,6,0,0,0,3,3,6,6,0,0,0,0,0,0,0,0,6,3,0,3,0,0,0,0,0,0,0,0,6
5042428,2,1,1,0,0,0,0,2,1,1,0,1,1,0,2,2,0,0,0,0,0,0,0,0,1,2,0,0,0,0,0,0,0,0,0,0,1
5047836,2,0,2,0,0,0,0,2,2,0,0,0,1,1,2,2,0,0,0,0,0,0,0,0,2,1,0,1,0,0,0,0,0,0,0,0,1
5055265,2,1,1,0,0,1,0,1,2,0,0,0,1,1,2,2,0,0,0,0,0,0,0,0,2,1,0,1,0,0,0,0,0,0,0,0,0
5056665,2,1,1,0,0,1,0,1,2,0,0,0,1,1,2,2,0,0,0,0,0,0,0,0,2,0,0,2,0,0,0,0,0,0,0,0,2
5059710,2,0,2,0,0,1,0,1,2,0,0,0,0,2,2,2,0,0,0,0,0,0,0,0,2,0,0,2,0,0,0,0,0,0,0,0,2
5059885,2,1,1,0,0,0,0,2,2,0,0,0,1,1,2,2,0,0,0,0,0,0,0,0,2,0,0,2,0,0,0,0,0,0,0,0,1
5065014,20,10,10,0,0,1,0,19,15,5,0,0,5,15,16,0,0,0,10,9,0,1,0,0,19,0,0,19,1,0,0,0,0,0,0,0,1
5066081,6,4,2,0,0,0,0,6,6,0,0,0,0,6,3,0,0,0,0,0,6,0,0,0,6,0,0,6,0,0,0,0,0,0,0,0,1
5068483,124,8,116,0,11,9,0,104,124,0,0,1,30,93,66,43,8,8,28,26,1,9,1,0,43,4,0,104,9,3,0,0,1,2,0,1,5
5075595,7,3,4,0,2,0,0,5,3,3,1,0,1,6,7,0,0,0,3,0,4,0,0,0,4,0,0,5,1,1,0,0,0,0,0,0,6
5076640,3,1,2,0,0,1,0,2,2,1,0,0,2,1,0,3,0,0,0,0,0,0,0,0,3,0,0,3,0,0,0,0,0,0,0,0,1
5084389,3,1,2,0,0,0,0,3,3,0,0,0,2,1,3,3,0,0,0,0,0,0,0,0,3,0,0,3,0,0,0,0,0,0,0,0,3
5087395,2,0,2,0,0,0,0,2,2,0,0,0,0,2,1,2,0,0,0,0,0,0,0,0,2,2,0,0,0,0,0,0,0,0,0,0,2
5091333,1,0,1,0,0,0,0,1,1,0,0,0,1,0,1,1,0,0,0,0,0,0,0,0,1,1,0,0,0,0,0,0,0,0,0,0,1
5093881,19,0,19,0,3,3,0,13,17,0,2,0,3,16,8,0,3,0,1,0,15,0,0,0,17,0,0,17,1,1,0,0,0,0,0,0,7
5096280,1,1,0,0,0,0,0,1,1,0,0,1,0,0,1,1,0,0,0,0,0,0,0,0,1,0,0,0,0,0,0,0,0,1,0,0,0
5100946,2,0,2,0,0,0,0,2,2,0,0,0,0,2,2,2,0,0,0,0,0,0,0,0,2,0,0,2,0,0,0,0,0,0,0,0,2
5113283,9,1,8,0,4,1,0,4,7,2,0,0,3,6,7,4,4,0,0,0,0,0,0,1,8,1,0,7,1,0,0,0,0,0,0,0,6
5117802,2,0,2,0,0,0,0,2,2,0,0,0,1,1,2,2,0,0,0,0,0,0,0,0,2,1,0,1,0,0,0,0,0,0,0,0,2
5119165,3,0,3,0,2,0,0,1,3,0,0,0,2,1,2,3,0,0,0,0,0,0,0,0,3,0,0,3,0,0,0,0,0,0,0,0,2
5125152,3,1,2,0,0,0,0,3,0,3,0,0,1,2,1,3,0,0,0,0,0,0,0,0,3,3,0,0,0,0,0,0,0,0,0,0,3
5126002,2,0,2,0,0,0,0,2,2,0,0,0,0,2,2,2,0,0,0,0,0,0,0,0,2,0,0,2,0,0,0,0,0,0,0,0,2
5126990,4,1,3,0,0,0,0,4,2,2,0,0,2,2,2,1,2,0,0,0,0,0,1,0,4,0,0,4,0,0,0,0,0,0,0,0,1
5127621,27,17,10,0,0,13,0,14,16,7,4,0,3,24,18,0,2,0,9,11,5,0,0,0,18,0,0,22,1,0,1,3,0,0,0,0,1
5142678,24,12,12,0,0,5,0,19,20,1,3,1,4,19,19,0,2,0,13,9,0,0,0,0,24,0,0,20,3,0,0,0,1,0,0,0,4
5147142,7,2,5,0,0,1,0,6,5,2,0,0,2,5,5,3,4,0,0,0,0,0,0,0,5,2,0,5,0,0,0,0,0,0,0,0,3
5159772,4,1,3,0,0,2,0,2,1,3,0,0,2,2,1,4,0,0,0,0,0,0,0,0,4,0,0,3,0,0,1,0,0,0,0,0,0
5159965,3,2,1,0,0,2,0,1,2,1,0,1,1,1,2,3,0,0,0,0,0,0,0,0,3,1,1,1,0,0,0,0,0,0,0,0,2
5161665,30,18,12,0,1,6,0,23,27,0,3,0,3,27,25,0,4,0,2,11,12,1,0,0,0,0,0,23,4,1,2,0,0,0,0,0,3
5164069,14,9,5,0,1,3,0,10,10,1,3,0,2,12,9,0,3,0,2,0,9,0,0,0,14,0,0,10,1,1,1,0,0,1,0,0,4
5171509,2,0,2,0,1,1,0,0,2,0,0,0,1,1,2,2,0,0,0,0,0,0,0,0,2,2,0,0,0,0,0,0,0,0,0,0,1
5171639,16,8,8,0,1,1,0,14,16,0,0,1,0,15,14,0,0,0,7,8,1,0,0,0,14,0,0,10,5,1,0,0,0,0,0,0,1
5174123,7,1,6,0,0,2,0,5,6,1,0,0,1,6,6,3,3,1,0,0,0,0,0,0,7,0,0,6,1,0,0,0,0,0,0,0,6
5177104,5,0,5,0,0,0,0,5,5,0,0,0,4,1,4,5,0,0,0,0,0,0,0,0,1,0,1,4,0,0,0,0,0,0,0,0,0
5183687,3,2,1,0,0,0,0,3,2,1,0,0,2,1,2,3,0,0,0,0,0,0,0,0,2,0,0,3,0,0,0,0,0,0,0,0,2
5192281,4,1,3,0,0,1,0,3,4,0,0,1,0,3,4,4,0,0,0,0,0,0,0,0,4,1,0,3,0,0,0,0,0,0,0,0,4
5196943,4,2,2,0,0,1,0,3,4,0,0,0,0,4,4,4,0,0,0,0,0,0,0,0,4,1,0,3,0,0,0,0,0,0,0,0,4
5202792,9,7,2,0,0,2,0,7,5,3,1,0,2,7,5,0,1,0,1,0,7,0,0,0,6,0,0,9,0,0,0,0,0,0,0,0,2
5209417,84,6,78,0,2,5,0,77,84,0,0,0,32,52,76,16,6,26,7,0,19,0,10,0,14,0,0,53,4,2,25,0,0,0,0,0,65
5221476,10,2,8,0,6,0,0,4,10,0,0,2,5,3,4,10,0,0,0,0,0,0,0,0,5,1,1,7,1,0,0,0,0,0,0,0,2
5223613,1,0,1,0,0,0,0,1,0,1,0,0,0,1,1,1,0,0,0,0,0,0,0,0,1,0,0,1,0,0,0,0,0,0,0,0,0
5224901,2,1,1,0,0,1,0,1,2,0,0,0,2,0,2,2,0,0,0,0,0,0,0,0,2,1,0,1,0,0,0,0,0,0,0,0,0
5232657,2,1,1,0,1,0,0,1,2,0,0,0,0,2,1,2,0,0,0,0,0,0,0,0,2,0,0,2,0,0,0,0,0,0,0,0,1
5239648,2,2,0,0,0,2,0,0,0,2,0,0,1,1,0,2,0,0,0,0,0,0,0,0,2,0,0,1,0,0,0,0,0,1,0,0,0
5240645,2,0,2,0,0,2,0,0,2,0,0,0,0,2,2,2,0,0,0,0,0,0,0,0,2,2,0,0,0,0,0,0,0,0,0,0,2
5245727,6,1,5,0,1,2,0,3,5,0,1,0,1,5,6,2,3,1,0,0,0,0,0,0,6,0,0,6,0,0,0,0,0,0,0,0,5
5256197,17,6,11,0,0,4,0,13,17,0,0,1,4,12,14,0,2,0,7,7,1,0,0,0,17,0,0,11,4,1,0,0,0,1,0,0,13
5257955,2,1,1,0,1,0,0,1,2,0,0,0,1,1,2,2,0,0,0,0,0,0,0,0,2,0,0,2,0,0,0,0,0,0,0,0,2
5258206,3,0,3,0,0,1,0,2,3,0,0,0,0,3,3,3,0,0,0,0,0,0,0,0,1,1,0,2,0,0,0,0,0,0,0,0,3
5261656,8,1,7,0,1,2,0,5,8,0,0,0,0,8,8,4,2,2,0,0,0,0,0,0,8,2,0,6,0,0,0,0,0,0,0,0,8
5267485,29,6,23,0,4,1,0,24,29,0,0,0,12,17,22,7,1,5,2,8,3,2,1,0,25,1,0,24,0,3,1,0,0,0,0,0,5
5269196,67,15,52,0,27,6,0,34,62,5,0,1,23,43,41,8,2,20,18,3,6,3,6,1,35,5,1,45,3,5,8,0,0,0,0,0,10
5277676,8,2,6,0,3,1,0,4,8,0,0,0,4,4,7,1,0,3,1,0,3,0,0,0,3,0,0,8,0,0,0,0,0,0,0,0,3
5283969,19,4,15,0,6,0,0,13,19,0,0,0,3,16,18,2,1,0,2,3,3,8,0,0,8,1,0,15,2,1,0,0,0,0,0,0,0
5286139,3,1,2,0,1,0,0,2,3,0,0,0,0,3,3,3,0,0,0,0,0,0,0,0,3,0,0,3,0,0,0,0,0,0,0,0,3
5290345,1,0,1,0,0,0,0,1,1,0,0,1,0,0,1,1,0,0,0,0,0,0,0,0,1,1,0,0,0,0,0,0,0,0,0,0,1
5295053,5,1,4,0,1,1,0,3,4,0,1,0,3,2,4,2,1,2,0,0,0,0,0,0,4,2,0,3,0,0,0,0,0,0,0,0,1
5295772,22,7,15,0,2,2,0,18,22,0,0,0,5,17,5,0,1,7,9,0,5,0,0,0,12,0,0,18,0,3,0,0,0,1,0,0,0
5305364,70,40,30,0,5,13,0,52,68,1,1,3,5,62,65,0,4,0,21,33,12,0,0,0,70,4,1,56,6,1,0,0,0,0,2,0,2
5324212,2,0,2,0,0,0,0,2,1,1,0,1,0,1,1,2,0,0,0,0,0,0,0,0,1,1,0,1,0,0,0,0,0,0,0,0,2
5324332,40,3,37,0,4,5,0,31,40,0,0,0,12,28,37,25,2,3,1,0,6,0,0,3,20,1,0,34,1,1,2,0,0,1,0,0,0
5329306,3,0,3,0,0,0,0,3,2,1,0,0,1,2,3,3,0,0,0,0,0,0,0,0,3,0,0,3,0,0,0,0,0,0,0,0,1
5330750,34,7,27,0,0,7,0,27,27,4,3,1,5,28,7,0,3,0,15,16,0,0,0,0,32,0,0,23,5,5,0,1,0,0,0,0,2
5336754,8,6,2,0,1,2,0,5,6,2,0,0,1,7,4,0,1,0,3,0,4,0,0,0,7,0,0,8,0,0,0,0,0,0,0,0,0
5340357,18,0,18,0,5,0,0,13,0,18,0,0,10,8,10,17,0,0,0,0,0,0,0,1,18,2,0,12,0,1,3,0,0,0,0,0,1
5342087,3,0,3,0,0,0,0,3,3,0,0,1,0,2,3,3,0,0,0,0,0,0,0,0,3,3,0,0,0,0,0,0,0,0,0,0,3
5343292,2,1,1,0,0,1,0,1,2,0,0,0,1,1,2,2,0,0,0,0,0,0,0,0,2,1,0,1,0,0,0,0,0,0,0,0,2
5343967,14,2,12,0,1,3,0,10,14,0,0,0,2,12,13,3,1,1,3,5,0,1,0,0,11,0,0,11,1,0,1,0,0,0,1,0,10
5344389,10,2,8,0,0,1,0,9,10,0,0,0,6,4,10,10,0,0,0,0,0,0,0,0,9,4,0,5,0,1,0,0,0,0,0,0,8
5354439,6,3,3,0,0,1,0,5,6,0,0,0,0,6,4,0,1,0,1,0,4,0,0,0,6,0,0,6,0,0,0,0,0,0,0,0,2
5356136,3,0,3,0,1,0,0,2,2,1,0,2,0,1,2,3,0,0,0,0,0,0,0,0,3,1,0,1,0,0,1,0,0,0,0,0,1
5358712,3,1,2,0,0,0,0,3,3,0,0,1,1,1,2,3,0,0,0,0,0,0,0,0,2,1,0,1,0,0,0,0,0,1,0,0,3
5365169,2,2,0,0,0,1,0,1,1,1,0,0,1,1,1,2,0,0,0,0,0,0,0,0,2,1,0,1,0,0,0,0,0,0,0,0,1
5368659,3,1,2,0,0,2,1,0,2,1,0,0,1,2,1,3,0,0,0,0,0,0,0,0,3,1,0,2,0,0,0,0,0,0,0,0,0
5368802,2,2,0,0,0,2,0,0,2,0,0,0,1,1,2,2,0,0,0,0,0,0,0,0,2,0,0,2,0,0,0,0,0,0,0,0,1
5369021,2,0,2,0,0,1,0,1,2,0,0,2,0,0,2,2,0,0,0,0,0,0,0,0,2,0,0,0,0,0,0,0,0,2,0,0,0
5369810,3,0,3,0,0,0,0,3,3,0,0,0,0,3,3,3,0,0,0,0,0,0,0,0,0,1,0,2,0,0,0,0,0,0,0,0,3
5369992,2,1,1,0,0,0,0,2,1,1,0,0,0,2,2,2,0,0,0,0,0,0,0,0,2,0,0,2,0,0,0,0,0,0,0,0,2
5371742,4,0,4,0,0,0,0,4,4,0,0,1,3,0,1,4,0,0,0,0,0,0,0,0,4,1,0,1,0,0,0,0,0,2,0,0,0
5374052,3,0,3,0,0,0,0,3,3,0,0,0,0,3,3,3,0,0,0,0,0,0,0,0,3,0,0,3,0,0,0,0,0,0,0,0,3
5378948,1,0,1,0,1,0,0,0,1,0,0,0,0,1,1,1,0,0,0,0,0,0,0,0,1,0,0,1,0,0,0,0,0,0,0,0,1
5380162,18,10,8,0,2,2,0,14,13,2,3,0,4,14,3,0,8,0,4,0,6,0,0,0,16,0,0,18,0,0,0,0,0,0,0,0,1
5383544,11,4,7,0,0,2,0,9,8,0,3,0,1,10,9,4,6,0,0,0,0,0,1,0,6,0,0,10,0,0,0,0,0,1,0,0,8
5386630,6,3,3,0,2,0,0,4,6,0,0,0,0,6,6,2,4,0,0,0,0,0,0,0,6,0,0,5,1,0,0,0,0,0,0,0,6
5392170,20,7,13,0,3,8,0,9,20,0,0,0,5,15,16,5,1,4,1,2,2,5,0,0,16,1,0,16,3,0,0,0,0,0,0,0,2
5399441,2,1,1,0,0,0,0,2,2,0,0,0,1,1,2,2,0,0,0,0,0,0,0,0,2,0,0,2,0,0,0,0,0,0,0,0,2
5403719,1,0,1,0,0,0,0,1,0,1,0,0,1,0,1,1,0,0,0,0,0,0,0,0,0,0,0,0,0,0,1,0,0,0,0,0,1
5408223,3,1,2,0,0,1,0,2,2,0,1,1,1,1,1,3,0,0,0,0,0,0,0,0,3,1,0,1,0,0,1,0,0,0,0,0,1
5414817,2,0,2,0,0,1,0,1,1,1,0,0,1,1,2,2,0,0,0,0,0,0,0,0,1,0,0,2,0,0,0,0,0,0,0,0,1
5420804,2,1,1,0,0,1,0,1,1,1,0,0,0,2,1,2,0,0,0,0,0,0,0,0,2,1,0,1,0,0,0,0,0,0,0,0,1
5426411,7,3,4,0,0,2,0,5,4,3,0,0,1,6,1,2,1,3,0,0,0,0,1,0,7,0,0,7,0,0,0,0,0,0,0,0,0
5432067,7,2,5,0,0,1,0,6,4,3,0,0,2,5,4,2,4,1,0,0,0,0,0,0,6,1,0,5,0,1,0,0,0,0,0,0,4
5434173,9,0,9,0,0,0,0,9,7,2,0,0,2,7,2,3,0,3,1,0,2,0,0,0,9,0,0,7,0,1,0,0,0,1,0,0,1
5438060,2,0,2,0,0,0,0,2,2,0,0,0,0,2,1,2,0,0,0,0,0,0,0,0,2,0,0,2,0,0,0,0,0,0,0,0,2
5441203,6,3,3,0,0,2,0,4,3,3,0,0,2,4,5,6,0,0,0,0,0,0,0,0,5,4,0,2,0,0,0,0,0,0,0,0,2
5443505,2,0,2,0,0,0,0,2,2,0,0,0,0,2,2,2,0,0,0,0,0,0,0,0,2,0,0,2,0,0,0,0,0,0,0,0,2
5444373,2,1,1,0,0,1,0,1,1,1,0,0,1,1,1,2,0,0,0,0,0,0,0,0,2,0,0,1,1,0,0,0,0,0,0,0,1
5446667,2,1,1,0,0,1,0,1,2,0,0,0,0,2,2,2,0,0,0,0,0,0,0,0,2,0,0,2,0,0,0,0,0,0,0,0,2
5448440,2,0,2,0,0,0,0,2,2,0,0,0,0,2,2,2,0,0,0,0,0,0,0,0,2,0,0,2,0,0,0,0,0,0,0,0,1
5450232,6,0,6,0,0,0,0,6,6,0,0,0,4,2,6,6,0,0,0,0,0,0,0,0,6,0,0,3,1,0,2,0,0,0,0,0,2
5457664,9,5,4,0,2,3,0,4,8,1,0,1,3,5,8,9,0,0,0,0,0,0,0,0,5,1,0,7,0,0,0,0,0,1,0,0,6
5458511,2,0,2,0,0,1,0,1,2,0,0,0,1,1,2,2,0,0,0,0,0,0,0,0,2,0,0,2,0,0,0,0,0,0,0,0,1
5460872,1,1,0,0,0,1,0,0,1,0,0,0,1,0,1,1,0,0,0,0,0,0,0,0,1,1,0,0,0,0,0,0,0,0,0,0,0
5462325,2,1,1,0,0,0,0,2,2,0,0,0,0,2,2,2,0,0,0,0,0,0,0,0,2,0,0,2,0,0,0,0,0,0,0,0,2
5478354,6,2,4,0,0,2,0,4,5,1,0,0,5,1,4,2,4,0,0,0,0,0,0,0,5,0,0,6,0,0,0,0,0,0,0,0,0
5483366,2,0,2,0,0,0,0,2,2,0,0,0,1,1,2,2,0,0,0,0,0,0,0,0,2,1,0,1,0,0,0,0,0,0,0,0,2
5487910,3,0,3,0,0,1,0,2,3,0,0,0,0,3,3,3,0,0,0,0,0,0,0,0,3,0,0,3,0,0,0,0,0,0,0,0,3
5488112,2,0,2,0,0,0,0,2,1,1,0,0,0,2,2,2,0,0,0,0,0,0,0,0,2,0,0,2,0,0,0,0,0,0,0,0,1
5489266,2,1,1,0,0,0,0,2,2,0,0,2,0,0,0,2,0,0,0,0,0,0,0,0,0,1,0,1,0,0,0,0,0,0,0,0,0
5494348,8,2,6,0,0,2,0,6,2,6,0,0,3,5,2,4,4,0,0,0,0,0,0,0,1,0,0,8,0,0,0,0,0,0,0,0,2
5497126,5,3,2,0,0,2,0,3,3,2,0,0,1,4,5,0,0,0,0,0,5,0,0,0,5,0,0,5,0,0,0,0,0,0,0,0,0
5498884,2,0,2,0,0,0,0,2,1,0,1,0,1,1,2,2,0,0,0,0,0,0,0,0,2,2,0,0,0,0,0,0,0,0,0,0,0
5500412,5,3,2,0,1,1,0,3,5,0,0,0,2,3,2,2,1,2,0,0,0,0,0,0,4,1,0,2,0,1,1,0,0,0,0,0,0
5500422,1,1,0,0,0,1,0,0,1,0,0,0,1,0,1,1,0,0,0,0,0,0,0,0,1,0,0,1,0,0,0,0,0,0,0,0,0
5506959,2,0,2,0,0,0,0,2,1,1,0,0,0,2,1,2,0,0,0,0,0,0,0,0,2,0,0,2,0,0,0,0,0,0,0,0,1
5516459,35,13,22,0,5,8,0,22,34,0,1,1,5,29,24,0,1,0,10,16,7,1,0,0,27,0,0,34,1,0,0,0,0,0,0,0,22
5517972,4,0,4,0,0,1,0,3,4,0,0,1,1,2,4,4,0,0,0,0,0,0,0,0,4,3,0,1,0,0,0,0,0,0,0,0,1
5536555,2,0,2,0,0,0,0,2,2,0,0,0,0,2,2,2,0,0,0,0,0,0,0,0,2,0,0,2,0,0,0,0,0,0,0,0,2
5542962,5,2,3,0,0,1,0,4,5,0,0,0,2,3,2,5,0,0,0,0,0,0,0,0,5,1,0,4,0,0,0,0,0,0,0,0,4
5554182,6,0,6,0,0,0,0,6,5,1,0,0,0,6,6,2,4,0,0,0,0,0,0,0,6,1,0,5,0,0,0,0,0,0,0,0,5
5555828,10,3,7,0,0,0,0,10,8,0,2,0,2,8,9,0,2,0,1,0,7,0,0,0,3,0,0,7,2,1,0,0,0,0,0,0,2
5556636,2,2,0,0,0,1,0,1,2,0,0,0,0,2,2,2,0,0,0,0,0,0,0,0,2,0,0,2,0,0,0,0,0,0,0,0,2
5558266,7,3,4,0,0,0,0,7,7,0,0,0,1,6,6,7,0,0,0,0,0,0,0,0,0,1,0,6,0,0,0,0,0,0,0,0,5
5571360,2,2,0,0,0,2,0,0,2,0,0,0,0,2,0,2,0,0,0,0,0,0,0,0,2,1,0,1,0,0,0,0,0,0,0,0,0
5573447,6,2,4,0,2,0,0,4,6,0,0,1,2,3,6,3,0,0,0,0,0,0,1,2,3,0,0,2,0,1,2,0,0,1,0,0,0
5573455,2,0,2,0,1,0,0,1,1,1,0,0,1,1,1,2,0,0,0,0,0,0,0,0,2,0,1,1,0,0,0,0,0,0,0,0,2
5575784,6,4,2,0,0,0,0,6,4,2,0,0,2,4,3,2,4,0,0,0,0,0,0,0,2,0,0,4,0,0,2,0,0,0,0,0,4
5589558,4,2,2,0,1,0,0,3,3,0,1,0,0,4,3,0,1,0,1,0,2,0,0,0,4,0,0,3,0,0,0,1,0,0,0,0,3
5600055,2,0,2,0,0,0,0,2,2,0,0,1,0,1,2,2,0,0,0,0,0,0,0,0,2,2,0,0,0,0,0,0,0,0,0,0,2
5606417,35,1,34,0,1,2,0,32,34,1,0,0,16,19,17,6,0,14,6,7,1,0,1,0,35,4,0,29,1,1,0,0,0,0,0,0,7
5607829,6,5,1,0,0,2,0,4,5,1,0,0,1,5,5,2,4,0,0,0,0,0,0,0,6,1,0,5,0,0,0,0,0,0,0,0,4
5607925,2,1,1,0,0,0,0,2,2,0,0,1,0,1,2,2,0,0,0,0,0,0,0,0,0,0,0,1,0,0,1,0,0,0,0,0,2
5620984,2,0,2,0,0,0,0,2,0,2,0,0,2,0,0,2,0,0,0,0,0,0,0,0,2,1,0,1,0,0,0,0,0,0,0,0,0
5625303,2,0,2,0,0,0,0,2,1,1,0,0,1,1,2,2,0,0,0,0,0,0,0,0,2,0,0,1,0,1,0,0,0,0,0,0,1
5627688,2,0,2,0,0,0,0,2,1,1,0,0,2,0,1,2,0,0,0,0,0,0,0,0,2,2,0,0,0,0,0,0,0,0,0,0,1
5629570,21,17,4,0,7,8,0,6,21,0,0,0,1,20,2,1,0,1,2,0,14,1,0,2,6,0,0,15,4,2,0,0,0,0,0,0,0
5644735,51,33,18,0,1,15,0,35,51,0,0,0,1,50,2,2,4,5,6,8,0,26,0,0,51,2,0,47,2,0,0,0,0,0,0,0,0
5650009,6,4,2,0,0,4,0,2,6,0,0,0,3,3,0,0,1,1,2,0,1,1,0,0,6,0,0,6,0,0,0,0,0,0,0,0,0
5651500,36,2,34,0,26,6,0,4,36,0,0,0,8,28,0,2,0,15,10,7,2,0,0,0,36,2,0,28,0,1,3,0,0,0,2,0,1
5656298,2,1,1,0,0,0,0,2,1,0,1,0,1,1,0,2,0,0,0,0,0,0,0,0,2,2,0,0,0,0,0,0,0,0,0,0,0
5658208,1,0,1,0,0,0,0,1,1,0,0,0,0,1,1,1,0,0,0,0,0,0,0,0,1,0,0,1,0,0,0,0,0,0,0,0,1
5662363,3,0,3,0,0,2,0,1,2,1,0,0,0,3,0,3,0,0,0,0,0,0,0,0,3,0,0,3,0,0,0,0,0,0,0,0,2
5664291,17,12,5,0,0,3,0,14,15,2,0,0,0,17,10,0,0,0,9,7,1,0,0,0,16,0,0,15,2,0,0,0,0,0,0,0,2
5665420,3,1,2,0,0,0,0,3,2,1,0,0,2,1,0,3,0,0,0,0,0,0,0,0,2,3,0,0,0,0,0,0,0,0,0,0,2
5665560,7,0,7,0,0,1,0,6,7,0,0,0,1,6,7,3,4,0,0,0,0,0,0,0,7,0,0,7,0,0,0,0,0,0,0,0,7
5668443,5,3,2,0,0,1,0,4,3,2,0,0,1,4,2,1,2,1,0,0,0,0,0,1,4,0,0,4,0,0,1,0,0,0,0,0,0
5668729,1,0,1,0,0,0,0,1,0,1,0,0,1,0,0,1,0,0,0,0,0,0,0,0,1,0,0,1,0,0,0,0,0,0,0,0,0
5673038,12,5,7,0,0,2,0,10,9,3,0,0,3,9,10,0,5,0,3,0,4,0,0,0,9,0,0,12,0,0,0,0,0,0,0,0,7
5678898,2,1,1,0,1,0,0,1,1,1,0,0,1,1,2,2,0,0,0,0,0,0,0,0,1,0,0,1,0,0,0,0,0,1,0,0,1
5693756,6,4,2,0,0,2,0,4,6,0,0,0,0,6,6,0,1,0,5,0,0,0,0,0,6,0,0,6,0,0,0,0,0,0,0,0,1
5694534,1,0,1,0,0,0,0,1,1,0,0,0,0,1,1,1,0,0,0,0,0,0,0,0,1,0,0,1,0,0,0,0,0,0,0,0,1
5703018,3,2,1,0,0,0,0,3,3,0,0,0,0,3,3,3,0,0,0,0,0,0,0,0,3,1,0,2,0,0,0,0,0,0,0,0,2
5706576,6,3,3,0,0,4,0,2,4,2,0,0,0,6,3,0,0,0,2,0,4,0,0,0,3,0,0,6,0,0,0,0,0,0,0,0,3
5707733,2,0,2,0,1,0,0,1,1,1,0,0,1,1,0,2,0,0,0,0,0,0,0,0,2,1,0,1,0,0,0,0,0,0,0,0,1
5708669,2,0,2,0,0,0,0,2,1,1,0,0,1,1,1,2,0,0,0,0,0,0,0,0,2,1,0,1,0,0,0,0,0,0,0,0,1
5711222,6,3,3,0,2,0,0,4,0,6,0,0,3,3,1,4,2,0,0,0,0,0,0,0,3,1,0,4,0,0,0,1,0,0,0,0,1
5719706,7,0,7,0,4,1,0,2,7,0,0,1,5,1,3,2,0,0,0,0,0,0,2,3,7,2,0,5,0,0,0,0,0,0,0,0,1
5719882,2,1,1,0,0,0,0,2,1,1,0,0,1,1,1,2,0,0,0,0,0,0,0,0,2,0,0,1,0,0,0,0,0,0,1,0,0
5720346,2,0,2,0,0,0,0,2,2,0,0,0,0,2,2,2,0,0,0,0,0,0,0,0,2,1,0,1,0,0,0,0,0,0,0,0,2
5729536,1,0,1,0,0,0,0,1,1,0,0,0,0,1,1,1,0,0,0,0,0,0,0,0,1,0,0,1,0,0,0,0,0,0,0,0,1
5730562,10,3,7,0,0,7,0,3,9,1,0,0,8,2,8,8,0,0,0,0,0,0,1,1,9,2,0,6,0,1,0,0,0,0,0,1,7
5736339,2,2,0,0,0,0,0,2,2,0,0,0,1,1,1,2,0,0,0,0,0,0,0,0,2,0,0,2,0,0,0,0,0,0,0,0,2
5740248,7,5,2,0,0,1,0,6,7,0,0,0,0,7,6,0,0,0,1,0,6,0,0,0,7,0,0,7,0,0,0,0,0,0,0,0,6
5750962,6,1,5,0,1,1,0,4,5,1,0,0,4,2,5,6,0,0,0,0,0,0,0,0,6,2,0,3,0,1,0,0,0,0,0,0,4
5752783,4,0,4,0,0,0,0,4,2,2,0,0,3,1,1,3,0,0,0,0,0,0,0,1,3,2,0,2,0,0,0,0,0,0,0,0,1
5763398,4,1,3,0,0,1,0,3,2,2,0,0,0,4,2,4,0,0,0,0,0,0,0,0,3,0,0,3,1,0,0,0,0,0,0,0,4
5765830,23,12,11,0,0,2,0,21,15,7,1,1,3,19,17,0,1,0,6,9,7,0,0,0,19,0,0,19,3,1,0,0,0,0,0,0,5
5766663,2,0,2,0,0,0,0,2,1,1,0,0,1,1,0,2,0,0,0,0,0,0,0,0,1,0,0,1,0,0,1,0,0,0,0,0,0
5770579,7,1,6,0,4,1,0,2,4,3,0,1,2,4,4,3,1,2,0,0,0,0,1,0,7,1,0,4,0,1,1,0,0,0,0,0,3
5771753,20,13,7,0,1,5,0,14,20,0,0,0,2,18,18,0,0,0,8,11,0,1,0,0,9,0,0,15,4,0,0,0,1,0,0,0,1
5771803,2,0,2,0,0,0,0,2,1,1,0,0,2,0,1,2,0,0,0,0,0,0,0,0,1,1,0,1,0,0,0,0,0,0,0,0,1
5772967,26,18,8,0,0,3,0,23,18,4,4,0,0,26,24,0,0,0,14,9,2,1,0,0,25,0,0,23,3,0,0,0,0,0,0,0,5
5775968,7,0,7,0,0,1,0,6,6,1,0,0,3,4,6,2,3,1,0,0,0,0,1,0,6,1,0,6,0,0,0,0,0,0,0,0,5
5785093,2,0,2,0,0,1,0,1,2,0,0,0,0,2,2,2,0,0,0,0,0,0,0,0,2,0,0,2,0,0,0,0,0,0,0,0,2
5786892,2,1,1,0,0,0,0,2,2,0,0,0,1,1,0,2,0,0,0,0,0,0,0,0,2,1,0,1,0,0,0,0,0,0,0,0,0
5787238,6,2,4,0,0,1,0,5,6,0,0,0,3,3,6,2,2,2,0,0,0,0,0,0,6,2,0,3,1,0,0,0,0,0,0,0,4
5808341,2,1,1,0,0,0,0,2,2,0,0,1,0,1,2,2,0,0,0,0,0,0,0,0,0,1,0,1,0,0,0,0,0,0,0,0,2
5812629,3,0,3,0,1,0,0,2,1,2,0,0,1,2,1,3,0,0,0,0,0,0,0,0,3,1,0,1,0,1,0,0,0,0,0,0,1
5814139,2,1,1,0,0,0,0,2,2,0,0,0,1,1,2,2,0,0,0,0,0,0,0,0,2,0,0,2,0,0,0,0,0,0,0,0,2
5816790,2,2,0,0,0,1,0,1,1,1,0,0,1,1,2,2,0,0,0,0,0,0,0,0,2,0,0,2,0,0,0,0,0,0,0,0,1
5817417,2,0,2,0,2,0,0,0,1,1,0,0,2,0,2,2,0,0,0,0,0,0,0,0,0,1,0,0,0,0,0,0,0,1,0,0,2
5823358,2,1,1,0,0,0,0,2,2,0,0,0,1,1,2,2,0,0,0,0,0,0,0,0,2,0,0,2,0,0,0,0,0,0,0,0,2
5823422,2,2,0,0,0,0,0,2,1,1,0,0,1,1,2,1,1,0,0,0,0,0,0,0,2,0,0,1,0,0,1,0,0,0,0,0,0
5833124,2,1,1,0,1,1,0,0,1,1,0,0,2,0,1,2,0,0,0,0,0,0,0,0,2,2,0,0,0,0,0,0,0,0,0,0,2
5839895,2,1,1,0,0,1,0,1,2,0,0,0,0,2,2,2,0,0,0,0,0,0,0,0,2,0,0,2,0,0,0,0,0,0,0,0,2
5843259,6,1,5,0,2,0,0,4,5,1,0,0,2,4,4,3,3,0,0,0,0,0,0,0,0,0,0,5,0,0,1,0,0,0,0,0,4
5843336,102,9,93,0,13,5,1,83,102,0,0,1,40,61,80,20,10,14,30,3,2,8,13,2,99,0,0,93,1,5,3,0,0,0,0,0,12
5844115,9,0,9,0,1,1,0,7,8,1,0,0,5,4,9,2,0,0,0,0,0,0,2,5,1,0,0,4,1,4,0,0,0,0,0,0,2
5851302,3,1,2,0,0,0,0,3,1,2,0,0,2,1,2,3,0,0,0,0,0,0,0,0,3,2,0,1,0,0,0,0,0,0,0,0,2
5851689,36,4,32,0,1,9,0,26,25,8,3,0,11,25,11,0,8,0,22,5,1,0,0,0,33,0,0,31,5,0,0,0,0,0,0,0,9
5858155,2,0,2,0,0,1,0,1,2,0,0,0,1,1,1,2,0,0,0,0,0,0,0,0,2,1,0,1,0,0,0,0,0,0,0,0,2
5866426,2,1,1,0,0,0,0,2,2,0,0,0,1,1,2,2,0,0,0,0,0,0,0,0,2,0,0,2,0,0,0,0,0,0,0,0,2
5872968,4,0,4,0,0,0,0,4,4,0,0,0,3,1,4,3,0,0,0,0,0,0,0,1,4,1,0,0,0,3,0,0,0,0,0,0,0
5877197,4,0,4,0,0,1,0,3,2,2,0,0,2,2,1,4,0,0,0,0,0,0,0,0,4,2,0,2,0,0,0,0,0,0,0,0,2
5880848,3,1,2,0,0,1,0,2,3,0,0,0,1,2,3,3,0,0,0,0,0,0,0,0,3,0,0,3,0,0,0,0,0,0,0,0,3
5881505,11,1,10,0,0,0,0,11,11,0,0,1,0,10,7,4,7,0,0,0,0,0,0,0,11,1,0,9,0,0,1,0,0,0,0,0,0
5890567,8,0,8,0,0,1,0,7,5,2,1,0,2,6,5,3,5,0,0,0,0,0,0,0,7,1,0,4,1,1,0,0,1,0,0,0,4
5891181,3,1,2,0,0,0,0,3,2,1,0,0,3,0,1,3,0,0,0,0,0,0,0,0,3,3,0,0,0,0,0,0,0,0,0,0,1
5901650,2,1,1,0,0,0,0,2,1,0,1,0,1,1,2,2,0,0,0,0,0,0,0,0,1,0,0,1,0,0,0,0,0,1,0,0,1
5901709,4,2,2,0,0,0,0,4,4,0,0,0,0,4,4,4,0,0,0,0,0,0,0,0,4,2,0,2,0,0,0,0,0,0,0,0,3
5910649,3,0,3,0,1,1,0,1,3,0,0,1,2,0,3,3,0,0,0,0,0,0,0,0,3,3,0,0,0,0,0,0,0,0,0,0,3
5915081,2,0,2,0,0,0,0,2,1,1,0,0,1,1,2,2,0,0,0,0,0,0,0,0,2,1,0,1,0,0,0,0,0,0,0,0,1
5917527,12,3,9,0,3,3,0,6,12,0,0,1,8,3,2,3,4,4,0,0,0,0,1,0,12,0,0,8,0,1,0,0,0,3,0,0,1
5919590,2,0,2,0,0,1,0,1,1,1,0,0,1,1,1,2,0,0,0,0,0,0,0,0,2,1,0,1,0,0,0,0,0,0,0,0,1
5922295,3,2,1,0,0,0,0,3,3,0,0,0,0,3,3,3,0,0,0,0,0,0,0,0,3,1,0,2,0,0,0,0,0,0,0,0,3
5922696,12,10,2,0,0,5,0,7,9,3,0,0,1,11,9,0,0,0,10,2,0,0,0,0,12,0,1,11,0,0,0,0,0,0,0,0,2
5928186,2,0,2,0,0,1,0,1,1,1,0,0,1,1,2,2,0,0,0,0,0,0,0,0,2,1,1,0,0,0,0,0,0,0,0,0,1
5929304,28,10,18,0,13,7,0,8,28,0,0,0,8,20,11,2,6,3,2,1,0,10,3,1,0,2,0,23,2,0,1,0,0,0,0,0,0
5933830,5,0,5,0,0,1,0,4,3,2,0,0,2,3,2,2,3,0,0,0,0,0,0,0,4,0,0,5,0,0,0,0,0,0,0,0,2
5946154,7,4,3,0,0,2,0,5,7,0,0,0,0,7,6,0,0,0,1,0,6,0,0,0,7,0,0,7,0,0,0,0,0,0,0,0,5
5946237,2,0,2,0,0,0,0,2,1,1,0,0,2,0,1,2,0,0,0,0,0,0,0,0,1,2,0,0,0,0,0,0,0,0,0,0,1
5947360,8,1,7,0,0,1,0,7,4,3,1,0,4,4,6,2,4,0,0,0,0,0,2,0,8,1,0,4,0,2,1,0,0,0,0,0,4
5954275,1,1,0,0,0,0,0,1,1,0,0,1,0,0,1,1,0,0,0,0,0,0,0,0,1,1,0,0,0,0,0,0,0,0,0,0,1
5957687,33,8,25,0,10,6,0,17,33,0,0,0,8,25,4,6,9,3,8,6,1,0,0,0,19,2,0,25,1,1,3,0,1,0,0,0,0
5963435,2,0,2,0,0,1,0,1,2,0,0,0,1,1,2,2,0,0,0,0,0,0,0,0,2,1,0,1,0,0,0,0,0,0,0,0,2
5970242,16,1,15,0,4,2,0,10,15,1,0,0,6,10,7,16,0,0,0,0,0,0,0,0,11,2,0,11,0,1,2,0,0,0,0,0,4
5970671,2,2,0,0,0,0,0,2,2,0,0,0,0,2,1,2,0,0,0,0,0,0,0,0,2,1,0,1,0,0,0,0,0,0,0,0,1
5972311,2,0,2,0,0,1,0,1,2,0,0,0,0,2,1,2,0,0,0,0,0,0,0,0,2,0,0,2,0,0,0,0,0,0,0,0,2
5976190,7,1,6,0,0,2,0,5,7,0,0,0,7,0,7,7,0,0,0,0,0,0,0,0,7,5,0,1,0,0,1,0,0,0,0,0,1
5978702,31,15,16,0,2,6,0,23,26,2,3,0,2,29,20,0,4,0,15,10,0,2,0,0,29,0,0,19,10,1,1,0,0,0,0,0,18
5980821,2,1,1,0,0,0,0,2,2,0,0,0,1,1,2,2,0,0,0,0,0,0,0,0,2,1,0,1,0,0,0,0,0,0,0,0,2
5987292,5,5,0,0,1,1,0,3,5,0,0,0,2,3,5,2,3,0,0,0,0,0,0,0,5,1,0,4,0,0,0,0,0,0,0,0,4
5990926,3,0,3,0,0,3,0,0,2,1,0,0,1,2,3,3,0,0,0,0,0,0,0,0,3,0,0,3,0,0,0,0,0,0,0,0,0
5991995,2,0,2,0,0,0,0,2,2,0,0,0,0,2,2,2,0,0,0,0,0,0,0,0,2,0,0,2,0,0,0,0,0,0,0,0,2
5998796,2,0,2,0,0,0,0,2,1,1,0,0,0,2,2,2,0,0,0,0,0,0,0,0,2,2,0,0,0,0,0,0,0,0,0,0,2
6002295,23,14,9,0,1,2,0,20,18,2,3,0,1,22,19,0,3,0,11,9,0,0,0,0,3,1,0,19,2,1,0,0,0,0,0,0,8
6004703,23,10,13,0,0,1,0,22,10,13,0,0,5,18,19,0,1,0,4,0,18,0,0,0,23,0,0,21,1,1,0,0,0,0,0,0,1
6007541,3,1,2,0,0,0,0,3,1,2,0,0,1,2,2,2,0,1,0,0,0,0,0,0,3,0,0,3,0,0,0,0,0,0,0,0,1
6012329,6,3,3,0,0,4,0,2,5,1,0,0,1,5,4,2,1,3,0,0,0,0,0,0,5,1,0,4,1,0,0,0,0,0,0,0,4
6013172,4,2,2,0,0,3,0,1,3,1,0,0,1,3,4,4,0,0,0,0,0,0,0,0,4,0,0,4,0,0,0,0,0,0,0,0,3
6015808,1,0,1,0,0,0,0,1,1,0,0,0,0,1,1,1,0,0,0,0,0,0,0,0,0,0,0,1,0,0,0,0,0,0,0,0,1
6024236,9,0,9,0,0,0,0,9,4,4,1,1,4,4,4,3,4,1,0,0,0,0,1,0,8,2,0,6,0,0,1,0,0,0,0,0,4
6025560,5,0,5,0,0,0,0,5,5,0,0,0,2,3,4,5,0,0,0,0,0,0,0,0,5,0,0,5,0,0,0,0,0,0,0,0,5
6033035,7,5,2,0,1,0,0,6,6,1,0,0,3,4,5,2,4,1,0,0,0,0,0,0,7,1,0,6,0,0,0,0,0,0,0,0,6
6038263,2,0,2,0,0,1,0,1,1,1,0,0,2,0,2,2,0,0,0,0,0,0,0,0,1,1,0,1,0,0,0,0,0,0,0,0,2
6040281,1,1,0,0,0,0,0,1,0,1,0,0,1,0,1,1,0,0,0,0,0,0,0,0,1,0,0,1,0,0,0,0,0,0,0,0,0
6041001,1,0,1,0,0,0,0,1,1,0,0,0,0,1,1,1,0,0,0,0,0,0,0,0,1,0,0,1,0,0,0,0,0,0,0,0,1
6051199,13,3,10,0,4,2,0,7,0,13,0,1,4,8,2,4,0,2,5,0,1,0,1,0,4,1,0,9,0,1,0,0,1,1,0,0,0
6054453,2,1,1,0,0,0,0,2,2,0,0,0,1,1,2,2,0,0,0,0,0,0,0,0,2,0,0,2,0,0,0,0,0,0,0,0,1
6056593,3,1,2,0,0,1,0,2,3,0,0,0,1,2,2,3,0,0,0,0,0,0,0,0,3,1,0,2,0,0,0,0,0,0,0,0,3
6062664,2,0,2,0,0,1,0,1,1,1,0,0,2,0,1,2,0,0,0,0,0,0,0,0,2,2,0,0,0,0,0,0,0,0,0,0,1
6064838,2,1,1,0,0,1,0,1,2,0,0,0,0,2,1,2,0,0,0,0,0,0,0,0,2,0,0,2,0,0,0,0,0,0,0,0,2
6066543,6,1,5,0,0,1,0,5,6,0,0,0,1,5,5,6,0,0,0,0,0,0,0,0,0,0,0,6,0,0,0,0,0,0,0,0,0
6067518,4,1,3,0,0,0,0,4,3,1,0,0,1,3,1,4,0,0,0,0,0,0,0,0,3,0,0,4,0,0,0,0,0,0,0,0,2
6070161,2,0,2,0,0,1,0,1,2,0,0,0,1,1,0,2,0,0,0,0,0,0,0,0,0,0,0,1,0,0,1,0,0,0,0,0,2
6071939,7,0,7,0,0,2,0,5,7,0,0,0,2,5,7,2,0,0,0,0,0,0,0,5,0,1,0,5,0,0,1,0,0,0,0,0,0
6085775,2,1,1,0,1,0,0,1,2,0,0,0,1,1,2,2,0,0,0,0,0,0,0,0,0,0,0,2,0,0,0,0,0,0,0,0,1
6087544,1,1,0,0,1,0,0,0,1,0,0,0,0,1,1,1,0,0,0,0,0,0,0,0,1,1,0,0,0,0,0,0,0,0,0,0,1
6088988,2,0,2,0,0,2,0,0,1,1,0,0,1,1,1,2,0,0,0,0,0,0,0,0,1,0,0,2,0,0,0,0,0,0,0,0,1
6097206,2,0,2,0,0,0,0,2,2,0,0,0,0,2,2,2,0,0,0,0,0,0,0,0,2,0,0,2,0,0,0,0,0,0,0,0,2
6098139,3,0,3,0,1,0,0,2,1,2,0,0,3,0,1,3,0,0,0,0,0,0,0,0,2,1,0,2,0,0,0,0,0,0,0,0,1
6101393,45,9,36,0,8,5,0,32,45,0,0,2,10,33,13,16,2,13,3,9,1,1,0,0,33,4,0,30,1,8,2,0,0,0,0,0,6
6105840,19,9,10,0,1,6,0,12,15,1,3,0,2,17,15,0,5,0,5,0,9,0,0,0,19,0,0,18,1,0,0,0,0,0,0,0,14
6106850,2,1,1,0,0,0,0,2,1,1,0,0,2,0,2,2,0,0,0,0,0,0,0,0,2,1,0,1,0,0,0,0,0,0,0,0,1
6109104,6,2,4,0,1,1,0,4,6,0,0,0,1,5,6,2,4,0,0,0,0,0,0,0,6,0,0,6,0,0,0,0,0,0,0,0,6
6118341,2,0,2,0,0,1,0,1,2,0,0,0,2,0,2,2,0,0,0,0,0,0,0,0,2,0,0,2,0,0,0,0,0,0,0,0,2
6127371,8,2,6,0,0,1,0,7,8,0,0,0,2,6,8,4,3,1,0,0,0,0,0,0,8,2,0,5,1,0,0,0,0,0,0,0,8
6141631,6,1,5,0,0,2,0,4,2,4,0,0,4,2,4,3,2,0,0,0,0,0,1,0,6,2,0,3,1,0,0,0,0,0,0,0,2
6144005,6,4,2,0,0,1,0,5,6,0,0,0,0,6,1,0,0,0,1,0,5,0,0,0,6,0,0,6,0,0,0,0,0,0,0,0,5
6145665,2,2,0,0,1,1,0,0,2,0,0,0,1,1,2,2,0,0,0,0,0,0,0,0,2,1,0,1,0,0,0,0,0,0,0,0,2
6147115,13,7,6,0,6,1,0,6,13,0,0,0,1,12,7,2,1,4,4,0,1,0,1,0,8,0,0,12,0,0,0,0,0,1,0,0,5
6150200,8,2,6,0,0,3,0,5,7,1,0,0,2,6,7,4,4,0,0,0,0,0,0,0,7,0,0,8,0,0,0,0,0,0,0,0,7
6154732,2,1,1,0,0,0,0,2,1,1,0,1,1,0,1,2,0,0,0,0,0,0,0,0,2,2,0,0,0,0,0,0,0,0,0,0,0
6157668,2,1,1,0,0,0,0,2,2,0,0,0,1,1,2,2,0,0,0,0,0,0,0,0,2,0,0,2,0,0,0,0,0,0,0,0,2
6158490,2,0,2,0,0,0,0,2,2,0,0,0,0,2,2,2,0,0,0,0,0,0,0,0,2,0,0,2,0,0,0,0,0,0,0,0,2
6159940,3,0,3,0,0,0,0,3,1,2,0,2,0,1,1,3,0,0,0,0,0,0,0,0,2,2,0,0,0,0,1,0,0,0,0,0,1
6161429,3,2,1,0,0,1,0,2,2,1,0,0,0,3,3,3,0,0,0,0,0,0,0,0,3,0,0,2,1,0,0,0,0,0,0,0,3
6171266,16,1,15,0,0,1,0,15,16,0,0,0,0,16,15,16,0,0,0,0,0,0,0,0,0,1,0,15,0,0,0,0,0,0,0,0,8
6189207,5,3,2,0,0,2,0,3,5,0,0,1,2,2,4,5,0,0,0,0,0,0,0,0,5,0,0,5,0,0,0,0,0,0,0,0,5
6191926,6,1,5,0,0,1,0,5,4,2,0,0,3,3,2,3,0,0,0,0,0,0,0,3,3,0,0,5,0,0,0,0,0,1,0,0,0
6194000,8,5,3,0,1,0,0,7,5,3,0,0,3,5,6,0,2,0,0,0,6,0,0,0,7,0,0,8,0,0,0,0,0,0,0,0,0
6194699,7,0,7,0,0,2,0,5,0,7,0,0,2,5,2,0,0,7,0,0,0,0,0,0,7,1,0,5,1,0,0,0,0,0,0,0,1
6196794,2,0,2,0,0,0,0,2,2,0,0,0,0,2,2,2,0,0,0,0,0,0,0,0,1,0,0,2,0,0,0,0,0,0,0,0,2
6203852,11,6,5,0,0,2,0,9,6,2,3,0,5,6,8,0,0,0,0,0,11,0,0,0,2,0,0,7,2,1,0,0,0,1,0,0,7
6211747,2,1,1,0,0,0,0,2,1,1,0,0,1,1,1,2,0,0,0,0,0,0,0,0,1,1,0,1,0,0,0,0,0,0,0,0,1
6212128,3,1,2,0,0,1,0,2,3,0,0,0,1,2,3,3,0,0,0,0,0,0,0,0,2,0,0,3,0,0,0,0,0,0,0,0,3
6212245,8,2,6,0,0,3,0,5,8,0,0,0,8,0,2,8,0,0,0,0,0,0,0,0,8,1,0,7,0,0,0,0,0,0,0,0,2
6216646,8,0,8,0,2,0,0,6,8,0,0,1,5,2,2,8,0,0,0,0,0,0,0,0,8,5,0,3,0,0,0,0,0,0,0,0,1
6218550,2,0,2,0,0,1,0,1,1,1,0,0,0,2,1,2,0,0,0,0,0,0,0,0,2,0,0,2,0,0,0,0,0,0,0,0,1
6225343,6,0,6,0,0,1,0,5,2,4,0,0,5,1,4,6,0,0,0,0,0,0,0,0,2,6,0,0,0,0,0,0,0,0,0,0,5
6228490,6,2,4,0,0,2,0,4,6,0,0,0,2,4,6,2,4,0,0,0,0,0,0,0,5,1,0,5,0,0,0,0,0,0,0,0,6
6230518,2,0,2,0,1,1,0,0,2,0,0,1,0,1,2,2,0,0,0,0,0,0,0,0,2,1,0,1,0,0,0,0,0,0,0,0,2
6231522,11,4,7,0,0,3,0,8,8,3,0,2,1,8,10,4,7,0,0,0,0,0,0,0,11,1,0,7,1,2,0,0,0,0,0,0,9
6250154,7,1,6,0,1,5,0,1,4,3,0,0,3,4,2,6,0,0,0,0,0,0,0,1,7,1,0,6,0,0,0,0,0,0,0,0,1
6251542,64,8,56,0,0,8,0,56,60,1,3,0,5,59,19,0,10,0,24,23,6,1,0,0,29,0,0,56,6,1,1,0,0,0,0,0,2
6253278,2,0,2,0,0,0,0,2,2,0,0,0,0,2,2,2,0,0,0,0,0,0,0,0,2,0,0,2,0,0,0,0,0,0,0,0,1
6260653,3,0,3,0,0,0,0,3,2,1,0,0,2,1,2,3,0,0,0,0,0,0,0,0,3,2,0,1,0,0,0,0,0,0,0,0,2
6261648,2,1,1,0,0,0,0,2,1,1,0,0,0,2,2,2,0,0,0,0,0,0,0,0,2,0,0,2,0,0,0,0,0,0,0,0,1
6267817,2,1,1,0,0,1,0,1,2,0,0,0,1,1,2,2,0,0,0,0,0,0,0,0,1,1,0,1,0,0,0,0,0,0,0,0,2
6277262,2,1,1,0,0,0,0,2,0,2,0,1,1,0,0,2,0,0,0,0,0,0,0,0,1,2,0,0,0,0,0,0,0,0,0,0,1
6278323,2,0,2,0,0,0,0,2,2,0,0,0,1,1,2,2,0,0,0,0,0,0,0,0,2,1,0,1,0,0,0,0,0,0,0,0,2
6283954,9,8,1,0,0,5,0,4,5,3,1,0,1,8,7,0,2,0,0,0,7,0,0,0,6,0,0,8,1,0,0,0,0,0,0,0,6
6288736,89,5,84,0,16,4,0,69,89,0,0,1,39,49,66,29,12,6,29,0,3,0,7,3,88,5,0,56,1,2,24,0,1,0,0,0,9
6297347,2,0,2,0,0,0,0,2,2,0,0,0,1,1,1,2,0,0,0,0,0,0,0,0,1,1,0,1,0,0,0,0,0,0,0,0,1
6307345,13,3,10,0,1,2,0,10,13,0,0,0,6,7,2,6,0,1,4,0,1,0,1,0,10,3,0,8,0,2,0,0,0,0,0,0,1
6308168,3,0,3,0,0,0,0,3,2,1,0,0,1,2,3,3,0,0,0,0,0,0,0,0,2,0,0,3,0,0,0,0,0,0,0,0,1
6309700,1,0,1,0,0,0,0,1,1,0,0,0,0,1,0,1,0,0,0,0,0,0,0,0,0,0,0,1,0,0,0,0,0,0,0,0,0
6310717,26,12,14,0,3,4,0,19,26,0,0,1,3,22,12,4,0,5,4,6,2,5,0,0,26,0,0,20,2,1,1,0,0,2,0,0,1
6312402,13,1,12,0,1,4,0,8,13,0,0,0,5,8,7,1,1,0,10,0,1,0,0,0,13,0,1,11,1,0,0,0,0,0,0,0,7
6314896,2,1,1,0,0,0,0,2,1,1,0,0,1,1,1,2,0,0,0,0,0,0,0,0,2,1,0,1,0,0,0,0,0,0,0,0,1
6316676,4,0,4,0,0,3,0,1,4,0,0,0,3,1,0,2,0,0,0,0,0,0,0,2,4,1,0,3,0,0,0,0,0,0,0,0,0
6319353,2,1,1,0,0,1,0,1,2,0,0,0,0,2,1,2,0,0,0,0,0,0,0,0,2,0,0,2,0,0,0,0,0,0,0,0,2
6321173,2,0,2,0,0,0,0,2,0,2,0,0,2,0,0,2,0,0,0,0,0,0,0,0,0,0,0,2,0,0,0,0,0,0,0,0,0
6321699,29,15,14,0,1,7,1,20,19,8,2,0,4,25,25,0,7,0,4,11,7,0,0,0,27,0,0,26,1,2,0,0,0,0,0,0,1
6331427,3,3,0,0,0,1,0,2,2,1,0,0,0,3,3,3,0,0,0,0,0,0,0,0,3,0,0,3,0,0,0,0,0,0,0,0,3
6332002,1,0,1,0,0,0,0,1,0,1,0,1,0,0,1,1,0,0,0,0,0,0,0,0,0,0,0,0,0,0,1,0,0,0,0,0,0
6348891,9,1,8,0,0,1,0,8,8,1,0,0,1,8,6,0,0,0,3,0,6,0,0,0,9,0,0,7,2,0,0,0,0,0,0,0,6
6349474,2,1,1,0,1,0,0,1,1,1,0,0,1,1,2,2,0,0,0,0,0,0,0,0,1,0,0,2,0,0,0,0,0,0,0,0,1
6359065,10,6,4,0,0,2,0,8,7,0,3,0,3,7,7,0,3,0,1,0,6,0,0,0,10,0,0,10,0,0,0,0,0,0,0,0,6
6362346,1,0,1,0,0,0,0,1,1,0,0,0,0,1,1,1,0,0,0,0,0,0,0,0,1,0,0,1,0,0,0,0,0,0,0,0,1
6365778,13,6,7,0,1,3,0,9,5,5,3,1,3,9,10,0,0,0,3,0,10,0,0,0,13,0,0,9,1,3,0,0,0,0,0,0,7
6369647,2,0,2,0,0,0,0,2,1,1,0,0,2,0,1,2,0,0,0,0,0,0,0,0,2,2,0,0,0,0,0,0,0,0,0,0,1
6372092,5,3,2,0,0,0,0,5,5,0,0,0,0,5,5,2,3,0,0,0,0,0,0,0,0,0,0,4,1,0,0,0,0,0,0,0,4
6373843,5,4,1,0,0,4,0,1,3,2,0,0,1,4,1,0,0,0,3,0,2,0,0,0,5,0,0,4,1,0,0,0,0,0,0,0,0
6380140,14,3,11,0,4,1,0,9,8,6,0,0,6,8,8,1,0,6,6,0,1,0,0,0,10,1,0,12,1,0,0,0,0,0,0,0,2
6384567,2,1,1,0,0,1,0,1,2,0,0,0,2,0,2,2,0,0,0,0,0,0,0,0,0,1,0,1,0,0,0,0,0,0,0,0,2
6384807,6,5,1,0,0,1,0,5,6,0,0,0,0,6,3,0,0,0,1,0,5,0,0,0,6,0,0,6,0,0,0,0,0,0,0,0,1
6385888,16,5,11,0,3,0,0,13,7,9,0,0,7,9,9,0,5,7,2,1,0,1,0,0,14,0,0,14,2,0,0,0,0,0,0,0,3
6388186,2,1,1,0,0,0,0,2,2,0,0,0,1,1,1,2,0,0,0,0,0,0,0,0,2,1,0,1,0,0,0,0,0,0,0,0,2
6398693,2,1,1,0,0,0,0,2,2,0,0,0,1,1,2,2,0,0,0,0,0,0,0,0,2,1,0,0,1,0,0,0,0,0,0,0,2
6407505,16,12,4,0,0,2,1,13,13,0,3,1,1,14,7,0,3,0,3,8,0,2,0,0,16,0,0,12,1,0,2,0,0,1,0,0,1
6409780,2,0,2,0,0,0,0,2,2,0,0,0,0,2,2,2,0,0,0,0,0,0,0,0,2,0,0,2,0,0,0,0,0,0,0,0,2
6409837,7,3,4,0,0,1,0,6,7,0,0,0,0,7,7,0,0,0,0,0,7,0,0,0,7,0,0,6,1,0,0,0,0,0,0,0,5
6412650,15,1,14,0,1,1,3,10,2,13,0,2,8,5,13,2,1,8,1,0,0,0,0,3,15,1,0,9,0,1,3,0,1,0,0,0,1
6413264,17,12,5,0,0,2,1,14,15,2,0,0,0,17,13,0,1,0,3,7,6,0,0,0,16,0,0,17,0,0,0,0,0,0,0,0,9
6414624,4,1,3,0,1,1,0,2,4,0,0,0,3,1,3,4,0,0,0,0,0,0,0,0,4,3,0,1,0,0,0,0,0,0,0,0,3
6415789,2,1,1,0,0,0,0,2,2,0,0,0,1,1,2,2,0,0,0,0,0,0,0,0,2,1,0,1,0,0,0,0,0,0,0,0,2
6424703,2,1,1,0,0,0,1,1,1,1,0,1,1,0,1,2,0,0,0,0,0,0,0,0,2,1,0,1,0,0,0,0,0,0,0,0,1
6426830,14,4,10,0,2,2,0,10,12,0,2,0,0,14,10,0,2,0,1,0,11,0,0,0,12,0,0,14,0,0,0,0,0,0,0,0,9
6432620,11,1,10,0,0,2,0,9,11,0,0,0,6,5,6,2,5,2,2,0,0,0,0,0,11,1,1,6,0,2,0,0,0,0,0,1,1
6443668,2,2,0,0,0,1,0,1,0,2,0,0,1,1,2,2,0,0,0,0,0,0,0,0,0,0,0,0,0,0,2,0,0,0,0,0,0
6446680,13,1,12,0,8,1,0,4,13,0,0,0,9,4,4,5,5,3,0,0,0,0,0,0,8,1,0,10,0,1,0,0,0,1,0,0,0
6447952,2,1,1,0,0,0,0,2,1,1,0,0,1,1,1,2,0,0,0,0,0,0,0,0,2,0,0,2,0,0,0,0,0,0,0,0,0
6449855,2,1,1,0,0,2,0,0,1,1,0,0,1,1,1,2,0,0,0,0,0,0,0,0,2,0,0,2,0,0,0,0,0,0,0,0,1
6451531,4,1,3,0,1,0,0,3,4,0,0,0,1,3,4,4,0,0,0,0,0,0,0,0,0,2,0,2,0,0,0,0,0,0,0,0,4
6452308,13,1,12,0,0,1,0,12,11,0,2,0,5,8,12,7,6,0,0,0,0,0,0,0,13,2,0,11,0,0,0,0,0,0,0,0,11
6452310,6,2,4,0,1,1,0,4,5,1,0,0,1,5,5,2,4,0,0,0,0,0,0,0,5,0,0,6,0,0,0,0,0,0,0,0,5
6453402,2,0,2,0,0,1,0,1,2,0,0,0,0,2,2,2,0,0,0,0,0,0,0,0,2,0,0,2,0,0,0,0,0,0,0,0,2
6457357,5,0,5,0,0,0,0,5,4,1,0,0,3,2,4,5,0,0,0,0,0,0,0,0,5,3,0,2,0,0,0,0,0,0,0,0,1
6457897,3,1,2,0,0,0,0,3,2,1,0,1,0,2,0,3,0,0,0,0,0,0,0,0,1,1,0,2,0,0,0,0,0,0,0,0,0
6461022,7,1,6,0,0,1,0,6,5,2,0,0,1,6,6,2,4,0,0,0,0,0,1,0,5,0,0,7,0,0,0,0,0,0,0,0,4
6465942,1,0,1,0,0,1,0,0,0,1,0,0,1,0,0,1,0,0,0,0,0,0,0,0,1,1,0,0,0,0,0,0,0,0,0,0,0
6466963,15,1,14,0,1,1,2,11,15,0,0,0,8,7,2,3,1,3,7,0,0,0,0,1,15,2,0,13,0,0,0,0,0,0,0,0,1
6469550,7,1,6,0,1,1,0,5,3,4,0,1,3,3,5,7,0,0,0,0,0,0,0,0,7,2,0,3,0,0,2,0,0,0,0,0,4
6476087,3,1,2,0,1,1,0,1,3,0,0,0,2,1,2,3,0,0,0,0,0,0,0,0,3,2,0,1,0,0,0,0,0,0,0,0,0
6481875,11,2,9,0,0,1,0,10,1,9,1,0,5,6,7,6,5,0,0,0,0,0,0,0,11,1,0,9,0,1,0,0,0,0,0,0,5
6483761,2,1,1,0,0,0,0,2,2,0,0,0,1,1,1,2,0,0,0,0,0,0,0,0,2,1,0,1,0,0,0,0,0,0,0,0,2
6485376,3,1,2,0,2,1,0,0,2,1,0,0,0,3,3,3,0,0,0,0,0,0,0,0,3,0,0,3,0,0,0,0,0,0,0,0,3
6485742,3,3,0,0,0,2,0,1,3,0,0,0,1,2,2,3,0,0,0,0,0,0,0,0,3,0,0,3,0,0,0,0,0,0,0,0,2
6489684,2,1,1,0,0,0,0,2,1,1,0,0,2,0,1,2,0,0,0,0,0,0,0,0,2,1,0,1,0,0,0,0,0,0,0,0,0
6490154,7,3,4,0,0,0,0,7,7,0,0,0,4,3,3,2,2,3,0,0,0,0,0,0,7,3,0,4,0,0,0,0,0,0,0,0,0
6493828,2,0,2,0,0,0,0,2,2,0,0,0,1,1,2,2,0,0,0,0,0,0,0,0,2,0,0,1,0,0,1,0,0,0,0,0,2
6496992,5,0,5,0,2,1,0,2,5,0,0,0,2,3,4,5,0,0,0,0,0,0,0,0,5,1,0,4,0,0,0,0,0,0,0,0,4
6497925,2,0,2,0,0,0,0,2,1,1,0,0,1,1,1,2,0,0,0,0,0,0,0,0,2,2,0,0,0,0,0,0,0,0,0,0,1
6506351,2,2,0,0,0,1,0,1,2,0,0,0,1,1,2,2,0,0,0,0,0,0,0,0,2,1,0,1,0,0,0,0,0,0,0,0,2
6508902,3,1,2,0,0,1,0,2,2,1,0,0,2,1,2,3,0,0,0,0,0,0,0,0,2,1,0,1,0,1,0,0,0,0,0,0,2
6514462,8,4,4,0,3,0,0,5,4,4,0,0,5,3,1,0,1,2,4,0,1,0,0,0,8,0,0,8,0,0,0,0,0,0,0,0,2
6516162,2,1,1,0,0,0,0,2,2,0,0,0,2,0,1,2,0,0,0,0,0,0,0,0,2,0,0,2,0,0,0,0,0,0,0,0,2
6525852,19,14,5,0,0,6,1,12,13,3,3,0,5,14,3,0,3,0,11,1,3,1,0,0,16,0,0,18,1,0,0,0,0,0,0,0,8
6528176,8,3,5,0,0,1,0,7,6,2,0,0,2,6,8,3,3,1,0,0,0,0,1,0,6,1,0,7,0,0,0,0,0,0,0,0,6
6528458,29,13,16,0,3,3,0,23,18,9,2,1,2,26,20,0,4,0,11,7,7,0,0,0,18,0,0,27,1,1,0,0,0,0,0,0,7
6531392,4,2,2,0,1,1,0,2,4,0,0,0,3,1,3,4,0,0,0,0,0,0,0,0,4,3,0,1,0,0,0,0,0,0,0,0,3
6534067,2,2,0,0,0,1,0,1,2,0,0,0,0,2,0,2,0,0,0,0,0,0,0,0,2,1,0,1,0,0,0,0,0,0,0,0,0
6537248,2,1,1,0,0,0,0,2,2,0,0,0,0,2,2,2,0,0,0,0,0,0,0,0,2,0,0,2,0,0,0,0,0,0,0,0,1
6548663,2,0,2,0,0,0,0,2,2,0,0,0,1,1,1,2,0,0,0,0,0,0,0,0,2,1,0,1,0,0,0,0,0,0,0,0,1
6556102,2,0,2,0,0,0,0,2,2,0,0,0,0,2,2,2,0,0,0,0,0,0,0,0,2,0,0,2,0,0,0,0,0,0,0,0,2
6557348,2,1,1,0,0,1,0,1,1,1,0,0,1,1,2,2,0,0,0,0,0,0,0,0,2,2,0,0,0,0,0,0,0,0,0,0,0
6557615,4,1,3,0,0,1,0,3,1,3,0,0,2,2,2,4,0,0,0,0,0,0,0,0,1,2,0,2,0,0,0,0,0,0,0,0,1
6564562,12,7,5,0,2,4,0,6,10,0,2,0,1,11,9,0,3,0,3,0,6,0,0,0,12,0,0,12,0,0,0,0,0,0,0,0,7
6572155,39,4,35,0,12,2,0,25,37,2,0,1,20,18,36,9,4,13,4,0,3,0,5,1,30,4,0,26,2,3,0,0,0,2,0,2,21
6574482,5,0,5,0,1,0,0,4,5,0,0,0,4,1,4,0,0,5,0,0,0,0,0,0,5,1,0,4,0,0,0,0,0,0,0,0,1
6574637,2,0,2,0,2,0,0,0,1,1,0,0,1,1,2,2,0,0,0,0,0,0,0,0,0,0,0,2,0,0,0,0,0,0,0,0,2
6576716,2,0,2,0,0,0,0,2,2,0,0,0,0,2,2,2,0,0,0,0,0,0,0,0,2,0,0,2,0,0,0,0,0,0,0,0,2
6577033,6,1,5,0,0,1,0,5,6,0,0,0,1,5,6,6,0,0,0,0,0,0,0,0,6,1,0,5,0,0,0,0,0,0,0,0,6
6585440,2,1,1,0,0,0,0,2,2,0,0,0,1,1,2,2,0,0,0,0,0,0,0,0,0,0,0,2,0,0,0,0,0,0,0,0,2
6587914,3,1,2,0,0,1,0,2,2,1,0,0,0,3,2,3,0,0,0,0,0,0,0,0,3,0,0,3,0,0,0,0,0,0,0,0,2
6592254,2,0,2,0,0,0,0,2,2,0,0,0,0,2,2,2,0,0,0,0,0,0,0,0,2,0,0,2,0,0,0,0,0,0,0,0,2
6592321,11,3,8,0,0,2,0,9,8,0,3,0,4,7,10,0,4,0,0,0,7,0,0,0,11,0,0,9,2,0,0,0,0,0,0,0,8
6592356,2,1,1,0,0,1,0,1,1,1,0,0,0,2,2,2,0,0,0,0,0,0,0,0,2,1,0,1,0,0,0,0,0,0,0,0,0
6594016,9,5,4,0,0,0,1,8,9,0,0,0,0,9,8,0,0,0,2,0,7,0,0,0,2,0,0,8,1,0,0,0,0,0,0,0,8
6615547,7,3,4,0,1,1,0,5,4,3,0,0,3,4,5,3,3,1,0,0,0,0,0,0,7,1,0,6,0,0,0,0,0,0,0,0,4
6617309,36,7,29,0,5,3,2,26,34,1,1,1,1,34,29,0,3,0,1,12,19,1,0,0,36,0,0,28,6,2,0,0,0,0,0,0,18
6617510,2,0,2,0,0,0,0,2,2,0,0,0,1,1,2,2,0,0,0,0,0,0,0,0,2,1,0,1,0,0,0,0,0,0,0,0,2
6624149,17,3,14,0,1,2,0,14,12,3,2,0,2,15,14,0,3,0,7,0,7,0,0,0,14,0,0,16,0,1,0,0,0,0,0,0,9
6626685,4,1,3,0,1,0,0,3,4,0,0,0,0,4,4,4,0,0,0,0,0,0,0,0,2,0,2,2,0,0,0,0,0,0,0,0,4
6629779,2,1,1,0,0,1,0,1,2,0,0,0,1,1,0,2,0,0,0,0,0,0,0,0,2,1,0,1,0,0,0,0,0,0,0,0,1
6638919,3,0,3,0,0,0,0,3,3,0,0,0,0,3,3,3,0,0,0,0,0,0,0,0,0,0,0,3,0,0,0,0,0,0,0,0,2
6640997,3,0,3,0,0,0,0,3,2,1,0,0,1,2,2,3,0,0,0,0,0,0,0,0,3,2,0,1,0,0,0,0,0,0,0,0,2
6641511,2,1,1,0,0,0,0,2,2,0,0,0,1,1,2,2,0,0,0,0,0,0,0,0,2,0,0,2,0,0,0,0,0,0,0,0,1
6648539,24,10,14,0,1,1,0,22,21,1,2,0,1,23,16,0,2,0,12,9,0,1,0,0,21,1,0,19,2,2,0,0,0,0,0,0,3
6660417,2,1,1,0,0,0,0,2,2,0,0,0,1,1,1,2,0,0,0,0,0,0,0,0,2,0,0,2,0,0,0,0,0,0,0,0,2
6661334,9,5,4,0,1,0,0,8,8,0,1,0,1,8,8,0,2,0,3,0,4,0,0,0,2,0,0,9,0,0,0,0,0,0,0,0,0
6664991,2,1,1,0,0,0,0,2,2,0,0,0,1,1,0,2,0,0,0,0,0,0,0,0,2,1,0,1,0,0,0,0,0,0,0,0,1
6667713,2,0,2,0,0,1,0,1,0,2,0,0,1,1,1,2,0,0,0,0,0,0,0,0,2,0,0,2,0,0,0,0,0,0,0,0,2
6668494,11,8,3,0,0,2,0,9,8,1,2,0,1,10,7,0,3,0,0,0,8,0,0,0,11,0,0,9,2,0,0,0,0,0,0,0,10
6678348,9,3,6,0,0,6,0,3,5,2,2,0,6,3,5,4,4,0,0,0,0,0,1,0,2,3,0,5,0,1,0,0,0,0,0,0,6
6679822,6,1,5,0,0,3,0,3,4,2,0,0,2,4,4,2,4,0,0,0,0,0,0,0,6,2,0,4,0,0,0,0,0,0,0,0,1
6699909,12,2,10,0,0,3,0,9,12,0,0,0,7,5,10,12,0,0,0,0,0,0,0,0,1,3,0,9,0,0,0,0,0,0,0,0,0
6702441,2,0,2,0,0,0,0,2,2,0,0,0,1,1,0,2,0,0,0,0,0,0,0,0,2,1,0,1,0,0,0,0,0,0,0,0,1
6712191,51,19,32,0,5,4,7,35,51,0,0,16,12,23,41,13,14,2,10,9,1,2,0,0,19,1,0,33,2,5,10,0,0,0,0,0,26
6718059,16,2,14,0,0,3,0,13,14,2,0,0,11,5,15,4,2,2,8,0,0,0,0,0,13,3,1,11,1,0,0,0,0,0,0,0,2
6719425,7,1,6,0,0,1,0,6,4,3,0,0,4,3,4,3,0,4,0,0,0,0,0,0,7,0,0,3,0,2,0,0,0,2,0,0,4
6731225,8,3,5,0,0,4,1,3,3,5,0,0,5,3,2,4,4,0,0,0,0,0,0,0,6,0,0,5,0,2,0,0,0,1,0,0,1
6735608,1,1,0,0,0,0,0,1,0,1,0,0,0,1,0,1,0,0,0,0,0,0,0,0,1,0,0,1,0,0,0,0,0,0,0,0,0
6739535,3,2,1,0,0,0,1,2,2,0,1,0,3,0,3,3,0,0,0,0,0,0,0,0,3,0,0,3,0,0,0,0,0,0,0,0,2
6746079,2,1,1,0,0,1,0,1,2,0,0,0,1,1,1,2,0,0,0,0,0,0,0,0,2,2,0,0,0,0,0,0,0,0,0,0,2
6747824,15,1,14,0,0,6,0,9,15,0,0,0,8,7,12,5,0,0,0,0,0,0,0,10,6,2,0,6,2,0,4,0,0,1,0,0,0
6748404,8,4,4,0,0,2,0,6,1,7,0,0,5,3,1,0,0,0,0,0,8,0,0,0,0,0,0,7,1,0,0,0,0,0,0,0,0
6756475,6,3,3,0,0,0,0,6,3,3,0,0,4,2,3,3,3,0,0,0,0,0,0,0,6,3,0,3,0,0,0,0,0,0,0,0,3
6757005,6,2,4,0,0,4,0,2,3,3,0,0,4,2,3,0,2,0,2,0,2,0,0,0,5,0,0,6,0,0,0,0,0,0,0,0,0
6776363,3,2,1,0,0,0,0,3,2,1,0,0,1,2,2,3,0,0,0,0,0,0,0,0,3,0,0,2,0,0,1,0,0,0,0,0,1
6780893,7,0,7,0,0,2,0,5,7,0,0,0,1,6,7,4,3,0,0,0,0,0,0,0,7,1,0,6,0,0,0,0,0,0,0,0,4
6783761,4,0,4,0,0,1,0,3,4,0,0,0,0,4,4,4,0,0,0,0,0,0,0,0,4,0,0,4,0,0,0,0,0,0,0,0,4
6787738,2,1,1,0,0,0,0,2,2,0,0,0,1,1,2,2,0,0,0,0,0,0,0,0,0,2,0,0,0,0,0,0,0,0,0,0,2
6792648,3,2,1,0,1,2,0,0,2,1,0,1,1,1,3,3,0,0,0,0,0,0,0,0,0,2,0,1,0,0,0,0,0,0,0,0,3
6793199,8,2,6,0,0,1,0,7,2,6,0,0,5,3,8,0,0,0,6,0,2,0,0,0,7,0,0,8,0,0,0,0,0,0,0,0,1
6797344,12,1,11,0,1,0,0,11,11,1,0,1,4,7,0,12,0,0,0,0,0,0,0,0,12,3,0,9,0,0,0,0,0,0,0,0,6
6803512,3,0,3,0,1,1,0,1,2,1,0,0,3,0,2,3,0,0,0,0,0,0,0,0,3,2,0,1,0,0,0,0,0,0,0,0,3
6805964,2,1,1,0,0,1,0,1,1,1,0,0,0,2,0,2,0,0,0,0,0,0,0,0,2,0,0,2,0,0,0,0,0,0,0,0,0
6814719,2,0,2,0,0,1,0,1,2,0,0,0,1,1,2,2,0,0,0,0,0,0,0,0,1,0,0,2,0,0,0,0,0,0,0,0,2
6814881,13,3,10,0,0,3,0,10,13,0,0,0,6,7,10,13,0,0,0,0,0,0,0,0,9,0,0,12,0,1,0,0,0,0,0,0,0
6816560,7,1,6,0,0,2,0,5,7,0,0,0,1,6,7,3,4,0,0,0,0,0,0,0,7,1,0,6,0,0,0,0,0,0,0,0,7
6832318,6,0,6,0,1,0,0,5,6,0,0,0,0,6,6,2,4,0,0,0,0,0,0,0,6,0,0,6,0,0,0,0,0,0,0,0,6
6834042,12,7,5,0,4,1,0,7,9,3,0,0,2,10,12,0,1,0,4,0,7,0,0,0,12,0,0,11,1,0,0,0,0,0,0,0,12
6838932,1,0,1,0,0,0,0,1,1,0,0,0,0,1,1,1,0,0,0,0,0,0,0,0,1,0,0,1,0,0,0,0,0,0,0,0,1
6847019,3,0,3,0,0,0,0,3,1,2,0,0,3,0,1,3,0,0,0,0,0,0,0,0,3,3,0,0,0,0,0,0,0,0,0,0,2
6847356,8,1,7,0,2,0,0,6,7,1,0,2,0,6,6,8,0,0,0,0,0,0,0,0,8,2,0,6,0,0,0,0,0,0,0,0,6
6848299,19,2,17,0,7,4,0,8,19,0,0,0,9,10,2,3,0,3,1,2,1,8,0,1,8,0,0,12,1,3,2,0,0,1,0,0,0
6864715,7,3,4,0,2,0,0,5,6,1,0,1,0,6,5,2,4,0,0,0,0,0,1,0,0,0,0,6,0,0,1,0,0,0,0,0,6
6868268,2,0,2,0,0,1,0,1,2,0,0,0,1,1,2,2,0,0,0,0,0,0,0,0,2,1,0,1,0,0,0,0,0,0,0,0,2
6871035,2,0,2,0,0,0,0,2,2,0,0,0,0,2,2,2,0,0,0,0,0,0,0,0,2,0,0,2,0,0,0,0,0,0,0,0,2
6873337,13,9,4,0,0,5,0,8,4,6,3,0,3,10,3,0,7,0,4,0,2,0,0,0,13,0,0,13,0,0,0,0,0,0,0,0,2
6882168,7,5,2,0,0,0,0,7,6,0,1,1,1,5,2,0,1,0,0,0,6,0,0,0,7,0,0,5,1,0,1,0,0,0,0,0,1
6885873,8,5,3,0,0,1,0,7,7,0,1,0,1,7,7,0,1,0,0,0,7,0,0,0,7,0,0,8,0,0,0,0,0,0,0,0,6
6886067,2,2,0,0,0,0,0,2,2,0,0,0,0,2,2,2,0,0,0,0,0,0,0,0,2,0,0,2,0,0,0,0,0,0,0,0,1
6886506,6,1,5,0,1,1,0,4,4,2,0,0,2,4,4,3,3,0,0,0,0,0,0,0,5,2,0,4,0,0,0,0,0,0,0,0,2
6889095,6,0,6,0,1,0,0,5,4,2,0,0,3,3,3,2,4,0,0,0,0,0,0,0,6,1,0,5,0,0,0,0,0,0,0,0,0
6893182,2,0,2,0,0,0,0,2,1,1,0,0,0,2,1,2,0,0,0,0,0,0,0,0,2,0,0,1,1,0,0,0,0,0,0,0,1
6895640,16,4,12,0,0,6,1,9,14,0,2,0,0,16,12,0,1,0,2,0,13,0,0,0,16,0,0,14,1,1,0,0,0,0,0,0,1
6896672,2,0,2,0,0,0,0,2,2,0,0,0,0,2,0,2,0,0,0,0,0,0,0,0,2,0,0,2,0,0,0,0,0,0,0,0,1
6905745,4,0,4,0,0,1,0,3,3,1,0,0,1,3,4,4,0,0,0,0,0,0,0,0,4,0,0,3,0,0,1,0,0,0,0,0,4
6909303,3,0,3,0,3,0,0,0,3,0,0,0,0,3,2,3,0,0,0,0,0,0,0,0,3,0,0,3,0,0,0,0,0,0,0,0,3
6911283,14,10,4,0,0,2,1,11,9,5,0,0,2,12,9,0,0,0,6,3,0,5,0,0,14,0,0,14,0,0,0,0,0,0,0,0,4
6939898,6,0,6,0,0,1,0,5,6,0,0,1,2,3,3,4,0,0,0,0,0,0,0,2,6,1,0,4,0,0,0,0,0,1,0,0,2
6941508,5,1,4,0,1,0,0,4,5,0,0,0,2,3,5,2,3,0,0,0,0,0,0,0,5,2,0,3,0,0,0,0,0,0,0,0,5
6946237,2,2,0,0,0,1,0,1,2,0,0,0,0,2,2,2,0,0,0,0,0,0,0,0,2,0,0,2,0,0,0,0,0,0,0,0,2
6950325,1,1,0,0,0,1,0,0,1,0,0,0,0,1,1,1,0,0,0,0,0,0,0,0,1,0,0,1,0,0,0,0,0,0,0,0,1
6952609,3,1,2,0,0,1,0,2,2,1,0,1,1,1,2,3,0,0,0,0,0,0,0,0,3,2,0,1,0,0,0,0,0,0,0,0,1
6955667,9,5,4,0,0,2,0,7,5,3,1,0,1,8,6,4,5,0,0,0,0,0,0,0,5,3,0,6,0,0,0,0,0,0,0,0,5
6959992,8,4,4,0,0,2,0,6,6,1,1,0,2,6,4,0,2,0,1,0,5,0,0,0,7,0,0,8,0,0,0,0,0,0,0,0,3
6966161,2,1,1,0,0,1,0,1,1,1,0,0,1,1,1,2,0,0,0,0,0,0,0,0,0,0,0,2,0,0,0,0,0,0,0,0,0
6976509,2,1,1,0,0,1,0,1,1,1,0,0,1,1,0,2,0,0,0,0,0,0,0,0,2,0,0,2,0,0,0,0,0,0,0,0,1
6982445,11,0,11,0,7,4,0,0,11,0,0,1,8,2,5,8,0,0,0,0,0,0,0,3,9,5,0,6,0,0,0,0,0,0,0,0,0
6986279,2,0,2,0,0,0,0,2,2,0,0,0,1,1,2,2,0,0,0,0,0,0,0,0,2,1,0,1,0,0,0,0,0,0,0,0,2
6987107,1,0,1,0,0,1,0,0,0,1,0,0,1,0,0,1,0,0,0,0,0,0,0,0,1,0,0,1,0,0,0,0,0,0,0,0,0
6990123,1,1,0,0,0,1,0,0,0,1,0,0,1,0,0,1,0,0,0,0,0,0,0,0,1,0,0,1,0,0,0,0,0,0,0,0,0
6991857,3,0,3,0,0,0,0,3,3,0,0,0,1,2,3,3,0,0,0,0,0,0,0,0,3,3,0,0,0,0,0,0,0,0,0,0,3
6994409,2,1,1,0,0,1,0,1,2,0,0,0,1,1,2,2,0,0,0,0,0,0,0,0,2,0,0,2,0,0,0,0,0,0,0,0,2
6996830,3,2,1,0,0,2,0,1,2,1,0,0,2,1,0,3,0,0,0,0,0,0,0,0,3,1,0,2,0,0,0,0,0,0,0,0,0
6999638,2,0,2,0,1,0,0,1,2,0,0,0,2,0,2,2,0,0,0,0,0,0,0,0,2,1,0,1,0,0,0,0,0,0,0,0,2
7006358,2,0,2,0,0,0,0,2,2,0,0,0,0,2,0,2,0,0,0,0,0,0,0,0,2,0,0,2,0,0,0,0,0,0,0,0,1
7010299,3,0,3,0,2,0,0,1,1,2,0,0,1,2,2,3,0,0,0,0,0,0,0,0,1,0,0,2,0,1,0,0,0,0,0,0,1
7017714,2,0,2,0,0,0,0,2,2,0,0,0,0,2,2,2,0,0,0,0,0,0,0,0,2,0,0,2,0,0,0,0,0,0,0,0,2
7020982,52,10,42,0,5,9,0,38,52,0,0,1,26,25,1,8,3,38,0,0,0,0,3,0,51,9,0,43,0,0,0,0,0,0,0,0,0
7021084,3,0,3,0,0,1,0,2,3,0,0,1,1,1,1,3,0,0,0,0,0,0,0,0,3,2,0,1,0,0,0,0,0,0,0,0,1
7025795,7,1,6,0,2,0,0,5,7,0,0,0,3,4,7,3,3,1,0,0,0,0,0,0,7,3,0,4,0,0,0,0,0,0,0,0,6
7028745,7,2,5,0,1,1,0,5,6,1,0,0,1,6,6,2,3,1,0,0,0,0,1,0,7,1,0,6,0,0,0,0,0,0,0,0,7
7040642,6,3,3,0,0,0,0,6,5,0,1,0,2,4,5,2,4,0,0,0,0,0,0,0,6,2,0,4,0,0,0,0,0,0,0,0,4
7049281,6,0,6,0,0,1,0,5,6,0,0,0,0,6,6,2,3,1,0,0,0,0,0,0,6,0,0,6,0,0,0,0,0,0,0,0,6
7051352,2,1,1,0,0,0,0,2,2,0,0,0,1,1,2,2,0,0,0,0,0,0,0,0,1,0,0,2,0,0,0,0,0,0,0,0,2
7059715,32,13,19,0,1,9,0,22,32,0,0,0,10,22,2,0,0,27,5,0,0,0,0,0,32,2,0,30,0,0,0,0,0,0,0,0,0
7069328,2,0,2,0,1,0,0,1,2,0,0,0,1,1,2,2,0,0,0,0,0,0,0,0,2,0,0,2,0,0,0,0,0,0,0,0,2
7069824,23,19,4,0,1,2,0,20,20,1,2,0,2,21,17,0,2,0,1,10,9,1,0,0,12,0,0,18,3,2,0,0,0,0,0,0,0
7071310,8,2,6,0,0,4,0,4,5,3,0,1,2,5,4,8,0,0,0,0,0,0,0,0,5,2,1,5,0,0,0,0,0,0,0,0,5
7076071,11,2,9,0,0,2,0,9,7,1,3,1,7,3,6,3,7,0,0,0,0,0,1,0,11,3,0,6,1,0,1,0,0,0,0,0,5
7076836,2,1,1,0,0,0,0,2,2,0,0,0,1,1,2,2,0,0,0,0,0,0,0,0,2,1,0,1,0,0,0,0,0,0,0,0,2
7088463,1,0,1,0,0,1,0,0,1,0,0,0,0,1,1,1,0,0,0,0,0,0,0,0,1,0,0,1,0,0,0,0,0,0,0,0,0
7097413,4,0,4,0,0,1,0,3,4,0,0,0,1,3,4,4,0,0,0,0,0,0,0,0,0,0,0,4,0,0,0,0,0,0,0,0,4
7105176,7,1,6,0,0,0,0,7,3,4,0,3,1,3,3,7,0,0,0,0,0,0,0,0,2,5,0,1,0,0,1,0,0,0,0,0,3
7106597,6,3,3,0,1,0,0,5,3,3,0,1,3,2,4,1,3,1,0,0,0,0,1,0,4,0,0,5,0,0,0,0,0,1,0,0,3
7111627,9,3,6,0,0,2,0,7,3,5,1,0,3,6,4,5,4,0,0,0,0,0,0,0,4,0,0,8,0,0,0,0,0,0,1,0,2
7115992,2,0,2,0,0,0,0,2,1,1,0,0,0,2,1,2,0,0,0,0,0,0,0,0,2,1,0,1,0,0,0,0,0,0,0,0,1
7117849,6,1,5,0,1,0,0,5,5,1,0,3,2,1,1,6,0,0,0,0,0,0,0,0,6,0,0,6,0,0,0,0,0,0,0,0,4
7118193,2,1,1,0,0,0,0,2,1,1,0,0,1,1,1,2,0,0,0,0,0,0,0,0,2,0,0,1,1,0,0,0,0,0,0,0,0
7123383,33,0,33,0,12,1,0,20,33,0,0,0,15,18,30,8,0,8,4,0,8,0,5,0,24,1,0,27,2,2,1,0,0,0,0,0,18
7124805,5,0,5,0,2,0,0,3,3,2,0,0,3,2,3,4,0,0,0,0,0,0,1,0,3,1,0,3,0,1,0,0,0,0,0,0,2
7126546,2,1,1,0,0,1,0,1,1,1,0,0,2,0,2,2,0,0,0,0,0,0,0,0,1,2,0,0,0,0,0,0,0,0,0,0,2
7126779,52,8,44,0,3,9,1,39,52,0,0,0,27,25,28,12,8,7,9,0,1,0,12,3,25,0,0,45,0,5,2,0,0,0,0,0,0
7129594,10,1,9,0,2,3,0,5,8,0,2,0,1,9,5,4,6,0,0,0,0,0,0,0,10,1,0,9,0,0,0,0,0,0,0,0,5
7133141,3,1,2,0,1,1,0,1,1,2,0,0,1,2,1,3,0,0,0,0,0,0,0,0,3,2,0,1,0,0,0,0,0,0,0,0,1
7149271,3,1,2,0,0,1,0,2,3,0,0,0,0,3,2,0,0,0,2,1,0,0,0,0,1,0,0,3,0,0,0,0,0,0,0,0,0
7164591,14,0,14,0,0,5,0,9,9,5,0,0,8,6,2,14,0,0,0,0,0,0,0,0,9,3,0,11,0,0,0,0,0,0,0,0,1
7164676,145,13,132,0,34,11,0,100,145,0,0,0,63,82,144,48,24,19,4,9,11,3,27,0,105,1,4,79,0,28,32,0,0,1,0,0,5
7165476,11,7,4,0,2,3,0,6,4,4,3,0,5,6,2,0,4,0,4,0,3,0,0,0,10,0,0,11,0,0,0,0,0,0,0,0,0
7170787,32,5,27,0,15,2,0,15,3,29,0,0,6,26,10,14,8,3,0,0,0,0,7,0,8,0,0,29,0,0,3,0,0,0,0,0,10
7176721,15,7,8,0,0,5,0,10,11,1,3,0,2,13,3,0,1,0,2,4,1,7,0,0,14,0,0,12,3,0,0,0,0,0,0,0,0
7181551,3,2,1,0,0,1,0,2,3,0,0,0,1,2,3,3,0,0,0,0,0,0,0,0,3,1,0,2,0,0,0,0,0,0,0,0,3
7184450,2,0,2,0,0,0,0,2,2,0,0,1,0,1,2,2,0,0,0,0,0,0,0,0,0,2,0,0,0,0,0,0,0,0,0,0,2
7188755,2,0,2,0,1,0,0,1,1,0,1,0,0,2,2,2,0,0,0,0,0,0,0,0,1,1,0,1,0,0,0,0,0,0,0,0,2
7190243,1,0,1,0,0,0,0,1,0,1,0,0,1,0,0,1,0,0,0,0,0,0,0,0,0,1,0,0,0,0,0,0,0,0,0,0,0
7191894,5,3,2,0,0,1,0,4,4,1,0,0,0,5,3,0,0,0,5,0,0,0,0,0,5,0,0,5,0,0,0,0,0,0,0,0,4
7196741,6,2,4,0,1,0,0,5,6,0,0,0,2,4,6,3,3,0,0,0,0,0,0,0,6,2,0,4,0,0,0,0,0,0,0,0,6
7204665,2,0,2,0,0,0,0,2,2,0,0,0,0,2,2,2,0,0,0,0,0,0,0,0,2,2,0,0,0,0,0,0,0,0,0,0,2
7209148,2,0,2,0,1,0,0,1,2,0,0,0,1,1,2,2,0,0,0,0,0,0,0,0,1,0,0,1,0,1,0,0,0,0,0,0,1
7209842,3,0,3,0,0,0,0,3,2,1,0,0,2,1,1,3,0,0,0,0,0,0,0,0,3,1,0,2,0,0,0,0,0,0,0,0,1
7210326,7,2,5,0,1,0,0,6,7,0,0,0,1,6,7,3,4,0,0,0,0,0,0,0,7,1,0,5,1,0,0,0,0,0,0,0,7
7210498,2,1,1,0,0,0,0,2,2,0,0,0,2,0,0,2,0,0,0,0,0,0,0,0,2,2,0,0,0,0,0,0,0,0,0,0,2
7213915,2,0,2,0,0,1,0,1,1,1,0,0,1,1,1,2,0,0,0,0,0,0,0,0,2,0,0,2,0,0,0,0,0,0,0,0,1
7221642,11,10,1,0,0,1,0,10,11,0,0,0,0,11,10,0,0,0,0,11,0,0,0,0,11,0,0,1,10,0,0,0,0,0,0,0,10
7225427,4,2,2,0,1,1,0,2,3,1,0,2,1,1,4,4,0,0,0,0,0,0,0,0,2,2,0,1,0,0,0,0,0,1,0,0,2
7228769,7,1,6,0,0,0,0,7,5,2,0,0,1,6,5,2,4,0,0,0,0,0,1,0,7,1,0,6,0,0,0,0,0,0,0,0,5
7229178,2,1,1,0,0,0,0,2,2,0,0,0,0,2,2,2,0,0,0,0,0,0,0,0,2,0,0,2,0,0,0,0,0,0,0,0,2
7229322,4,2,2,0,0,1,0,3,1,3,0,1,1,2,1,3,0,0,0,0,0,0,1,0,4,0,0,2,0,1,0,0,0,1,0,0,0
7232927,6,1,5,0,0,0,0,6,6,0,0,0,0,6,6,3,3,0,0,0,0,0,0,0,6,1,0,4,1,0,0,0,0,0,0,0,5
7244365,2,0,2,0,0,0,0,2,1,1,0,0,2,0,1,2,0,0,0,0,0,0,0,0,2,1,0,1,0,0,0,0,0,0,0,0,1
7250936,6,2,4,0,0,3,0,3,5,1,0,0,1,5,5,2,4,0,0,0,0,0,0,0,6,1,0,5,0,0,0,0,0,0,0,0,6
7262050,7,5,2,0,0,6,0,1,5,2,0,0,1,6,5,0,0,0,1,0,6,0,0,0,6,0,0,6,1,0,0,0,0,0,0,0,3
7263095,3,1,2,0,0,0,0,3,2,1,0,0,1,2,0,3,0,0,0,0,0,0,0,0,2,1,0,2,0,0,0,0,0,0,0,0,0
7266639,1,0,1,0,0,0,0,1,0,1,0,0,0,1,0,1,0,0,0,0,0,0,0,0,1,0,0,1,0,0,0,0,0,0,0,0,0
7273657,7,0,7,0,1,3,0,3,5,2,0,1,3,3,5,7,0,0,0,0,0,0,0,0,7,2,0,4,0,0,0,0,0,1,0,0,3
7274283,66,16,50,0,6,8,0,52,66,0,0,0,34,32,61,0,0,44,4,3,5,10,0,0,66,4,0,54,2,1,0,0,0,5,0,0,65
7276886,2,0,2,0,0,1,0,1,2,0,0,1,0,1,2,2,0,0,0,0,0,0,0,0,2,1,0,1,0,0,0,0,0,0,0,0,2
7284863,2,0,2,0,0,0,0,2,2,0,0,0,2,0,2,2,0,0,0,0,0,0,0,0,2,1,0,1,0,0,0,0,0,0,0,0,1
7289472,45,5,40,0,0,6,0,39,45,0,0,0,36,9,31,4,26,4,8,0,0,2,0,1,45,2,0,43,0,0,0,0,0,0,0,0,43
7291479,2,0,2,0,0,0,0,2,2,0,0,0,1,1,2,2,0,0,0,0,0,0,0,0,2,0,0,2,0,0,0,0,0,0,0,0,1
7294101,3,1,2,0,0,0,0,3,3,0,0,0,1,2,3,3,0,0,0,0,0,0,0,0,3,1,0,2,0,0,0,0,0,0,0,0,3
7300834,1,1,0,0,0,0,0,1,1,0,0,0,0,1,1,1,0,0,0,0,0,0,0,0,0,0,0,1,0,0,0,0,0,0,0,0,1
7305312,6,3,3,0,0,2,0,4,6,0,0,0,1,5,1,3,0,0,0,0,0,0,0,3,2,0,0,6,0,0,0,0,0,0,0,0,1
7313823,2,1,1,0,0,0,0,2,2,0,0,0,1,1,1,2,0,0,0,0,0,0,0,0,2,2,0,0,0,0,0,0,0,0,0,0,0
7319298,19,14,5,0,0,5,0,14,10,8,1,1,2,16,7,0,1,0,5,6,6,1,0,0,19,0,0,16,2,1,0,0,0,0,0,0,3
7320477,2,1,1,0,0,0,0,2,1,1,0,0,0,2,1,2,0,0,0,0,0,0,0,0,1,1,0,1,0,0,0,0,0,0,0,0,1
7325213,10,0,10,0,0,0,0,10,10,0,0,0,6,4,6,2,2,1,5,0,0,0,0,0,10,2,0,8,0,0,0,0,0,0,0,0,4
7325839,2,1,1,0,0,0,0,2,2,0,0,0,0,2,2,2,0,0,0,0,0,0,0,0,0,0,0,2,0,0,0,0,0,0,0,0,1
7326314,6,3,3,0,0,1,0,5,1,5,0,0,3,3,1,6,0,0,0,0,0,0,0,0,4,5,0,0,0,0,0,0,0,1,0,0,2
7336514,2,0,2,0,0,1,0,1,1,1,0,0,1,1,1,2,0,0,0,0,0,0,0,0,2,0,0,1,0,1,0,0,0,0,0,0,0
7341654,10,7,3,0,0,2,0,8,8,0,2,0,2,8,8,0,2,0,0,0,8,0,0,0,10,0,0,9,0,1,0,0,0,0,0,0,2
7341735,5,2,3,0,0,2,0,3,5,0,0,0,1,4,5,2,3,0,0,0,0,0,0,0,5,0,0,5,0,0,0,0,0,0,0,0,4
7353499,3,1,2,0,1,1,0,1,2,1,0,0,3,0,1,3,0,0,0,0,0,0,0,0,3,3,0,0,0,0,0,0,0,0,0,0,1
7355285,138,47,91,0,7,13,0,118,138,0,0,0,37,101,108,13,11,23,23,42,0,1,18,7,28,5,0,104,10,9,7,0,0,2,0,1,16
7366254,3,2,1,0,0,2,0,1,2,1,0,0,1,2,1,3,0,0,0,0,0,0,0,0,3,1,0,2,0,0,0,0,0,0,0,0,1
7368743,3,1,2,0,0,0,0,3,1,2,0,0,2,1,3,3,0,0,0,0,0,0,0,0,3,0,0,2,0,1,0,0,0,0,0,0,1
7374441,11,5,6,0,0,1,0,10,11,0,0,0,2,9,4,0,4,0,0,7,0,0,0,0,11,0,0,10,1,0,0,0,0,0,0,0,5
7375723,7,5,2,0,0,0,0,7,7,0,0,0,2,5,6,5,1,1,0,0,0,0,0,0,7,0,0,6,1,0,0,0,0,0,0,0,6
7377253,58,8,50,0,24,2,0,32,58,0,0,0,28,30,57,15,1,2,26,0,3,1,9,1,42,0,0,48,0,1,9,0,0,0,0,0,3
7377370,2,1,1,0,1,1,0,0,1,1,0,1,0,1,1,2,0,0,0,0,0,0,0,0,2,2,0,0,0,0,0,0,0,0,0,0,1
7382106,7,0,7,0,0,1,0,6,7,0,0,0,3,4,2,6,0,0,0,0,0,0,1,0,7,0,0,6,0,1,0,0,0,0,0,0,1
7397753,7,1,6,0,0,0,0,7,5,2,0,0,3,4,5,2,4,1,0,0,0,0,0,0,7,0,0,6,0,0,0,1,0,0,0,0,5
7402325,4,1,3,0,1,1,0,2,4,0,0,0,0,4,4,4,0,0,0,0,0,0,0,0,4,1,0,3,0,0,0,0,0,0,0,0,4
7404318,32,7,25,0,17,1,0,14,32,0,0,0,6,26,19,9,2,1,9,7,2,2,0,0,32,0,0,25,7,0,0,0,0,0,0,0,2
7415818,4,0,4,0,1,0,0,3,1,3,0,0,3,1,2,2,2,0,0,0,0,0,0,0,4,0,0,4,0,0,0,0,0,0,0,0,0
7417787,2,0,2,0,0,0,0,2,2,0,0,1,1,0,2,2,0,0,0,0,0,0,0,0,0,2,0,0,0,0,0,0,0,0,0,0,2
7425964,16,4,12,0,2,2,0,12,8,5,3,1,6,9,7,0,4,0,3,0,9,0,0,0,11,0,0,13,0,0,3,0,0,0,0,0,1
7426023,8,2,6,0,0,0,0,8,6,2,0,0,2,6,6,4,3,0,0,0,0,0,1,0,6,1,0,5,1,0,1,0,0,0,0,0,0
7428093,2,1,1,0,0,0,0,2,2,0,0,0,1,1,2,2,0,0,0,0,0,0,0,0,2,1,0,1,0,0,0,0,0,0,0,0,1
7443417,2,0,2,0,0,0,0,2,2,0,0,0,1,1,2,2,0,0,0,0,0,0,0,0,2,1,0,1,0,0,0,0,0,0,0,0,2
7446147,3,2,1,0,0,0,0,3,2,1,0,0,1,2,3,3,0,0,0,0,0,0,0,0,2,1,0,2,0,0,0,0,0,0,0,0,3
7454295,2,1,1,0,0,0,0,2,2,0,0,0,0,2,1,2,0,0,0,0,0,0,0,0,0,0,0,2,0,0,0,0,0,0,0,0,1
7466035,2,1,1,0,1,0,0,1,1,1,0,0,1,1,1,2,0,0,0,0,0,0,0,0,2,1,0,1,0,0,0,0,0,0,0,0,1
7467705,2,0,2,0,0,0,0,2,2,0,0,0,0,2,2,2,0,0,0,0,0,0,0,0,1,0,0,2,0,0,0,0,0,0,0,0,2
7471605,18,4,14,0,1,3,0,14,17,1,0,0,1,17,4,2,0,5,2,2,4,3,0,0,15,1,1,16,0,0,0,0,0,0,0,0,0
7473947,2,1,1,0,1,0,0,1,2,0,0,1,0,1,0,2,0,0,0,0,0,0,0,0,2,1,0,1,0,0,0,0,0,0,0,0,0
7475969,2,0,2,0,0,0,0,2,2,0,0,0,0,2,0,2,0,0,0,0,0,0,0,0,0,0,0,2,0,0,0,0,0,0,0,0,0
7478071,10,5,5,0,4,1,0,5,9,0,1,1,2,7,9,0,2,0,2,0,6,0,0,0,10,0,0,10,0,0,0,0,0,0,0,0,5
7485498,5,0,5,0,0,0,0,5,5,0,0,1,2,2,2,5,0,0,0,0,0,0,0,0,5,0,0,1,0,0,4,0,0,0,0,0,1
7487302,3,0,3,0,0,0,0,3,2,1,0,0,1,2,2,3,0,0,0,0,0,0,0,0,2,1,0,2,0,0,0,0,0,0,0,0,2
7492434,3,0,3,0,0,1,0,2,1,2,0,0,2,1,0,3,0,0,0,0,0,0,0,0,3,2,0,1,0,0,0,0,0,0,0,0,1
7495833,2,1,1,0,0,1,0,1,2,0,0,0,1,1,1,2,0,0,0,0,0,0,0,0,2,1,0,1,0,0,0,0,0,0,0,0,0
7498632,103,24,79,0,1,14,0,88,99,1,3,4,2,97,99,0,15,0,28,43,14,3,0,0,101,1,0,87,10,4,0,1,0,0,0,0,102
7501809,4,0,4,0,1,0,0,3,4,0,0,0,1,3,4,4,0,0,0,0,0,0,0,0,4,1,0,3,0,0,0,0,0,0,0,0,4
7508040,2,1,1,0,0,1,0,1,2,0,0,0,0,2,1,2,0,0,0,0,0,0,0,0,2,0,0,2,0,0,0,0,0,0,0,0,2
7513830,7,2,5,0,0,0,0,7,5,2,0,0,4,3,5,2,4,0,0,0,0,0,1,0,7,1,0,5,0,0,0,0,0,0,1,0,5
7521177,4,1,3,0,0,1,0,3,1,3,0,0,2,2,1,1,3,0,0,0,0,0,0,0,1,0,0,4,0,0,0,0,0,0,0,0,0
7527015,2,0,2,0,0,0,0,2,1,1,0,0,1,1,1,2,0,0,0,0,0,0,0,0,1,1,0,0,0,0,1,0,0,0,0,0,1
7528180,42,33,9,0,1,5,0,36,32,10,0,0,3,39,22,0,1,0,10,19,12,0,0,0,40,0,0,38,4,0,0,0,0,0,0,0,6
7555208,4,1,3,0,0,2,0,2,1,3,0,0,2,2,4,4,0,0,0,0,0,0,0,0,1,0,0,3,0,1,0,0,0,0,0,0,1
7562032,2,1,1,0,0,1,0,1,1,1,0,0,1,1,2,2,0,0,0,0,0,0,0,0,2,0,0,2,0,0,0,0,0,0,0,0,1
7563009,2,0,2,0,1,0,0,1,2,0,0,0,0,2,2,2,0,0,0,0,0,0,0,0,2,0,0,2,0,0,0,0,0,0,0,0,2
7563991,3,0,3,0,0,0,0,3,0,3,0,0,1,2,0,0,2,1,0,0,0,0,0,0,3,1,0,2,0,0,0,0,0,0,0,0,0
7569619,3,0,3,0,0,0,0,3,3,0,0,0,0,3,1,3,0,0,0,0,0,0,0,0,3,0,0,3,0,0,0,0,0,0,0,0,1
7570109,5,0,5,0,0,1,0,4,5,0,0,0,2,3,5,5,0,0,0,0,0,0,0,0,5,0,0,5,0,0,0,0,0,0,0,0,5
7572568,2,1,1,0,0,0,0,2,2,0,0,0,0,2,2,2,0,0,0,0,0,0,0,0,2,0,0,2,0,0,0,0,0,0,0,0,2
7576582,11,5,6,0,0,2,0,9,6,3,2,0,4,7,7,2,7,1,0,0,0,0,1,0,11,0,0,9,0,1,0,0,1,0,0,0,6
7577217,2,0,2,0,0,1,0,1,1,1,0,0,1,1,2,2,0,0,0,0,0,0,0,0,2,1,0,0,0,0,0,0,0,1,0,0,2
7577271,6,1,5,0,0,2,0,4,2,4,0,0,3,3,3,3,1,2,0,0,0,0,0,0,1,2,0,4,0,0,0,0,0,0,0,0,0
7577986,20,17,3,0,4,5,1,10,17,2,1,1,3,16,19,0,1,0,9,9,1,0,0,0,20,1,0,19,0,0,0,0,0,0,0,0,6
7600157,7,6,1,0,0,3,0,4,6,1,0,0,0,7,7,0,0,0,2,0,5,0,0,0,6,0,0,6,1,0,0,0,0,0,0,0,6
7600415,6,1,5,0,0,0,0,6,5,1,0,0,1,5,6,2,0,4,0,0,0,0,0,0,6,0,0,6,0,0,0,0,0,0,0,0,4
7605588,1,0,1,0,0,0,0,1,1,0,0,0,0,1,1,1,0,0,0,0,0,0,0,0,1,0,0,1,0,0,0,0,0,0,0,0,1
7615250,1,1,0,0,0,1,0,0,1,0,0,0,1,0,1,1,0,0,0,0,0,0,0,0,1,1,0,0,0,0,0,0,0,0,0,0,1
7616025,3,3,0,0,1,2,0,0,3,0,0,1,0,2,3,3,0,0,0,0,0,0,0,0,2,1,0,2,0,0,0,0,0,0,0,0,3
7625466,5,0,5,0,2,1,0,2,4,1,0,0,0,5,4,5,0,0,0,0,0,0,0,0,4,3,0,2,0,0,0,0,0,0,0,0,4
7628332,2,0,2,0,0,1,0,1,1,1,0,0,2,0,1,2,0,0,0,0,0,0,0,0,2,0,0,2,0,0,0,0,0,0,0,0,2
7629315,5,5,0,0,0,2,0,3,3,1,1,0,2,3,3,0,0,0,0,0,5,0,0,0,5,0,0,5,0,0,0,0,0,0,0,0,2
7633684,2,0,2,0,0,1,0,1,1,1,0,0,1,1,1,2,0,0,0,0,0,0,0,0,2,1,0,1,0,0,0,0,0,0,0,0,1
7641626,7,5,2,0,1,2,0,4,6,1,0,0,3,4,1,3,4,0,0,0,0,0,0,0,7,2,0,5,0,0,0,0,0,0,0,0,6
7644034,5,2,3,0,1,1,0,3,5,0,0,1,1,3,5,5,0,0,0,0,0,0,0,0,5,1,0,4,0,0,0,0,0,0,0,0,5
7644750,9,5,4,0,2,0,0,7,6,3,0,0,4,5,7,3,4,1,0,0,0,0,1,0,6,0,0,7,0,0,2,0,0,0,0,0,6
7645221,8,0,8,0,0,0,0,8,8,0,0,0,4,4,8,8,0,0,0,0,0,0,0,0,8,8,0,0,0,0,0,0,0,0,0,0,6
7648291,1,0,1,0,0,0,0,1,0,1,0,0,1,0,0,1,0,0,0,0,0,0,0,0,1,0,0,1,0,0,0,0,0,0,0,0,0
7653462,14,2,12,0,2,2,0,10,11,1,2,0,1,13,9,0,2,0,2,0,10,0,0,0,0,0,0,13,0,1,0,0,0,0,0,0,9
7665529,2,1,1,0,1,1,0,0,1,1,0,0,1,1,1,2,0,0,0,0,0,0,0,0,0,1,0,0,0,0,1,0,0,0,0,0,1
7671386,3,2,1,0,0,1,0,2,2,1,0,0,0,3,3,3,0,0,0,0,0,0,0,0,3,0,0,3,0,0,0,0,0,0,0,0,3
7677207,3,0,3,0,0,0,0,3,3,0,0,0,1,2,2,3,0,0,0,0,0,0,0,0,3,2,0,1,0,0,0,0,0,0,0,0,3
7688821,12,5,7,0,0,4,0,8,8,1,3,0,3,9,7,0,4,0,1,0,7,0,0,0,11,0,0,9,0,3,0,0,0,0,0,0,7
7696125,5,4,1,0,0,1,0,4,5,0,0,0,0,5,5,2,3,0,0,0,0,0,0,0,3,0,0,5,0,0,0,0,0,0,0,0,3
7707518,2,0,2,0,0,0,0,2,2,0,0,0,2,0,2,2,0,0,0,0,0,0,0,0,2,1,0,1,0,0,0,0,0,0,0,0,2
7708229,2,1,1,0,0,0,0,2,2,0,0,0,0,2,2,2,0,0,0,0,0,0,0,0,0,0,0,2,0,0,0,0,0,0,0,0,2
7709982,3,1,2,0,0,1,0,2,3,0,0,0,0,3,2,3,0,0,0,0,0,0,0,0,3,0,0,3,0,0,0,0,0,0,0,0,1
7717356,8,1,7,0,0,0,0,8,8,0,0,1,3,4,8,4,3,1,0,0,0,0,0,0,8,4,0,4,0,0,0,0,0,0,0,0,8
7718085,2,0,2,0,0,0,0,2,2,0,0,0,2,0,0,2,0,0,0,0,0,0,0,0,2,0,0,2,0,0,0,0,0,0,0,0,0
7726712,2,0,2,0,0,0,0,2,2,0,0,0,0,2,1,2,0,0,0,0,0,0,0,0,2,1,0,1,0,0,0,0,0,0,0,0,0
7732328,2,1,1,0,1,0,0,1,2,0,0,0,1,1,1,2,0,0,0,0,0,0,0,0,2,1,0,1,0,0,0,0,0,0,0,0,2
7734990,8,3,5,0,0,3,0,5,7,1,0,0,2,6,8,2,4,1,0,0,0,0,1,0,8,1,0,7,0,0,0,0,0,0,0,0,8
7737443,6,2,4,0,0,0,0,6,4,2,0,1,2,3,4,3,3,0,0,0,0,0,0,0,5,0,0,5,0,0,0,0,0,1,0,0,4
7741810,3,0,3,0,0,0,0,3,3,0,0,0,0,3,3,3,0,0,0,0,0,0,0,0,3,0,0,3,0,0,0,0,0,0,0,0,3
7752450,21,8,13,0,0,2,0,19,18,0,3,0,1,20,17,0,0,0,9,11,0,1,0,0,21,1,0,16,3,1,0,0,0,0,0,0,0
7755307,3,2,1,0,0,1,0,2,3,0,0,0,1,2,3,3,0,0,0,0,0,0,0,0,3,0,0,3,0,0,0,0,0,0,0,0,3
7755372,3,0,3,0,0,0,0,3,1,2,0,0,2,1,1,3,0,0,0,0,0,0,0,0,3,0,0,3,0,0,0,0,0,0,0,0,1
7757205,25,13,12,0,0,1,1,23,21,2,2,2,0,23,18,0,2,0,9,10,4,0,0,0,4,0,0,18,4,2,0,0,0,0,1,0,2
7765036,3,1,2,0,0,0,0,3,1,2,0,0,3,0,3,3,0,0,0,0,0,0,0,0,3,1,0,2,0,0,0,0,0,0,0,0,1
7773730,7,2,5,0,3,0,0,4,6,1,0,0,2,5,6,2,4,1,0,0,0,0,0,0,6,1,0,5,1,0,0,0,0,0,0,0,6
7780960,2,1,1,0,0,0,0,2,2,0,0,1,0,1,2,2,0,0,0,0,0,0,0,0,2,1,0,1,0,0,0,0,0,0,0,0,2
7793924,6,0,6,0,0,0,0,6,6,0,0,0,5,1,2,5,0,0,0,0,0,0,0,1,4,2,0,0,0,0,1,0,0,3,0,0,1
7796170,14,9,5,0,0,1,0,13,2,11,1,0,4,10,5,0,2,0,1,0,11,0,0,0,13,0,0,14,0,0,0,0,0,0,0,0,2
7804788,3,0,3,0,0,1,0,2,2,1,0,0,1,2,3,3,0,0,0,0,0,0,0,0,3,0,0,3,0,0,0,0,0,0,0,0,0
7806644,2,1,1,0,0,0,0,2,2,0,0,0,1,1,2,2,0,0,0,0,0,0,0,0,2,1,0,1,0,0,0,0,0,0,0,0,2
7808361,177,9,168,0,79,8,0,90,176,1,0,2,68,107,168,64,14,15,27,19,12,14,12,0,126,9,0,133,5,16,2,0,1,11,0,0,22
7810989,3,1,2,0,0,1,0,2,2,1,0,0,3,0,3,3,0,0,0,0,0,0,0,0,3,1,0,2,0,0,0,0,0,0,0,0,2
7817521,2,1,1,0,0,1,0,1,2,0,0,0,0,2,2,2,0,0,0,0,0,0,0,0,2,0,0,2,0,0,0,0,0,0,0,0,2
7817676,7,3,4,0,0,2,0,5,5,2,0,0,0,7,5,0,0,0,3,0,4,0,0,0,7,0,0,7,0,0,0,0,0,0,0,0,5
7819273,9,6,3,0,0,4,0,5,9,0,0,0,0,9,3,0,0,0,2,0,7,0,0,0,4,0,0,9,0,0,0,0,0,0,0,0,2
7820066,2,0,2,0,0,1,0,1,2,0,0,0,1,1,2,2,0,0,0,0,0,0,0,0,2,1,0,1,0,0,0,0,0,0,0,0,2
7822447,3,1,2,0,0,1,0,2,1,2,0,0,1,2,2,3,0,0,0,0,0,0,0,0,3,1,0,2,0,0,0,0,0,0,0,0,1
7823312,8,4,4,0,0,2,0,6,4,4,0,0,2,6,2,0,0,0,2,0,6,0,0,0,8,0,0,8,0,0,0,0,0,0,0,0,1
7825449,3,1,2,0,0,1,0,2,2,1,0,1,2,0,2,3,0,0,0,0,0,0,0,0,3,1,0,1,0,0,1,0,0,0,0,0,2
7834410,3,0,3,0,0,2,0,1,2,1,0,2,1,0,3,3,0,0,0,0,0,0,0,0,3,3,0,0,0,0,0,0,0,0,0,0,2
7840056,2,0,2,0,1,0,0,1,1,1,0,0,1,1,1,2,0,0,0,0,0,0,0,0,2,2,0,0,0,0,0,0,0,0,0,0,0
7857230,4,0,4,0,0,1,0,3,4,0,0,0,0,4,4,4,0,0,0,0,0,0,0,0,4,0,0,4,0,0,0,0,0,0,0,0,4
7865025,2,0,2,0,0,0,0,2,2,0,0,0,1,1,2,2,0,0,0,0,0,0,0,0,2,0,0,2,0,0,0,0,0,0,0,0,1
7865332,1,1,0,0,0,0,0,1,1,0,0,0,0,1,1,1,0,0,0,0,0,0,0,0,1,0,0,1,0,0,0,0,0,0,0,0,1
7871505,2,0,2,0,1,0,0,1,2,0,0,0,1,1,1,2,0,0,0,0,0,0,0,0,2,0,0,2,0,0,0,0,0,0,0,0,0
7888518,2,0,2,0,0,1,0,1,2,0,0,1,0,1,2,2,0,0,0,0,0,0,0,0,2,1,0,1,0,0,0,0,0,0,0,0,2
7889933,2,0,2,0,0,0,0,2,2,0,0,0,1,1,1,2,0,0,0,0,0,0,0,0,2,0,0,2,0,0,0,0,0,0,0,0,1
7890560,6,3,3,0,0,0,0,6,6,0,0,0,0,6,0,2,4,0,0,0,0,0,0,0,6,0,0,6,0,0,0,0,0,0,0,0,0
7902671,2,1,1,0,0,0,0,2,2,0,0,1,1,0,2,2,0,0,0,0,0,0,0,0,2,1,0,1,0,0,0,0,0,0,0,0,1
7903514,2,0,2,0,0,0,0,2,2,0,0,0,1,1,2,2,0,0,0,0,0,0,0,0,2,0,0,2,0,0,0,0,0,0,0,0,2
7915987,2,0,2,0,0,0,0,2,2,0,0,0,0,2,2,2,0,0,0,0,0,0,0,0,2,0,0,2,0,0,0,0,0,0,0,0,2
7926533,6,5,1,0,0,2,0,4,6,0,0,0,3,3,6,0,0,0,1,0,5,0,0,0,6,0,0,6,0,0,0,0,0,0,0,0,6
7930523,7,1,6,0,1,0,0,6,7,0,0,1,2,4,5,7,0,0,0,0,0,0,0,0,2,3,0,4,0,0,0,0,0,0,0,0,7
7934552,0,0,0,0,0,0,0,0,0,0,0,0,0,0,0,0,0,0,0,0,0,0,0,0,0,0,0,0,0,0,0,0,0,0,0,0,0
7941077,4,3,1,0,0,0,0,4,3,1,0,0,2,2,3,0,0,0,0,0,4,0,0,0,4,0,0,4,0,0,0,0,0,0,0,0,3
7941503,30,15,15,0,0,3,0,27,20,7,3,0,6,24,15,0,1,0,0,9,19,1,0,0,27,0,0,23,5,2,0,0,0,0,0,0,16
7942026,6,1,5,0,0,1,0,5,6,0,0,0,1,5,6,6,0,0,0,0,0,0,0,0,5,1,0,5,0,0,0,0,0,0,0,0,6
7951009,14,5,9,0,0,1,0,13,10,1,3,1,3,10,7,6,6,2,0,0,0,0,0,0,11,5,0,8,1,0,0,0,0,0,0,0,4
7953530,2,1,1,0,0,2,0,0,2,0,0,0,1,1,2,2,0,0,0,0,0,0,0,0,1,1,0,1,0,0,0,0,0,0,0,0,2
7955996,3,0,3,0,1,0,0,2,3,0,0,0,3,0,2,3,0,0,0,0,0,0,0,0,3,1,0,1,0,1,0,0,0,0,0,0,0
7962044,2,2,0,0,0,1,0,1,1,1,0,0,2,0,1,2,0,0,0,0,0,0,0,0,2,1,0,1,0,0,0,0,0,0,0,0,2
7973523,2,0,2,0,0,1,0,1,1,1,0,0,1,1,1,2,0,0,0,0,0,0,0,0,0,1,0,1,0,0,0,0,0,0,0,0,1
7979702,2,1,1,0,0,0,0,2,2,0,0,0,0,2,2,2,0,0,0,0,0,0,0,0,1,0,0,2,0,0,0,0,0,0,0,0,2
7982744,6,1,5,0,0,0,0,6,6,0,0,0,3,3,6,3,3,0,0,0,0,0,0,0,6,2,0,4,0,0,0,0,0,0,0,0,6
7982824,7,0,7,0,2,0,0,5,6,0,1,1,3,3,4,6,0,0,0,0,0,0,1,0,3,1,0,3,1,0,1,1,0,0,0,0,0
7991141,4,1,3,0,1,0,0,3,2,2,0,0,1,3,2,4,0,0,0,0,0,0,0,0,2,1,0,3,0,0,0,0,0,0,0,0,2
8007297,3,2,1,0,1,1,0,1,3,0,0,1,0,2,2,3,0,0,0,0,0,0,0,0,1,1,0,2,0,0,0,0,0,0,0,0,2
8011657,3,2,1,0,1,0,0,2,3,0,0,0,1,2,3,1,2,0,0,0,0,0,0,0,2,0,0,3,0,0,0,0,0,0,0,0,3
8019306,2,0,2,0,0,1,0,1,1,1,0,0,1,1,1,2,0,0,0,0,0,0,0,0,0,0,0,2,0,0,0,0,0,0,0,0,1
8023893,25,15,10,0,0,3,0,22,22,1,2,1,1,23,19,0,3,0,7,10,3,2,0,0,17,0,0,17,6,2,0,0,0,0,0,0,19
8024100,4,1,3,0,0,3,0,1,4,0,0,1,0,3,4,4,0,0,0,0,0,0,0,0,4,1,0,3,0,0,0,0,0,0,0,0,4
8024821,57,25,32,0,5,6,0,46,43,14,0,0,13,44,9,2,0,14,36,1,2,2,0,0,57,0,0,55,1,1,0,0,0,0,0,0,2
8030027,0,0,0,0,0,0,0,0,0,0,0,0,0,0,0,0,0,0,0,0,0,0,0,0,0,0,0,0,0,0,0,0,0,0,0,0,0
8036084,6,4,2,0,0,2,0,4,6,0,0,1,0,5,6,3,2,1,0,0,0,0,0,0,6,1,0,5,0,0,0,0,0,0,0,0,4
8040071,54,1,53,0,8,0,0,46,53,1,0,2,23,29,49,15,9,9,7,0,9,0,4,1,15,0,0,42,2,1,8,0,0,0,0,1,26
8054882,7,1,6,0,4,0,0,3,7,0,0,4,2,1,0,7,0,0,0,0,0,0,0,0,7,0,0,7,0,0,0,0,0,0,0,0,3
8057464,2,2,0,0,0,0,0,2,2,0,0,0,0,2,0,2,0,0,0,0,0,0,0,0,2,1,0,1,0,0,0,0,0,0,0,0,1
8058313,15,7,8,0,1,3,0,11,10,2,3,1,2,12,10,0,5,0,2,0,8,0,0,0,15,0,0,13,0,2,0,0,0,0,0,0,9
8063589,3,0,3,0,0,0,0,3,3,0,0,0,0,3,3,3,0,0,0,0,0,0,0,0,3,0,0,3,0,0,0,0,0,0,0,0,3
8067355,10,1,9,0,2,4,0,4,10,0,0,0,2,8,7,2,1,1,2,0,3,0,1,0,4,0,0,8,0,1,1,0,0,0,0,0,1
8069127,22,9,13,0,0,3,0,19,19,0,3,2,1,19,11,0,1,0,0,9,11,1,0,0,21,3,0,16,3,0,0,0,0,0,0,0,5
8070062,3,2,1,0,0,1,0,2,3,0,0,0,1,2,3,3,0,0,0,0,0,0,0,0,3,3,0,0,0,0,0,0,0,0,0,0,1
8073716,10,0,10,0,0,1,0,9,2,8,0,0,3,7,8,9,0,0,0,0,0,0,1,0,7,3,0,6,0,0,1,0,0,0,0,0,3
8087314,2,0,2,0,0,1,0,1,1,1,0,0,2,0,1,2,0,0,0,0,0,0,0,0,2,2,0,0,0,0,0,0,0,0,0,0,1
8095212,22,14,8,0,0,9,0,13,18,2,2,1,5,16,20,0,4,0,0,8,9,1,0,0,21,1,0,18,3,0,0,0,0,0,0,0,18
8096119,2,0,2,0,0,1,0,1,1,1,0,0,1,1,2,2,0,0,0,0,0,0,0,0,2,0,0,1,0,1,0,0,0,0,0,0,1
8097963,26,13,13,0,1,0,0,25,23,0,3,2,3,21,17,0,4,0,0,8,14,0,0,0,4,1,0,18,2,4,0,1,0,0,0,0,12
8098398,3,0,3,0,0,0,0,3,2,1,0,0,0,3,2,3,0,0,0,0,0,0,0,0,3,0,0,3,0,0,0,0,0,0,0,0,2
8099990,3,1,2,0,0,1,0,2,2,1,0,0,1,2,1,3,0,0,0,0,0,0,0,0,3,0,0,3,0,0,0,0,0,0,0,0,1
8101698,2,0,2,0,0,0,0,2,2,0,0,1,1,0,2,2,0,0,0,0,0,0,0,0,2,2,0,0,0,0,0,0,0,0,0,0,0
8102573,7,0,7,0,0,0,0,7,5,2,0,0,1,6,6,2,4,0,0,0,0,0,1,0,6,0,0,7,0,0,0,0,0,0,0,0,6
8108966,3,0,3,0,0,1,0,2,1,2,0,0,2,1,2,3,0,0,0,0,0,0,0,0,3,1,0,1,0,0,1,0,0,0,0,0,1
8116324,2,0,2,0,0,0,0,2,1,1,0,0,1,1,1,2,0,0,0,0,0,0,0,0,2,1,0,1,0,0,0,0,0,0,0,0,1
8122207,1,0,1,0,0,0,0,1,0,1,0,0,0,1,0,1,0,0,0,0,0,0,0,0,1,1,0,0,0,0,0,0,0,0,0,0,0
8128109,4,1,3,0,0,0,0,4,1,3,0,0,3,1,1,3,1,0,0,0,0,0,0,0,4,2,0,1,0,0,1,0,0,0,0,0,0
8128199,3,0,3,0,0,2,0,1,3,0,0,0,2,1,3,3,0,0,0,0,0,0,0,0,3,1,0,2,0,0,0,0,0,0,0,0,3
8131616,2,1,1,0,0,0,0,2,2,0,0,0,0,2,1,2,0,0,0,0,0,0,0,0,2,0,0,2,0,0,0,0,0,0,0,0,2
8147313,2,0,2,0,0,0,0,2,1,1,0,0,0,2,2,2,0,0,0,0,0,0,0,0,1,0,0,2,0,0,0,0,0,0,0,0,1
8147933,4,1,3,0,1,1,0,2,4,0,0,0,1,3,4,4,0,0,0,0,0,0,0,0,4,1,0,3,0,0,0,0,0,0,0,0,3
8148833,3,0,3,0,1,0,0,2,1,2,0,0,2,1,3,3,0,0,0,0,0,0,0,0,3,1,0,2,0,0,0,0,0,0,0,0,0
8161144,7,3,4,0,1,0,0,6,7,0,0,1,3,3,7,3,3,1,0,0,0,0,0,0,6,3,0,4,0,0,0,0,0,0,0,0,5
8165569,2,0,2,0,1,0,0,1,1,1,0,0,1,1,1,2,0,0,0,0,0,0,0,0,0,0,0,2,0,0,0,0,0,0,0,0,0
8167553,2,1,1,0,0,0,0,2,2,0,0,0,1,1,2,2,0,0,0,0,0,0,0,0,2,0,0,2,0,0,0,0,0,0,0,0,2
8173514,7,5,2,0,0,2,0,5,6,0,1,0,1,6,6,0,0,0,0,0,7,0,0,0,7,0,0,5,1,1,0,0,0,0,0,0,6
8175778,4,3,1,0,1,0,0,3,3,1,0,0,2,2,2,4,0,0,0,0,0,0,0,0,3,1,0,3,0,0,0,0,0,0,0,0,1
8180869,2,1,1,0,1,0,0,1,1,1,0,0,1,1,1,2,0,0,0,0,0,0,0,0,1,0,0,2,0,0,0,0,0,0,0,0,1
8181941,2,0,2,0,0,1,0,1,2,0,0,0,0,2,1,2,0,0,0,0,0,0,0,0,2,0,0,2,0,0,0,0,0,0,0,0,1
8184821,10,1,9,0,0,0,0,10,10,0,0,0,6,4,1,10,0,0,0,0,0,0,0,0,10,5,0,5,0,0,0,0,0,0,0,0,5
8185410,2,0,2,0,0,2,0,0,1,1,0,0,2,0,1,2,0,0,0,0,0,0,0,0,1,0,0,2,0,0,0,0,0,0,0,0,1
8185659,48,20,28,0,1,11,1,35,43,0,5,0,3,45,32,0,1,0,23,20,1,3,0,0,41,0,0,40,6,1,1,0,0,0,0,0,12
8187099,3,1,2,0,0,0,0,3,2,1,0,0,2,1,2,3,0,0,0,0,0,0,0,0,3,0,0,3,0,0,0,0,0,0,0,0,2
8190014,6,4,2,0,0,1,0,5,6,0,0,0,2,4,5,2,4,0,0,0,0,0,0,0,5,0,0,6,0,0,0,0,0,0,0,0,5
8195420,2,0,2,0,0,1,0,1,1,1,0,1,0,1,1,2,0,0,0,0,0,0,0,0,1,1,0,1,0,0,0,0,0,0,0,0,1
8196190,14,3,11,0,0,2,0,12,10,4,0,0,7,7,9,0,0,9,1,0,0,3,0,1,9,3,0,11,0,0,0,0,0,0,0,0,0
8197313,14,6,8,0,4,2,0,8,9,3,2,1,3,10,11,0,3,0,9,0,2,0,0,0,12,1,0,12,0,0,0,0,0,1,0,0,8
8210130,5,4,1,0,1,1,0,3,2,3,0,0,2,3,2,0,1,0,3,0,1,0,0,0,5,0,0,5,0,0,0,0,0,0,0,0,2
8212075,3,0,3,0,2,0,0,1,2,1,0,0,2,1,1,3,0,0,0,0,0,0,0,0,2,0,0,3,0,0,0,0,0,0,0,0,2
8227374,1,0,1,0,1,0,0,0,1,0,0,0,1,0,0,1,0,0,0,0,0,0,0,0,0,0,0,0,0,0,0,0,0,1,0,0,0
8229581,2,0,2,0,0,1,0,1,1,1,0,0,1,1,1,2,0,0,0,0,0,0,0,0,2,1,0,1,0,0,0,0,0,0,0,0,1
8243728,9,2,7,0,6,1,0,2,9,0,0,0,6,3,2,2,1,0,2,2,2,0,0,0,9,1,0,7,1,0,0,0,0,0,0,0,3
8248876,2,1,1,0,0,0,0,2,1,1,0,0,0,2,2,2,0,0,0,0,0,0,0,0,2,0,0,2,0,0,0,0,0,0,0,0,1
8251801,5,0,5,0,0,0,0,5,5,0,0,0,2,3,4,5,0,0,0,0,0,0,0,0,0,1,0,4,0,0,0,0,0,0,0,0,1
8255590,2,1,1,0,0,0,0,2,2,0,0,0,1,1,2,2,0,0,0,0,0,0,0,0,2,1,0,1,0,0,0,0,0,0,0,0,2
8255750,5,4,1,0,0,1,0,4,4,1,0,0,1,4,4,2,3,0,0,0,0,0,0,0,5,2,0,3,0,0,0,0,0,0,0,0,5
8263053,6,2,4,0,1,0,0,5,4,2,0,0,0,6,4,2,2,2,0,0,0,0,0,0,5,0,0,6,0,0,0,0,0,0,0,0,4
8270904,10,4,6,0,0,3,0,7,6,2,2,1,2,7,6,0,0,0,9,0,1,0,0,0,8,0,0,9,0,0,1,0,0,0,0,0,6
8281379,4,2,2,0,1,1,0,2,4,0,0,0,1,3,4,0,0,1,1,0,1,1,0,0,3,0,0,3,0,1,0,0,0,0,0,0,3
8288229,1,0,1,0,0,0,0,1,1,0,0,0,0,1,1,1,0,0,0,0,0,0,0,0,1,0,0,1,0,0,0,0,0,0,0,0,1
8298312,4,2,2,0,0,1,0,3,4,0,0,1,2,1,2,0,0,0,0,0,0,0,0,4,0,2,0,2,0,0,0,0,0,0,0,0,1
8303457,2,0,2,0,0,0,0,2,2,0,0,0,0,2,2,2,0,0,0,0,0,0,0,0,2,0,0,2,0,0,0,0,0,0,0,0,2
8304450,1,0,1,0,1,0,0,0,1,0,0,0,0,1,0,1,0,0,0,0,0,0,0,0,1,0,0,1,0,0,0,0,0,0,0,0,0
8315019,3,0,3,0,0,2,0,1,1,2,0,0,2,1,1,3,0,0,0,0,0,0,0,0,3,0,0,3,0,0,0,0,0,0,0,0,1
8316280,2,0,2,0,0,0,0,2,1,1,0,0,1,1,1,2,0,0,0,0,0,0,0,0,2,0,0,2,0,0,0,0,0,0,0,0,1
8316680,2,0,2,0,0,0,0,2,2,0,0,0,2,0,0,2,0,0,0,0,0,0,0,0,2,1,0,1,0,0,0,0,0,0,0,0,2
8320756,4,2,2,0,0,0,0,4,4,0,0,0,2,2,4,4,0,0,0,0,0,0,0,0,4,3,0,1,0,0,0,0,0,0,0,0,4
8321809,2,1,1,0,0,1,0,1,1,1,0,0,2,0,2,2,0,0,0,0,0,0,0,0,1,1,0,1,0,0,0,0,0,0,0,0,1
8326816,19,2,17,0,3,2,0,14,19,0,0,0,6,13,1,15,0,0,0,0,0,0,0,4,14,1,0,17,0,0,1,0,0,0,0,0,2
8327132,2,0,2,0,0,1,0,1,2,0,0,0,2,0,2,2,0,0,0,0,0,0,0,0,2,2,0,0,0,0,0,0,0,0,0,0,2
8333302,30,19,11,0,1,9,1,19,21,6,3,2,2,26,11,0,8,0,12,10,0,0,0,0,30,0,0,27,1,0,0,0,0,1,1,0,4
8337857,9,5,4,0,0,2,0,7,7,2,0,0,1,8,8,0,1,0,0,0,8,0,0,0,8,0,0,6,3,0,0,0,0,0,0,0,6
8343411,11,0,11,0,1,2,0,8,8,1,2,0,3,8,8,5,6,0,0,0,0,0,0,0,11,1,0,10,0,0,0,0,0,0,0,0,8
8348717,2,0,2,0,0,1,0,1,2,0,0,0,1,1,2,2,0,0,0,0,0,0,0,0,2,1,0,1,0,0,0,0,0,0,0,0,2
8356628,5,1,4,0,0,0,0,5,5,0,0,0,0,5,5,5,0,0,0,0,0,0,0,0,4,0,0,5,0,0,0,0,0,0,0,0,4
8359478,1,0,1,0,0,0,0,1,0,1,0,0,0,1,1,1,0,0,0,0,0,0,0,0,0,0,0,1,0,0,0,0,0,0,0,0,0
8359493,35,13,22,0,1,8,0,26,26,6,3,0,3,32,19,0,4,0,18,11,1,1,0,0,35,0,0,30,1,3,1,0,0,0,0,0,1
8361233,12,7,5,0,0,1,0,11,9,0,3,0,2,10,9,0,3,0,0,0,9,0,0,0,12,0,0,12,0,0,0,0,0,0,0,0,7
8371676,11,3,8,0,2,1,0,8,3,7,1,1,5,5,4,5,5,0,0,0,0,0,1,0,3,0,0,8,1,0,2,0,0,0,0,0,2
8371731,2,0,2,0,1,0,0,1,1,1,0,0,1,1,1,2,0,0,0,0,0,0,0,0,2,0,0,2,0,0,0,0,0,0,0,0,1
8374438,6,2,4,0,0,0,0,6,4,2,0,0,0,6,2,0,2,0,2,0,2,0,0,0,2,0,0,6,0,0,0,0,0,0,0,0,2
8381012,35,1,34,0,3,6,0,26,35,0,0,5,7,23,35,3,0,7,16,1,1,7,0,0,35,8,0,25,1,1,0,0,0,0,0,0,1
8385589,2,0,2,0,0,1,0,1,1,1,0,0,1,1,1,2,0,0,0,0,0,0,0,0,1,0,0,2,0,0,0,0,0,0,0,0,0
8388257,4,0,4,0,1,0,0,3,2,2,0,0,3,1,3,4,0,0,0,0,0,0,0,0,1,0,0,3,1,0,0,0,0,0,0,0,1
8389254,2,1,1,0,0,0,0,2,2,0,0,1,0,1,2,2,0,0,0,0,0,0,0,0,0,1,0,1,0,0,0,0,0,0,0,0,2
8391243,10,6,4,0,1,2,0,7,10,0,0,0,0,10,10,0,1,0,1,0,8,0,0,0,10,0,0,9,1,0,0,0,0,0,0,0,8
8391281,7,2,5,0,0,2,0,5,4,3,0,0,3,4,3,2,3,1,0,0,0,0,1,0,5,1,0,6,0,0,0,0,0,0,0,0,3
8403584,3,0,3,0,0,0,0,3,3,0,0,0,0,3,3,3,0,0,0,0,0,0,0,0,3,1,0,2,0,0,0,0,0,0,0,0,3
8406439,16,3,13,0,1,0,0,15,16,0,0,3,4,9,15,16,0,0,0,0,0,0,0,0,0,14,0,2,0,0,0,0,0,0,0,0,15
8407029,7,3,4,0,0,2,0,5,5,2,0,0,2,5,4,0,2,0,1,0,4,0,0,0,6,0,0,7,0,0,0,0,0,0,0,0,1
8412161,2,0,2,0,0,0,0,2,2,0,0,0,0,2,2,2,0,0,0,0,0,0,0,0,2,0,0,2,0,0,0,0,0,0,0,0,2
8431387,2,1,1,0,0,1,0,1,2,0,0,0,1,1,2,2,0,0,0,0,0,0,0,0,2,1,0,1,0,0,0,0,0,0,0,0,2
8444047,5,3,2,0,1,1,0,3,3,2,0,0,0,5,1,0,1,0,1,0,3,0,0,0,5,0,0,5,0,0,0,0,0,0,0,0,1
8446865,35,1,34,0,2,4,0,29,35,0,0,0,16,19,15,5,0,13,16,0,0,0,1,0,21,3,1,27,1,2,1,0,0,0,0,0,1
8453268,3,0,3,0,0,1,0,2,3,0,0,0,1,2,3,3,0,0,0,0,0,0,0,0,3,0,0,3,0,0,0,0,0,0,0,0,3
8453962,8,0,8,0,0,1,0,7,4,4,0,0,5,3,5,5,3,0,0,0,0,0,0,0,2,1,0,7,0,0,0,0,0,0,0,0,2
8464243,2,0,2,0,0,0,0,2,1,1,0,0,0,2,1,2,0,0,0,0,0,0,0,0,2,0,0,2,0,0,0,0,0,0,0,0,1
8466388,8,0,8,0,1,0,0,7,0,8,0,1,2,5,6,0,8,0,0,0,0,0,0,0,6,0,0,6,0,1,0,0,1,0,0,0,0
8466613,2,2,0,0,1,1,0,0,1,1,0,0,0,2,2,2,0,0,0,0,0,0,0,0,2,0,0,2,0,0,0,0,0,0,0,0,2
8467646,16,4,12,0,5,1,0,10,15,0,1,0,5,11,9,2,1,3,0,8,0,2,0,0,14,2,0,4,8,2,0,0,0,0,0,0,2
8469718,4,0,4,0,0,1,0,3,0,4,0,0,3,1,4,4,0,0,0,0,0,0,0,0,4,0,0,4,0,0,0,0,0,0,0,0,0
8477144,14,3,11,0,8,1,0,5,11,3,0,6,3,5,1,3,2,0,9,0,0,0,0,0,4,1,0,12,0,1,0,0,0,0,0,0,0
8478256,16,0,16,0,2,1,1,12,14,0,2,1,1,14,12,0,2,0,0,0,14,0,0,0,10,1,0,14,1,0,0,0,0,0,0,0,8
8487367,2,0,2,0,0,0,0,2,1,1,0,0,1,1,1,2,0,0,0,0,0,0,0,0,1,1,0,1,0,0,0,0,0,0,0,0,1
8490325,18,1,17,0,0,2,0,16,13,5,0,0,10,8,11,18,0,0,0,0,0,0,0,0,14,8,0,10,0,0,0,0,0,0,0,0,4
8496989,2,1,1,0,0,0,0,2,2,0,0,0,0,2,2,2,0,0,0,0,0,0,0,0,2,0,0,2,0,0,0,0,0,0,0,0,1
8500579,1,0,1,0,0,0,0,1,1,0,0,0,0,1,1,1,0,0,0,0,0,0,0,0,1,0,0,1,0,0,0,0,0,0,0,0,1
8506431,2,0,2,0,0,1,0,1,2,0,0,0,1,1,2,2,0,0,0,0,0,0,0,0,2,0,0,2,0,0,0,0,0,0,0,0,2
8507593,33,15,18,0,0,17,0,16,11,22,0,0,6,27,0,3,3,3,12,8,0,4,0,0,33,1,0,29,3,0,0,0,0,0,0,0,2
8509743,1,0,1,0,0,0,0,1,0,1,0,0,1,0,1,1,0,0,0,0,0,0,0,0,1,0,0,1,0,0,0,0,0,0,0,0,0
8512869,2,0,2,0,0,1,0,1,0,2,0,0,1,1,1,2,0,0,0,0,0,0,0,0,1,0,0,1,0,0,0,0,0,1,0,0,0
8522881,1,0,1,0,0,1,0,0,1,0,0,0,0,1,1,1,0,0,0,0,0,0,0,0,0,0,0,1,0,0,0,0,0,0,0,0,1
8530895,9,1,8,0,0,1,0,8,4,4,1,0,4,5,5,4,5,0,0,0,0,0,0,0,6,2,0,7,0,0,0,0,0,0,0,0,3
8535756,2,1,1,0,0,2,0,0,2,0,0,0,0,2,1,2,0,0,0,0,0,0,0,0,2,2,0,0,0,0,0,0,0,0,0,0,1
8544414,2,1,1,0,0,0,0,2,2,0,0,0,0,2,2,2,0,0,0,0,0,0,0,0,2,0,0,2,0,0,0,0,0,0,0,0,2
8544896,5,3,2,0,0,1,0,4,5,0,0,0,1,4,5,1,4,0,0,0,0,0,0,0,5,0,0,5,0,0,0,0,0,0,0,0,5
8556432,21,14,7,0,7,1,0,13,18,1,2,1,1,19,17,0,3,0,11,5,2,0,0,0,19,1,0,17,2,0,1,0,0,0,0,0,11
8559108,9,5,4,0,3,2,0,4,8,0,1,1,1,7,8,4,5,0,0,0,0,0,0,0,9,2,0,7,0,0,0,0,0,0,0,0,8
8559117,8,5,3,0,0,0,0,8,6,2,0,1,1,6,5,2,0,5,0,0,0,0,1,0,8,1,0,7,0,0,0,0,0,0,0,0,4
8565081,26,15,11,0,0,5,0,21,16,7,3,0,0,26,17,0,3,0,11,6,5,1,0,0,25,0,0,25,0,1,0,0,0,0,0,0,6
8566453,39,21,18,0,1,2,0,36,39,0,0,0,4,35,2,4,3,1,6,13,3,7,2,0,36,2,0,29,1,0,7,0,0,0,0,0,1
8574132,4,2,2,0,0,1,0,3,2,2,0,1,3,0,3,4,0,0,0,0,0,0,0,0,4,4,0,0,0,0,0,0,0,0,0,0,3
8580419,3,2,1,0,0,0,0,3,3,0,0,0,0,3,2,3,0,0,0,0,0,0,0,0,3,0,0,3,0,0,0,0,0,0,0,0,3
8580463,3,2,1,0,1,0,0,2,2,1,0,0,1,2,1,3,0,0,0,0,0,0,0,0,3,2,0,1,0,0,0,0,0,0,0,0,2
8584553,2,0,2,0,0,0,0,2,2,0,0,0,0,2,2,2,0,0,0,0,0,0,0,0,2,2,0,0,0,0,0,0,0,0,0,0,2
8603515,2,0,2,0,0,0,0,2,1,1,0,0,0,2,2,2,0,0,0,0,0,0,0,0,2,0,0,2,0,0,0,0,0,0,0,0,1
8614839,2,1,1,0,2,0,0,0,1,1,0,0,1,1,1,2,0,0,0,0,0,0,0,0,1,0,0,2,0,0,0,0,0,0,0,0,1
8615535,40,12,28,0,8,12,0,20,31,9,0,0,14,26,38,6,2,10,7,3,5,6,0,1,36,3,3,30,0,2,2,0,0,0,0,0,29
8615783,17,11,6,0,0,1,0,16,14,1,2,0,2,15,5,0,0,0,9,7,0,1,0,0,11,0,0,13,3,1,0,0,0,0,0,0,4
8619567,2,0,2,0,0,0,0,2,2,0,0,0,0,2,2,2,0,0,0,0,0,0,0,0,2,0,0,2,0,0,0,0,0,0,0,0,2
8621352,3,1,2,0,1,0,0,2,1,2,0,0,3,0,3,3,0,0,0,0,0,0,0,0,2,1,0,1,0,1,0,0,0,0,0,0,1
8622520,2,0,2,0,0,0,0,2,1,1,0,1,0,1,1,2,0,0,0,0,0,0,0,0,2,1,0,1,0,0,0,0,0,0,0,0,1
8634958,6,2,4,0,0,1,0,5,2,4,0,0,3,3,3,2,1,3,0,0,0,0,0,0,5,0,0,5,1,0,0,0,0,0,0,0,2
8635537,1,0,1,0,0,0,0,1,0,1,0,0,0,1,0,1,0,0,0,0,0,0,0,0,1,1,0,0,0,0,0,0,0,0,0,0,0
8639394,3,0,3,0,1,0,0,2,2,1,0,0,0,3,1,3,0,0,0,0,0,0,0,0,3,0,0,3,0,0,0,0,0,0,0,0,2
8645261,2,0,2,0,1,0,0,1,2,0,0,0,1,1,2,2,0,0,0,0,0,0,0,0,1,1,0,1,0,0,0,0,0,0,0,0,1
8645754,3,2,1,0,1,0,0,2,2,1,0,0,3,0,1,3,0,0,0,0,0,0,0,0,2,2,0,1,0,0,0,0,0,0,0,0,0
8658127,14,4,10,0,8,1,0,5,9,0,5,1,6,7,6,12,0,0,0,0,0,0,0,2,5,1,0,8,0,3,2,0,0,0,0,0,0
8659257,2,1,1,0,0,1,0,1,1,1,0,0,1,1,0,2,0,0,0,0,0,0,0,0,2,0,0,2,0,0,0,0,0,0,0,0,2
8673480,3,0,3,0,0,1,0,2,3,0,0,0,1,2,3,3,0,0,0,0,0,0,0,0,3,1,0,2,0,0,0,0,0,0,0,0,3
8674787,3,1,2,0,0,0,0,3,3,0,0,0,2,1,3,3,0,0,0,0,0,0,0,0,3,2,0,1,0,0,0,0,0,0,0,0,3
8675397,24,7,17,0,2,3,0,19,8,16,0,0,10,14,15,6,2,5,1,3,2,4,1,0,13,2,0,17,1,3,1,0,0,0,0,0,11
8677756,2,1,1,0,0,0,0,2,2,0,0,0,0,2,1,2,0,0,0,0,0,0,0,0,2,0,0,2,0,0,0,0,0,0,0,0,2
8682934,5,0,5,0,0,0,0,5,5,0,0,0,5,0,0,5,0,0,0,0,0,0,0,0,5,1,0,4,0,0,0,0,0,0,0,0,0
8684542,12,8,4,0,3,2,0,7,12,0,0,0,0,12,7,0,1,0,7,4,0,0,0,0,9,0,0,12,0,0,0,0,0,0,0,0,7
8684730,7,2,5,0,0,0,0,7,7,0,0,0,2,5,7,3,4,0,0,0,0,0,0,0,7,1,0,5,1,0,0,0,0,0,0,0,7
8691392,6,1,5,0,0,1,0,5,6,0,0,0,1,5,6,2,4,0,0,0,0,0,0,0,6,0,0,6,0,0,0,0,0,0,0,0,6
8692873,2,1,1,0,0,0,0,2,2,0,0,0,0,2,2,2,0,0,0,0,0,0,0,0,2,0,0,2,0,0,0,0,0,0,0,0,2
8696125,6,4,2,0,0,0,0,6,6,0,0,0,4,2,6,2,4,0,0,0,0,0,0,0,6,2,0,4,0,0,0,0,0,0,0,0,6
8708149,7,2,5,0,0,1,0,6,7,0,0,0,1,6,3,0,1,0,0,0,6,0,0,0,7,0,0,5,1,1,0,0,0,0,0,0,3
8711221,62,8,54,0,9,8,0,45,35,25,2,0,9,53,26,0,8,0,17,16,21,0,0,0,52,0,1,50,11,0,0,0,0,0,0,0,13
8724239,12,2,10,0,2,0,0,10,12,0,0,1,3,8,11,12,0,0,0,0,0,0,0,0,12,4,0,5,2,0,0,0,0,1,0,0,11
8725776,17,7,10,0,3,3,0,11,13,2,2,0,2,15,8,0,6,0,5,0,6,0,0,0,12,1,1,14,0,1,0,0,0,0,0,0,2
8726453,7,2,5,0,1,0,0,6,6,1,0,0,0,7,7,2,4,1,0,0,0,0,0,0,7,0,0,7,0,0,0,0,0,0,0,0,6
8726899,3,1,2,0,0,1,0,2,2,1,0,0,2,1,2,3,0,0,0,0,0,0,0,0,2,2,0,1,0,0,0,0,0,0,0,0,2
8727322,2,0,2,0,0,1,1,0,2,0,0,0,2,0,0,2,0,0,0,0,0,0,0,0,2,1,0,1,0,0,0,0,0,0,0,0,0
8735206,2,0,2,0,0,0,0,2,2,0,0,0,0,2,1,2,0,0,0,0,0,0,0,0,0,0,0,2,0,0,0,0,0,0,0,0,0
8735684,6,4,2,0,0,0,0,6,6,0,0,0,1,5,6,4,2,0,0,0,0,0,0,0,6,1,0,5,0,0,0,0,0,0,0,0,6
8741264,3,2,1,0,0,0,0,3,2,1,0,0,1,2,2,3,0,0,0,0,0,0,0,0,3,1,0,2,0,0,0,0,0,0,0,0,1
8742397,7,2,5,0,0,0,0,7,7,0,0,0,5,2,3,5,0,0,0,0,0,0,0,2,7,4,0,3,0,0,0,0,0,0,0,0,0
8742432,10,1,9,0,1,2,0,7,7,2,1,0,2,8,7,5,3,2,0,0,0,0,0,0,8,1,0,9,0,0,0,0,0,0,0,0,4
8749140,2,0,2,0,1,0,0,1,2,0,0,2,0,0,2,2,0,0,0,0,0,0,0,0,2,2,0,0,0,0,0,0,0,0,0,0,2
8751571,3,1,2,0,0,1,0,2,3,0,0,0,0,3,3,3,0,0,0,0,0,0,0,0,3,1,0,2,0,0,0,0,0,0,0,0,3
8755901,2,0,2,0,0,0,0,2,2,0,0,0,1,1,1,2,0,0,0,0,0,0,0,0,2,0,0,2,0,0,0,0,0,0,0,0,1
8758559,2,1,1,0,1,1,0,0,1,1,0,0,2,0,2,2,0,0,0,0,0,0,0,0,2,1,0,1,0,0,0,0,0,0,0,0,1
8758783,24,1,23,0,1,3,0,20,24,0,0,0,10,14,1,5,3,1,4,0,7,0,4,0,24,2,0,22,0,0,0,0,0,0,0,0,1
8759307,2,1,1,0,1,0,0,1,2,0,0,0,2,0,2,2,0,0,0,0,0,0,0,0,2,1,0,1,0,0,0,0,0,0,0,0,2
8776676,2,0,2,0,0,0,1,1,1,1,0,0,1,1,1,2,0,0,0,0,0,0,0,0,2,1,0,1,0,0,0,0,0,0,0,0,1
8783948,2,2,0,0,0,0,0,2,1,1,0,0,0,2,1,2,0,0,0,0,0,0,0,0,2,0,0,1,0,1,0,0,0,0,0,0,1
8784681,3,0,3,0,0,2,0,1,1,2,0,0,1,2,0,3,0,0,0,0,0,0,0,0,2,1,0,2,0,0,0,0,0,0,0,0,1
8787317,2,0,2,0,0,0,0,2,2,0,0,0,1,1,2,2,0,0,0,0,0,0,0,0,2,0,0,2,0,0,0,0,0,0,0,0,2
8791681,4,1,3,0,0,1,0,3,1,3,0,1,2,1,0,4,0,0,0,0,0,0,0,0,3,1,0,2,0,0,1,0,0,0,0,0,0
8801650,2,0,2,0,0,0,0,2,2,0,0,0,1,1,1,2,0,0,0,0,0,0,0,0,2,1,0,1,0,0,0,0,0,0,0,0,0
8807983,1,0,1,0,1,0,0,0,0,1,0,0,0,1,0,1,0,0,0,0,0,0,0,0,1,0,0,1,0,0,0,0,0,0,0,0,0
8816652,15,3,12,0,5,1,1,8,15,0,0,2,0,13,12,0,0,0,4,8,3,0,0,0,15,0,0,12,1,2,0,0,0,0,0,0,1
8823052,6,0,6,0,0,4,0,2,0,6,0,0,1,5,5,0,6,0,0,0,0,0,0,0,6,0,0,5,1,0,0,0,0,0,0,0,2
8824502,2,0,2,0,0,0,0,2,2,0,0,0,0,2,1,2,0,0,0,0,0,0,0,0,2,1,0,1,0,0,0,0,0,0,0,0,2
8825719,2,0,2,0,0,0,0,2,1,0,1,0,0,2,2,2,0,0,0,0,0,0,0,0,2,1,0,1,0,0,0,0,0,0,0,0,1
8826458,2,1,1,0,0,0,0,2,1,1,0,0,1,1,1,2,0,0,0,0,0,0,0,0,1,0,0,2,0,0,0,0,0,0,0,0,1
8830819,2,0,2,0,0,0,0,2,2,0,0,0,0,2,1,2,0,0,0,0,0,0,0,0,2,0,0,2,0,0,0,0,0,0,0,0,1
8837845,60,7,53,0,5,5,0,50,60,0,0,1,37,22,16,16,11,8,11,2,1,8,0,3,56,6,0,49,0,5,0,0,0,0,0,0,4
8838406,7,2,5,0,0,0,0,7,6,1,0,0,0,7,5,3,3,1,0,0,0,0,0,0,5,1,0,5,1,0,0,0,0,0,0,0,6
8841026,27,7,20,0,0,2,0,25,14,13,0,0,7,20,25,0,0,0,15,10,1,1,0,0,26,0,0,18,3,0,0,0,0,0,1,5,1
8846301,2,1,1,0,0,0,0,2,2,0,0,0,1,1,2,2,0,0,0,0,0,0,0,0,2,1,0,1,0,0,0,0,0,0,0,0,2
8854846,8,3,5,0,2,1,0,5,6,2,0,0,2,6,6,2,5,1,0,0,0,0,0,0,7,0,0,8,0,0,0,0,0,0,0,0,4
8857173,9,8,1,0,0,5,0,4,5,1,3,0,1,8,7,0,3,0,1,0,5,0,0,0,8,0,0,9,0,0,0,0,0,0,0,0,5
8859992,3,0,3,0,0,1,0,2,2,1,0,0,2,1,2,3,0,0,0,0,0,0,0,0,3,1,0,2,0,0,0,0,0,0,0,0,2
8862454,3,2,1,0,1,0,0,2,3,0,0,0,0,3,3,3,0,0,0,0,0,0,0,0,1,1,0,2,0,0,0,0,0,0,0,0,3
8863732,6,0,6,0,2,2,0,2,6,0,0,0,3,3,0,2,0,2,0,1,0,1,0,0,6,0,0,2,0,2,2,0,0,0,0,0,0
8864545,6,2,4,0,0,1,1,4,4,2,0,0,1,5,6,2,3,0,0,0,0,0,1,0,4,0,0,6,0,0,0,0,0,0,0,0,4
8870228,30,10,20,0,2,6,0,22,27,0,3,1,1,28,8,0,2,0,0,13,15,0,0,0,30,1,0,23,4,1,1,0,0,0,0,0,12
8883783,2,0,2,0,0,1,0,1,2,0,0,1,0,1,2,2,0,0,0,0,0,0,0,0,2,1,0,1,0,0,0,0,0,0,0,0,2
8886963,20,11,9,0,1,1,0,18,17,1,2,0,2,18,16,0,0,0,8,12,0,0,0,0,20,1,0,11,7,1,0,0,0,0,0,0,17
8887519,2,0,2,0,0,0,0,2,2,0,0,0,0,2,1,2,0,0,0,0,0,0,0,0,0,0,0,2,0,0,0,0,0,0,0,0,2
8887585,2,1,1,0,0,0,0,2,1,0,1,0,2,0,2,2,0,0,0,0,0,0,0,0,2,1,0,1,0,0,0,0,0,0,0,0,2
8888084,34,0,34,0,10,0,1,23,34,0,0,0,9,25,21,10,3,7,2,2,4,4,2,0,23,0,0,26,3,2,0,0,0,3,0,0,5
8899851,62,9,53,0,1,27,1,33,57,2,3,0,4,58,30,0,7,0,23,27,5,0,0,0,62,0,0,49,8,3,2,0,0,0,0,0,6
8902857,17,4,13,0,3,2,0,12,13,2,2,0,0,17,12,0,2,0,1,0,14,0,0,0,14,0,0,14,2,1,0,0,0,0,0,0,8
8905502,9,7,2,0,0,3,0,6,5,3,1,0,2,7,2,0,3,0,0,0,6,0,0,0,9,0,0,9,0,0,0,0,0,0,0,0,1
8905944,3,1,2,0,0,0,0,3,2,1,0,0,1,2,3,3,0,0,0,0,0,0,0,0,3,1,0,2,0,0,0,0,0,0,0,0,2
8914205,5,1,4,0,0,0,0,5,5,0,0,1,0,4,5,5,0,0,0,0,0,0,0,0,5,1,0,4,0,0,0,0,0,0,0,0,4
8915244,3,1,2,0,0,1,0,2,3,0,0,0,1,2,1,3,0,0,0,0,0,0,0,0,3,0,0,3,0,0,0,0,0,0,0,0,0
8920986,3,3,0,0,1,0,0,2,2,1,0,0,2,1,2,3,0,0,0,0,0,0,0,0,3,2,0,1,0,0,0,0,0,0,0,0,2
8928083,11,3,8,0,2,1,0,8,9,1,1,0,2,9,9,2,5,3,0,0,0,0,1,0,10,0,0,11,0,0,0,0,0,0,0,0,10
8933598,13,6,7,0,1,4,0,8,12,1,0,0,0,13,10,0,0,0,4,6,3,0,0,0,12,0,0,12,1,0,0,0,0,0,0,0,1
8941611,2,2,0,0,0,1,0,1,1,1,0,1,1,0,1,2,0,0,0,0,0,0,0,0,1,1,0,1,0,0,0,0,0,0,0,0,1
8942500,6,2,4,0,0,3,0,3,3,3,0,0,2,4,3,2,4,0,0,0,0,0,0,0,6,0,0,6,0,0,0,0,0,0,0,0,3
8950350,8,0,8,0,5,3,0,0,8,0,0,1,6,1,5,3,1,3,1,0,0,0,0,0,6,0,0,4,0,1,2,0,0,1,0,0,6
8976252,4,0,4,0,0,2,0,2,2,2,0,0,2,2,2,4,0,0,0,0,0,0,0,0,3,2,0,2,0,0,0,0,0,0,0,0,2
8992805,8,3,5,0,0,1,0,7,2,4,2,1,5,2,2,4,4,0,0,0,0,0,0,0,8,3,0,4,0,0,0,0,0,1,0,0,2
8993327,2,1,1,0,0,1,0,1,2,0,0,0,0,2,2,2,0,0,0,0,0,0,0,0,2,1,0,1,0,0,0,0,0,0,0,0,2
9001494,2,1,1,0,0,0,0,2,1,1,0,1,0,1,1,2,0,0,0,0,0,0,0,0,2,0,0,1,0,0,0,0,0,0,1,0,0
9017613,2,0,2,0,0,1,0,1,1,1,0,0,1,1,1,2,0,0,0,0,0,0,0,0,1,0,0,2,0,0,0,0,0,0,0,0,1
9019137,2,2,0,0,0,2,0,0,2,0,0,0,1,1,2,2,0,0,0,0,0,0,0,0,1,1,0,1,0,0,0,0,0,0,0,0,2
9020386,3,1,2,0,0,2,0,1,1,2,0,0,2,1,1,3,0,0,0,0,0,0,0,0,2,0,0,3,0,0,0,0,0,0,0,0,1
9028816,2,0,2,0,0,1,0,1,2,0,0,0,0,2,2,2,0,0,0,0,0,0,0,0,2,0,0,2,0,0,0,0,0,0,0,0,2
9036362,5,1,4,0,1,0,0,4,5,0,0,0,2,3,4,5,0,0,0,0,0,0,0,0,5,2,0,3,0,0,0,0,0,0,0,0,3
9044231,9,0,9,0,4,1,0,4,9,0,0,0,7,2,6,9,0,0,0,0,0,0,0,0,8,4,0,5,0,0,0,0,0,0,0,0,1
9044495,2,0,2,0,1,0,0,1,1,1,0,0,1,1,1,2,0,0,0,0,0,0,0,0,2,0,0,2,0,0,0,0,0,0,0,0,1
9045791,3,1,2,0,1,0,0,2,2,1,0,0,2,1,2,3,0,0,0,0,0,0,0,0,3,2,0,1,0,0,0,0,0,0,0,0,2
9048180,7,3,4,0,0,4,0,3,4,3,0,0,4,3,6,2,4,0,0,0,0,0,0,1,3,2,0,4,1,0,0,0,0,0,0,0,3
9048788,2,0,2,0,0,0,0,2,2,0,0,0,2,0,2,2,0,0,0,0,0,0,0,0,2,2,0,0,0,0,0,0,0,0,0,0,2
9051960,4,0,4,0,0,0,0,4,4,0,0,0,0,4,4,4,0,0,0,0,0,0,0,0,3,1,0,3,0,0,0,0,0,0,0,0,4
9059451,6,2,4,0,0,0,0,6,6,0,0,0,3,3,0,4,2,0,0,0,0,0,0,0,5,4,0,2,0,0,0,0,0,0,0,0,5
9062446,2,1,1,0,0,0,0,2,2,0,0,0,0,2,2,2,0,0,0,0,0,0,0,0,2,0,0,2,0,0,0,0,0,0,0,0,2
9064492,2,0,2,0,0,1,0,1,2,0,0,0,1,1,2,2,0,0,0,0,0,0,0,0,2,0,0,1,0,0,1,0,0,0,0,0,2
9069569,6,0,6,0,0,1,0,5,5,1,0,0,1,5,4,2,4,0,0,0,0,0,0,0,5,0,0,6,0,0,0,0,0,0,0,0,2
9074330,2,1,1,0,0,0,0,2,2,0,0,0,0,2,1,2,0,0,0,0,0,0,0,0,2,0,0,2,0,0,0,0,0,0,0,0,1
9078365,6,1,5,0,0,0,0,6,6,0,0,0,2,4,3,2,1,1,2,0,0,0,0,0,6,0,0,6,0,0,0,0,0,0,0,0,0
9080433,2,0,2,0,0,0,0,2,2,0,0,0,1,1,2,2,0,0,0,0,0,0,0,0,0,0,0,2,0,0,0,0,0,0,0,0,2
9083060,3,0,3,0,1,0,0,2,2,1,0,0,2,1,3,3,0,0,0,0,0,0,0,0,3,1,0,2,0,0,0,0,0,0,0,0,2
9084762,2,1,1,0,0,0,0,2,1,1,0,0,1,1,2,2,0,0,0,0,0,0,0,0,2,0,0,2,0,0,0,0,0,0,0,0,1
9095220,76,18,58,0,28,3,0,45,76,0,0,0,43,33,68,16,5,19,7,4,8,11,0,6,13,1,0,74,1,0,0,0,0,0,0,0,2
9101266,3,1,2,0,2,0,0,1,1,2,0,0,2,1,2,3,0,0,0,0,0,0,0,0,2,0,0,1,1,1,0,0,0,0,0,0,2
9101369,5,2,3,0,0,2,0,3,3,2,0,0,2,3,0,2,1,2,0,0,0,0,0,0,5,1,0,4,0,0,0,0,0,0,0,0,3
9103498,4,1,3,0,0,1,0,3,4,0,0,2,2,0,4,4,0,0,0,0,0,0,0,0,0,4,0,0,0,0,0,0,0,0,0,0,3
9104664,2,0,2,0,0,0,0,2,2,0,0,0,0,2,2,2,0,0,0,0,0,0,0,0,0,0,0,2,0,0,0,0,0,0,0,0,1
9113535,6,4,2,0,1,1,0,4,5,1,0,0,1,5,6,2,3,1,0,0,0,0,0,0,6,0,0,6,0,0,0,0,0,0,0,0,5
9115400,6,1,5,0,1,2,0,3,3,3,0,0,4,2,2,6,0,0,0,0,0,0,0,0,6,4,0,2,0,0,0,0,0,0,0,0,1
9119662,2,1,1,0,0,0,0,2,2,0,0,0,1,1,2,2,0,0,0,0,0,0,0,0,2,2,0,0,0,0,0,0,0,0,0,0,1
9124592,2,2,0,0,0,1,0,1,1,1,0,0,1,1,2,2,0,0,0,0,0,0,0,0,2,1,0,1,0,0,0,0,0,0,0,0,1
9128095,2,0,2,0,0,0,0,2,2,0,0,0,2,0,1,2,0,0,0,0,0,0,0,0,2,2,0,0,0,0,0,0,0,0,0,0,1
9136749,45,9,36,0,8,3,0,34,45,0,0,0,19,26,35,16,4,6,1,5,5,3,5,0,36,3,0,41,1,0,0,0,0,0,0,0,0
9138856,2,0,2,0,0,1,0,1,1,1,0,1,1,0,1,2,0,0,0,0,0,0,0,0,2,2,0,0,0,0,0,0,0,0,0,0,1
9140157,4,2,2,0,0,0,0,4,4,0,0,2,1,1,4,4,0,0,0,0,0,0,0,0,4,3,0,1,0,0,0,0,0,0,0,0,3
9142869,2,1,1,0,0,1,0,1,2,0,0,0,0,2,0,2,0,0,0,0,0,0,0,0,2,0,0,2,0,0,0,0,0,0,0,0,1
9146247,9,1,8,0,3,1,0,5,9,0,0,6,2,1,3,9,0,0,0,0,0,0,0,0,1,0,0,2,0,5,1,1,0,0,0,0,0
9149398,2,0,2,0,0,0,0,2,1,1,0,0,1,1,1,2,0,0,0,0,0,0,0,0,1,0,0,2,0,0,0,0,0,0,0,0,1
9158867,1,0,1,0,0,0,0,1,0,1,0,0,1,0,0,1,0,0,0,0,0,0,0,0,1,1,0,0,0,0,0,0,0,0,0,0,0
9163972,6,5,1,0,0,6,0,0,4,2,0,0,0,6,6,0,0,0,3,0,3,0,0,0,0,0,0,4,2,0,0,0,0,0,0,0,0
9184143,2,0,2,0,0,0,0,2,2,0,0,0,1,1,2,2,0,0,0,0,0,0,0,0,1,0,0,2,0,0,0,0,0,0,0,0,0
9185121,3,0,3,0,1,0,0,2,3,0,0,1,1,1,3,3,0,0,0,0,0,0,0,0,3,1,0,2,0,0,0,0,0,0,0,0,3
9190903,3,1,2,0,1,0,0,2,3,0,0,0,1,2,3,3,0,0,0,0,0,0,0,0,3,0,0,2,0,0,0,0,0,1,0,0,3
9191948,5,0,5,0,1,1,0,3,3,2,0,0,2,3,4,2,2,1,0,0,0,0,0,0,5,1,0,4,0,0,0,0,0,0,0,0,3
9204734,3,1,2,0,0,0,0,3,3,0,0,0,0,3,1,3,0,0,0,0,0,0,0,0,3,1,0,2,0,0,0,0,0,0,0,0,1
9213950,5,0,5,0,0,0,0,5,4,1,0,0,0,5,4,2,2,0,0,0,0,0,1,0,4,0,0,5,0,0,0,0,0,0,0,0,4
9215213,8,0,8,0,0,1,0,7,8,0,0,0,3,5,4,8,0,0,0,0,0,0,0,0,0,1,0,4,0,1,2,0,0,0,0,0,3
9218032,30,16,14,0,1,6,0,23,29,1,0,0,5,25,9,1,5,6,12,1,4,1,0,0,30,2,0,26,2,0,0,0,0,0,0,0,5
9218684,6,3,3,0,0,5,0,1,4,2,0,1,2,3,4,2,4,0,0,0,0,0,0,0,0,1,0,5,0,0,0,0,0,0,0,0,3
9220825,2,0,2,0,0,0,0,2,2,0,0,0,0,2,2,2,0,0,0,0,0,0,0,0,0,0,0,2,0,0,0,0,0,0,0,0,2
9225488,2,0,2,0,1,0,0,1,2,0,0,1,1,0,0,2,0,0,0,0,0,0,0,0,2,2,0,0,0,0,0,0,0,0,0,0,1
9226538,8,7,1,0,0,3,0,5,6,2,0,0,0,8,5,0,0,0,3,0,5,0,0,0,8,0,0,8,0,0,0,0,0,0,0,0,1
9228260,2,0,2,0,1,0,0,1,1,0,1,1,1,0,0,2,0,0,0,0,0,0,0,0,1,2,0,0,0,0,0,0,0,0,0,0,1
9232139,3,2,1,0,0,1,0,2,2,1,0,0,1,2,2,3,0,0,0,0,0,0,0,0,3,0,0,3,0,0,0,0,0,0,0,0,2
9241012,2,0,2,0,0,0,0,2,2,0,0,0,1,1,0,2,0,0,0,0,0,0,0,0,2,1,0,1,0,0,0,0,0,0,0,0,0
9243252,2,0,2,0,0,0,0,2,2,0,0,0,0,2,2,2,0,0,0,0,0,0,0,0,2,0,0,2,0,0,0,0,0,0,0,0,2
9244608,2,0,2,0,1,0,0,1,2,0,0,1,0,1,2,2,0,0,0,0,0,0,0,0,2,2,0,0,0,0,0,0,0,0,0,0,2
9247258,2,2,0,0,0,1,0,1,2,0,0,0,1,1,2,2,0,0,0,0,0,0,0,0,2,1,0,1,0,0,0,0,0,0,0,0,2
9247870,1,0,1,0,0,0,0,1,0,1,0,0,1,0,0,1,0,0,0,0,0,0,0,0,1,1,0,0,0,0,0,0,0,0,0,0,0
9251150,2,1,1,0,0,0,0,2,2,0,0,0,0,2,2,2,0,0,0,0,0,0,0,0,2,0,0,2,0,0,0,0,0,0,0,0,1
9257197,2,0,2,0,0,0,0,2,2,0,0,0,1,1,2,2,0,0,0,0,0,0,0,0,1,0,0,2,0,0,0,0,0,0,0,0,2
9260712,4,1,3,0,1,1,0,2,2,2,0,0,1,3,2,2,2,0,0,0,0,0,0,0,1,0,0,3,0,0,1,0,0,0,0,0,2
9262842,2,0,2,0,0,0,0,2,2,0,0,0,1,1,2,2,0,0,0,0,0,0,0,0,2,0,0,2,0,0,0,0,0,0,0,0,2
9267087,7,2,5,0,0,1,0,6,7,0,0,0,0,7,7,3,2,2,0,0,0,0,0,0,7,0,0,7,0,0,0,0,0,0,0,0,7
9271030,7,1,6,0,2,2,0,3,7,0,0,1,5,1,7,5,0,0,0,0,0,0,2,0,0,1,0,4,0,2,0,0,0,0,0,0,0
9274462,2,0,2,0,0,0,0,2,2,0,0,0,1,1,2,2,0,0,0,0,0,0,0,0,2,2,0,0,0,0,0,0,0,0,0,0,2
9278181,1,0,1,0,0,0,0,1,0,1,0,0,0,1,0,1,0,0,0,0,0,0,0,0,0,0,0,1,0,0,0,0,0,0,0,0,1
9278260,7,2,5,0,0,1,0,6,4,3,0,0,2,5,4,3,4,0,0,0,0,0,0,0,7,3,0,4,0,0,0,0,0,0,0,0,0
9283918,12,6,6,0,1,2,0,9,12,0,0,0,1,11,10,0,0,0,3,7,1,1,0,0,12,0,0,11,1,0,0,0,0,0,0,0,2
9289216,2,1,1,0,0,0,0,2,1,1,0,1,0,1,1,2,0,0,0,0,0,0,0,0,2,1,0,1,0,0,0,0,0,0,0,0,1
9294105,5,5,0,0,0,2,0,3,4,1,0,0,2,3,4,2,3,0,0,0,0,0,0,0,4,2,0,3,0,0,0,0,0,0,0,0,4
9294852,48,6,42,0,2,4,0,42,37,8,3,0,3,45,38,0,1,0,22,21,4,0,0,0,48,0,0,45,3,0,0,0,0,0,0,0,23
9301577,3,1,2,0,0,2,0,1,2,1,0,0,0,3,1,3,0,0,0,0,0,0,0,0,2,0,0,2,0,0,1,0,0,0,0,0,1
9301819,39,27,12,0,0,17,1,21,29,7,3,0,5,34,25,0,3,0,12,14,8,2,0,0,1,0,0,33,4,2,0,0,0,0,0,0,23
9304762,2,0,2,0,0,1,0,1,2,0,0,0,1,1,2,2,0,0,0,0,0,0,0,0,2,2,0,0,0,0,0,0,0,0,0,0,2
9308654,4,4,0,0,0,0,0,4,2,2,0,0,2,2,3,2,1,1,0,0,0,0,0,0,4,0,0,3,0,0,1,0,0,0,0,0,1
9311640,53,7,46,0,0,9,2,42,44,8,1,1,5,47,40,0,5,0,11,24,13,0,0,0,15,1,0,47,5,0,0,0,0,0,0,0,21
9314494,3,0,3,0,0,0,1,2,2,1,0,0,3,0,0,3,0,0,0,0,0,0,0,0,3,0,0,3,0,0,0,0,0,0,0,0,0
9321189,6,3,3,0,0,0,0,6,5,1,0,0,3,3,2,1,2,3,0,0,0,0,0,0,6,3,0,3,0,0,0,0,0,0,0,0,3
9324034,39,8,31,0,2,6,0,31,39,0,0,1,7,31,23,7,8,4,4,4,1,6,5,0,22,4,0,26,2,1,5,0,0,1,0,0,0
9328696,29,16,13,0,4,7,0,18,28,1,0,1,1,27,26,0,0,0,15,12,2,0,0,0,25,0,0,24,3,1,0,0,1,0,0,0,29
9329766,5,3,2,0,0,2,0,3,5,0,0,0,0,5,0,0,0,0,2,0,3,0,0,0,5,0,0,4,1,0,0,0,0,0,0,0,1
9336572,31,18,13,0,0,10,0,21,28,0,3,2,3,26,13,0,4,0,1,13,13,0,0,0,31,3,0,24,4,0,0,0,0,0,0,0,13
9343390,4,1,3,0,0,1,0,3,4,0,0,0,2,2,2,4,0,0,0,0,0,0,0,0,4,2,0,1,0,0,1,0,0,0,0,0,1
9344958,2,1,1,0,0,1,0,1,1,0,1,2,0,0,1,2,0,0,0,0,0,0,0,0,1,0,0,0,0,0,0,0,0,2,0,0,1
9347028,3,1,2,0,0,1,0,2,2,1,0,0,1,2,2,3,0,0,0,0,0,0,0,0,3,2,0,1,0,0,0,0,0,0,0,0,2
9347612,3,0,3,0,1,0,0,2,3,0,0,0,0,3,3,3,0,0,0,0,0,0,0,0,3,0,0,3,0,0,0,0,0,0,0,0,2
9347810,6,1,5,0,0,0,0,6,6,0,0,0,2,4,5,2,3,1,0,0,0,0,0,0,6,1,0,5,0,0,0,0,0,0,0,0,6
9363046,1,0,1,0,0,0,0,1,1,0,0,0,0,1,1,1,0,0,0,0,0,0,0,0,1,0,0,1,0,0,0,0,0,0,0,0,1
9363818,3,0,3,0,0,1,0,2,1,2,0,0,1,2,0,3,0,0,0,0,0,0,0,0,2,2,0,1,0,0,0,0,0,0,0,0,0
9367522,2,0,2,0,0,0,0,2,1,1,0,0,2,0,1,2,0,0,0,0,0,0,0,0,1,1,0,1,0,0,0,0,0,0,0,0,1
9368464,4,1,3,0,0,0,0,4,4,0,0,0,3,1,4,4,0,0,0,0,0,0,0,0,4,0,0,4,0,0,0,0,0,0,0,0,4
9369329,3,0,3,0,0,0,0,3,3,0,0,0,0,3,3,3,0,0,0,0,0,0,0,0,3,0,0,3,0,0,0,0,0,0,0,0,3
9372053,7,6,1,0,0,0,0,7,4,2,1,0,1,6,5,0,0,0,0,0,7,0,0,0,0,0,0,7,0,0,0,0,0,0,0,0,1
9374094,3,1,2,0,2,0,0,1,1,2,0,0,3,0,3,3,0,0,0,0,0,0,0,0,3,0,0,2,0,1,0,0,0,0,0,0,3
9378315,2,0,2,0,0,1,0,1,1,1,0,0,1,1,1,2,0,0,0,0,0,0,0,0,1,0,0,1,1,0,0,0,0,0,0,0,1
9383672,16,0,16,0,2,2,0,12,15,0,1,3,5,8,4,6,2,2,4,0,1,0,0,1,5,1,0,7,2,6,0,0,0,0,0,0,1
9393357,2,0,2,0,0,0,0,2,2,0,0,0,1,1,2,2,0,0,0,0,0,0,0,0,1,0,0,2,0,0,0,0,0,0,0,0,2
9397924,2,2,0,0,0,1,0,1,2,0,0,0,0,2,2,2,0,0,0,0,0,0,0,0,0,0,0,2,0,0,0,0,0,0,0,0,2
9401344,7,0,7,0,0,2,0,5,7,0,0,1,1,5,7,7,0,0,0,0,0,0,0,0,7,2,0,4,1,0,0,0,0,0,0,0,7
9416552,2,1,1,0,1,0,0,1,1,1,0,0,1,1,1,2,0,0,0,0,0,0,0,0,2,0,0,2,0,0,0,0,0,0,0,0,1
9423700,7,0,7,0,1,2,0,4,0,6,1,0,1,6,6,0,0,7,0,0,0,0,0,0,0,0,0,5,1,1,0,0,0,0,0,0,5
9436833,30,3,27,0,10,2,0,18,28,0,2,0,19,11,29,8,3,5,3,0,6,0,5,0,30,6,0,12,1,5,2,0,3,0,0,1,16
9437646,2,2,0,0,0,1,0,1,2,0,0,0,0,2,2,2,0,0,0,0,0,0,0,0,2,0,0,2,0,0,0,0,0,0,0,0,2
9439359,4,1,3,0,0,0,0,4,4,0,0,0,1,3,3,4,0,0,0,0,0,0,0,0,4,1,0,3,0,0,0,0,0,0,0,0,1
9447917,3,0,3,0,1,2,0,0,3,0,0,0,0,3,3,3,0,0,0,0,0,0,0,0,3,0,0,3,0,0,0,0,0,0,0,0,3
9453941,7,2,5,0,0,1,0,6,7,0,0,0,0,7,7,3,3,1,0,0,0,0,0,0,7,0,0,7,0,0,0,0,0,0,0,0,3
9456551,1,0,1,0,0,0,0,1,1,0,0,0,0,1,1,1,0,0,0,0,0,0,0,0,1,0,0,1,0,0,0,0,0,0,0,0,1
9457115,7,1,6,0,4,2,0,1,7,0,0,1,2,4,6,3,4,0,0,0,0,0,0,0,1,2,0,5,0,0,0,0,0,0,0,0,6
9463693,16,1,15,0,0,2,0,14,13,0,3,1,1,14,13,8,7,1,0,0,0,0,0,0,16,2,0,12,0,2,0,0,0,0,0,0,13
9478378,15,9,6,0,0,3,0,12,15,0,0,1,0,14,3,0,0,0,4,8,2,1,0,0,15,1,0,13,1,0,0,0,0,0,0,0,0
9481300,15,5,10,0,1,4,0,10,10,2,3,1,2,12,10,0,2,0,1,0,12,0,0,0,12,0,0,12,1,1,1,0,0,0,0,0,6
9481347,12,0,12,0,4,1,0,7,12,0,0,0,4,8,10,4,1,0,7,0,0,0,0,0,3,1,0,8,0,0,1,1,0,1,0,0,0
9485159,7,0,7,0,0,3,0,4,5,2,0,1,2,4,5,3,0,4,0,0,0,0,0,0,7,1,0,6,0,0,0,0,0,0,0,0,3
9487267,2,0,2,0,0,0,0,2,1,1,0,0,1,1,2,2,0,0,0,0,0,0,0,0,2,0,0,1,0,1,0,0,0,0,0,0,1
9500126,2,0,2,0,0,1,0,1,2,0,0,0,1,1,2,2,0,0,0,0,0,0,0,0,2,0,0,2,0,0,0,0,0,0,0,0,2
9501234,3,0,3,0,0,0,0,3,3,0,0,0,0,3,3,3,0,0,0,0,0,0,0,0,2,0,0,3,0,0,0,0,0,0,0,0,3
9504712,23,11,12,0,0,5,0,18,18,2,3,1,1,21,18,0,2,0,5,8,6,2,0,0,23,0,0,16,5,2,0,0,0,0,0,0,11
9507829,3,1,2,0,0,0,0,3,2,1,0,0,2,1,2,3,0,0,0,0,0,0,0,0,3,0,0,3,0,0,0,0,0,0,0,0,1
9510661,2,0,2,0,0,0,0,2,1,1,0,0,2,0,2,2,0,0,0,0,0,0,0,0,1,1,0,0,0,0,0,0,0,1,0,0,1
9524337,4,0,4,0,3,1,0,0,4,0,0,1,1,2,3,4,0,0,0,0,0,0,0,0,0,1,0,3,0,0,0,0,0,0,0,0,4
9530504,1,0,1,0,0,0,0,1,0,1,0,0,1,0,0,1,0,0,0,0,0,0,0,0,1,1,0,0,0,0,0,0,0,0,0,0,0
9530578,6,2,4,0,0,3,0,3,3,3,0,0,1,5,1,0,0,0,2,0,4,0,0,0,5,0,0,5,1,0,0,0,0,0,0,0,0
9531123,3,0,3,0,1,0,0,2,3,0,0,0,1,2,3,3,0,0,0,0,0,0,0,0,3,0,0,3,0,0,0,0,0,0,0,0,3
9534958,8,7,1,0,1,2,0,5,8,0,0,1,0,7,4,0,0,0,2,0,6,0,0,0,2,0,0,7,0,1,0,0,0,0,0,0,2
9535695,2,0,2,0,0,1,0,1,2,0,0,0,0,2,1,2,0,0,0,0,0,0,0,0,2,2,0,0,0,0,0,0,0,0,0,0,2
9537577,2,2,0,0,0,1,0,1,2,0,0,0,0,2,2,2,0,0,0,0,0,0,0,0,2,0,0,2,0,0,0,0,0,0,0,0,2
9544172,61,8,53,0,10,9,0,42,61,0,0,0,24,37,37,20,2,8,2,10,8,4,1,6,61,0,0,43,3,11,1,0,0,1,1,1,40
9547157,2,0,2,0,1,0,0,1,2,0,0,0,2,0,2,2,0,0,0,0,0,0,0,0,2,0,0,2,0,0,0,0,0,0,0,0,2
9550540,6,1,5,0,1,1,0,4,4,2,0,0,1,5,6,3,3,0,0,0,0,0,0,0,6,1,0,5,0,0,0,0,0,0,0,0,6
9551648,8,5,3,0,0,1,0,7,5,3,0,1,1,6,4,3,4,0,0,0,0,0,1,0,8,3,0,5,0,0,0,0,0,0,0,0,5
9558902,2,0,2,0,0,0,0,2,1,1,0,0,0,2,1,2,0,0,0,0,0,0,0,0,2,0,0,2,0,0,0,0,0,0,0,0,1
9561459,6,2,4,0,0,0,0,6,4,2,0,0,3,3,3,2,3,1,0,0,0,0,0,0,5,2,0,4,0,0,0,0,0,0,0,0,3
9562866,23,10,13,0,0,4,0,19,19,1,3,3,1,19,18,0,0,0,14,7,0,2,0,0,21,0,0,18,1,4,0,0,0,0,0,0,2
9566912,2,0,2,0,0,1,0,1,2,0,0,0,0,2,2,2,0,0,0,0,0,0,0,0,0,2,0,0,0,0,0,0,0,0,0,0,2
9583170,17,3,14,0,2,5,0,10,7,7,3,1,3,13,10,0,6,0,0,0,11,0,0,0,17,0,0,15,0,2,0,0,0,0,0,0,14
9586661,2,1,1,0,0,0,0,2,1,1,0,0,1,1,1,2,0,0,0,0,0,0,0,0,2,1,0,1,0,0,0,0,0,0,0,0,1
9587994,2,1,1,0,0,0,0,2,2,0,0,0,1,1,2,2,0,0,0,0,0,0,0,0,2,1,0,1,0,0,0,0,0,0,0,0,2
9591780,5,0,5,0,0,1,0,4,4,1,0,0,1,4,4,2,3,0,0,0,0,0,0,0,5,0,0,5,0,0,0,0,0,0,0,0,4
9591916,7,0,7,0,3,0,0,4,7,0,0,0,0,7,3,6,0,0,0,0,0,0,0,1,4,0,0,6,0,0,1,0,0,0,0,0,0
9599073,3,1,2,0,0,0,0,3,3,0,0,0,1,2,3,3,0,0,0,0,0,0,0,0,3,0,0,3,0,0,0,0,0,0,0,0,3
9605743,7,3,4,0,0,0,0,7,7,0,0,0,3,4,5,3,4,0,0,0,0,0,0,0,7,1,0,6,0,0,0,0,0,0,0,0,6
9607846,2,0,2,0,0,1,0,1,1,1,0,0,0,2,0,2,0,0,0,0,0,0,0,0,1,0,0,2,0,0,0,0,0,0,0,0,0
9609140,3,1,2,0,0,0,0,3,3,0,0,0,0,3,3,3,0,0,0,0,0,0,0,0,3,0,0,3,0,0,0,0,0,0,0,0,3
9609741,30,2,28,0,1,5,1,23,30,0,0,1,10,19,17,6,3,8,4,0,6,0,2,1,10,3,0,14,1,2,9,0,0,1,0,0,0
9611973,2,0,2,0,0,0,0,2,2,0,0,0,0,2,2,2,0,0,0,0,0,0,0,0,2,1,0,1,0,0,0,0,0,0,0,0,2
9613325,19,13,6,0,3,2,1,13,14,2,3,3,1,15,11,0,2,0,7,7,3,0,0,0,13,0,0,11,5,2,1,0,0,0,0,0,4
9614787,11,5,6,0,2,2,0,7,10,0,1,0,2,9,3,0,1,0,1,0,9,0,0,0,11,0,0,10,1,0,0,0,0,0,0,0,0
9616656,6,4,2,0,0,1,0,5,4,2,0,0,1,5,5,2,1,3,0,0,0,0,0,0,6,1,0,4,1,0,0,0,0,0,0,0,4
9617018,2,1,1,0,0,1,0,1,1,1,0,0,1,1,1,2,0,0,0,0,0,0,0,0,1,0,0,1,0,0,1,0,0,0,0,0,1
9620682,13,2,11,0,5,1,0,7,13,0,0,0,9,4,9,3,2,2,2,1,1,0,0,2,13,0,0,5,0,1,7,0,0,0,0,0,8
9622934,2,1,1,0,0,0,0,2,1,1,0,0,0,2,1,2,0,0,0,0,0,0,0,0,2,0,0,2,0,0,0,0,0,0,0,0,0
9633499,15,3,12,0,4,0,0,11,0,15,0,0,3,12,0,7,2,1,2,1,0,1,1,0,15,2,0,12,1,0,0,0,0,0,0,0,6
9635418,2,0,2,0,0,0,0,2,2,0,0,0,1,1,2,2,0,0,0,0,0,0,0,0,2,1,0,1,0,0,0,0,0,0,0,0,2
9637880,1,1,0,0,0,0,0,1,1,0,0,0,1,0,1,1,0,0,0,0,0,0,0,0,1,1,0,0,0,0,0,0,0,0,0,0,1
9638249,2,0,2,0,0,0,0,2,2,0,0,0,1,1,2,2,0,0,0,0,0,0,0,0,2,2,0,0,0,0,0,0,0,0,0,0,0
9640501,2,1,1,0,0,0,0,2,1,1,0,0,1,1,1,2,0,0,0,0,0,0,0,0,0,1,0,1,0,0,0,0,0,0,0,0,1
9641156,14,6,8,0,0,10,0,4,14,0,0,0,2,12,4,0,0,2,0,0,4,8,0,0,2,1,0,11,1,1,0,0,0,0,0,0,6
9646649,7,2,5,0,0,1,0,6,5,2,0,0,2,5,4,3,3,1,0,0,0,0,0,0,6,0,0,7,0,0,0,0,0,0,0,0,5
9651807,15,6,9,0,0,1,0,14,12,1,2,0,1,14,11,0,3,0,4,0,8,0,0,0,15,0,0,15,0,0,0,0,0,0,0,0,0
9657992,3,0,3,0,0,0,0,3,3,0,0,0,0,3,3,2,1,0,0,0,0,0,0,0,3,0,0,3,0,0,0,0,0,0,0,0,3
9658878,15,8,7,0,1,5,0,9,12,0,3,1,1,13,12,0,3,0,2,0,10,0,0,0,2,0,0,14,0,0,0,1,0,0,0,0,4
9662622,3,1,2,0,0,0,0,3,2,1,0,0,2,1,3,3,0,0,0,0,0,0,0,0,3,0,0,3,0,0,0,0,0,0,0,0,3
9670605,3,2,1,0,1,2,0,0,3,0,0,0,2,1,3,3,0,0,0,0,0,0,0,0,3,3,0,0,0,0,0,0,0,0,0,0,3
9674279,18,11,7,0,1,5,1,11,14,1,3,0,2,16,13,0,4,0,4,6,4,0,0,0,9,0,0,15,3,0,0,0,0,0,0,0,8
9674602,1,0,1,0,0,1,0,0,1,0,0,0,1,0,1,1,0,0,0,0,0,0,0,0,1,1,0,0,0,0,0,0,0,0,0,0,1
9676707,18,7,11,0,13,0,0,5,18,0,0,0,6,12,10,4,1,1,2,2,3,5,0,0,4,0,0,15,1,2,0,0,0,0,0,0,0
9678769,34,13,21,0,3,8,0,23,34,0,0,1,9,24,30,11,1,10,1,4,2,5,0,0,34,6,0,25,3,0,0,0,0,0,0,0,25
9680224,1,1,0,0,1,0,0,0,1,0,0,0,0,1,1,1,0,0,0,0,0,0,0,0,1,0,0,1,0,0,0,0,0,0,0,0,1
9685379,2,0,2,0,0,0,0,2,2,0,0,0,1,1,2,2,0,0,0,0,0,0,0,0,2,1,0,1,0,0,0,0,0,0,0,0,2
9685419,2,2,0,0,0,0,0,2,2,0,0,0,1,1,2,2,0,0,0,0,0,0,0,0,2,0,0,2,0,0,0,0,0,0,0,0,2
9689024,2,1,1,0,0,0,0,2,1,1,0,0,1,1,1,2,0,0,0,0,0,0,0,0,2,0,0,2,0,0,0,0,0,0,0,0,1
9693836,9,6,3,0,0,0,0,9,1,8,0,0,4,5,9,0,0,0,1,0,8,0,0,0,7,0,0,8,0,1,0,0,0,0,0,0,8
9695577,10,3,7,0,0,1,0,9,5,4,1,1,2,7,4,5,1,4,0,0,0,0,0,0,10,1,0,7,1,1,0,0,0,0,0,0,4
9697141,2,2,0,0,0,1,0,1,2,0,0,0,0,2,2,2,0,0,0,0,0,0,0,0,2,0,0,2,0,0,0,0,0,0,0,0,2
9698554,2,0,2,0,0,0,0,2,1,1,0,0,1,1,0,2,0,0,0,0,0,0,0,0,2,1,0,1,0,0,0,0,0,0,0,0,2
9707450,1,1,0,0,0,0,0,1,1,0,0,0,1,0,1,1,0,0,0,0,0,0,0,0,1,1,0,0,0,0,0,0,0,0,0,0,1
9711022,2,2,0,0,0,0,1,1,1,1,0,0,1,1,2,2,0,0,0,0,0,0,0,0,1,0,0,2,0,0,0,0,0,0,0,0,1
9713415,2,0,2,0,0,1,0,1,1,1,0,0,0,2,1,2,0,0,0,0,0,0,0,0,0,0,0,2,0,0,0,0,0,0,0,0,1
9715764,2,1,1,0,0,1,0,1,2,0,0,0,2,0,2,2,0,0,0,0,0,0,0,0,0,2,0,0,0,0,0,0,0,0,0,0,2
9721840,47,9,38,0,7,1,0,39,47,0,0,1,14,32,39,13,20,2,0,0,0,0,11,1,4,1,0,27,2,13,3,0,0,1,0,0,0
9725639,8,0,8,0,2,0,0,6,7,0,1,0,1,7,8,3,5,0,0,0,0,0,0,0,8,2,0,6,0,0,0,0,0,0,0,0,6
9727553,4,0,4,0,0,0,0,4,3,1,0,0,3,1,4,4,0,0,0,0,0,0,0,0,4,0,0,4,0,0,0,0,0,0,0,0,4
9728897,2,0,2,0,0,0,0,2,2,0,0,0,0,2,2,2,0,0,0,0,0,0,0,0,2,0,0,2,0,0,0,0,0,0,0,0,1
9731155,7,4,3,0,0,3,0,4,7,0,0,0,0,7,5,0,0,0,1,0,6,0,0,0,7,0,0,7,0,0,0,0,0,0,0,0,3
9731954,2,1,1,0,0,0,0,2,1,1,0,1,0,1,2,2,0,0,0,0,0,0,0,0,2,2,0,0,0,0,0,0,0,0,0,0,1
9739463,8,4,4,0,1,0,0,7,6,2,0,0,4,4,7,4,4,0,0,0,0,0,0,0,1,1,0,6,0,1,0,0,0,0,0,0,6
9739797,7,2,5,0,1,2,0,4,5,2,0,0,3,4,5,4,3,0,0,0,0,0,0,0,7,2,0,5,0,0,0,0,0,0,0,0,3
9744079,2,1,1,0,0,2,0,0,1,1,0,0,0,2,0,2,0,0,0,0,0,0,0,0,2,0,0,2,0,0,0,0,0,0,0,0,1
9746247,2,1,1,0,0,0,0,2,2,0,0,0,1,1,2,2,0,0,0,0,0,0,0,0,2,1,0,1,0,0,0,0,0,0,0,0,0
9747769,2,1,1,0,0,0,0,2,2,0,0,0,0,2,0,2,0,0,0,0,0,0,0,0,2,0,0,2,0,0,0,0,0,0,0,0,0
9753234,18,6,12,0,12,0,0,6,18,0,0,0,9,9,2,8,0,3,3,4,0,0,0,0,8,0,0,11,1,5,1,0,0,0,0,0,3
9755792,27,0,27,0,4,2,0,21,27,0,0,3,10,14,23,7,4,5,1,0,5,0,4,1,1,2,0,12,1,7,3,0,0,2,0,0,0
9757156,14,1,13,0,1,2,0,11,9,2,3,0,5,9,9,5,8,0,0,0,0,0,1,0,14,4,1,8,0,0,0,1,0,0,0,0,8
9761144,6,0,6,0,0,0,0,6,0,6,0,0,0,6,5,0,6,0,0,0,0,0,0,0,6,0,0,6,0,0,0,0,0,0,0,0,0
9762549,2,0,2,0,0,0,0,2,2,0,0,0,2,0,2,2,0,0,0,0,0,0,0,0,2,2,0,0,0,0,0,0,0,0,0,0,2
9763106,6,5,1,0,1,0,0,5,6,0,0,0,0,6,5,0,0,0,1,0,5,0,0,0,6,0,0,6,0,0,0,0,0,0,0,0,3
9763725,3,2,1,0,1,0,0,2,2,1,0,2,1,0,2,3,0,0,0,0,0,0,0,0,2,3,0,0,0,0,0,0,0,0,0,0,2
9764102,1,0,1,0,0,0,0,1,0,1,0,0,0,1,0,1,0,0,0,0,0,0,0,0,1,1,0,0,0,0,0,0,0,0,0,0,0
9769810,4,3,1,0,0,1,0,3,4,0,0,0,3,1,4,1,3,0,0,0,0,0,0,0,4,0,0,4,0,0,0,0,0,0,0,0,4
9774588,50,16,34,0,16,2,1,31,50,0,0,0,10,40,17,13,4,9,14,8,1,1,0,0,34,2,0,39,4,0,5,0,0,0,0,0,4
9778332,3,2,1,0,0,0,0,3,2,1,0,0,3,0,2,3,0,0,0,0,0,0,0,0,2,3,0,0,0,0,0,0,0,0,0,0,1
9789165,3,1,2,0,0,0,0,3,1,2,0,2,1,0,1,3,0,0,0,0,0,0,0,0,1,1,0,1,0,0,0,0,0,1,0,0,1
9791582,43,4,39,0,6,2,0,35,39,4,0,1,4,38,33,0,6,0,7,13,17,0,0,0,42,1,0,36,5,0,0,0,1,0,0,0,24
9798180,7,7,0,0,0,0,0,7,7,0,0,0,3,4,5,3,4,0,0,0,0,0,0,0,6,2,0,5,0,0,0,0,0,0,0,0,6
9799552,5,2,3,0,0,0,0,5,5,0,0,0,3,2,5,5,0,0,0,0,0,0,0,0,5,1,0,4,0,0,0,0,0,0,0,0,5
9812579,2,0,2,0,0,1,0,1,2,0,0,0,0,2,2,2,0,0,0,0,0,0,0,0,2,0,0,2,0,0,0,0,0,0,0,0,2
9823539,9,5,4,0,1,2,0,6,8,1,0,0,2,7,4,0,1,0,0,0,8,0,0,0,9,0,0,7,1,1,0,0,0,0,0,0,0
9825338,2,0,2,0,0,0,0,2,0,2,0,1,1,0,0,2,0,0,0,0,0,0,0,0,2,0,0,1,0,1,0,0,0,0,0,0,1
9827432,2,1,1,0,1,0,0,1,1,1,0,0,1,1,2,2,0,0,0,0,0,0,0,0,1,1,0,1,0,0,0,0,0,0,0,0,1
9827906,2,0,2,0,0,2,0,0,1,1,0,1,0,1,1,2,0,0,0,0,0,0,0,0,2,1,0,1,0,0,0,0,0,0,0,0,1
9832170,2,2,0,0,0,1,0,1,2,0,0,0,1,1,2,2,0,0,0,0,0,0,0,0,2,0,0,2,0,0,0,0,0,0,0,0,2
9838923,2,0,2,0,0,0,0,2,2,0,0,0,0,2,2,2,0,0,0,0,0,0,0,0,0,0,0,2,0,0,0,0,0,0,0,0,1
9847681,3,1,2,0,1,1,0,1,2,1,0,0,1,2,2,3,0,0,0,0,0,0,0,0,3,0,0,3,0,0,0,0,0,0,0,0,2
9848134,17,7,10,0,4,3,0,10,17,0,0,0,7,10,3,5,3,0,1,6,0,0,1,1,11,0,0,12,3,1,1,0,0,0,0,0,1
9850160,7,2,5,0,0,1,0,6,4,3,0,0,3,4,6,3,4,0,0,0,0,0,0,0,7,2,0,5,0,0,0,0,0,0,0,0,0
9854485,2,1,1,0,0,1,0,1,2,0,0,0,0,2,1,2,0,0,0,0,0,0,0,0,2,1,0,1,0,0,0,0,0,0,0,0,1
9854780,1,0,1,0,0,0,0,1,1,0,0,0,0,1,1,1,0,0,0,0,0,0,0,0,1,0,0,1,0,0,0,0,0,0,0,0,0
9859735,8,2,6,0,0,0,0,8,8,0,0,0,2,6,0,3,4,1,0,0,0,0,0,0,8,0,0,8,0,0,0,0,0,0,0,0,0
9862287,3,1,2,0,1,0,0,2,2,1,0,1,0,2,2,3,0,0,0,0,0,0,0,0,3,0,0,2,0,0,1,0,0,0,0,0,2
9868427,6,2,4,0,0,0,0,6,6,0,0,0,0,6,6,2,4,0,0,0,0,0,0,0,6,0,0,6,0,0,0,0,0,0,0,0,6
9872061,2,0,2,0,0,0,0,2,2,0,0,0,1,1,2,2,0,0,0,0,0,0,0,0,2,1,0,1,0,0,0,0,0,0,0,0,2
9874312,2,1,1,0,0,0,0,2,2,0,0,2,0,0,2,2,0,0,0,0,0,0,0,0,0,2,0,0,0,0,0,0,0,0,0,0,1
9877004,43,13,30,0,0,1,0,42,16,27,0,2,7,34,34,0,18,0,6,13,6,0,0,0,38,0,1,36,4,2,0,0,0,0,0,0,13
9878641,2,0,2,0,0,0,0,2,1,1,0,0,0,2,2,2,0,0,0,0,0,0,0,0,1,0,0,2,0,0,0,0,0,0,0,0,1
9879186,2,0,2,0,0,0,0,2,1,1,0,0,0,2,2,2,0,0,0,0,0,0,0,0,2,0,0,2,0,0,0,0,0,0,0,0,1
9883070,7,0,7,0,1,2,0,4,6,1,0,1,0,6,6,7,0,0,0,0,0,0,0,0,6,1,0,6,0,0,0,0,0,0,0,0,6
9886115,4,1,3,0,0,1,0,3,2,1,1,0,2,2,0,2,1,1,0,0,0,0,0,0,2,2,0,2,0,0,0,0,0,0,0,0,0
9891263,5,1,4,0,0,3,0,2,4,0,1,0,1,4,3,2,2,1,0,0,0,0,0,0,5,2,0,3,0,0,0,0,0,0,0,0,4
9905275,27,18,9,0,0,8,0,19,24,0,3,0,4,23,16,0,0,0,17,9,0,1,0,0,26,3,0,21,2,0,0,1,0,0,0,0,1
9919085,17,7,10,0,1,3,0,13,16,0,1,0,1,16,13,0,0,0,6,8,2,1,0,0,17,0,0,14,1,2,0,0,0,0,0,0,8
9919565,3,1,2,0,0,0,0,3,3,0,0,0,1,2,3,3,0,0,0,0,0,0,0,0,3,2,0,1,0,0,0,0,0,0,0,0,3
9921306,6,0,6,0,0,2,0,4,4,2,0,0,1,5,2,2,4,0,0,0,0,0,0,0,4,0,0,6,0,0,0,0,0,0,0,0,2
9922230,9,4,5,0,1,4,0,4,5,3,1,0,0,9,5,0,1,0,3,0,5,0,0,0,8,0,0,9,0,0,0,0,0,0,0,0,5
9928084,14,1,13,0,2,1,0,11,14,0,0,1,10,3,5,0,4,3,4,0,1,0,0,2,14,4,0,5,1,3,0,0,0,1,0,0,1
9932993,18,3,15,0,2,3,0,13,17,1,0,2,6,10,16,3,4,8,0,0,0,0,3,0,18,0,0,11,1,4,2,0,0,0,0,0,2
9935391,11,6,5,0,1,4,0,6,7,3,1,0,3,8,9,0,2,0,4,0,5,0,0,0,11,0,0,10,1,0,0,0,0,0,0,0,6
9939754,10,1,9,0,0,0,0,10,10,0,0,1,6,3,8,7,0,0,0,0,0,0,2,1,8,2,0,4,0,2,2,0,0,0,0,0,6
9941289,3,2,1,0,0,0,0,3,2,1,0,0,1,2,2,3,0,0,0,0,0,0,0,0,3,1,0,2,0,0,0,0,0,0,0,0,1
9941447,2,0,2,0,0,0,0,2,2,0,0,0,0,2,2,2,0,0,0,0,0,0,0,0,2,0,0,2,0,0,0,0,0,0,0,0,2
9942267,12,2,10,0,0,0,0,12,5,7,0,0,4,8,5,4,1,1,4,0,2,0,0,0,5,0,0,12,0,0,0,0,0,0,0,0,0
9951708,2,0,2,0,0,0,0,2,2,0,0,0,0,2,2,2,0,0,0,0,0,0,0,0,2,0,0,2,0,0,0,0,0,0,0,0,1
9952162,1,0,1,0,0,0,0,1,1,0,0,0,1,0,1,1,0,0,0,0,0,0,0,0,0,1,0,0,0,0,0,0,0,0,0,0,1
9955143,13,1,12,0,0,3,0,10,13,0,0,0,7,6,3,5,0,2,6,0,0,0,0,0,11,1,0,11,0,0,0,0,0,1,0,0,9
9955991,10,1,9,0,1,2,0,7,6,4,0,1,3,6,6,10,0,0,0,0,0,0,0,0,6,1,0,8,0,1,0,0,0,0,0,0,6
9959714,2,0,2,0,0,0,0,2,2,0,0,0,0,2,2,2,0,0,0,0,0,0,0,0,2,0,0,2,0,0,0,0,0,0,0,0,2
9961147,6,2,4,0,2,0,0,4,5,1,0,0,1,5,3,3,1,1,0,0,0,0,1,0,4,2,0,4,0,0,0,0,0,0,0,0,3
9963406,6,2,4,0,0,2,0,4,4,2,0,0,2,4,2,2,4,0,0,0,0,0,0,0,6,0,0,6,0,0,0,0,0,0,0,0,1
9966676,2,0,2,0,0,0,0,2,2,0,0,0,2,0,0,2,0,0,0,0,0,0,0,0,2,2,0,0,0,0,0,0,0,0,0,0,0
9967778,3,1,2,0,0,0,0,3,3,0,0,0,2,1,3,3,0,0,0,0,0,0,0,0,0,0,0,3,0,0,0,0,0,0,0,0,3
9972310,29,9,20,0,2,2,0,25,25,1,3,1,0,28,22,0,4,0,10,10,5,0,0,0,28,1,0,21,6,1,0,0,0,0,0,0,10
9978287,2,0,2,0,1,0,0,1,2,0,0,0,2,0,2,2,0,0,0,0,0,0,0,0,1,2,0,0,0,0,0,0,0,0,0,0,2
9980856,7,0,7,0,3,0,0,4,7,0,0,0,4,3,5,7,0,0,0,0,0,0,0,0,4,1,0,3,0,2,0,0,0,0,0,1,1
9981678,6,2,4,0,0,1,0,5,6,0,0,0,4,2,6,2,2,2,0,0,0,0,0,0,6,0,0,6,0,0,0,0,0,0,0,0,6
9982711,23,16,7,0,0,10,0,13,19,1,3,0,2,21,6,0,3,0,9,8,1,2,0,0,23,1,0,21,1,0,0,0,0,0,0,0,0
9988185,14,5,9,0,3,3,0,8,12,0,2,0,5,9,14,6,8,0,0,0,0,0,0,0,0,4,0,10,0,0,0,0,0,0,0,0,12
9988955,26,2,24,0,1,3,0,22,26,0,0,0,7,19,19,13,1,1,7,0,3,0,0,1,26,2,0,19,0,1,4,0,0,0,0,0,4
